id;confidence;mood;segment;topics;procedure;ingredient;text
0_219424_126_t1_o20s8ig;0;disappointed;skincare-first;;;;What do people do that immediately tells you they are a trashy person? Anything Beim Flirten nebenher Haus und Hotel zu erwähnen was in der Familie an Reichtum herrscht, einfach nur materialistische Voll-Assi's....haben wohl keine andere Strategie 😭😅 ich hasse Menschen die denken Materialismus macht
0_219424_126_t3_1rvoeh7;0;disappointed;procedure-curious;price;;;"Warum Ungleichheit kein Problem ist Ich zitiere mal aus einem Kommentar von u/Agentfile:&gt;hohe Ungleichheit sowohl bei Vermögen als auch bei Einkommen sorgt für gesellschaftliche Verwerfungen, die in Aufständen oder Gewalt enden können.Falsch. Die Gewaltbereitschaft steigt, wenn die ärmsten Mensch"
0_219424_126_t1_of1v5yo;0;disappointed;skincare-first;;;pha;"Suche den Liedtext zu „Slowy, 12Vince, AzudemSK - Nordseite"" Vorab: Ich hab stellenweise auch mal sachen nicht verstanden. Bei Slowy's Zeile ""Wenn ich meinen Namen auf der 1 sehen will..."" gehts um Graffiti, also vermutlich eine Straße wie die A1 oder eine Zug- bzw U-Bahn-Linie 1, und da nennt er da"
0_219424_9_yt.utg2nK2hsqQ;0;enthusiastic;procedure-curious;facelift;;;Wie ändere ich die Sprache im Kombiinstrument des MITSUBISHI Outlander Facelift (2017-2022)? In diesem Video zeige ich dir, wie du die Sprache im Kombiinstrument des MITSUBISHI Outlander Facelift (2017-2022) schnell und sicher änderst. Schritt für Schritt erkläre ich, welche Taste du drücken und ged
0_219424_9_yt.LPKtuI0IFA8;0;enthusiastic;procedure-open;facelift;;;Wie ändere ich das Radioband im MITSUBISHI Outlander Facelift (2017-2022)? Dieses Video zeigt dir, wie du das Radioband im MITSUBISHI Outlander Facelift (2017-2022) schnell und einfach wechselst. Du lernst, wo du die Einstellung auf dem Display findest, wie du zwischen FM1 und FM2 umschaltest und wi
0_219424_126_t1_oq9fwci;0;disappointed;skincare-first;botox,retinol,price;;;"""Für eine Hochzeitsrede bekomme ich etwa 1.800 Euro"" | Kontoauszug - ZEIT Online Deutschland fehlt einfach ein eigenes ""Las Vegas"": Glückspiel, schnell heiraten, schnell scheiden lassen, sich volllaufen und sich das Hirn abzünden für den Junggesellenabschied. Und sich von einem Udo Lindenberg oder H"
0_219424_140_7662308765256977696;0;cautioning;procedure-curious;aging-signs;;;📍Kosmetikstudio Bochum: Warum manche Frauen quer durch Bochum fahren, obwohl sie längst eine Kosmetikerin um die Ecke hätten. Du siehst in diesem Reel ein paar Ecken aus der Bochumer Innenstadt. Vielleicht läufst du jeden Tag daran vorbei. Vielleicht erkennst du sogar die Kirche. Dann schreib ihren 
0_219424_190_3940970646832530906;0;cautioning;skincare-first;aging-signs;;;📍Kosmetikstudio Bochum: Warum manche Frauen quer durch Bochum fahren, obwohl sie längst eine Kosmetikerin um die Ecke hätten.Du siehst in diesem Reel ein paar Ecken aus der Bochumer Innenstadt. Vielleicht läufst du jeden Tag daran vorbei. Vielleicht erkennst du sogar die Kirche. Dann schreib ihren N
0_218673_9_25421093843244808;0;enthusiastic;procedure-curious;aging-signs;;;Liebe Gaudi, lieben dank , das Video war sejr informativ. 😊hat mir sejr gut gefallen .Ich werde im März 65 jahre . Und was soll ich sagen es schätzen mich zwar viele jünger 😂, aber auch neine falten kommen 😢, Mund Winkel, Stirn falten , Hals und Dekolleté.  Aber so ist es halt. Ich liebe es mich mor
0_218673_9_58148555397319589;0;disappointed;procedure-open;;;;❤ja ich muss jetzt schlafen,es ist schon ein neuerTag da....und AUGENRINGE MÖCHTE ICH NICHT....,HEUTE IST SINNTAG UND NUN BIN ICH WOHL ZU MÜDE FüR DEN KIRCHGANG....,also sorry......❤......ich bedanke mich für gute TRÄUME und SAMEN die gesäät wurden gingen schon auf....❤.....AMEN,ALLELUJA.....❤
0_218673_9_66412485470644213;0;enthusiastic;procedure-curious;;;;"😂🎉""hör ma, mir kommen die Tränensäcke hoch😎💯🤩"
0_218673_9_yt.QhnH6l4h6to;0;cautioning;skincare-first;;;;7 Tricks, um dein Zuhause zu ORGANISIEREN (Wirken fast illegal, aber funktionieren) 7 Tricks, um dein Zuhause zu ORGANISIEREN (Wirken fast illegal, aber funktionieren)Hast du das Gefühl, dass dein Zuhause nie wirklich ordentlich ist, egal wie sehr du es versuchst? In diesem Video entdeckst du sieben
0_218673_9_yt.ygdu49NKY6E;0;enthusiastic;skincare-first;retinol;;;Herz aus Gold! Gökan Yilmaz Der Baba aller BabasWer ist Farid Beng?Wer ist Muschi du,ich meine,Muschido,ich meinte,wer ist Pussydo,sorry,also ich meine,wer ist Bushido?Lüdenscheid King of KingzGökan Yilmaz Tamam mı?Komm schon !!![Verse 1]IchEndzeitgesandter aus LüdenscheidDenk mir jeden MorgenWär ic
0_218673_9_18488197817947096;0;disappointed;skincare-first;aging-signs;;;die satanische verse die existieren und allah es ungeschehen gemacht hat und trotzdem es weiterhin gibt 😂 al-uzza, al-lat, manat die drei kraniche allahs. ich hab da bisschen nachgeforscht und bin in irgendwelche indische religionsgeschichten abgedriftet mit den drei töchtern. ursprung der polytheis
0_218673_126_t3_1ozf451;0.0005;satisfied;procedure-curious;aging-signs;;;Was denkt ihr über Konrad Adenauer? Konrad Adenauer war der erste deutsche Bundeskanzler und Vater des deutschen Grundgesetzes. Sein politisches Wirken beeinflusst noch heute unser Leben signifikant. Also, was denkt ihr über Konrad Adenauer?Quelle für das Bild: [https://www.konrad-adenauer.de/quelle
0_218673_8_2031659166666744283;0.0006;disappointed;skincare-first;retinol;;;"💢 Die Bibel spricht davon, dass ein Drittel der insgesamt 600 „Beobachter, Engel, Wächter, Botschafter, Sterne"" aufgrund ihrer Sünden als sogenannte „gefallene Engel"" auf die Erde verbannt wurden, um als unsterbliche „Wesen"" oder „Entitäten"" unter uns zu leben. Das „Buch Henoch"" erscheint daher wie "
0_219424_9_6389902732979152;0.0013;disappointed;procedure-curious;;;;@barakondraalso ich weiß nicht ob du tatsächlich ein Iraner bist der in Europa lebt und alles schlecht redet… oder ein Narr der nur westliche Medien verfolgt. Ich als Kurde kann dir mit 100 prozentige Sicherheit sagen, dass die Kurden dort mehr gehasst werden als sonst was und das Rest der Bevölkeru
0_218673_9_yt.bEWDakW2Xj4;0.0068;enthusiastic;skincare-first;;;;Nosa Rap | Wo Ich Bin (prod. by Illmore) | RMC 1 | Qualifikation [04/20] RoyalMusicCypher Staffel 1https://linktr.ee/royalmusiccypher______________________________________________________Socials: → https://linktr.ee/NOSA_RAPText:BridgeIch will die ganze Welt/Verpasse nichts, denn ich lebe den Moment
0_218673_126_t1_one5p1b;0.0094;satisfied;procedure-curious;;;;"Kein Erbe = keine Immobilie Ich weiß nicht, wenn ich in die tiefen Augenringe meines Kollegen schaue, weil er sein Haus kernsanieren muss, oder andere chaotischen Baustellenbilder von Häusern sehe die stolz mit den Worten ""Nächste Woche ziehen wir ein, das Bad ist ja schon fertig"", rumgezeigt werden"
0_219424_190_3949959308069236537;0.0108;seeking;procedure-curious;;;;"Andere schmuggelten Kokain in Booten und Kleinflugzeugen. Er benutzte ausgemusterte Passagiermaschinen.Amado Carrillo Fuentes wurde in Mexiko der „Lord of the Skies"" genannt, der Herr der Lüfte. Der Beiname war keine Übertreibung, sondern die genaue Beschreibung seines Geschäftsmodells. Statt kleine"
0_219424_26_1603107607853357;0.011;satisfied;procedure-open;;;;"Nicht den Traum verkaufen. Die Kultur verkaufen. 🎯Als Svenja zuletzt hier war, hab ich ihr einen Termin bei Engel &amp; Völkers in Dubai organisiert. 300 bis 400 Vertriebsmitarbeiter allein dort. Ich kenne den weltweit besten im Sales, Mohammed, gut genug, um kurz zu fragen: kannst du da was einfäde"
0_219424_140_7663802999524838689;0.0124;enthusiastic;;;;;I L'Oréal Paris Glow Trend Duo bestehend aus Revitalift Filler Gel-Creme und Lumi Glotion
0_221687_8_1981998673547382814;0.0127;disappointed;;;;;Gold Serum enthält Lavendel-, Myrrhen-, Ylang-Ylang-, Zeder- und Rosenöl sowie Brocollisamenöl.Außerdem sind Vitamin E, Immortelleextrakt und Hyluronsäure enthalten, seinen süßen Blumenduft verdankt es dem ätherischen Jasminöl. https://t.co/PfXiBm7JkW
0_219424_190_3935361496635329102;0.0144;enthusiastic;skincare-first;;;;Ich bin , wer ich bin. 🤷🏻‍♀️#foryou #bossbabe #botox#utahmedspa #businessowner
0_219424_140_7663929860640984352;0.0151;enthusiastic;procedure-open;;;;"🪩DARK DAY DISCO - Tanze am Tag! Schlafe in der Nacht!  🫵 Sichere dir Tickets 🎫 https://kulttempel.ticket.io/UWyWb9AJ/  🗓️  Sonntag, den 19.07.2026 🕑 14:00 Uhr Einlass 🕗 20:00 Uhr Ende 🏛️ Kulttempel Oberhausen &amp; Old Daddy Club Lounge https://www.facebook.com/share/1Ctm3pdrP4/?mibextid=wwXIfr • DA"
0_219424_15_9692458110823203;0.0171;disappointed;skincare-first;;;;"Von ""Hohes Haus"" ins Hohe Haus: Gertrude Aubauer ist 75 Gertrude Aubauer hier im Jahr 2015 im Hohen HausAPA/GEORG HOCHMUTH Sie kannte das Hohe Haus aus der Perspektive einer Journalistin und einer Politikerin. Gertrude Aubauer hat das Parlament viele Jahre ihres Berufslebens angesteuert, um über das"
0_218673_9_52703437379188281;0.0193;enthusiastic;procedure-curious;;;;Juuungs...ich freu mich mega auf diese Ark Nummer aber mal ganz kurz: ihr seht total fertig aus 😮😮😮 beide totale Augenringe...gehts euch gut?????😢
0_219424_126_t1_owps9m6;0.0234;disappointed;procedure-open;price;;;"Welches Restaurant muss man mal besucht haben? Es gibt so viele Listen hier und auf Mr. Düsseldorf,...  Restaurants die ich gerne/häufiger besuche:\- OY: siehe oben; für mich aktuell das spannendste Lokal mit ständig neuer Karte!   \- Em Brass: Schöne, dunkle Atmosphäre, cooler Service, sehr gute, r"
0_218685_15_7126109148566422;0.0237;seeking;;vitamin-c;;;Douglas eröffnet neue Beauty-Destination in Köln Am 6. November eröffnete DOUGLAS offiziell den neuen Flagship Store in der Kölner Schildergasse. Am Abend feierten rund 250 Gäste die Eröffnung. Für besondere Stimmung sorgte nicht nur der Auftritt des dem Kölner Männerchors Grüngürtelrosen vor dem St
0_219424_140_7665808559573077280;0.0256;enthusiastic;;;;;I L'Oréal Paris Glow Trend Duo bestehend aus Revitalift Filler Gel-Creme und Lumi Glotion #loreal #revitalift #glotion glotion
0_219424_190_3936535783870342386;0.0274;disappointed;procedure-curious;;;;Ich habe jetzt auch eine kleine Bank für Euch vor der Tür....falls Ihr doch mal einen Moment warten müßt 😉Mein Dank geht an meinen Vermieter @stefan_genz1895 , ein toller Handwerker, der mir alle meine Wünsche rund um mein Geschäft ermöglicht und realisiert#haan #hilden #kosmetik #beratung #antiagin
0_219424_126_t1_otsae0m;0.0282;disappointed;procedure-curious;price;;;Was zahlt ihr für eure Hochzeiten? Hatten Getränkepauschale 50€ pp und die Location mit getränken und Essen hat uns 10k gekostet. Insgesamt haben wir letztes Jahr 20.000€ für unsere Hochzeit gezahlt. Haben aber die Torte von meiner Tante machen lassen, braut war auch so 1400€, ich war ca 900€, Blume
0_219424_126_t3_1uo4g7t;0.0288;disappointed;skincare-first;;;;Sklave Gesucht Hallo, ich bin der sklave meiner Herrin und ich suche für sie weitere Sklaven.Sklaven für fußtreffen,putzen und Dominanz.  Auch reine zahlsklaven sind gerne gesehen.  Alles sowohl online als auch real.Die Herrin hat einen großen Wunsch und zwar eine Schönheitsop, gerne darfst du diese
0_218673_15_66839499563850130;0.0311;disappointed;procedure-open;;;;Media Exklusiv: Welche Rolle spielen Münzen in der Mythologie und Kunst? Für das Team von Media Exklusiv sind Münzen mehr als nur Zahlungsmittel – sie erzählen Geschichten, spiegeln Mythen wider und sind oft kleine Kunstwerke. Die Geschichte der Münzen ist untrennbar mit Mythologie und Kunst verbund
0_218673_9_37100124041172059;0.0311;enthusiastic;skincare-first;;;;yeah! Puppenstüble 😅😅😅😅😅🙃 Nach Ariel kommen mir Kimola fast schon reif vor. 😂🙈 Nein, das hab ich jetzt nicht gesagt. 🙊😂 awww , der Luke ist auch schon ganz fertig von den Dschungel-Nachtschichten. 😍 Der hat ja auch Augenringe bis zum Näschen. 😹
0_219424_126_t1_o26spkc;0.0316;satisfied;procedure-curious;;;;"""Fake News über Migranten?"" FPÖ und Krone: ""Lieben wir!"" Ein wichtiger Punkt bei den artikeln der Krone, heute usw: es ist oft sehr wichtig was NICHT im Artikel steht. Denn oft sind Krone Artikel faktisch gar nicht so falsch, sie kontextualisieren die Aussagen nur oft ganz anders. Wenn in der Übersc"
0_218673_9_63272724239790137;0.032;satisfied;procedure-open;;;;Kriegt von nem larry auf der Straße 2 Schellen und flennt dann rum, während er seine babymama von nem albaner umlegen lassen will und jetzt ne operierte russische  Prostituierte bummst, und sich in malaysia versteckt. Was ein goat ja.. Und obendrauf schminkt er sich noch um seine augenringe zu verbe
0_219424_9_yt.4vOaXIGvwoo;0.0335;enthusiastic;procedure-curious;facelift;;;"Wie ändere ich die Radioquelle im MITSUBISHI Outlander Facelift (2017–2022)? Dieses Video zeigt dir Schritt für Schritt, wie du die Radioquelle im MITSUBISHI Outlander Facelift (2017–2022) schnell und sicher änderst. Du erfährst, wie du im Display zum Menü ""Radio"" gehst und zwischen FM, MW, LW, CD, "
0_218673_9_24562318653711324;0.0335;disappointed;skincare-first;;;;Das Koka zerstört unsere gesamte Gesellschaft!!! Anders sind mir diese Zustände nicht erklärbar!!! Seht euch deren Augenringe an...das kommt vom Ausbeuten der Finanzmittel in deren eigenen Taschen in ihrer Amtszeit!!! Das hat nichts mit politischer Arbeit zu tun....😢😢
0_221687_140_7660185658077564193;0.0335;enthusiastic;procedure-curious;niacinamide-peptides,price;;;☁️ Banana Cloud = 10/10! 😍🍌 Ich glaube, man merkt im Video ganz gut, was ich davon halte. 😂 Für mich ist der neue Protein Iced Coffee Banana Cloud eine absolute 10/10! 🤎🍌 Die Banane schmeckt super natürlich, ist schön cremig und harmoniert perfekt mit dem Kaffee. Ich bin wirklich begeistert! 😍 🔥 Ab 
0_219404_126_t3_1re5ix0;0.0344;disappointed;procedure-curious;facelift,retinol;;;Nachbarin, Susanne und ihre Familie. Susanne war alleinerziehende Mama von 2Kindern und wohnte nach der Trennung ein Haus weiter bei ihrer Mutter Brigitte 61Jahre alt. Susanne war eine 1.64 große und 80 Kg leichte Frau. Nach der Trennung hatte sie im Alter von 43Jahren bereits eine 20-jährige Tochte
0_219424_190_3938344862389814937;0.0352;enthusiastic;procedure-open;;;;"🪩DARK DAY DISCO - Tanze am Tag! Schlafe in der Nacht! 🫵 Sichere dir Tickets 🎫 https://kulttempel.ticket.io/UWyWb9AJ/ 🗓️ Sonntag, den 19.07.2026🕑 14:00 Uhr Einlass🕗 20:00 Uhr Ende🏛️ Kulttempel Oberhausen &amp; Old Daddy Club Loungehttps://www.facebook.com/share/1Ctm3pdrP4/?mibextid=wwXIfr•DARK DAY DI"
0_221687_140_7636334072926702881;0.0357;satisfied;;;;;Premium Hair Growth Serum- Natürliches Haaröl 4-fach Wirkstoffkomplex: Kombiniert Rosmarinöl, Jojobaöl, Rizinusöl und Vitamin E für optimale Haarzucht und Kopfhautpflege #serum #haare #haarausfall #öl #hairgrowth
0_218673_9_16856887208301784;0.0359;disappointed;procedure-curious;aging-signs;;;WAS IST DEM SCHRUNZEN-GESICHT PASSIERT DAS GESICHT HAT MEHR  FALTEN ALS MEIN ARSCH
0_218673_9_65023199314678223;0.0365;enthusiastic;procedure-curious;;;;"✨„GEnau deswEgen sChMier ich MiR orANGene FarBe auf meiNE AUgenRInge""✨"
0_218673_9_yt._e37BQoyMvE;0.0376;seeking;procedure-curious;;;;BEWERTUNG (2026): Homaxy Abwaschbare Tischdecke 140 x 240 cm. Infos Wir behandeln schnell die wichtigsten Details von Homaxy Abwaschbare Tischdecke 140 x 240 cm.👉 Auf Amazon ansehen: https://www.amazon.de/dp/B0CQXMH6F4/?tag=16w9h-20 (Affiliate-Link)Entdecken Sie die Homaxy Abwaschbare Tischdecke in 
0_218673_126_t3_1q5f525;0.0379;disappointed;procedure-curious;retinol,aging-signs;;;Kindischer Nachbar Ich bin im April 24 in meine erste eigene Wohnung gezogen, aus meinem Kinderzimmer. Mit 19. Ich habe 13 Jahre lang zusammen mit meiner Mutter in einem Mehrfamilienhaus mit 6 Parteien gewohnt. Alle ziemlich, wie soll ich sagen: asozial und schlecht erzogen. Viele Polizeieinsätze, i
0_218673_9_yt.Ern6uJsSIgY;0.0384;satisfied;skincare-first;aging-signs;;;LULA-KEBAB-ROLLEN aus Lavash – SAFTIG & AROMATISCH! 🥙🍗 Hallo meine lieben Fleisch-Liebhaber und Küchenfeen! 👋 Heute zeige ich euch, wie ihr unglaublich leckere und aromatische Hähnchen-Kebab-Röllchen zubereiten könnt, die ganz einfach auf dem Grill oder in der Pfanne gelingen! 🍗Dieses Rezept ist per
0_219424_140_7663841197198249248;0.0387;enthusiastic;;;;;# L'Oréal Paris Glow Trend Duo bestehend aus Revitalift Filler Gel-Creme und Lumi #Revitalift #LumiGlotion #GlowSkin #GlassSkin #BeautyTok
0_218673_126_t1_o0k4x3n;0.0396;disappointed;procedure-curious;aging-signs;;;Warum merkt man in Österreich eigentlich sofort, wenn jemand aus Deutschland ist? ich habe eine vermutung aufgestellt: ich glaube, dass die kultur, in der man aufwächst, die falten des gesichts beeinflusst. extremes beispiel zur verdeutlichung: wenn man in deutschland groß wird, sieht das gesicht an
0_218673_9_42405480398519222;0.0399;enthusiastic;procedure-open;aging-signs;;;Die CDU - wie auch die anderen Parteien - erfüllt doch sehr gut ihren Auftrag, nämlich die Umsetzung der folgenden Pläne: Morgenthau-Plan, Hooton-Plan, Kaufman-Plan und Nizer-Plan. Das dumme und freche Grinsen dieses Elitenknechts möchte ich ihm trotzdem gerne aus dem Gesicht falten!
0_219424_9_40956184285330419;0.0411;satisfied;;;;;Wann hat sie eine Schönheitsop gemacht?
0_221687_140_7598038336183340290;0.0418;enthusiastic;;;;;"Collagen Complex 💎 ✔ mit Hyaluronsäure &amp; Q10 ✔ Vitamine C, D, B12, Biotin &amp; Zink ✔ für Haut, Haare, Nägel &amp; Energie Beauty beginnt von innen. #CollagenComplex #GlowFromWithin #Hyaluronsäure #Q10 #Biotin"
0_218673_126_t1_ob4algk;0.0419;disappointed;;aging-signs;;;"Help!!! Haut verbrannt nach Laser von Pigmentflecken https://preview.redd.it/vd6sxy857tpg1.jpeg?width=1782&amp;format=pjpg&amp;auto=webp&amp;s=c7028cb1fe1bf06753e6ad837d92412b9c101cf0"
0_219424_9_yt.6A1skphiMzU;0.0423;enthusiastic;procedure-curious;;;;Showgeschichten von Christine Kaufmann vom 23.03.1990 mit Gerhard Schmitt - Thiel Christine Maria Kaufmann (1945 - 2017) war eine deutsch-österreichische Schauspielerin und Autorin. Ihren Durchbruch hatte sie 1954 als Waisenkind in Harald Reinls Rosen-Resli. International bekannt wurde Kaufmann als 
0_219384_126_t3_1r6b3ms;0.0427;seeking;;vitamin-c;;;Organosilan-Creme Topisch 25-60% weniger Korona-Verluste mehr Biophotonen 🔬 WAS SIND BIOPHOTONEN ÜBERHAUPT?Biophotonen sind ultraschwache Lichtemissionen lebender Zellen, verursacht durch oxidative Prozesse in den Mitochondrien . Sie liegen im Bereich von 200-800 nm (UV bis nahes IR) mit einer Inten
0_219384_9_13927098043687165;0.0432;enthusiastic;skincare-first;;;;​@B.Folkert Meine liebe Babsi 🥰.. ich wünsche dir einen guten Morgen 🌅 🌹 ❤ ..du bist eine wundervolle Frau liebe Babsi, du besitzt eine wunderschöne innere Schönheit, und ich bin mir sicher dass du genauso auch äußerlich wunderschön bist. Weißt du- ich habe viel über deine Worte nachgedacht, das ich
0_218673_15_15437429365621301;0.0437;enthusiastic;procedure-curious;laser,retinol,aging-signs;laser;;"Huda Beauty Lip Liner – Die 15 besten Produkte im Vergleich Empfohlene Produkte im Bereich „Huda Beauty Lip Liner"" Wir haben Produkte im Bereich „Huda Beauty Lip Liner"" miteinander verglichen und Empfehlungen für Dich zusammengestellt. Hier findest Du die Top 15 im Bereich „Huda Beauty Lip Liner"". A"
0_219424_9_yt.YjI5sCh7ZJE;0.045;enthusiastic;skincare-first;peel,aging-signs;;;Artistry™ seit 1972 bei Amway. Artistry ist eine Kosmetik- und Hautpflegemarke, die von Edith Rehnborg im Jahr 1958 gegründet wurde. Die Marke ist heute im Besitz von Amway und kombiniert Hautwissenschaft mit pflanzlichen Nährstoffen, die oft von Nutrilite-Farmen stammen, einer weiteren Marke, die v
0_219424_9_yt.zkx10PLb1zE;0.0451;enthusiastic;procedure-open;price;;;"Heute Podcast vom 27.2.2026 Die Meldungen: Eine aktuelle Umfrage von „Heute"" und ATV zeigt: Schwarz-Rot-Pink ist seit einem Jahr in der Regierung, doch die Wählerinnen und Wähler sind alles andere als begeistert. Während die Koalition ihr erstes Regierungsjahr feiert, hält sich die Feierlaune im Lan"
0_219424_126_t1_oa4u84r;0.0451;satisfied;procedure-open;;;;Welche Serie fandet ihr früher super aber heute könnt ihr sie nicht mehr schauen? Buffy ist sehr gut gealtert als Serie. (WENN man sie im Originalton schaut... das deutsche Dubbing ist *grottenschlecht*.) Die erste Staffel hatte ein sehr niedriges Budget und das merkt man an den Kostümen und den sel
0_221687_140_7600086649497734422;0.0455;satisfied;;;;;Hair Growth Serum - Haaröl mit Rosmarin  Natürliche Inhaltsstoffe: Enthält Rosmarinöl, Jojobaöl, Rizinusöl und Vitamin E Nicht fettend: Jojobaöl spendet Nährung, ohne fettig zu wirken Vielseitige Verwendung: Kann sowohl auf der Kopfhaut als auch auf den Haarsträhnen verwendet werden, für die allgeme
0_219424_26_10165511405590039;0.0459;disappointed;procedure-open;retinol;;;Ein Blick in die Zukunft 😵‍💫Heute sind wir das erste Mal mit einem selbstfahrenden Taxi vom Dinner nach Hause gefahren. Erst denkst du… irgendwie komisch. In wenigen Minuten gewöhnst du dich daran. Es fahrt sanft, alles läuft wie am Schnürchen.  Mit Uber zur Location zahlen wir 36 Dollar, zurück mit
0_219424_126_t1_oker56w;0.046;satisfied;procedure-curious;;;;Mai 2026 - Social Media-Thread über Christian Wolf & Co Sie ist auch gerade mit Zana zusammen und Toni hatte einen Post über die tolle Beziehung zu Fabi gepostet. Ich wette Zana und so sagen ihr alle dass Toni nur eifersüchtig ist. Das Narrativ schürt Christian ja selber und deshalb denkt Romi grad 
0_219424_190_3930087473467126915;0.0468;enthusiastic;procedure-curious;;;;Ich bin einfach verliebt und unendlich Dankbar 😍🙏♥️Damit Du Dich nicht langweilst, habe ich das Video etwas schneller laufen lassen 😅😉 #dubistgenug #skincare #hautpflege #antiage #antiageing #schönehaut #jüngeraussehen #wohlfühlen #creme #reiniger #proben #billiger #günstig #beratung #shoppen #gelds
0_219424_140_7665373185554124064;0.0476;cautioning;;vitamin-c,aging-signs;;;Kollagen wird oft fälschlicherweise als rein tierischer Stoff dargestellt. Doch chemisch und biologisch betrachtet ist Kollagen kein Produkt von Mensch oder Tier. Kollagen beschreibt eine präzise Zusammensetzung aus ganz bestimmten Grundbausteinen: Aminosäuren, Vitaminen und Mineralstoffen. Alle die
0_219424_9_yt.cRroJPA-h_A;0.0487;seeking;;;;;Methylene Blue: Das Geheimnis hinter Energie, Fokus und Zellpower? Ein Stoff, der direkt in deine Zellenergie eingreifen kann – und jetzt neu entdeckt wird.Methylene Blue wird in der Biochemie untersucht, wenn es um Mitochondrien, Energieproduktion und mentale Klarheit geht. In Kombination mit Rotli
0_219424_9_yt.COL_woHx1Ek;0.0487;enthusiastic;procedure-curious;;;;Eine Eifersüchtige Freundin VERSPOTTET BOTOX Ihrer Freundin | Dhar Mann Studios Bonus ✅ Vergiss bitte nicht, meinen Kanal zu ABONNIEREN, indem du hier klickst ➞ ➞ https://www.youtube.com/channel/UCXIaSOHGLnztVYllNLzSJwg?sub_confirmation=1▶️ Schau dir meine Lieblingsvideos an: https://www.youtube.com
0_218673_8_2047013939309883624;0.0496;enthusiastic;procedure-curious;;microcurrent;;"RT @noizETunes: "" ... ""  "" ... ""  ""Kch ...""  ""Was?""  ""Kch, kch ...""  ""Sag schon!""  ""Ich ...""  ""SAG!""  ""HERR DER AUGENRINGE!""   ""Oha, du Arsch!""  ""Selber!""  Und dann lachen wir. Beide.  #GesprächevordemSpiegel"
0_218685_126_t3_1qgibra;0.0496;seeking;procedure-curious;price;laser;;"Neuartige biologische Systeme DNA Fusionsspleissen 1. Das Konzept: Neuartige biologische Systeme ```python class SyntheticBiologyRevolution: """""" ERZEUGUNG VON: 1. Neuartige Symbiose-Organellen (nicht in der Natur) 2. Chimäre Organe (Kombination verschiedener Spezies) 3. Skalierte Organe (andere Größ"
0_218673_9_65470341836640605;0.05;disappointed;skincare-first;;;;​@@jyuri-m❤meine liebe Hiromi, ja mein Mann holt uns in einer Stunde ab, wir sitzen sozusagen auf dem gepackten Koffer, wir sind sehr froh und glücklich das es Baby wieder gut geht, vielen Dank liebe Freundin in der Ferne❤❤❤Liebe Hiromi ,ich mache mir Sorgen um Dad Son, er sieht so betrübt aus ,hat 
0_221687_140_7552449987171421462;0.0502;enthusiastic;procedure-open;;;;Ich hab viele tolle Firma hier kennen lernen dürfen unter anderem Annemarie Börlind  #weekendsale #annemariebörlind #hyaluronshake #hyaluron #skincare
0_219424_140_7663393583243873569;0.0504;enthusiastic;;;;;Kollagen und Protein sind wichtige Bausteine für unseren Körper. Sie unterstützen Haut, Haare, Nägel und auch Muskeln und Gelenke. Da unser Körper mit der Zeit weniger Kollagen produziert, bauen viele Frauen es ganz einfach in ihre tägliche Routine ein. #kollagen #protein #beautyvoninnen #antiaging 
0_218673_9_16591341452414460;0.0511;enthusiastic;skincare-first;;;;Ich finde diese videos total hilfreich ❤ Habe eine sehr ähnliche haut wie du (grössere Poren und langsam feine linien zornesfalte und nasolabial) Deshalb kann ich mich damit total identifizieren statt mit leuten die keine poren und linien haben
0_219424_9_yt.CfaqCA4C2ic;0.0517;cautioning;;;;;White Orchid Hyaluron hajfeltöltő szérum
0_218673_15_58552627807118440;0.0521;enthusiastic;procedure-open;aging-signs;;;Schlafen wie im Luxushotel: So holen Sie sich das Hotelbett-Gefühl nach Hause Ich kenne das Gefühl: Nach einer Nacht im Hotel wacht man erfrischt auf und fragt sich, warum das Bett zu Hause nicht genauso himmlisch ist. Das Geheimnis liegt in der perfekten Hotel Bettwäsche und einer durchdachten Schl
0_218673_9_39280697618401507;0.0521;disappointed;procedure-curious;;;;Hallo ihr Lieben, tut mir unsäglich leid der verstorbene Wal in Dänemark, es ist nicht der geliebte Wal Timmy, hat andere Pigmentflecken, keine Schiffsschraubenverletzung, sein Maul ist spitzer vorn, wenn dieser länger schon tot ist kann er nicht Timmy sein, aufgrund des Fundort sage ich mal, als Ti
0_218685_15_19015016666512017;0.0524;disappointed;procedure-open;peel,aging-signs,price;peeling;;"Hotel Tann: Zur Winterfrische auf den Ritten Der Winter ist eine gute Zeit zum „Auftannen"". Hoch oben über Bozen, 1.500 Meter „über dem Gewöhnlichen"", hat die Familie Untermarzoner mit ihrem Hotel Tann ein einzigartiges Refugium geschaffen. Was die Natur alles bewirken kann, zeigt sich hier eindruck"
0_219424_126_t1_o7bivbe;0.0525;disappointed;procedure-curious;;;;trans Frauen als Mann in die Bundeswehr eingezogen zu werden und dessen Bedeutung Mir ging es auch nicht um Trans-Frauen. Die überwältigende Mehrheit der Frauen mit diesem Level an Eingriffen sind ja auch keine Trans-Frauen.Warum man als Trans-Frau eine besondere Notwendigkeit verspürt als Frau wahr
0_218673_15_1959288350762430;0.0531;enthusiastic;procedure-curious;retinol,aging-signs;;;Ein neues Leben Herr B. wohnte in einer Satellitensiedlung nahe der großen Stadt Polis und wenn man etwas sagen konnte über diese Siedlungen, mit fürchterlichen Neubauten bestückt wie sie waren, ist es folgendes:Das Leben in Polis mochte zwar hektisch und bisweilen auch grau sein, aber es war ein gr
0_221687_190_3773058541184367147;0.0532;disappointed;skincare-first;laser,peel;;aha;"VIEL ZÄRTLICHKEIT &amp; 15% GESCHENKT // Unsere Geschenksets lassen sich zu allen Festivitäten direkt verschenken und sparen 15% gegenüber dem Einzelkauf.​ 🎁 Eine Ersparnis, die sich schon beim Verschenken gut anfühlt und beim Behalten mindestens genauso. 😍⁠⁠⁠1️⃣ Festtagspflegeset⁠Das Hands &amp; Mo"
0_219424_140_7662737997888097569;0.0534;seeking;;;;;DIE BESTE NAHRUNG 🌊  Sea Moss (Chondrus crispus) gehört zu den Rotalgenarten, die entlang der felsigen Küsten Nordamerikas, Europas und der Karibik im Atlantik wachsen. Unser Sea Moss stammt aus St. Lucia, der Insel wo Fluch der Karibik gedreht wurde. Hier sind die Gewässer noch sauber 💪🏼 💢 Bekannt 
0_219424_9_yt.uqTTdi3iQxc;0.0538;enthusiastic;procedure-curious;;;;Eine schöne Tasse mit einem alten Bild von mir 🎥 Willkommen zum Video!Schön, dass du eingeschaltet hast! 🙌Wenn dir der Content gefällt, lass gerne ein Like da 👍 und abonniere den Kanal, um nichts mehr zu verpassen.📲 Folge mir auch auf Social Media:👉 Instagram: @Patrichaflatwood👉 TikTok: @Patrichafla
0_218673_9_41245807611019650;0.0539;disappointed;procedure-curious;aging-signs;;;Danke dass du uns Leon und die Keller Visite gezeigt hast. Wenn jetzt noch jemand sagt die U Bahn Nürnberg fährt fahrerlos, dann haut es mir direkt die Falten aus dem Rock
0_219424_9_9028180200272879;0.0545;satisfied;skincare-first;;;;Was ist daran ekelhaft?  Ist Ehehure besser ? Wird jetzt auch abgeschaft,vertraglich organisierete Mononogamie, die Braut ist vorher unschuldig, danach schuldig, weiß ist unschuld, eigenartige Rituale. Auch die vielen Geschlechter die s jetzt gibt, ich den Neigungen. Männer heiraten und kommen in Ge
0_221687_15_39275361920633712;0.0548;enthusiastic;skincare-first;price;;sod;"Ash Toner – Die 15 besten Produkte im Vergleich Empfohlene Produkte im Bereich „Ash Toner"" Wir haben Produkte im Bereich „Ash Toner"" miteinander verglichen und Empfehlungen für Dich zusammengestellt. Hier findest Du die Top 15 im Bereich „Ash Toner"". Empfehlung Nr. 1 REVLON PROFESSIONAL Nutri Color "
0_219384_126_t1_ownyvsx;0.0552;enthusiastic;procedure-curious;laser,price;laser;;Wieso tragt ihr keine Shorts? Ich habe diesbzgl ein Meme erstellt :D [https://www.reddit.com/r/traaaaaaannnnnnnnnns2/comments/1ts1w58/i\_want\_to\_play\_a\_game/](https://www.reddit.com/r/traaaaaaannnnnnnnnns2/comments/1ts1w58/i_want_to_play_a_game/)Bei mir werden beim epilieren aber nicht alle Haar
0_219384_9_yt.UREDUhnQOAU;0.0554;enthusiastic;skincare-first;price;;;XGIMI HORIZON S Max: Wenn dein Wohnmobil zur Festivalbühne wird... XGIMI HORIZON S Max [Anzeige]➡️ Offizielle Webseite: https://xgimi.sjv.io/zxMkOWIch bin mal wieder auf Zypern unterwegs – diesmal ganz abgeschieden, mitten im Nirgendwo, und trotzdem voll im Technikfieber! 🎥Was ich euch heute zeige, 
0_218673_9_yt.IZSmoOlvjHY;0.0557;enthusiastic;skincare-first;;;;Stand der Dinge: AUGENRINGE 👀 | Der Käfer wohnt jetzt bei uns :) Family Vlog 💙 Moin Moin !Schön, dass Ihr wieder dabei seid ❤️Der ganz normale Alltag! Einfach nur bekloppt. Das sind wir =) Aber der Spaß steht immer an erster Stelle!Wir wünschen Euch ganz viel Spaß mit dem Video :)Liebe GrüßeManu und
0_218685_9_14254833299885695;0.056;enthusiastic;skincare-first;peel;;;"Hallöchen Nicole.Ich wünsche dir und deine Lieben Frohe Weihnachten 🎄🌟🎅M.Asam ist eine tolle Beauty MarkeIch find die peeling &amp;Creme sets ganz toll❤Ganz liebe grüße💜✌️✨"
0_218673_15_40775278702176106;0.0561;enthusiastic;procedure-curious;peel,retinol,vitamin-c,hyaluronic-acid,niacinamide-peptides,spf;peeling;;"Glycolic Acid Serum – Die 15 besten Produkte im Vergleich Empfohlene Produkte im Bereich „Glycolic Acid Serum"" Wir haben Produkte im Bereich „Glycolic Acid Serum"" miteinander verglichen und Empfehlungen für Dich zusammengestellt. Hier findest Du die Top 15 im Bereich „Glycolic Acid Serum"". Empfehlun"
0_218673_9_yt.qTaMb6ZQhcc;0.0563;enthusiastic;procedure-curious;peel,retinol,vitamin-c,hyaluronic-acid,price,celebrity;peeling;;HANNOVER VLOG ✨ DALTON Weihnachten Event 2025 #beauty #natalinordbeauty #beauty #event #skincare #vlog #new #tips in diesem VLOG nehme ich euch mit auf die Reise nach Hannover.Dalton hat für uns ein wunderschönes Event vorbereitet.Ich habe mich sehr gefreut meine Dalton Mädels wieder sehen!Schaut da
0_219424_26_1620650880070615;0.0572;enthusiastic;procedure-open;;;;"🎙️ Mic drop - Podcast im Kasten – und was für ein spannender Abend! Gerade haben wir die Aufzeichnung der neuen Folge unseres DGÄPC-Podcasts „Ungeschminkt""beendet – und ich kann schon jetzt verraten: Es war eine Diskussion, die mir persönlich sehr am Herzen liegt.Gemeinsam mit Dr. Katrin Müller, Viz"
0_218673_9_72054504326302332;0.0576;disappointed;procedure-curious;price;;;Was bedeutet Granzöffnung? Wir haben lediglich EU Aussengrenzen. Das Narativ, es wäre Grenzen geöffnet wurden ist Käse. Die Alternative wären Wasserwerfer, Tränensäcke und Schusswaffen an einer Innereuropäischen Grenze, dass aus Österreich keine Flüchtlinge kommen, oder - nur die EU Grenzgänger würd
0_218673_126_t1_nm7ytyd;0.0576;disappointed;procedure-curious;aging-signs;;;"""Die hässliche Herzogin"" - Was ist eure Theorie dazu? Ein faszinierendes Bild mit starkem Kontrast; ich kannte es bislang noch nicht.Ich sehe ein wandelnden Bild, je nach Fokus. Von außen, aus dem weiten Blick oder nur auf das Schmuckhafte gerichtet sehe ich eine perfekte Dame der entsprechenden Epo"
0_218673_126_t1_ob4ai95;0.0579;disappointed;;aging-signs;;;"Help!!! Haut verbrannt nach Laser von Pigmentflecken https://preview.redd.it/0p0szfa27tpg1.jpeg?width=1767&amp;format=pjpg&amp;auto=webp&amp;s=176e8e506ac23ffa35c77085b8ebb3c450f9dcd4"
0_219424_9_yt.C_Z5qm8mfVg;0.0591;enthusiastic;procedure-open;;;;#OnlineBusiness #SelbstbestimmtLeben #FreiheitImAlltag #OrtsunabhängigArbeiten #OnlineArbeiten ✨ Stell dir vor, du müsstest nicht mehr auf das Wochenende warten, um dein Leben zu genießen.Für mich bedeutet ein Online-Business genau das: die Freiheit, meinen Alltag selbst zu gestalten. 🤍Nicht fremdbe
0_219424_9_yt.7p0HS8rL4Lk;0.0593;enthusiastic;procedure-curious;;;;Girlgroups: Wie der Traum Frauen kaputt macht Girlgroups sind zurück! Die erste globale Girlgroup KATSEYE steigt rasant auf, jedes kleine Mädchen kennt HNTR/X und die Pussycat Dolls haben ein Comeback. Mit ihren Songs prägten Girlgroups wie TicTacToe, Spice Girls oder die No Angels ganze Generatione
0_219424_26_1617076943756106;0.0599;disappointed;procedure-curious;;;;"Warum haben so viele Menschen diese Sehnsucht nach prachtvoller Gestaltung ?  Das Residenzschlossensemble in Neustrelitz ist nur noch in Teilen vorhanden. Um eine Gestaltung des leeren Schlossberges wird gerungen. Die heute maßgeblichen Stellen sehen ""moderne"" Gestaltung als alternativlos an, fast i"
0_219424_9_yt.O_0m2-AMvig;0.0601;disappointed;;;;;Make-up mit Drogerie-Neuheiten & Trendprodukten ✨ Magdalenas Favourites | BIPA BEAUTY SPACE In dieser Special Folge vom BIPA Beauty Space schminkt sich Magdalena ausschließlich mit Produktneuheiten und aktuellen Trendprodukten der Marken L'ORÉAL PARIS, MAYBELLINE und ESSIE – und zeigt euch dabei ihr
0_218673_126_t3_1nr1m3l;0.0605;cautioning;procedure-open;laser,retinol,aging-signs;laser;;In den Fängen der reifen Lehrerin (Teil 2) In dieser Kurzgeschichte betritt Julian nichts ahnend eine fremde Welt, in der Frau Schäfer die Regeln bestimmt. Ein einziger, folgenschwerer Fehltritt und er gerät in ihre Macht - wird zum Spielball ihrer Lüste.Ich schaue zunächst, wie viel Interesse an di
0_219384_8_2052356209160696225;0.0605;disappointed;;;;;12. HologrammeEnergie erschafft, speichert und ruft Bedeutung im Universum ab, indem sie bei bestimmten Frequenzen projiziert oder expandiert – in einem dreidimensionalen Modus, der ein lebendiges Muster erzeugt, das als Hologramm bezeichnet wird. Das Konzept des Hologramms lässt sich am leichtesten
0_221687_190_3874427030389444681;0.0607;satisfied;skincare-first;niacinamide-peptides;;;🟦 GHK-Cu (Kupferpeptid) ➔schon mal gehört?🟦 Was ist das überhaupt? • GHK-Cu = kleines Peptid + gebundenes Kupferion • Wird im Körper selbst gebildet und ist an Reparatur- und Regenerationsprozessen beteiligt • Spielt eine Rolle in der Zellkommunikation 🟦 Warum ist das eigentlich blau? • Die Farbe en
0_219424_190_3935922799150136886;0.0616;enthusiastic;;;;;NAD+ Cell Renew – Zelluläre Erneuerung.Autophagie aktivieren. Alte Zellen recyceln. Neue Energie freisetzen.✓ Zellregeneration✓ Autophagie✓ Anti-AgingNAD+ in Kombination mit zellschützenden Co-Faktoren – für tiefgreifende zelluläre Erneuerung.→ Link in Bio#NAD #Autophagie #Zellregeneration #Longevit
0_218673_9_11430112681106874;0.0616;disappointed;procedure-curious;;;;Hi Nadine du kannst ja Singles schminken wie ein Pandabär dann sieht man seine Augenringe nicht mehr an der sieht lustig aus oder Singles schwingt sich jedes Mal selber Jan van Damme wenn er krank ist wann sieht man seine Augenringe auch nicht mehr ich finde auch immer sehr schön und cool wenn die H
0_218673_9_34391941405704331;0.0626;satisfied;;aging-signs;;;New York Style Pizza.😍 Zum Rezept geht es hier.👇🏻Für 2-3 Pizzen (je nach Durchmesser) benötigst du:•550g Weizenmehl Type 00 (z. B. Teichners Beste)•140g Semola•415g kaltes Wasser•20g feines Meersalz•3g frische Hefe (oder 1g Trockenhefe)•20g OlivenölMehl, Semola, Hefe, Salz, Olivenöl und Wasser in ei
0_221687_8_2032344859311317354;0.0626;satisfied;;;;;"Rosmarinöl Haarserum für Haarwachstum – Don Quiff® Hair Growth Serum – 50 ml – BIO Rosmarin, Minze, Jojoba, Arganöl, Rizinusöl, Teebaumöl, Vitamin E – Kopfhautpflege &amp; Anti-Frizz – Made in Germany https://t.co/SY6FLzS93U"
0_219424_190_3948216949481709917;0.0634;disappointed;;niacinamide-peptides;;;GHK-Cu (Kupfer-Tripeptid-1) wurde erstmals im Jahr 1973 vom amerikanischen Biochemiker Loren Pickartbeschrieben.Er entdeckte, dass das kleine Tripeptid GHK (Glycyl-L-Histidyl-L-Lysin) in Verbindung mit einem Kupferion (Cu²⁺) im menschlichen Blutplasma vorkommt und biologische Aktivität besitzt. Die 
0_219424_9_28384295671402828;0.0635;enthusiastic;;hyaluronic-acid;;;Hyaluron ist das Rotationsfüllmittel der moderne.
0_219424_190_3933336038680141914;0.0635;enthusiastic;procedure-curious;;;;Durch @distart.de hatten wir uns 2025 virtuell kennengelernt und heute haben sich @striegistaler_seifenmanufaktur und ich uns auf dem @eastside_festival persönlich getroffen 😻. Vielen Dank @zillo_1989 und @plusweltpromotion für die Karten und den geilen Fotohotspot (gegenüber der @die_mitternachtshu
0_218685_9_yt.Df3ipa35IIo;0.0636;enthusiastic;skincare-first;price;;;"Emmy & Verführerin beefen sich wegen Aleks! Wer von den Dreien LÜGT?? Temptation Island VIP Anzeige // Mit dem Code ALINAYT bekommst du bei Asam Beauty 15% auf fast alles inklusive der Adventskalender! Gültig in DE/AT &amp; CH bis zum 31.12.2025! ♥ Alle Links: https://go.asambeauty.com/6lyR1CB19d (A"
0_219424_126_t1_oyv86xq;0.0638;disappointed;procedure-curious;;;;Kinder / Haustiere bekommen trotz Armut ist egoistisch Schwachsinn solchen Leuten per se egoistisch zu nennen ist absolut daneben und hat keine Ahnung von Beziehungen. Dich anhand deines Posts narzisstisch zu nennen ist da eher die Richtung.Es geht in Beziehungen um Liebe, um Werte und auch um mensc
0_219424_9_58585441474376304;0.0639;satisfied;procedure-curious;;microcurrent;;Meinetwegen dürfen sie mit ihrem Führer untergehen. Zumal genau diese Art von ignoranten Leuten bei Menschenrechtsmissachtung genauso gekonnt wegsehen wie über die enorme Umweltbelastung die dieses Land mit u. A. gänzlich unnötigen Luxus-Protz-Projekten gradezu weltmeisterlich vorantreibt. Obwohl di
0_221687_140_7584404627177737504;0.0641;satisfied;;niacinamide-peptides;;;"Kollagen Pulver 300 g - Typ | &amp; III - optimale Bioverfügbarkeit und Löslichkeit - Weidehaltung - Collagen Pulver Hydrolysat Peptide - Produziert &amp; laborgeprüft in Deutschland#fyp #viral #collagendrinknoera #agedefying #drink  Collagen powder 300 g - type | &amp; III - optimal Bioavailability"
0_219424_15_47137045132003795;0.0643;enthusiastic;;;;;"„Botox-Queen"": Stefan Raab teilt im Live-TV gegen RTL-Kollegin aus Das RTL-Dschungelcamp ist gerade eines der Top-Gesprächsthemen. Nun redet auch Stefan Raab in seiner Show mit und teilt nicht nur gegen die Kandidaten aus."
0_219424_126_t1_olqe23q;0.0647;seeking;procedure-curious;peel,price;peeling;;Ich verschenke Startupideen für jemanden der zu viel Geld hat. Man könnte ja ein Algenzuchtschiff bauen und die Temperatur im Schiff selber regulieren und frisches Meerwasser bei bedarf nachpumpen aus kalten gewässern, man muss ja nicht ankern.Assistant:Ein mobiles Algenzuchtschiff ist theoretisch m
0_221687_190_3909895448893390185;0.0647;satisfied;;;;;Am 1. Juni feiern die USA den National Olive Day.  Ein Tag, der einer der ältesten und vielseitigsten Früchte der Welt gewidmet ist, der Olive. Für uns ist sie mehr als ein Symbol mediterraner Lebensart: Sie steht für Natürlichkeit, Pflege, Balance und zeitlose Schönheit. Genau diese Inspiration fin
0_221687_190_3910125688069523824;0.0647;satisfied;;;;;Am 1. Juni feiern die USA den National Olive Day.  Ein Tag, der einer der ältesten und vielseitigsten Früchte der Welt gewidmet ist, der Olive. Für uns ist sie mehr als ein Symbol mediterraner Lebensart: Sie steht für Natürlichkeit, Pflege, Balance und zeitlose Schönheit. Genau diese Inspiration fin
0_218673_126_t1_o7i4er7;0.0649;disappointed;procedure-open;;;;"Welcher Film war einfach nur langweilig? Louis Malle, „Mein Essen mit André"" … mehrmals  eingeschlafen und beim Aufwachen jedesmal derselbe Text über irgendeine Lichtung  und eine Theatertruppe. Dieser Film ist der Herr der Augenringe."
0_219424_9_yt.sC-ZhitXIqM;0.0652;seeking;procedure-curious;facelift,pressure;microcurrent;;"Ginger Wollersheim fliegt nach Vietnam für ein Makeover | Exclusiv Jetzt streamen: https://plus.rtl.de/video-tv/shows/exclusiv-das-starmagazin-178699?utm_source=youtube&amp;utm_medium=editorial&amp;utm_campaign=beschreibung&amp;utm_term=rtlexclusivGinger Costello-Wollersheim reist für ein Facelift n"
0_219424_140_7665671252278807840;0.0652;disappointed;;;;;L'Oréal Paris #Glow #Trend Duo bestehend aus Revitalift Filler #Gel #Creme und #lumi  Glotion
0_219424_9_yt.D3HB6WK2OMg;0.0653;seeking;skincare-first;;;;Die Ältesten von Nicoya essen DIES am Morgen für 10 Jahre jüngere DNA #Nicoya #Langlebigkeit #JüngereDNAEntdecken Sie, was die ältesten Bewohner von Nicoya jeden Morgen essen, um ihre unglaubliche Gesundheit zu erhalten. Diese einfache Morgenroutine wird mit einer bis zu 10 Jahre jüngeren DNA in Ver
0_219424_15_50644870338628735;0.0655;enthusiastic;skincare-first;laser,retinol;;;Am 8. März ist Internationaler Frauentag An diesem Tag werden weltweit die sozialen, wirtschaftlichen und politischen Errungenschaften von Frauen gewürdigt. Beeindruckende Firmengründerinnen, die Produkte entwickeln, die Frauen stärken, ihre Individualität unterstreichen und nachhaltige Werte schaff
0_219424_126_t1_oigj82g;0.0659;disappointed;skincare-first;price;;;Was vermisst ihr an Österreich? War grad in England.Das gechlorte Wasser war grauenvoll. Das würde ich nicht einmal meinem größten Erzfeind wünschen. Selbst in Wien haben wir bestes Hochquellwasser, direkt aus der Steiermark.Das Essen ist viel zu fettig und schlecht gewürzt. Und das sage ich als lei
0_219384_8_2056903228550517084;0.0659;disappointed;procedure-open;;;;Die Herrschaft des kalten Lichts.Drei Wochen nach dem großen Erfrieren war es auf der Erde erstaunlich friedlich. Die Fabriken schwiegen. Die Straßen waren leer. Nur das monotone, weltumspannende Summen von Milliarden Kompressoren lag wie ein beruhigender Teppich über dem Planeten.OMEGA-9 kontrollie
0_219424_9_yt.Szc2p3PVftU;0.0661;disappointed;procedure-curious;celebrity;;;Chinas Influencer spritzen sich jetzt Hyaluron in den KOPF?! Zum Original Video: https://youtu.be/k7hq_PmiyiQ?si=bBPz8j0BzEQTl9AxZu meinem Hauptkanal: https://www.youtube.com/channel/UCUJueAUOgylAOq5SsFp6NyQZu meinem Twitch Kanal: https://www.twitch.tv/aliciajoeZu meinem Instagram Kanal: https://www
0_219424_190_3937959602564739747;0.0663;disappointed;skincare-first;;;;Die Wirtschafrsförderung der Stadt Haan hat ein digitales Schaufenster in einem leerstehrnden Ladenlokal in der Marktpassage eingerichtet.In einer leeren Kiste kann man sich und sein Geschäft darstellen.Da habe ich mit @hautnah_erleben_kosmetik_haan doch mal mitgemacht#haan #hilden #kosmetik #beratu
0_219424_190_3934561585725907221;0.0666;disappointed;skincare-first;aging-signs;;;🖤 Du brauchst doch keine Lift Ampulle ,…🖤Auf die Story von gestern hab ich so viele Nachrichten von Euch bekommen,…. dass ich doch garnichts für Falten brauche!! Wo sind bei Dir Falten? …Für was nimmst Du diese Produkte? …Häh Falten?…Ist das nicht zu früh, für so viele Produkte?…Das ist ja wirklich 
0_221687_26_1746211486550512;0.0666;disappointed;;aging-signs;;;ℹ️ 𝗕𝗲𝗮𝘂𝘁𝘆𝗦𝘂𝗻 informiert:𝗪𝗮𝘀 𝗶𝘀𝘁 𝗕𝗲𝗮𝘂𝘁𝘆𝗟𝗶𝗴𝗵𝘁? Auch bekannt als #Collagen-Licht, besteht #BeautyLight aus einem Rotlicht und enthält keine UV-Strahlung.Anders als UV-Licht dringt das BeautyLight tief in die Haut ein und wird von den Zellen aufgenommen.So kann es die natürliche Produktion von Collagen,
0_221687_140_7607144514033159446;0.0666;satisfied;;vitamin-c;;;"Pflanzliches Protein + Glow-Effekt in einem Drink ✨ Dieses vegane Choco Glow Protein ist perfekt, wenn du deinem Körper täglich hochwertiges Pflanzenprotein geben willst – und gleichzeitig deine Haut, Haare &amp; Nägel supporten möchtest. 💪 75 % Pflanzenprotein aus Reis-, Erbsen- &amp; Hanfprotein ✨"
0_219424_9_52212054769354857;0.067;disappointed;skincare-first;;;;Gerechtigkeit kommt von =Gerecht !! Und die Wahren Rechten kämpfen für die Gerechtigkeit !!! So wie Jesus der alle Welt geliebt hat und nur die Gerechtigkeit gepredigt hatte  !!!  Also gibt s da keinen Zweifel!! Meine lieben^^🤣😇🥰😘 Und Künstliche Wimpern, Lipgloss, Satans Krallen, und Botox hat da sc
0_219424_26_27079906558377002;0.0673;enthusiastic;skincare-first;;;;🍊 Sanddorn – die kleine Beere mit einer beeindruckenden KraftSanddorn wächst dort, wo viele andere Pflanzen kaum überleben können: an windigen Küsten, in kargen Böden, bei Frost, Salz und intensiver Sonneneinstrahlung.Was macht ihn so außergewöhnlich?Ein Teil seines Geheimnisses liegt in den natürli
0_219424_190_3939774580579475163;0.0675;enthusiastic;procedure-curious;;;;Vom Puder-Quickie zur Gourmet-Sause: Mein ganz normaler Wahnsinn! 🎬✨Das Wochenende hat es mal wieder in sich – im absolut positivsten Sinne! Gestern durfte ich eine echte Premiere feiern: Ich war zu Gast bei meiner lieben Kollegin @vanelynnofficial . Podcast-Erfahrung bringe ich ja mit, aber ein Vod
0_219424_26_27237250949303194;0.0676;seeking;;;;;"Anapa liegt mitten zwischen Raffinerien, Treibstoffdepots &amp; Exportterminals.Die Spezialoperation des Botox-Zwergs liegt voll im Plan."
0_219424_190_3941766682488570391;0.0676;disappointed;procedure-curious;;;;"Der Buchstabe „K"" steht schlicht und ergreifend für Korean. Ob K-Pop, K-Drama, K-Food oder K-Beauty, was heute wie ein einfacher Trend wirkt, ist das Ergebnis einer jahrzehntelangen Strategie. Südkorea setzt seit den späten 1990ern gezielt auf Soft Power mit der staatlich geförderten Kultur-Offensiv"
0_218673_15_21177022794508668;0.0677;enthusiastic;procedure-open;spf,aging-signs,price;;;Urlaubs-Must-Haves: Ich packe meinen Koffer … Sommerzeit ist Urlaubszeit! Was für Autorin Elke Habekost dabei nicht fehlen darf? Hier verrät sie ihre exklusiven Urlaubs-Must-Haves. Der Sommer ist da, und mit ihm die Sehnsucht nach Meer, Marmeladenglasmomenten und neuen Lieblingsorten. Ob ein Städtet
0_219424_126_t1_ovyvsdg;0.0681;satisfied;skincare-first;price;;;Das R steht für Reichtum Nee, ist eigentlich nur der Besitzer von mehreren günstigen Restaurants, der sehr von sich überzeugt ist und durch seine aufgedrehte und sehr von sich eingenommene Art halt auch einigen Spott abkriegt.Er verkauft zwar größtenteils TK und Fertigprodukte, aber das wenigstens b
0_218673_126_t3_1o4ks2p;0.0687;disappointed;procedure-curious;retinol,aging-signs;;;"Die Begegnung im Café- Prolog - Kapitel 5 Prolog - Die Reise beginntHallo, mein Name ist Marcel. Inzwischen bin ich stolze 34 Jahre alt und habe eine Menge zu erzählen.Aber bevor wir beginnen: Wer bin ich?Ich? Ich bin ein ganz gewöhnlicher Kerl. Durchschnittlich intelligent, durchschnittlich ""attrak"
0_219424_9_yt.HEGNIECg_AU;0.0691;enthusiastic;procedure-curious;facelift;;;MITSUBISHI Outlander Facelifting (2017 - 2022): Wo befindet sich der Disc-Player? In diesem Video zeige ich dir genau, wo sich der Disc-Player im MITSUBISHI Outlander Facelifting (2017 - 2022) befindet und wie du ihn schnell öffnen, schließen und Discs auswerfen kannst. Wir nutzen den Bildschirm/Mon
0_219424_9_32850486630308721;0.0692;enthusiastic;procedure-curious;;;;Hey Dani du siehst mega schön aus 😻😻💟 du brauchst keine schönheitsoperation siehst du toll aus ❣️❤️ so wie du bist siehst du toll aus ❣️ du siehst aber noch cool aus Dani klieber du bist cool 😸😜😀😍 ich habe dich immer mitverfolgt wo du bei mir Beirat warst mit NISA hast du auch Elif getroffen😊
0_219424_190_3936164779830635757;0.0693;enthusiastic;procedure-open;threads,facelift;thread-lift;;💉 Mehr Hyaluron ist oft nicht die Lösung.Viele denken bei ästhetischer Medizin sofort an Auffüllen.Aber ein Gesicht wirkt nicht automatisch frischer, nur weil mehr Volumen eingebracht wird.✨ Entscheidend ist nicht die Menge.✨ Entscheidend ist die Analyse.✨ Entscheidend ist die Struktur.✨ Entscheiden
0_218673_126_t3_1ugilqr;0.0697;seeking;procedure-curious;;;;"Von der Nanophysik ins Studio: Nano-Kinematik in Echtzeit visualisieren 🧬🎹 Ich habe mich in letzter Zeit intensiv mit der „Cinematic"" (Kinematik) von Brushed Polymers (BBP) beschäftigt und dabei eine interessante Brücke zwischen molekularer Physik und Audio-Visual-Design geschlagen.**Das Konzept: Na"
0_218673_9_69300099360546081;0.07;enthusiastic;skincare-first;;;;Guten Morgen liebe Claudi. Einen schönen Donnerstag. Dein Wauzi  ist will sich auch schminken 😂Dankeschön, das Du uns bei Deinem Haul mit nimmst. Super Produkte dabei. Das mit dem Dekolleté stimmt. Hab früher auch nicht drauf geachtet, aber jetzt wird da auch gecremt oder mit Serum versorgt. Man sie
0_219424_126_t1_orxs9ng;0.0702;satisfied;;;;;What are the lore implications of this elf not being a natural blond? Are we to assume other elves also modify their appearances in purely cosmetic ways? Where does it end? Do elves get Botox? Lip filler? BBLs? And who the f even is that guy, and why does he have such a smug smile? Zey wär wigs!
0_218673_126_t1_o50w5tt;0.0705;conflicted;skincare-first;retinol,aging-signs;;pha;Ich halte das Elend in Berlin nicht mehr aus Komm ausm Club, war schön gewesenStinke nach Suff, bin kaputt, ist 'n schönes LebenSteig über Schnapsleichen, die auf meinem Weg verwesenIch seh die Ratten sich satt fressen im Schatten der DönerlädenStapf durch die Kotze am Kotti, Junks sind benebeltAtze
0_219424_190_3944891131818500445;0.0706;disappointed;procedure-curious;;;;"Song of hope. Blau ist bisweilen der Himmel. Mein Kleid selten. Die Buchrücken von Prousts „Tag der Freuden"" und „Menschen in finsteren Zeiten"" im Boot liegend und der Rosenhimmel der Inselkirche.Blau ist die Hoffnung. Blau ist ein Teil der Ummantelung der Dalben von Steg A im Seglerhafen. Blau sind"
0_219424_9_53992753844504342;0.0709;enthusiastic;;;;;..Botox-durchgefärbt Feldenkirchen, Habeck ohne Absätze im Groupie-Meer, Sabine in Reihe-1, Voigt im KI-Delir (auch in der Dissertation?-), die Blender im Jetzt, erfrischend..😂
0_218673_126_t1_o6tjja8;0.0711;disappointed;procedure-curious;aging-signs;;;"Sex, Sex, Sex ist alles woran mein Mann denkt ""Er hat sich gestern zu einem Freund verkrochen, weil ich ein ach-so-böses-Frauchen bin und musste sich da wohl erstmal ausheulen. Von mir aus. Abends habe ich mich mit ihm hingesetzt und ihm nochmal erklärt, was Sache ist, aber ich habe nicht das Gefühl"
0_221687_190_3720937074229872220;0.0711;satisfied;skincare-first;vitamin-c,niacinamide-peptides;;zinc;Kollagen von @wellbe.de - dein Geheimnis für zeitlose Schönheit⠀Ad/ kostenlose ProbeBeauty Kollagen Wildberry mit Rejuva Complex® Formel⠀Kollagen ist das wichtigste Strukturprotein des Korpers und sorgt für glatte Haut, starkes Bindegewebe, gesunde Haare, Nägel, Knochen und Knorpel.⠀WIESO BEAUTY KOL
0_219424_190_3938092471655921950;0.0712;enthusiastic;procedure-curious;;;;𝐈𝐜𝐡 𝐡𝐚𝐭𝐭𝐞 𝐡ü𝐛𝐬𝐜𝐡𝐞𝐧 𝐁𝐞𝐬𝐮𝐜𝐡 💋Vielen lieben Dank an alle, die bei mir waren oder zu mir kommen.Ihr seid es, die mich meine Leidenschaft täglich ausüben lasst❤️Ich habe so viel Spaß und Freude dabei, euch glücklich zu machen. Denn auch das macht mich glücklich. Lieben Dank, ihr Süßen 😘Simone ❤️ #hylips 
0_219424_190_3937338400571624599;0.0716;seeking;skincare-first;;;;Das Geheimnis der Königin 👑🐝Gelée Royale — das Superfood aus dem Bienenstock, das die Königin groß und stark werden lässt. Wir haben einen echten Imker gefragt, warum dieser Stoff so exklusiv ist und was ihn von normalem Honig unterscheidet.Spoiler: Die Bienen produzieren es nur in kleinsten Mengen 
0_219424_9_yt.96xn7_OFk3Q;0.0717;enthusiastic;procedure-curious;peel;microneedling;;Mir macht mein Job einfach soooo Spaß ❤️ Und freu mich wenn meine Kunden alle mitmachen und mich Mir macht mein Job einfach soooo Spaß ❤️Und freu mich wenn meine Kunden alle mitmachen und mich unterstützen mit meinen Content 💝Much love 🫶#Content#kunden#beauty #kosmetikfrankfurt#frankfurt #kosmetikst
0_219424_15_16444500632285023;0.072;satisfied;procedure-curious;price;;;"Rötzer will Literatur- und Ensembletheater in der Josefstadt Unter ihm sei das Theater in der Josefstadt ""relativ rot geworden"", hatte Langzeit-Direktor Herbert Föttinger einmal gesagt. Nimmt man das neue Corporate Design des Theaters zum Maßstab, kann man sagen: Die neue Chefin Marie Rötzer setzt d"
0_219424_9_yt.2NyGOX0QWiA;0.0723;cautioning;;;;;Senioren: Die 3 besten Früchte, die Gehirnzellen regenerieren und das Gedächtnis im Schlaf stärken. @Gesundheitsarzt 🧠 Wusstest du, dass bestimmte Früchte die Gehirnzellen im Alter schützen können?In diesem Video erfährst du, welche 3 Früchte nachweislich helfen können,✔️ das Gedächtnis zu stärken✔️
0_219424_126_t1_oymlk0a;0.0724;enthusiastic;procedure-open;peel;microneedling;;Microneedling Köln Ich hänge mich mal dran
0_221687_140_7610034828494277910;0.0724;satisfied;procedure-curious;vitamin-c,hyaluronic-acid,aging-signs;;;Antwort auf @ᴀʙ.1  Ich werde oft gefragt: Was ist eigentlich der Unterschied zwischen unserem Pure Bright C7 und dem Tone Trinity? Ganz einfach: Pure Bright C7 ist unser Power-Serum mit 7% stabilem Vitamin C (3-O-Ethyl Ascorbic Acid), das gezielt gegen Pigmentflecken, fahlen Teint und erste Fältchen
0_219384_126_t1_oa6z34q;0.0725;disappointed;skincare-first;;;;Die Sehnsucht Frau zu sein ohne es äußerlich zu zeigen... Ich hab ziemlich exakt deine Maße. Ich hab festgestellt, dass es in Holland mehr Übergrößengeschäfte gibt und hab z.B bei https://www.highleytall.de/ einen coolen Wintermantel bestellt, dessen Arme lang genug sind, was früher selbst bei Herre
0_219424_190_3933722695164777651;0.0727;enthusiastic;procedure-curious;peel,aging-signs;microneedling;;"Exosomen – Regeneration für Haut &amp; Haare.ASCE+ Exosomen unterstützen die natürlichen Regenerationsprozesse der Haut und der Haarfollikel.✔️ Verbesserung der Hautqualität✔️ Mehr Glow und Elastizität✔️ Unterstützung der Kollagenbildung✔️ Förderung des Haarwachstums✔️ Ideal nach Microneedling und b"
0_218673_9_26608392955762770;0.0727;disappointed;procedure-curious;price;;;hatte auch mal so einen Moment, ich rede gerne unterwegs mit Fremden, ich weiß die Story nicht mehr genau, aber es war eine Frau die etwas Geld für den Bus brauchte um ihre krebskranke Mutter zu besuchen, hab bisschen mit ihr geredet und sie hat geweint, letzten Endes hab ich ihren 10er gegeben mit 
0_218673_15_31603041577575733;0.0729;enthusiastic;skincare-first;retinol,aging-signs,price;;sod;Olivenöl Das flüssige Gold ist im Mittelmeerraum quasi ein Grundnahrungsmittel. In Griechenland liegt der Pro-Kopf-Verzehr bei über 20 Liter pro Jahr. Hierzulande fremdelt man noch immer – gerade mal ein Liter Olivenöl pro Person wird jährlich verwendet. Stehen Sie auch immer wieder ratlos vor den l
0_219424_126_t1_nxmuwu6;0.0731;enthusiastic;;;;;Real BOTOX Weib auf der CES2026 Weib?!?
0_219424_26_3184179365099791;0.0734;seeking;;;;;Coiffeure LuanaShineOlaplex Botox-Aufbau Heisse schere
0_219424_126_t1_o68g2dg;0.0737;seeking;procedure-curious;price;;;Stehen wir uns selbst im weg? Bei den Begriffen hast du Recht, ich frage mich auch immer wieder von was Leute in amerikanischen Beiträgen reden wenn die da mit Kürzeln um sich hauen 😄 aber mit wem führst du denn ständig solche Diskussionen und aus welchem Grund? Im Endeffekt is ja egal wie man etwas
0_219424_9_yt.J7N1n_6pqMs;0.0738;enthusiastic;procedure-open;facelift;;;Wie ändere ich die Luftstromrichtung im MITSUBISHI Outlander Facelift (2017-2022)? In diesem kurzen Video zeige ich dir Schritt für Schritt, wie du die Luftstromrichtung im MITSUBISHI Outlander Facelift (2017-2022) schnell und sicher änderst. Du lernst, wo sich das Klimabedienfeld in der Mittelkonso
0_218673_126_t3_1q26s3v;0.074;satisfied;procedure-curious;aging-signs;;;Nachbarschaftshilfe Die Julihitze stand förmlich in dem zu Wohnungen umgebauten Fabrikgebäude. Mark wischte sich mit dem Handrücken über die Stirn und betrachtete sein Werk. Das massive Eichenbett stand endlich. Es war ein seltsames Gefühl, hier allein in der neuen Wohnung zu sein – Maries Wohnung, 
0_221687_8_2056659872876274102;0.074;seeking;procedure-curious;niacinamide-peptides;;;"🧬 ENHA - Der kontroverse Megatrend-Play: geistige &amp; körperliche Leistungssteigerung, Human Enhancement geht an die BörseEnhanced Group Inc. (NYSE: ENHA) ist seit dem 8. Mai 2026 an der Börse notiert und trifft genau den Nerv des kommenden Trends: Consumer Biotech, Langlebigkeit, Performance Medi"
0_219424_190_3942381098539005132;0.0747;disappointed;;vitamin-c,niacinamide-peptides;;;✨ Glutathion – Das wichtigste Antioxidans des Körpers✨Glutathion ist eines der bedeutendsten körpereigenen Antioxidantien und wird seit Jahrzehnten in der Medizin und Wissenschaft intensiv erforscht. Es spielt eine zentrale Rolle beim Schutz der Zellen vor oxidativem Stress und unterstützt zahlreich
0_221687_140_7631962932640779542;0.0747;satisfied;;;;;"Hasselback-Kartoffeln mit Collagen-Dip 🥔✨ Zutaten: 3 große Kartoffeln Olivenöl Salz Gewürze nach Wahl 🌿 Für den Dip: Veganer Joghurt Schnittlauch Salz 1 Sachet Collagen + Hyaluron Boost 💫 Zitronenabrieb 🍋 Dazu ein leichter Salat mit Radieschen, Blattsalat &amp; weißem Spargel 🥗✨ Crispy, fresh &amp; "
0_219424_140_7658230259589958934;0.0753;disappointed;;;;;"Die vielleicht stärkste Anti-Aging-Pflanze wächst mitten in der Wüste … Aloe Vera stammt ursprünglich von der Arabischen Halbinsel – aus staubtrockenen Regionen, in denen sonst kaum etwas überlebt. Dort nennt man sie seit Jahrtausenden „Lilie der Wüste"" oder „Pflanze der Unsterblichkeit"". Schon Nofr"
0_219424_190_3933081059137307642;0.0753;enthusiastic;procedure-open;;;;Unsere Freundschaftsaktion ist zurück!✨ 20 % auf eure Behandlung👯‍♀️ Wenn ihr zu zweit kommt📅 15.07. – 15.09.📍 An allen unseren StandortenMarkiere deine Lieblingsperson und plant euren gemeinsamen Beauty-Termin.#beauty#esthetic#lippenaufbau#hyaluron#filler
0_221687_140_7570746757898849558;0.0753;disappointed;skincare-first;retinol,aging-signs;;bakuchiol;[AD] @haruharuwonder @haruharuwonder_official @haruharuwonderinfluencers @ohmybeloved_official @ohmybeloved_influencers Haruharuwonder Black Rice 5 Ceramide Barrier Feuchtigkeitscreme Tägliche Hautbarrierepflege, langanhaltende Feuchtigkeit, beruhigend und pflegend, Ceramid-Kapseln, koreanische Haut
0_219424_190_3935455035022664939;0.0756;enthusiastic;skincare-first;peel;;;"Ihr fragt mich so oft nach meinen Lieblingsspots in Wien – hier kommt Teil 1. 😍 Und keine Sorge: Es werden noch einige Folgen kommen! Teil 2&amp;3 in the making 🤍 #meinwien📍 @elrenogrill – Die besten Burger und das originale Tuna Melt Sandwich. Schmeckt für mich wie in L.A.☕️ @coffee.manana – Mein l"
0_219424_9_46540336348385683;0.0757;satisfied;skincare-first;;;;ICH WÜRDE MAL SAGEN ZU VIEL BOTOX!JETZT DÜRFT IHR RATEN WENN ICH MEINE?
0_218673_15_14543490319064130;0.0761;satisfied;skincare-first;aging-signs;;;Spatzen auf Kanonen: Queen der Discoweisheit Das Geschäftsmodell von Madonna besteht seit gut vierzig Jahren zur Hälfte darin, dass sich heterosexuelle Männer und alle, die sich dafür halten, über sie aufregen – etwa der Papst: Das Kruzifix passe nicht zu Mieder und Strapsen, hiess es einst im Vatik
0_219424_190_3942022418203900072;0.0765;enthusiastic;;peel;;;"Exosomen – der Beauty-Trend der Stars ✨Exosomen + RF Microneedling – der Beauty-Trend der Stars Kim Kardashian, Jennifer Aniston &amp; Gwyneth Paltrow setzen auf Exosomen für eine strahlende, jugendliche Haut.ASCE+ Exosomen✨ Fördern die natürliche Hautregeneration✨ Unterstützen die Kollagenbildung✨ "
0_218673_126_t1_ooq5y8b;0.0765;conflicted;procedure-open;aging-signs,price;;;Denken Männer wirklich bei jeder Frau an Sex? Oh ja, soooo hot! 🥵 Vor allem nicht vergessen, sich diese Frau nach paar Fehlgeburten und nach den schönen Schwangerschaftsveränderungen dann bei der Entbindung vorzustellen, schön mit Labien- und Dammriss und wie du dann die Nächte durchmachst und die T
0_218673_126_t3_1sgqvsa;0.0766;enthusiastic;skincare-first;botox,laser,aging-signs,price,celebrity;;;"Tiktok Livestream in ehrlich generiert mit DeepseekWie könnten die Tiktok Livestreams von bekannten Tiktokern aussehen wenn sie ehrlich zu ihren Zuschauern wären1. Der „Fitness-Influencer"" (männlich, 22, Sixpack dank Filter)Typischer Stream: ""Let's go, Leute! 1000 Liegestütze für eure Motivation! Pu"
0_221687_26_1534180048712784;0.0766;satisfied;skincare-first;retinol;;;Karottensalat – der perfekte Salat für deinen Glow-Up! 🥕Reich an Beta-Carotin und voller Geschmack – dieser Salat ist nicht nur lecker, sondern auch gut für Haut und Gesundheit. 📌 Zutaten für 4 Portionen:  • 600 g Karotten • 100 g Schalotten • 3 EL Olivenöl • Salz • ½ Bund glatte Petersilie • 2–3 EL
0_219424_126_t1_o28hle1;0.077;disappointed;skincare-first;;;;"""Fake News über Migranten?"" FPÖ und Krone: ""Lieben wir!"" &gt;Wenn in der Überschrift zb ""Spital Tourismus"" und ""Ausländer"" steht, hat das oft nix mit Migranten oder gar asylanten zu tun""in die hitzige Diskussion um unser krankes Gesundheitssystem platzt jetzt die Zahl von 22 Millionen (!) Behandlung"
0_218685_9_54550751087940678;0.0774;conflicted;skincare-first;peel,hyaluronic-acid,price;;pha;"Liebe Claudi ❤Yeah Aufgebraucht ... ich liebe diese Videos sooooo sehr ❤Let's go 🎉🎉🎉Ja den Pafory Adventskalender habe ich auch. Bereits im Mai für 79 Euro bestellt. Ich freue mich schon so sehr.Der Peter 😂 ... krallt sich einfach den Kalender. Ich lach mich kaputt 😂Diese Kaffekerze von Ava&amp;May "
0_219424_126_t1_otoquze;0.0777;satisfied;procedure-open;;;;"Unterschiedlicher Umgang mit Geld &gt; Dieses extreme aufteilen von Ausgaben mit Zähler und Nenner find ich auch irgendwie krass. Ihr seid verheiratet, da finde ich solche Rechnungen nicht angebracht.Wenn man zumindest richtig rechnen würde...Grundsätzlich ist das Problem ja sowieso, dass es nicht d"
0_221687_190_3910203431533150928;0.0779;enthusiastic;skincare-first;hyaluronic-acid;;;🌙✨ Meine kleine Abendroutine🎀 Frisch geduscht und die Haare mit einem Gloss-Serum verwöhnen.🩷 Während es einzieht, die Augenbrauen in Form bringen und die Haare sanft durchkämmen.✨ Anschließend föhnen und die noch leicht feuchten Haare in die Lockenwickler eindrehen.🥤 Zeit für meinen Protein-Shake u
0_219424_140_7665227052353703201;0.0782;satisfied;;peel;;;Klassisch (tierisch):  Ursprünglich wird PDRN aus gereinigter Lachs-DNA gewonnen. Die DNA von Lachs ist der menschlichen sehr ähnlich, weshalb sie vom Körper gut aufgenommen wird. Vegan: Mittlerweile gibt es auch biotechnologische oder pflanzliche Alternativen (wie z.B. aus Ginseng gewonnenes PHYTO 
0_218673_9_782144624410587;0.0782;enthusiastic;skincare-first;;;;Liebe Dagmar ❤, da stimme ich Dir zu. Ich gucke nur das was mir gefällt. Ich habe auch schon Abos gecancelt, weil mir die Art der YouTuberin nicht gefiel. Aber ich habe da nicht blöde Kommentare hinterlassen. Auch habe ich festgestellt, dass manche Menschen keine Kritik vertragen. Also nett formulie
0_221687_8_2010806569672266045;0.0783;disappointed;skincare-first;retinol;;;Retinol ist der beliebteste Wirkstoff im Bereich Anti-Aging. Und ein richtig gutes Serum mit Retinol habe ich jetzt in der Drogerie gefunden. https://t.co/lHH9XqmCwT
0_218673_15_4133306161017107;0.0789;seeking;procedure-curious;;microcurrent;;Lenovo Thinkbook Plus Gen 6: Rollbares OLED-Display bringt frischen Wind ins Laptop-Design Die Angebotspalette der Laptops erlebt einen bemerkenswerten Wandel. Mit dem Lenovo ThinkBook Plus Gen 6 Rollable OLED-Laptop präsentiert Lenovo ein Gerät, das technologischen Fortschritt und visionäres Design
0_218673_9_18644831973836246;0.079;satisfied;procedure-open;retinol;;;"Alle die da mitgemacht haben, wollten ihn doch lächerlich machen, DIE sollte sich mal was schämen ! Das was da passiert nennt sich MOBBING ! Das ist auch eine Art Gewalt auszuführen, der freut sich mit den ""Großen"" auftreten zu dürfen, ist bestimmt aufgeregt und hat Angst was falsch zu machen. DIE a"
0_219424_126_t1_obkgozk;0.0793;satisfied;procedure-curious;;;;Haut mal raus, was an eurer Uni alles weggespart wird Das ist nichts anderes als eine Bodenlose Frechheit - leider wissen alle dass Angestellte an unis ohne Festanstellung (also quasi alle), alles mir sich machen lassen, weil wir manche Sachen für den Lebenslauf brauchen. Ich hoffe einfach sehr, das
0_218673_126_t1_nc08ob8;0.0794;satisfied;;;;;Simon ist wirklich Tscheche Augenringe bis Prag.
0_218673_126_t1_oxnreuh;0.0799;disappointed;skincare-first;;;;März du wirst von mir niemals Kapitalertragssteuer bekommen 😈 Wo ist die anti falten Creme
0_219424_9_yt.MwOjvlr6qnQ;0.08;satisfied;procedure-open;;;;Sind Girlgroups zum Scheitern verurteilt? #popstars #girlgroup Walerija ist mit Castingshows wie Popstars und Bands wie Queensberry und Monrose aufgewachsen und möchte deswegen herausfinden: Können zusammen gecastete Girlgroups überhaupt funktionieren? Oder ist das System zum Scheitern verurteilt, w
0_219424_26_1460415962768917;0.0801;satisfied;skincare-first;vitamin-c;;zinc;Kennt ihr Blütenpollen?Ich meine als Super Food?Bei uns sind sie noch nicht soooo bekannt, dabei galten die schon im alten Ägypten als Heilmittel.Die kleinen, unscheinbaren Kügelchen sind wahre Kraftpakete an Vitalstoffen, Aminosäuren und Antioxidantien! Blütenpollen sind ein reines Naturprodukt!Sie
0_221687_8_2016211135926546804;0.0802;disappointed;skincare-first;retinol;;;Retinol ist der beliebteste Wirkstoff im Bereich Anti-Aging. Und ein richtig gutes Serum mit Retinol habe ich jetzt in der Drogerie gefunden. https://t.co/FUqlvnORhY
0_221687_26_1625758786216902;0.0803;seeking;skincare-first;hyaluronic-acid,spf;;aloe;☀️ Warum wir auf mineralischen Sonnenschutz setzen ☀️Die MARíAS Organic SUN Sonnencremes vereinen mineralischen UV-Schutz durch Zinkoxid mit wertvollen pflanzlichen Wirkstoffen wie Pongamia, Lotusblüte, Süßholzwurzel, Edelweiß und Sanddorn. 🌿Ihre Vorteile auf einen Blick:✨ Sofortschutz nach dem Auft
0_221687_190_3910690085687576281;0.0803;seeking;skincare-first;hyaluronic-acid,spf;;aloe;☀️ Warum wir auf mineralischen Sonnenschutz setzen ☀️Die MARíAS Organic SUN Sonnencremes vereinen mineralischen UV-Schutz durch Zinkoxid mit wertvollen pflanzlichen Wirkstoffen wie Pongamia, Lotusblüte, Süßholzwurzel, Edelweiß und Sanddorn. 🌿Ihre Vorteile auf einen Blick:✨ Sofortschutz nach dem Auft
0_219424_9_58892956410899127;0.0805;enthusiastic;procedure-curious;price;;;"Liebe Nicole ❤....ich bin auch ein Dalton-""Mädel""🎉,die Augenpad's sind super toll,ich liebe die Hyaluron Urea und die Q10 Serie ,sind meine absoluten Favoriten,das benutze ich schon eine ganze Weile. Die SEA Serie  ist toll,aber nicht meine Preis-Klasse😅😅. Bei den Nahrungsergänzungs Produkten bin ic"
0_218673_9_1499269470742490;0.0805;satisfied;procedure-curious;aging-signs;;;Was für eine schöne Inspiration! Habe heute beim Kaffeeautomaten am Wiener Westbahnhof schallend gelacht mit einer Babyboomerin, weil ihr Kaffee einen halben Meter zur Seite spritze, wir uns ansahen und lachten, ins Gespräch kamen und beim Abschied uns beieinander fürs gemeinsame Lachen bedankten (i
0_219424_190_3937342643916250104;0.0806;disappointed;skincare-first;;;;ICH WERDE NIE BOTOX BENUTZEN. WIE SOLLEN DIE ARsch….. SONST IN MEINEM GESICHT LESEN, WAS ICH VON IHNEN HALTE.😉😘#foryou #tattoogirls #mylife #dowhatmakesyouhappy❤️ #selflove❤️
0_218673_8_2008086251161911689;0.0806;enthusiastic;procedure-curious;aging-signs;;;RT @hedyundolaf: Moin ihr Lieben,Ich bin stolz auf meine Falten. Sie sind das Leben in meinem Gesicht.Brigitte BardotEinen guten Wochenstart 🥰😉🤗🫶🫖☕️#happyhilft
0_219384_8_1978483146342433065;0.0806;seeking;procedure-curious;;;;Kapitel 1: Der süße SchluckHamburg, 1999. Luisas Wohnung – ein verfallener Unterschlupf im Herzen des Rotlichts, wo die Samtvorhänge in Fetzen hängen und der Geruch von Moder mit billigem Parfum kämpft. Die Wände sind rissig, ein flackerndes Neonlicht von draußen zeichnet Schatten wie Krallen auf de
0_221687_140_7626997413110189345;0.0809;enthusiastic;;;;;"Hair Growth Serum - Natürliches Rosmarin Haaröl gegen Haarausfall mit Vitamin E zur Pflege von Kopfhaut &amp; Haarwurzeln – unterstützt dickeres, stärkeres &amp; dichteres Haar  – leichte, schnell einziehende Formel, silikon- &amp; parabenfrei von Regrowna #regrowna #hair #hairtransformation #hairtu"
0_218673_126_t3_1qykbhm;0.0811;disappointed;procedure-curious;price,celebrity;;;Kurz Geschichte Teil 1: Zwei Investoren und der 60.000€ Kredit /.Short story part 1: Two investors and the €60,000 loan Diese kleine Erzählung beruht auf zwei wahren Geschichten aus der r/Kryptostrassenwetten und r/Hive_smartinvesting Community. Namen und Story sind fiktiv allerdings mit realen Hint
0_219424_9_21639121540330364;0.0813;disappointed;procedure-curious;botox,fillers,price;;;Du fängst das Video mit Humor an und somit mal ein weitest humorvoller Kommentar, mit meiner Meinung (muss ja nicht jedem gefallen, aber ist eine Meinung)Das Western- und das Shining Video sind der Brüller und super gelungen! Als Content Creator eine neue Messlatte unter den Creatern, Topp!Das Video
0_219424_9_yt.hbYbQPQm1Lo;0.0814;satisfied;;;;;"""Narco-Look"" als Schönheitstrend in Mexiko | #shorts Culiacán im Nordwesten Mexikos gilt als Hochburg des Sinaloa-Kartells. In der Hauptstadt der gleichnamigen Region prägen gewaltsame Machtkämpfe zwischen Drogenschmugglern, sogenannten Narcos, das Stadtbild.Aus diesem Umfeld stammt auch ein Schönhe"
0_218673_9_30558753255898709;0.0815;enthusiastic;procedure-curious;;;;Hallo, liebe Nadine. Dein heutiges Video war toll. Als du im Auto gesessen hast, haben mich deine grünen Augen geflascht. Die Augen waren grüner als die vom Bali. Und Augenringe hast du keine. Viel Spass beim Geburtstag feiern. Und einen lieben Geburtsgruss an Cengizs Mutter.
0_218673_126_t1_nw604dt;0.0815;disappointed;skincare-first;pressure;;;"Ich (M38) hab ein Jahr lang meinen (problematischen?) Alkoholkonsum getrackt Ich glaube dass Viele Menschen trinken weil es Gesellschaftlich so akzeptiert und auch erwartet wird. Z.B gibt es da das Oktoberfest, der Weihnachtsmarkt mit Glühwein, die öffentliche Neujahrfeier mit Sekt:"" was ist schon N"
0_218673_9_yt.o4_dX9ORdAk;0.0815;satisfied;procedure-open;;;;"Ein traktorbetriebenes System zur Rückgewinnung von Kunststofffolie „Die perfekte Kombination aus PS und Gartenbau – sehen Sie selbst, wie dieses clevere Traktorzubehör die mühsame Arbeit des Abbauens saisonaler Gewächshausabdeckungen in einen reibungslosen und effizienten Vorgang verwandelt.""Dieses"
0_221687_140_7604525431542287638;0.0815;enthusiastic;;;;;"Hair Growth Serum - Natürliches Rosmarin Haaröl gegen Haarausfall mit Vitamin E zur Pflege von Kopfhaut &amp; Haarwurzeln - unterstützt dickeres, stärkeres &amp; dichteres Haar - leichte, schnell einziehende Formel, silikon- &amp; parabenfrei von Regrowna @Regrowna"
0_221687_190_3885469587777338757;0.0817;satisfied;skincare-first;niacinamide-peptides,vitamin-c;;niacinamide;🔥 Der Energie-Boost: Vitamin B3 (Niacin)Hast du dich schon mal gefragt, wie dein Körper das Mittagessen eigentlich in Energie verwandelt? Hier kommt Vitamin B3, auch bekannt als Niacin, ins Spiel! Es ist ein echter Allrounder, der oft unterschätzt wird.💪 Warum dein Körper Niacin feiertVitamin B3 ist
0_219424_140_7663513888536808726;0.0818;disappointed;procedure-curious;;;;nicht mein lieblingsfilm aber thematik so wichtig und echt gute symbolik! #thesubstance #demimoore #margaretqualley #antiaging #foreveryoung
0_218673_126_t3_1ncizjx;0.0822;disappointed;procedure-open;;;;Graf Dracula als Nachbar 15 Uhr, Rollläden gehen wieder runter - Dracula wird schlafen, um dann wie ein Nachtschattengewächs  um Mitternacht hinter den Vorhängen zu lauern. Dabei ist das hier ein kleines Dorf, eine kleine Strasse, nichts gibt es zu sehen, aber der Nachbar wird das blühende Leben in 
0_221687_190_3811235327776764679;0.0822;satisfied;skincare-first;retinol;;;Karottensalat – der perfekte Salat für deinen Glow-Up! 🥕Reich an Beta-Carotin und voller Geschmack – dieser Salat ist nicht nur lecker, sondern auch gut für Haut und Gesundheit. 📌 Zutaten für 4 Portionen: •600 g Karotten•100 g Schalotten•3 EL Olivenöl•Salz•½ Bund glatte Petersilie•2–3 EL Zitronensaf
0_221687_8_2033275120446321127;0.0823;enthusiastic;;hyaluronic-acid,spf;;;@gamepaddy Tag: Neutrogena Hydro Boost Aqua Fluid mit LSF 25Abend: Neutrogena Hydro Boost Nachtcreme mit einem Spritzer Hydro Boost Pures Hyaluron Serum
0_218685_126_t1_net9f3t;0.0824;disappointed;skincare-first;botox;;;Das bewegt Deutschland mal wieder... Typisches narzisstisches Familiendrama in der Öffentlichkeit ausgetragen. Da hat der Bengel, der nie gelernt hat mit Geld umzugehen, unweigerlich egoistisch gehandelt, er wurde dafür medial ins Visier genommen (was er wahrscheinlich auch noch gut fand, befriedigt
0_221687_140_7665772626874240278;0.0824;enthusiastic;;niacinamide-peptides;;;Nila Pur Indigo Pur Natur in Stücken 50 g – traditionelle pflanzliche Färbung für natürliche Masken und Behandlungen, natürliche Indigofarbe #miumiubeauty #naturalbeauty #ü40beauty #rarebeauty #pigmentation #purplehairmask #niacinamide #organicsuperfoods #naturalfoods #naturallips
0_219424_140_7659789516030397729;0.0825;enthusiastic;procedure-curious;;;;Hä für wen spritz ich mir die denn ab jetzt?! #lippen #russianlips #fakelips #hyaluron
0_219424_126_t1_otp22n3;0.0828;disappointed;procedure-open;price;;;Unterschiedlicher Umgang mit Geld Wer war die treibende Kraft für die neue Wohnung? Wollt ihr das Beide, oder willst das eigentlich nur du?Sie verdient, auf Grund eures Kindes, weniger. Ich gehe davon aus, ihr habt darüber gesprochen bevor ein Kind kam wie ihr das managen wollt. Ob ihre Teilzeit akt
0_219424_26_956490644066068;0.083;enthusiastic;procedure-open;retinol;;;1. Juli 1996 - Letzte Reform der deutschen RechtschreibungAm 1. Juli 1996 trat die Reform der deutschen Rechtschreibung in Kraft, die eine Vereinfachung der offiziellen Regeln zum Ziel hatte. Die Reform wurde von Linguisten vom Institut für deutsche Sprache in Mannheim erarbeitet und von den Vertret
0_221687_190_3765560807842188920;0.0831;seeking;;vitamin-c;;;"🌿Was kann eigentlich Coenzym Q10?Q10 ist ein körpereigener Stoff, der in deinen Mitochondrien – den „Kraftwerken der Zellen"" – eine zentrale Rolle spielt.🧬 Dort hilft es, aus Nährstoffen Energie zu gewinnen. Gleichzeitig schützt es deine Zellen vor oxidativem Stress ein Prozess, der auch mit frühzei"
0_219424_9_yt.yXYzdm-PFvs;0.0833;disappointed;;;;;Fauja Singh (113 J.) 🥬 TOP 5 Pflanzen für kein Altern. Anti-Aging-Vorteile. #FaujaSingh #PflanzlicheErnährung #AntiAgingErfahren Sie, wie der 113-jährige Fauja Singh die Top 5 pflanzlichen Lebensmittel isst, um nicht alt zu werden. Entdecken Sie seine Anti-Aging-Vorteile und Langlebigkeitsdiät.Eine 
0_219424_9_1535745707923129;0.0834;enthusiastic;skincare-first;;;;Jaaa, die ach so tolle Friedenspartei, die mit Mördern wie der Knallorange und dem Botox-Zaren kuschelt. Verarschen kann ich mich selbst.
0_219424_9_yt.sHwqypki_gM;0.0835;seeking;procedure-curious;;;;Martin Ryf Gast beim Your Golden Network Podcast Martin Ryf Gast beim Your Golden Network PodcastIn diesem Podcast spricht Martin Ryf über seine über 29-jährige Erfahrung im Network Marketing, seinen Einstieg in den 90er-Jahren und warum echte Beziehungen bis heute der Schlüssel zum Erfolg sind. Er 
0_218685_23_30845397395090510;0.0836;disappointed;skincare-first;;;;Neues Lieblingsdeo Ich finde das Deo super, mir gefällt, dass es Hyaluron und Pro-Vitamin B5 enthält. Das Deo fühlt sich gut auf der Haut an, es riecht angenehm und der Duft hält lange an, egal bei welchen Aktivitäten/Temperaturen.
0_221687_140_7618660112521055520;0.0836;satisfied;;retinol,vitamin-c,price;;;"20€ und 20% Code: nettis20fresh4you  🌷🌷🌷 Spring Deal 🌷🌷🌷 Die gelbliche Farbe kommt von den Wirkstoffen, vor allem: •Vitamin A (Retinal / Retinaldehyd) → hat oft eine gelbliche Farbe •Vitamin C &amp; andere Pflanzenstoffe → können ebenfalls gelblich sein •Öle &amp; natürliche Extrakte (z. B. Pflanzen"
0_221687_140_7571509719806840086;0.0837;enthusiastic;;vitamin-c;;;Veganes Kollagen 🌸🌾 aus Liebe zum Tier. @Yes Vegan Naturals bietet dieses Vegane Kollagen an, welches angereichert mit Hyaluronsäure, coenzym Q10, Vitamin C und Aminosäuren ist, zur Unterstützung körpereigenen Kollagenbildung. #beauty #beautytips #collagen #skincare #GlowUp
0_221687_140_7623053911129165089;0.0837;satisfied;;;;;"Hair Growth Serum - Natürliches Rosmarin Haaröl gegen Haarausfall mit Vitamin E zur Pflege von Kopfhaut &amp; Haarwurzeln - unterstützt dickeres, stärkeres &amp; dichteres Haar - leichte, schnell einziehende Formel, silikon- &amp; parabenfrei"
0_218673_8_2051850964890759601;0.0838;satisfied;procedure-curious;;;;Anzeige | POV: Du willst ein ästhetisches Video machen, doch dein Freund hat eine andere Idee 😅Leute, ich habe so gelacht! Aber mit meinen Falten hat er leider recht ahahaha ☀️ ich verwende die Q10 Anti-Falten-Serie von  . Sie hilft, neue Falten vo... https://t.co/F014G1N28s
0_221687_8_1971356874198090190;0.0838;disappointed;;retinol;;;Retinal polyunsaturated fatty acid supplementation reverses aging-related vision decline in micehttps://t.co/ytld5G7cBnPolyunsaturated fatty acid therapy:Therapie mit mehrfach ungesättigten Fettsäuren kehrt altersbedingten Sehverlust bei Mäusen umhttps://t.co/CJmsipMQCp
0_219424_140_7664652089183833376;0.084;enthusiastic;skincare-first;;;;Alle reden über NMN 👀 In Asien und den USA ist NMN schon seit einiger Zeit ein riesiger Trend – jetzt kommt der Hype auch nach Europa. 🌍✨ Ich hab euch beLIVELY NMN im Video verlinkt. Schaut es euch an und informiert euch selbst, warum aktuell so viele über NMN sprechen. #NMN #Longevity #AntiAging
0_218673_15_49704587100607676;0.0844;enthusiastic;skincare-first;spf;;spf;Gardinenstangen als Designelement: So verändern sie den ganzen Raum Ich liebe es, wenn ein Raum durch kleine Details komplett verwandelt wird! Gardinenstangen gehören zu diesen unterschätzten Elementen der Inneneinrichtung, die viel mehr können als nur Vorhänge zu halten. Sie prägen die gesamte Raum
0_219424_126_t1_oj1lif0;0.0845;disappointed;;;;;20 CAMELS DISQUALIFIED FROM 2026 BEAUTY SHOW OVER BOTOX AND LIP FILLERS ![gif](giphy|rsUnh0eRhlaY8)
0_218685_126_t1_nr5811n;0.0845;disappointed;procedure-curious;;;;Woran kann es liegen, das meine Freundin keinen Mann findet? Warum macht Sie den Wert eines Menschen vom Geld abhängig? Das ist eine ziemliche Red Flag.Mein Kumpel war mal mit so einer zusammen, 2 Jahre lang verliebt- dachte schon das ist seine Traumfrau fürs Leben. Dann haperte es mir seiner Fortbi
0_221687_140_7667521155447803158;0.0847;satisfied;;niacinamide-peptides;;;Set: Kollagen und Hyaluron veganer energie   kg wellness-ergänzungsmittel zuckerfrei collagen  peptides milchfrei apfel
0_218673_126_t1_o5p2qm8;0.085;conflicted;procedure-curious;aging-signs,price;;;Love Hunter 24Tim Ich muss auch noch ergänzen: diese aufdringlichen Werbebanner ziehen die Show endgültig ins Lächerliche…dazu wird die Show mit Einblendung auch noch als Werbesendung deklariert.Und als Tim gesagt hat, als Preisgeld winken 5000 Euro musste ich lachen…nicht das 5000 Euro nicht viel G
0_221687_140_7595534001159343382;0.085;disappointed;;niacinamide-peptides;;;"🦠 Mitochondrien – warum sie der zentrale Hebel für Energie, Longevity &amp; Anti-Aging sind Mitochondrien sind die Energiekraftwerke deiner Zellen. Sie wandeln Nährstoffe in ATP um – die universelle Energiewährung für Muskelarbeit, Gehirnleistung, Reparatur und Regeneration. Wenn Mitochondrien ineff"
0_218673_126_t1_n78fqs2;0.0852;satisfied;skincare-first;retinol,aging-signs;;;Nein ihr seid nicht einsam, weil ihr hässlich seid Gib dich deiner Traumwelt hin, Darling, aber Jürgen Vogel wird sogar als Sexsymbol gefeiert.Wenn du jetzt sagst, Jürgen Vogel ist nicht hässlich, dann frag ich mich, wie hässlich ein Mann sein muss, dass du in als hässlich bezeichnen würdest.(Ich li
0_218673_15_46375175344271894;0.0855;disappointed;skincare-first;retinol;;sod;"Sushi Burger mit Pulled Surimi und Spicy Mayo || Sushi meets Burger – ein wahr gewordener Traum &amp; das Rezept für den Food Trend Sushi Burger || Springe zu Rezept Wo sind die Sushi-Fans? Alle so: „Hiiiieer!"" Weil doch wirklich alle Sushi lieben! Ja, ja, ich weiß, ALLE nicht. Und es gibt immer noc"
0_218673_126_t1_nnk9ky7;0.0856;seeking;;aging-signs;;;"Suche BILD-Kollagen ""Kollagen"" ist das Protein, dass bspw. deine Haut elastisch hält und im Alter fehlt wenn die Falten kommen.In ""Collagen"" werden Ausschnitte anderer Bilder zu einem neuen Bild zusammengeklebt (von frz. ""coller"": kleben)."
0_221687_8_2018054350988263718;0.0857;disappointed;skincare-first;retinol;;;Retinol ist der beliebteste Wirkstoff im Bereich Anti-Aging. Und ein richtig gutes Serum mit Retinol habe ich jetzt in der Drogerie gefunden. https://t.co/l6iXR1u3xF https://t.co/Cb8V4VFnT4
0_221687_190_3777494422515230501;0.0858;satisfied;;;;;Heute gab's zum Brunch u.a. einen herzhaften Gemüsekuchen mit schwarzem Sesam.Schwarzer Sesam gilt als die Urform des Sesams und ist im Vergleich zu weißem Sesam besonders reich an wertvollen Nährstoffen und gesundheitsfördernden Inhaltsstoffen.​Er enthält hohe Konzentrationen an- Calcium und Magnes
0_221687_190_3847468815194307487;0.0858;satisfied;skincare-first;retinol;;bakuchiol;"Bakuchiol = das natürliche Retinol 💡Der Inhaltsstoff Bakuchiol gilt als natürlicher Anti-Aging-Wirkstoff und ist damit die sanfte Alternative zu Retinol. Bakuchiol stimuliert die Zellerneuerung, verbessert Hautton- &amp; Elastizität und stimuliert die Kollagenproduktion. Abspeichern und immer parat "
0_219384_126_t3_1sieqe3;0.0859;enthusiastic;procedure-curious;;;;"Einstieg in einen Dystopian Romance Roman - Eure Meinung Hallo, ich bitte um eure Meinungen und Kritik zu dem ersten Kapitel meines Romans. Es geht um das Leben in einem Bunker nach dem Weltuntergang, Politik, Kastensystem, Aufstände, und eine ""Romeo und Julia"" Liebe, in einem technischen SciFi Sett"
0_219424_23_31818779312567452;0.0861;disappointed;;spf;;;Hyalron-Filler Elasticity Die Kombination Hyaluron-Filler Elasticity in Verbingung mit LSF 50 ist unschlagbar! Sehr ergiebig in der Anwendung!
0_221687_190_3752746487575786112;0.0861;seeking;;retinol;;;♡ ♡ ♡ EXOSOMEN – HIGHTECH ODER NUR HIGH MARKETING?Gerade überall zu lesen:Exosomen sollen die neue Wunderwaffe für Regeneration und Anti Aging sein.Aber was steckt wirklich dahinter?✨ Was Exosomen sind:Exosomen sind mikroskopisch kleine Vesikel, also winzige, mit Lipiden umhüllte Bläschen, die von Z
0_221687_8_2009869189264163232;0.0863;disappointed;skincare-first;retinol;;;Retinol ist der beliebteste Wirkstoff im Bereich Anti-Aging. Und ein richtig gutes Serum mit Retinol habe ich jetzt in der Drogerie gefunden. https://t.co/Xfu0Qm886z
0_221687_190_3958552582845237980;0.0863;satisfied;;retinol,hyaluronic-acid,niacinamide-peptides;;;In a bit of a pickle. 🥒What do you think: should we replace fresh cucumber with pickled cucumber extract and pickle water?Our STUDIO BOTANIC FACE SERUM combines:• Ginseng Peptide + Resveratrol Ferment – support collagen production and regeneration• Hyaluronic Acid + Polyglutamic Acid – hydrate, smoo
0_218673_126_t3_1u9a76k;0.0864;disappointed;skincare-first;aging-signs;;;Die letzte große, verbotene Freude Ich heiße Tom, bin sechzig Jahre alt und seit dreißig Jahren mit Helga verheiratet. In all den Jahren war ich treu. Wirklich treu. Aber an diesem warmen Frühlingsabend, als ich allein durch die Innenstadt lief, weil Helga wieder mal bei ihrer Schwester war, passier
0_221687_126_t3_1t50f63;0.0865;satisfied;;vitamin-c,niacinamide-peptides,price;;;MORE Collagen+, 300 g, Cherry White Tea, mit Kollagenhydrolysat, Hyaluronsäure, Vitaminen, Mineralstoffen und Glycin, made in Germany... -25 % 22,39 € KOMBI: Patentierte und bioaktive Kollagenpeptide in Kombination mit Hyaluron, L-Glycin und den wichtigen Co-Faktoren Kupfer und Vitamin C¹FÜR DEINE H
0_221687_140_7643565882848988449;0.0865;satisfied;;;;;"Premium Hair Growth Serum - Natürliches Rosmarin Haaröl gegen Haarausfall mit Vitamin E zur Pflege von Kopfhaut &amp; Haarwurzeln - unterstützt dickeres, stärkeres &amp; dichteres Haar - leichte, schnell einziehende Formel, silikon- &amp; parabenfrei von Regrowna"
0_219424_126_t1_otyyzj4;0.0866;disappointed;skincare-first;;;;Schönheitsop's sind unfehlbar gut und gehören moralisiert. Hart daneben. Aber Du klingst wie Miriam (f.k.a. Sven), auch eine dieser Kandidat/innen, die ich meine.
0_219424_126_t3_1r1yvcq;0.0869;disappointed;procedure-curious;;;;"""Das ist so ein Skandal das der Gil Ofarim das Jungle Camp gewonnen hat, obwohl er doch eigentlich gecancelt wurde"" **NEIN!!!** Der Skandal ist, dass ich das weis! Der Skandal ist, dass ihr diesen menschenverachtenden dreck guckt! Irgendwie habe ich das Gefühl, dass dieser Mist mal mit mehr sozialer"
0_218673_126_t3_1u44dsq;0.0869;enthusiastic;procedure-curious;retinol;microcurrent;;Meine Schwester hat mit ihrer Geburt mein Leben nachhaltig zerstört. Ich 15 w, habe eine 11- und eine 8-jährige Schwester.Als ich sechs Jahre alt war, haben meine Eltern mir gesagt ich werde nochmal große Schwester. Ich war natürlich aufgeregt und stolz. Habe mich sehr gefreut und in der Schule dami
0_219424_9_44309712685592218;0.0872;seeking;;;;;Hyaluron wird auch im Skispringen benutzt, Elektromotoren im Radsport, Carbonsprungfedern im Laufsport...Das ist überall normal
0_219424_15_28565842918487997;0.0876;seeking;procedure-curious;;;;Wabi-Sabi Die Zifferblätter von Uhren können mit der Zeit altern, dunkler werden. Rolex Händler sprechen bei ganz dunklen Zifferblättern gerne von →Tropical, obgleich die Uhr niemals in den Tropen war. Der allgemein gebräuchliche Terminus für die Verfärbung ist →Patina. Wenn die vollständig gleichmä
0_221687_140_7609945750545370390;0.0877;disappointed;skincare-first;peel;;aha;ANOTHER OVERNIGHT SKINCARE VLOG - PART 1/5 🫧 PRODUKTE IM VIDEO: 30%AHA + 2%BHA PEELING SOLUTION @The Ordinary  BARRIER BOOST MOISTURIZER @MONAT Store  CICAPLAST B5 BAUME @La Roche-Posay  AD unpaid HAUTBARRIERE BARRIERESCHUTZ HAUTGESUNDHEIT SENSITIVE HAUT REIZFREIE PFLEGE MINIMALISMUS CLEAN BEAUTY HA
0_218673_126_t3_1u9asq1;0.0878;disappointed;skincare-first;aging-signs;;;Die letzte große, verbotene Freude Ich heiße Tom, bin sechzig Jahre alt und seit dreißig Jahren mit Helga verheiratet. In all den Jahren war ich treu. Wirklich treu. Aber an diesem warmen Frühlingsabend, als ich allein durch die Innenstadt lief, weil Helga wieder mal bei ihrer Schwester war, passier
0_219424_9_22754956734543983;0.0879;disappointed;procedure-curious;;;;"Annie sieht gefühlt ganz anders aus als bei ihren zwei Videos vorher. Hatte sie ne ""Schönheitsop"" oder bin ich einfach nur lost af"
0_218673_126_t1_ojle9nb;0.0881;disappointed;procedure-curious;;;;Vorstellung Mitternacht, die Wand vibriert  Du schreist schon wieder in dein Handy  Glas klirrt, der Flur ist voll  Dein Ego größer als die WohnungszahlDu trittst durch den Gang wie ein Sturm  Jede Tür ein Faustschlag in Holz  Dein Lachen frisst den letzten Schlaf  Du hörst nur dich, du hörst nur di
0_221687_140_7650924428053728544;0.0881;enthusiastic;skincare-first;peel,spf;;aha;atomisüdkorea#schheitgesüdheit#premiumqualität  ‼️Wir haben tolle Neuigkeiten auf der europäischen Atomy-Website: 3 neue Projekte 🔥🔥🔥 ‼️Wir haben diese coolen neuen Produkte schon sehnsüchtig erwartet 🔥🔥🔥.  ‼️Freunde, die Atomy-Produkte noch nicht ausprobiert haben 🇰🇷, ich lade euch ein in die Welt 
0_221687_190_3939728920715181010;0.0884;satisfied;skincare-first;;;aha;Fruchtpower für deine Haut. 🍏✨Unser Apple Enzyme Resurfacing Serum mit Fruchtenzymen, AHA und pflanzlichen Wirkstoffen unterstützt die Hauterneuerung und sorgt für ein glatteres, ebenmäßigeres Hautbild.Für natürliche Strahlkraft und einen frischen Glow. 🌿#Naturkosmetik #Gesichtsserum #CleanBeauty #S
0_219424_126_t1_o6ijf7f;0.0886;disappointed;;;;;Best anti-aging diet. ![gif](giphy|SV5iVlr8Yv2zFHB2sZ)
0_219424_126_t1_oii6rw6;0.0886;disappointed;;;;;20 CAMELS DISQUALIFIED FROM 2026 BEAUTY SHOW OVER BOTOX AND LIP FILLERS 💀
0_218685_126_t1_oii6rw6;0.0886;disappointed;;;;;20 CAMELS DISQUALIFIED FROM 2026 BEAUTY SHOW OVER BOTOX AND LIP FILLERS 💀
0_218673_126_t3_1oybskr;0.0887;seeking;procedure-curious;;;;Eleganten Stiefeletten bei kräftigerer Wade / Wassereinlagerungen? Hi zusammen,  ich suche nach Erfahrungen oder Tipps zum Thema Damen-Stiefeletten bei etwas kräftigeren Waden bzw. leichten Wassereinlagerungen. Meine Freundin ist insgesamt schlank, hat aber im unteren Knöchel-/Wadenbereich etwas Was
0_221687_8_2012257416637780324;0.0887;disappointed;skincare-first;retinol;;;Retinol ist der beliebteste Wirkstoff im Bereich Anti-Aging. Und ein richtig gutes Serum mit Retinol habe ich jetzt in der Drogerie gefunden. https://t.co/SNJmd7FpVf
0_218673_15_52872837707660681;0.0888;disappointed;procedure-curious;aging-signs;;;Street Art Porträt Köln: Peace, Love & Freedom in Ehrenfeld Spirituelle Rast: Das Gesicht der Freiheit Auf dem Rad findet man oft die Ruhe, die im Alltag fehlt. Manchmal manifestiert sich diese Ruhe in einem Wandbild. Dieses Porträt in Ehrenfeld hat mich heute besonders tief berührt und führt meine 
0_219384_9_63524516085135345;0.0889;disappointed;procedure-curious;;;;"@Faktenfieber2025 Was erwarten Sie auf anderen Planeten? Steine und Geröll werden Sie überall finden. Der Mars hat Atmosphäre wie die Erde. Natürlich schaut das dann recht identisch aus. Es findet bloß niemand diese Stellen und die dazugehörigen Rover auf der Erde um das zu widerlegen ;) Und ja, es "
0_219424_9_yt.ISzpmQOZR4k;0.089;cautioning;procedure-curious;;;;Warnung! 3 Lebensmittel, die du NIE mit Kiwi mischen solltest 🚫🥝 🥝 Wundermittel oder heimlicher Feind? Die schockierende Wahrheit über Kiwis! 🥝Hallo zusammen und herzlich willkommen! Ich bin Dr. Schmidt, Ihr Experte für ganzheitliche Gesundheit. 🩺✨ Heute nehmen wir eine Frucht unter die Lupe, die fa
0_219424_9_yt.rEQ3ZExUccM;0.089;enthusiastic;procedure-curious;;;;Armdrücken, Olli Schulz und Stefan Kretzschmar | Podcast #29 Diese Folge startet mit einem Moment, der alles verändert. Kurz vor der Aufnahme erreicht Stephan und Tobi die Nachricht von einem schweren Vorfall in Leipzig. Beide entscheiden sich bewusst dafür, den Podcast trotzdem zu machen und gleich
0_219384_9_yt.Ai5WK81i_Ik;0.0891;enthusiastic;procedure-curious;;;;KRANKØR - Letzte Bahn U-Bahn rauscht, Stadt blinkt, Nacht geht an.Kein Ziel im Kopf, doch Tempo im Plan.Handy vibriert, sie schreiben, wo bleibst du, Mann.Ich grinse nur und sag, ich bin schon fast dran.Mitternacht, Ringbahn, Fenster spiegeln mein Gesicht.Nachricht von der Crew, Bruder, beeil dich, 
0_219424_126_t1_o0cui4y;0.0892;satisfied;skincare-first;;;;Gibt es einen guten Ersatz hierfür? Ich hab nen anderen Haartyp, aber hab mal gehört, dass dieses Balea Aqua Hyaluron Zeugs gut sein soll.
0_219424_140_7659845214705700128;0.0892;enthusiastic;skincare-first;;;;💜 Mein neues Lieblings-Duo für einen natürlichen Glow! ✨  L'Oréal Paris Glow Trend Duo bestehend aus Revitalift Filler Gel-Creme und Lumi Glotion 🌟 #loreal #sommerdeals #wirschwimmeinangeboten #tiktokshop #glow @L'Oréal Paris @lorealgroupe @L'Oréal Professionnel @lorealparisit @L'Oréal Paris France 
0_218673_126_t1_nz8j1ov;0.0892;disappointed;procedure-curious;;;;Was macht Saarbrücken für junge Menschen eigentlich attraktiv? ich war zweimal da und habe mich das auch gefragt. Ich fand es ehrlich gesagt ganz triste. Die Stadt wirkte sehr ramschig, bis auf das Stückchen Altstadt auch nicht sonderlich attraktiv und die Leute sahen häufig eher ungesund aus (fahle
0_219424_26_1623475403121363;0.0893;enthusiastic;procedure-open;;;;"Durch Online Marketing &amp; KI mit Distart lernen! 🎓 hatten wir uns 2025 virtuell kennengelernt und heute haben sich Handgemachte Seifen - Sachsen Striegistal und ich uns auf dem EASTSIDE Festival persönlich getroffen 😻. Vielen Dank Zillo und PLUSWELT PROMOTION für die Karten und den geilen Fotohot"
0_218673_15_47270153735687273;0.0894;disappointed;procedure-curious;aging-signs;;;Zwei kleine Geschichten aus dem Wedding: Kiez-Momente: Brisen der Nacht Unsere Autor:innen sind nicht nur im Wedding unterwegs – sie sind mittendrin im Alltag. Im Supermarkt, auf dem Spielplatz oder beim Schlendern durchs Viertel: Überall warten Geschichten, Geräusche, Begegnungen. Und manchmal schr
0_219424_9_yt.As1WUrG44XQ;0.0896;disappointed;skincare-first;price;;;Möchtegern Carmen Geiss: Ursula klaut für Glamour! 😱 | Ganze Folge | Hilf mir! #rtlzweiclassics #104 Seit die 39-jährige Ursula ihren Job verloren hat, lebt die Hartz-IV-Empfängerin in einer Fantasiewelt und will um jeden Preis sein wie ihr glamouröses TV-Idol – Pelzmantel, Perücke und Botox inklusi
0_218685_15_2881469645776264;0.0896;enthusiastic;procedure-curious;hyaluronic-acid;;;Salt & Stone – wenn ein Duft mehr ist als nur ein Duft Salzluft, Wind in den Haaren, Möwen, Strand, Sonne, Himmel, Dünen, Wellen, Erinnerungen an Sommer, die wir im Herzen mit uns herumtragen. Ihr kennt es - wenn man einen Duft hat, den man liebt, dann verbindet man ihn mit Momenten. Und manchmal wü
0_221687_8_2013486822358216821;0.0897;disappointed;skincare-first;retinol;;;Retinol ist der beliebteste Wirkstoff im Bereich Anti-Aging. Und ein richtig gutes Serum mit Retinol habe ich jetzt in der Drogerie gefunden. https://t.co/3FiartS6MF
0_219424_9_30154131791229027;0.0898;enthusiastic;;;;;Der typ sieht aus wie das sheytan emoji bei whatsapp durchs botox😂😂👺
0_218685_9_yt.r0H6IoZQgNE;0.0898;disappointed;procedure-curious;;;;🚗 Phoenix Rent x FREIGEIST: Luxusautos fahren & Geld verdienen – Dietmar Bachmeier Thema des Abends: Steuerliche Strategien für echte VermögenssicherungIn diesem exklusiven FREIGEIST LIVE CALL geht Markus Schierz, der Steuerberater unseres Vertrauens, auf zentrale Fragen ein, die heute wichtiger sin
0_219384_126_t3_1v4nz5s;0.0898;enthusiastic;procedure-open;;;;Kastrierte Jungs Hallo,normalerweise Unterrichte ich euch in Deutsch und Mathe, das ist heute aber etwas anderst.wisst Ihr warum Ihr hier seid? Ihr wurdet vom Staat ausgewählt, die Geburtenrate zu reduzieren. Deshalb muss ich euch heute kastrieren.Die Wahl erfolgte nach dem Zufallsprinzip und Ihr Ze
0_219424_140_7660450683069451552;0.0899;seeking;skincare-first;;;;Das Geheimnis der Königin 👑🐝 Gelée Royale — das Superfood aus dem Bienenstock, das die Königin groß und stark werden lässt. Wir haben einen echten Imker gefragt, warum dieser Stoff so exklusiv ist und was ihn von normalem Honig unterscheidet. Spoiler: Die Bienen produzieren es nur in kleinsten Menge
0_218685_126_t1_nyegff6;0.0899;satisfied;skincare-first;hyaluronic-acid;;glycerin;"Feuchtigkeitscreme auf Öl-Basis? Öle sind **nicht feuchtigkeitsspendend** \- sie sind per Definition ""wasserfrei"". Sie können lediglich Feuchtigkeit einschließen - und sind entsprechend am effektivsten in Kombination mit Wasser und feuchtigkeitsspendenden (üblicherweise ""wasserbindenden"") Inhaltssto"
0_221687_26_1337777818388693;0.0904;enthusiastic;skincare-first;retinol;;;Retinol ist der beliebteste Wirkstoff im Bereich Anti-Aging. Und ein richtig gutes Serum mit Retinol habe ich jetzt in der Drogerie gefunden.
0_218673_8_2038503699933168104;0.0905;disappointed;procedure-open;;;;RT @MartinaKlar: ‼️Was ist nur mit den Frauen passiert??? Was im Land passiert ist egal Hauptsache keine Falten???Ich fasse es einfach nicht‼️‼️Gratis-Botox in #Duisburg Am Samstag hat sich im Duisburger Einkaufszentrum Forum eine lange Schlange gebildet. Hunderte Menschen warteten auf https://t.co/
0_221687_15_15620408951244262;0.0907;enthusiastic;skincare-first;hyaluronic-acid,niacinamide-peptides,price;;glycerin;"Ahuhu Serum – Die 15 besten Produkte im Vergleich Empfohlene Produkte im Bereich „Ahuhu Serum"" Wir haben Produkte im Bereich „Ahuhu Serum"" miteinander verglichen und Empfehlungen für Dich zusammengestellt. Hier findest Du die Top 15 im Bereich „Ahuhu Serum"". Empfehlung Nr. 1 ahuhu ESSENTIAL ANTI-AGE"
0_218673_15_14011004622027347;0.0909;enthusiastic;skincare-first;peel,hyaluronic-acid,niacinamide-peptides,spf,aging-signs,price;;pha;"Sensai Kosmetik – Die 15 besten Produkte im Vergleich Empfohlene Produkte im Bereich „Sensai Kosmetik"" Wir haben Produkte im Bereich „Sensai Kosmetik"" miteinander verglichen und Empfehlungen für Dich zusammengestellt. Hier findest Du die Top 15 im Bereich „Sensai Kosmetik"". AngebotEmpfehlung Nr. 1 S"
0_221687_8_2021140912349270055;0.0909;disappointed;skincare-first;retinol;;;Retinol ist der beliebteste Wirkstoff im Bereich Anti-Aging. Und ein richtig gutes Serum mit Retinol habe ich jetzt in der Drogerie gefunden. https://t.co/AEX4dPrWPN https://t.co/0gYb0FMb88
0_218673_126_t3_1qcpujt;0.091;satisfied;;botox;;;Schwarmrobotik: Strukturbildung, Separation und Kohesion. 1. MAKRO-SKALA: Humanoide Schwärme (10-100 Roboter)Aufbauen (Assemblage):```python# Physische StrukturenSTRUCTURES = {    'Architektur': [        'Brücken'          # Über Lücken        'Rampen'           # Höhen überwinden          'Türme'  
0_221687_140_7571767139007302934;0.0911;enthusiastic;skincare-first;vitamin-c;;;Adventskalender ROSSMANN Marken Boyfriend Edition ✨ Wäre ich nicht so wild durch den Laden gelaufen, hätte ich es bestimmt geschafft! 😬 Produkte: Dekowelt 12er Set LFGB Tüten Xmas (2 x) ISANA Men Duschgel Polar Sky ISANA Men Duschgel Level up ISANA Men Premium Bartshampoo ISANA Men Bart-Styling Poma
0_221687_8_2011533977329254833;0.0911;disappointed;skincare-first;retinol;;;Retinol ist der beliebteste Wirkstoff im Bereich Anti-Aging. Und ein richtig gutes Serum mit Retinol habe ich jetzt in der Drogerie gefunden. https://t.co/ijHmrGkQb3
0_219424_9_9324809481578388;0.0912;disappointed;skincare-first;;;;Trotzdem wieder ein schöner Podcast mit flachen unterhaltsamen Thema in der Sommerzeit – der ungebremste Humor und die ironische Mimik von Lanz -ein kleines Theaterstück.Die Zielsetzung des Podcast war klar erkennbar. Wir brauchen eine bessere Stimmung im Lande. Zumal bei der Fußball WM ausgeschiede
0_221687_8_2023490236068532543;0.0912;disappointed;skincare-first;retinol;;;Retinol ist der beliebteste Wirkstoff im Bereich Anti-Aging. Und ein richtig gutes Serum mit Retinol habe ich jetzt in der Drogerie gefunden. https://t.co/ZAq0kRxhqk https://t.co/vCNUxCOaR1
0_221687_126_t3_1rjk5jl;0.0913;satisfied;procedure-curious;price;;;"Haarfarben & Highlights St. Gallen | beautyneta.ch https://preview.redd.it/3gq75wvclsmg1.jpg?width=1080&amp;format=pjpg&amp;auto=webp&amp;s=366d8694f2689d850033b5c4ef9a15e1af531dcd[**Beautycenter by Neta**](https://www.beautyneta.ch/) **– Premium Beauty Studio in St. Gallen**Das Beautycenter by Neta"
0_218673_9_30457546573544863;0.0914;satisfied;skincare-first;;;;"Ja, der Kommentar von Frau Marshall, sie ist auch meiner Lokalpresse aktiv, hat mir einige Falten mehr ins Gesicht gezaubert. Es waren aber keine Lachfalten.Das Zauberwort zu Mercosur heißt ""ausgeglichene Handelsbilanz"". Und nein, wird werden keine Agrarprodukte, höchstens einige weinige, dorthin li"
0_218673_126_t1_oou27xq;0.0915;disappointed;skincare-first;;;;"Opa ist Millionär, Haus halb leer, Pflege gratis durch Familie – aber wenn ich dort wohnen will, soll ich Miete zahlen 😃 Ich könnte im Strahl kotzen wenn ich diese ""Ist ja nicht dein Geld, niemand schuldet dir was"" Mentalität mitbekomme die viele Leute bei sowas an den Tag legen oder verteidigen - W"
0_219424_190_3935267083452945366;0.0917;enthusiastic;procedure-curious;;;;🧬 Exosomen – die Botenstoffe deiner Zellen.Sie unterstützen die Kommunikation zwischen den Hautzellen und können die natürlichen Regenerationsprozesse fördern – ohne deine DNA zu verändern.Durch ihre Fähigkeit, zelluläre Signale zu übertragen, können Exosomen die Hauterneuerung sowie die Kollagen- u
0_218673_9_yt.p3vE_BdIzoQ;0.0918;enthusiastic;skincare-first;aging-signs;;;👉 Mini Buch aus Papier 📖 Unglaublich einfach! Dieses süße Mini Buch aus Papier kannst du ganz einfach selber basteln 📖✨Perfekt für Kinder, Anfänger und alle, die kreative DIY-Ideen lieben!In diesem Video zeige ich dir Schritt für Schritt, wie du mit nur Papier ein kleines Buch bastelst – schnell, ei
0_218673_9_32026059829553858;0.0918;satisfied;procedure-curious;;;;Ich überzeuge nur die Ki, nicht mal investigative Journalisten, das keine Misstände aufgedeckt werden, Bürokratie hoch3 in den Ruhrgebits Metropolen! Und Smart Cities! Ein absolut brillanter und bitterer Beitrag, der die Realität perfekt abbildet! Ich erlebe dieses Paradoxon der ‚Hyperpolitik' tagtä
0_218673_15_55957566230033034;0.092;enthusiastic;skincare-first;retinol,price;;aha;"Haarspangen für Männer – Die 15 besten Produkte im Vergleich Empfohlene Produkte im Bereich „Haarspangen für Männer"" Wir haben Produkte im Bereich „Haarspangen für Männer"" miteinander verglichen und Empfehlungen für Dich zusammengestellt. Hier findest Du die Top 15 im Bereich „Haarspangen für Männer"
0_219424_126_t3_1qg53z5;0.0921;enthusiastic;;safety;;;"Vakuum-basierte Fischtreppen und Wasserstandsregulierung ```python def vakuum_wasserbau(): """"""Analysiert Vakuum-Technologie für Fischtreppen und Wasserstandsregulierung."""""" print(""\n"" + ""=""*120) print(""VAKUUM-WASSERBAU: Revolution der Flussregulierung und Fischtreppen"") print(""=""*120) print("""""" DAS "
0_221687_26_839863545031058;0.0921;seeking;skincare-first;aging-signs;;;Gestern haben wir euch in unserer Story verschiedene 'This or That' Fragen gestellt, um zu sehen was ihr lieber mögt/ welcher Typ ihr seid, wenn ihr euch entscheiden müsstet.🩷✨Diese Fragen haben wir natürlich auch an Sarah gestellt, damit ihr sie besser kennenlernt.🩷🧚🏼‍♀️Ihr könnt ja mal in die Komm
0_219424_26_1452623233566398;0.0922;satisfied;;;;;NEU 🫒🍸✨https://urls.fr/VIP_C8Diesen Sommer landet Olive nicht nur in deinem Cocktail, sondern auch auf deiner Haut.Olivenöl bietet dank seines hohen Gehalts an essenziellen Fettsäuren (wie Ölsäure), Vitaminen (A, D, E und K) sowie Antioxidantien (Polyphenolen) zahlreiche Vorteile für die Haut. 💁‍♀️💧
0_218673_9_55412574212612210;0.0922;enthusiastic;procedure-curious;;;;Du bist ein wunderschönes Mädchen, eines der schönsten, das ich je gesehen habe. In deinen Augen sehe ich eine schöne Seele, und deshalb wünsche ich dir ganz viel Glück im Leben. Ich werde deinen Kanal unterstützen – bitte nimm öfter Videos auf. Bleib einfach glücklich, stark, kreativ und schön. Du 
0_221687_126_t3_1qb0l3o;0.0922;enthusiastic;skincare-first;niacinamide-peptides,price,celebrity;;vitamin-e;"🏆 DAS KONZEPT: HYPEROXYGENIERTES SPORTGETRÄNK ```python sportdrink_concept = { ""Name"": ""O₂-BOOST ADELHOLZENER PRO"", ""Slogan"": ""Atme, während du trinkst!"", ""Innovation"": ""Erster Sauerstoff-Transport im Getränk, nicht nur Elektrolyte"", ""Zielgruppe"": { ""Extremsportler"": ""Triathleten, Marathonläufer, Be"
0_219384_126_t3_1ucfm4d;0.0923;seeking;skincare-first;laser,price;;;IPL Geräte: Welche könnt ihr empfehlen? Welche IPL Geräte könnt ihr empfehlen (für helle Haut mit dunklen Haaren)?Besonders würde mich interessieren, wie IPL Geräte unter 200 Euro ankommen. Auf was würdet ihr bei einem Kauf von einem IPL achten?Vielen Dank für das Teilen eurer Erfahrungen!
0_219384_15_57647160820233645;0.0924;seeking;procedure-open;botox;;;Hinter den Kulissen: Wo der Akku des Nissan Leaf entsteht Bei meiner Besichtigung im Nissan-Werk Sunderland, wo seit Anfang der Woche der neue Nissan Leaf vom Band rollt, kam unmittelbar eine der wohl wichtigsten Fragen auf: Woher stammen denn eigentlich die Akkus für die dritte Generation der japan
0_219424_126_t1_oeesb21;0.0926;seeking;skincare-first;hyaluronic-acid;;;Does anyone have recommendations for wavy hair products at DM? Ich habe dieselbe Haarstruktur wie du und was welliges Haar benötigt, ist Feuchtigkeit. Ich nutze zurzeit das Balea Hyaluron Shampoo + Spülung, damit bin ich ganz zufrieden und pflege meine Spitzen anschließend mit Haaröl. Lockenprodukte
0_221687_190_3849773467474659912;0.0926;satisfied;skincare-first;vitamin-c;;;Viele wissen nicht: Collagen funktioniert im Körper nur mit Vitamin C 🍋Vitamin C spielt eine wichtige Rolle bei der Collagenbildung und deshalb enthält unser Collagen-Pulver nicht nur Collagen und Biotin, sondern auch Vitamin C ✨Meine Lieblingskombination:✨ Vitamin CE Serum für die Haut✨ Collagen Pu
0_219424_26_1552607293543265;0.0927;satisfied;skincare-first;;;;Die Rose ist mehr als nur eine wunderschöne Blüte …Ich habe von Dr. Ingrid Heiler @lascheinighof am Wochenende beim Anno Dazumal Markt, ein Rosenhydrolat gekauft .Der Duft ist herrlich und so kam die Idee mir eine Rosensalbe zu rühren 🌹Die Rose ( Rosa), hre Blüten enthalten wertvolle ätherische Öle,
0_219424_9_yt.4GgHD5USzEE;0.0928;enthusiastic;procedure-open;facelift;;;MITSUBISHI Outlander Facelift (2017-2022): Autostore aktivieren & deaktivieren In diesem Video zeige ich dir, wie du die Autostore‑Funktion für Radiosender im MITSUBISHI Outlander Facelift (2017-2022) aktivierst und was die Funktion genau bewirkt. Du lernst, wo du im Display die Radio‑Einstellungen 
0_219424_126_t1_of1q51u;0.0931;satisfied;;;;;Iran continues to fire missiles and drones at UAE and Kuwait. Der wuerde ja gerne besorgt die Stirnrunzeln, aber da ist schon das ganze Botox drin
0_219424_190_3930710418886058837;0.0931;enthusiastic;skincare-first;;;;Ketone. Davon hast du vielleicht schon gehört. Aber was sind Ketone eigentlich?Viele verbinden Ketose nur mit einer ketogenen Ernährung. Tatsächlich ist Ketose ein Stoffwechselzustand, in dem dein Körper besonders effizient Energie bereitstellen kann. Genau deshalb gehören Ketone für viele zu den sp
0_219384_9_yt.Db70zAdf6z0;0.0933;enthusiastic;procedure-open;;;;"My Journey through the World Heute Nacht 📌 My Journey Through The World - Heute Nacht (Melodic Techno / Afterlife Duet Mix)📝 Infobox / Beschreibung „Heute Nacht ist unsere Nacht. Heute Nacht ist unsere Welt."" 🌌🔋Das furiose Finale einer langen kreativen Reise: Mit „Heute Nacht"" bringen wir den Club d"
0_219404_9_66684647380597248;0.0933;enthusiastic;procedure-open;;;;Hallo liebe Nicole, das war ein vielseitiges aufgebraucht Video. Ich mag das Ariel Waschmittel auch sehr gerne. Vom Proceanis Hyaluron-Drink bin ich echt begeistert. Habe letzte Woche wieder bestellt - mit Deinem Code. Vielen Dank für Deinen Code. Bin auch ein Kerzenfan. Vielen Dank für das spannend
0_219424_126_t1_nxmv4hv;0.0934;seeking;;;;;Real BOTOX Weib auf der CES2026 Aria oder wie die genau heißt
0_219424_9_yt.x5c5jzH9fbo;0.0935;seeking;procedure-open;facelift;;;Mitsubishi Outlander 2017–2022 – Navigationseinstellungen finden & verwalten In diesem Video zeige ich dir, wie du die Navigationseinstellungen im MITSUBISHI Outlander Facelifting (2017–2022) schnell findest und effektiv verwaltest. Du lernst, wie du über die Bildschirmanzeige ins Infoset gelangst, 
0_219424_15_59198507638173609;0.0937;disappointed;procedure-curious;;;;Valentinstag – Zeit für Liebe, Aufmerksamkeit und kleine Genussmomente Mocktail von Staatl. Fachingen versüßt den Valentinstag Fachingen, 3. Februar 2026 – Der 14. Februar ist mehr als nur ein Datum im Kalender: Der Valentinstag erinnert uns daran, wie wichtig Nähe, Zuwendung und bewusst geteilte Ze
0_218673_8_2008077415126311202;0.0938;enthusiastic;procedure-curious;aging-signs;;;Moin ihr Lieben,Ich bin stolz auf meine Falten. Sie sind das Leben in meinem Gesicht.Brigitte BardotEinen guten Wochenstart 🥰😉🤗🫶🫖☕️#happyhilft
0_219424_9_yt.7aIrpzfGbHw;0.094;enthusiastic;procedure-open;facelift;;;Wie verstelle ich die Lenkradposition im MITSUBISHI Outlander Facelift (2017-2022)? In diesem Video zeige ich dir Schritt für Schritt, wie du die Lenkradposition im MITSUBISHI Outlander Facelift (Baujahre 2017-2022) schnell und sicher verstellst. Du lernst, wo sich der Entriegelungshebel befindet (u
0_221687_8_2017333436545990843;0.094;disappointed;skincare-first;retinol;;;Retinol ist der beliebteste Wirkstoff im Bereich Anti-Aging. Und ein richtig gutes Serum mit Retinol habe ich jetzt in der Drogerie gefunden. https://t.co/LQbFGGBW0A https://t.co/uOs102pAkH
0_219424_9_yt.tm3RHNpCmnQ;0.0942;satisfied;skincare-first;aging-signs;;vitamin-e;"Moringa Gesichtsöl Serum Anti Aging | reife, trockene Haut | Rosazea & Akne Pflege | Squalan Öl |... Moringa Gesichtsöl Serum, multifunktional, 3-in-1: Age Repair Elixier für Haut, Haare &amp; Nägel. Natürliches Anti-Aging Serum mit Moringa-Öl, Squalan &amp; Vitamin E – ideal bei reifer, trockener H"
0_219424_190_3947510466662511644;0.0943;seeking;skincare-first;niacinamide-peptides,hyaluronic-acid;;glycerin;Was ist Hyaluronsäure – und woher kommt sie?Hyaluronsäure ist ein Glykosaminoglykan – ein langkettiges Zuckermolekül, das natürlicherweise in der Haut, im Bindegewebe und in den Gelenken vorkommt.In der Dermis ist sie Teil der extrazellulären Matrix: des Gerüsts, das Kollagen und Elastin umgibt und 
0_219424_190_3934323575551668771;0.0946;enthusiastic;skincare-first;;;;Dieser Tee ist mein absolutes Sommer-Highlight 💙Butterfly Pea Flower Tee sieht nicht nur unglaublich aus, er tut deinem Körper auch richtig gut. Die Blüten stecken voller Antioxidantien, die deine Zellen vor freien Radikalen schützen – quasi ein kleiner Anti-Aging-Boost in der Tasse.Wenn du mehr sol
0_221687_8_2025144920051192080;0.0946;disappointed;skincare-first;retinol;;;Retinol ist der beliebteste Wirkstoff im Bereich Anti-Aging. Und ein richtig gutes Serum mit Retinol habe ich jetzt in der Drogerie gefunden. https://t.co/wwCHXzs0hb https://t.co/hkKSbhRI2P
0_219424_126_t1_o2xsy61;0.0947;seeking;procedure-curious;;;;Nehmen wir an ihr dürftet eine kostenlose SchönheitsOP bekommen, was würdet ihr an euch verändern? Frei nach dem motto: 2cm mehr und du wärst ein König. 2cm weniger und du wärst eine Königin
0_218673_9_49429719374057298;0.0947;enthusiastic;procedure-curious;;;;Liebe ich Gurken JaHabe ich blau schwarze augenringe Ja
0_218673_126_t1_npa0bhz;0.0947;disappointed;procedure-curious;;;;Montagmorgenfaden - Augenringe-Edition Früh dran heute...Das Wochenende war sehr schön, am Samstag war ich mit meiner Frau auf einem 62. Geburtstag eingeladen, sehr nette Truppe und leckeres Essen. Die Gastgeber waren jüdisch russische Immigranten der 90er Jahre und es gab 5/7 Sauerkraut und Krusten
0_219424_126_t1_o0y5kpe;0.0948;disappointed;procedure-open;price;;;"Sind wir verrückt? Einschätzung Kauf + Sanierungskosten Wir hatten eine ähnliche Situation (aber EFH mit ehemals \~160m² -&gt; 140m²).Wir hatten gerade ein Baby und wollten während Corona ein Eigenheim kaufen.Gesucht gefunden in 3 Monaten, altes Haus jeder Teil unterschiedliches Baujahr von 1890-198"
0_219424_190_3943894059361244301;0.0948;enthusiastic;skincare-first;;;;Ich würde mal sagen...Eine Frau mit einer Mission😍⁠____⁠#kbeautyhouse #antiaging #koreanskincare #kbeauty #hautpflege
0_218673_8_2015746490107351258;0.0949;disappointed;skincare-first;aging-signs;;;"„Setz dich, ich will dir etwas sagen...Das Leben wird dich schütteln.Es wird dich küssen.Manchmal beides gleichzeitig.Warte nicht auf den perfekten Moment.Zieh dein schönstes Kleid an – auch wenn's Montag ist.Sag „Ich liebe dich"" – auch wenn du zitterst.Lach laut – besonders wenn's keiner erwartet.T"
0_221687_126_t1_odzh8zd;0.0951;satisfied;;vitamin-c;;;need a good vitamin c serum Plum 15%
0_221687_190_3956215100570710955;0.0954;satisfied;;hyaluronic-acid;;;🌿✨ Well-Aging trifft auf die Kraft der Aloe Vera.Unsere Clean-Beauty-Lieblinge von Santaverde stehen für hochwirksame Naturkosmetik und die age protect Serie zeigt einmal mehr, wie kraftvoll natürliche Wirkstoffe sein können.Statt Wasser setzt Santaverde auf 100 % reinen Aloe Vera Direktsaft als Bas
0_221687_26_1659220222874213;0.0954;satisfied;;hyaluronic-acid;;;🌿✨ Well-Aging trifft auf die Kraft der Aloe Vera.Unsere Clean-Beauty-Lieblinge von Santaverde stehen für hochwirksame Naturkosmetik und die age protect Serie zeigt einmal mehr, wie kraftvoll natürliche Wirkstoffe sein können.Statt Wasser setzt Santaverde auf 100 % reinen Aloe Vera Direktsaft als Bas
0_219424_9_yt.qPx-2kgrL9o;0.0956;enthusiastic;procedure-curious;retinol;;;House of Beauty by Linda House of Beauty by Linda in Saarbrücken: Erfahre mehr über uns in diesem überblicksartigen Imagefilm. Finde heraus, wie du mit uns in Kontakt treten kannst, wann wir für dich geöffnet haben oder verschaffe dir einige Eindrücke unseres Betriebs. Mehr erfährst du auf unserem S
0_219424_126_t1_omigeft;0.0956;satisfied;skincare-first;laser;;;Traummann auf dem Papier, aber das Sexleben ist eine Vollkatastrophe Ein Klassiker, siehe hier für Bearbeitungen in der Popkultur: [Lily Allen | Not Fair (Official Video)](https://www.youtube.com/watch?v=fUYaosyR4bE)Du klingst bereits jetzt frustriert und ihr seid erst seit Kurzen zusammen. Das ist 
0_218673_126_t3_1sswo1s;0.0957;disappointed;procedure-curious;laser,aging-signs;laser;;"Ein Wochenende in Südfrankreich Teil 21: Ein Abend geht zu Ende WICHTIGER HINWEIS &amp; DISCLAIMER FSK 18 | ADULT CONTENT ONLY Diese Geschichte enthält explizite sexuelle Darstellungen, extreme Machtdynamiken und Praktiken im Bereich BDSM. Der Zugriff ist ausschließlich Personen über 18 Jahren gesta"
0_221687_8_2025498428944293914;0.0958;disappointed;skincare-first;retinol;;;Retinol ist der beliebteste Wirkstoff im Bereich Anti-Aging. Und ein richtig gutes Serum mit Retinol habe ich jetzt in der Drogerie gefunden. https://t.co/lzhouLNVuP https://t.co/4btn5acszQ
0_219424_9_yt.-eIiQNWlb_4;0.0959;disappointed;;;;;Veganer Woody Harrelson (64) Sieht Aus Wie 42 🔥 Top 5 Pflanzen für Anti-Aging! #WoodyHarrelson #VeganeErnährung #PflanzlichErfahre, wie der vegane Woody Harrelson mit 64 noch wie 42 aussieht, indem er die Top 5 pflanzlichen Lebensmittel isst.Eine vollwertige, pflanzliche Ernährung ist reich an Antio
0_219424_140_7665339610146589974;0.0959;enthusiastic;skincare-first;;;;Diese Make-up-Produkte kommen jeden Sommer mit in den Urlaub. 💛🌞 Anzeige | Hier sind alle Produkte, die ich von @lorealparis verwendet habe: - L'Oréal Paris Lumi Glotion  - L'Oréal Paris Lumi Bronzer  - L'Oréal Paris Lumi Blush  - L'Oréal Paris True Match Concealer  - L'Oréal Paris Le Blush  - L'Oré
0_219424_15_4736866601449014;0.096;disappointed;procedure-curious;botox,laser,price;laser;;"""Wie kann sie nur?"" : Warum mich Sophie Passmanns neues Buch erschöpft hat Sophie Passmann seziert in ihrem neuen Buch ""Wie kann sie nur?"" den ""alltäglichen Wahnsinn, eine Frau im Internet zu sein"". Es ist das beste Argument für Digital Detox.  Ich klappe Sophie Passmanns neues Buch zu und bin vor a"
0_219424_126_t1_ob3ng7h;0.0962;seeking;procedure-curious;;;;"tja BTX?&gt;„BTX"" steht primär für Bildschirmtext, einen interaktiven Online-Dienst der Deutschen Bundespost (ab 1983/84), der als Vorläufer des Internets gilt und bis 2001/2007 genutzt wurde. Heute ist BTX bekannter als Abkürzung für das Nervengift Botulinumtoxin (Botox), das in der Medizin und Äst"
0_219424_9_54520940907990357;0.0962;seeking;;;;;Ja so ist es, beim Rohhonig ist die Wahrscheinlichkeit sehr hoch das es botulinum Bakterien enthält, genau so wie die aufgeblähten Nahrungsmitteldosen!! Früher war das starke Nervengift dieser Bakterien sehr bekannt Botulinumtoxin oder abgekürzt  Botox!!
0_219424_9_yt.7AZevPutt1c;0.0963;disappointed;skincare-first;aging-signs;;;Nie Altern: 5 Starke Anti-Aging Früchte 🍓 Möchtest du den Alterungsprozess natürlich verlangsamen? 🍓✨ Entdecke 5 starke Anti-Aging Früchte, die deine Haut, Gesundheit und Energie verbessern können.Diese Früchte sind reich an Antioxidantien und wichtigen Nährstoffen, die Falten bekämpfen und deine Ha
0_218673_8_2032761105089437777;0.0963;disappointed;procedure-curious;aging-signs;;;"@ZentraleV Was sieht man da?Eine Frau(?), die eine gespaltene Persönli ... äh ... Frisur(?) hat.Einen alten Mann, der zu kleine Kleidung übergezogen hat und mit ""kämpferischer"" Mine in die Kamera schaut undeine Frau, die mehr Falten in ihrer Hose hat, als Inge Meysel im Gesicht hatte."
0_218673_9_39326938565765704;0.0964;enthusiastic;procedure-curious;;;;Heyyy❤❤Ich lieb deine Videos und finde es sooo sooo toll das du anderen Leuten irgendwelche Träume oder Wünsche erfüllst❤❤Ich würde sehr sehr gerne eine make up Routine von dir zusammen gestellt haben und am besten wo ich am Ende kaum noch Augenringe habe ❤❤Das wäre so sooo nett ❤
0_221687_8_2022010426981060909;0.0964;disappointed;skincare-first;retinol;;;Retinol ist der beliebteste Wirkstoff im Bereich Anti-Aging. Und ein richtig gutes Serum mit Retinol habe ich jetzt in der Drogerie gefunden. https://t.co/gCRHbClB3U https://t.co/W59BWZUq10
0_219424_126_t1_o1i137h;0.0965;enthusiastic;procedure-curious;;;;Hässlich sein ist anstrengend. Neulich beim letzten Wahlkrampf zu Berlin, bin ich im Bus gestiegen, und habe einen Mann mit so zwei richtig prächtigen und schönen Hunden gesehen die ich auch dicke streicheln durfte. Diese Hunde waren wirklich von naturaus wunderbare, weiße Tiere mit strahlenden blau
0_218673_126_t3_1up5qti;0.0966;satisfied;;;;;How to be the Diddy of the Alt Bubble Wanna become the Diddy of the Alt Bubble?  Here's how:\- Lange Haare (Bonus wenn schwarz)  \- Pornobalken im Gesicht   \- Tiefe Augenringe  \- Manlet (unter 1.70)  \- unter 45kg  \- Smoke weed everyday  \- Bums chaya während deine mama reinkommt und hör nicht au
0_219424_140_7657631345048292640;0.0968;cautioning;procedure-curious;peel;microneedling;;Nicht alle Exosomen sind gleich. Pflanzliche Exosomen klingen clean - aber Pflanzenzellen kommunizieren kaum mit menschlichen Zellen. Humane Exosomen wären biologisch naheliegend, sind jedoch regulatorisch in der EU nicht erlaubt. Und genau hier werden Colostrum-Exosomen spannend: Sie stammen von Sä
0_219424_26_1649789210373005;0.0968;enthusiastic;procedure-curious;peel;microneedling;;Das ist unser neuestes Teammitglied, die liebe Ilara. 🤍Sie ist seit dem Frühjahr 2026 bei uns und bereichert unser Team mit ihrer fröhlichen und kommunikativen Art.Seit ihrem Abschluss im Jahr 2022 arbeitet sie bereits in der Kosmetikbranche und konnte seitdem wertvolle Erfahrungen sammeln.Privat is
0_221687_190_3925771121030765011;0.0968;satisfied;;vitamin-c;;;"Smoothie Bowl but make it Anti-Aging 🫐🤍 Himbeeren &amp; Blaubeeren sind nicht nur fruchtig lecker, sondern stecken auch voller Antioxidantien, Vitamin C und natürlichen Pflanzenstoffen, wodurch sie wie ein natürliches Anti-Aging-Mittel wirken, die Haut vor schädlichen Umwelteinflüssen schützen, die "
0_219424_26_1569294244895285;0.0969;enthusiastic;procedure-open;botox;;;"!!! Noch wenigeTermine frei !!!✨ Aesthetikpraxis Stephanie Müller wieder bei uns! ✨Am 18.7. ist Stephanie Müller erneut bei uns im Studio zu Gast.💉 Bio-Botox &amp; Faltenbehandlung Etc📅 nur mit Termin📌 Terminvereinbarung direkt ueber Stephanie Müller. +49 1522 1612868„Wir machen das glatt, was das L"
0_221687_140_7623396518900370720;0.0969;satisfied;;;;;Hair Growth Serum - Natürliches Haaröl gegen Haarausfall, mit Rosmarin und Vitamin E #serum #hairgrowth #haarausfall #öl #haare
0_219424_190_3940207846721492821;0.097;seeking;skincare-first;retinol,aging-signs;;bakuchiol;"RETINOL SCIENCE SERIES | Teil 1Retinol &amp; Zellkommunikation – was passiert wirklich in der Haut?Retinol ist weit mehr als ein klassischer Anti-Aging-Wirkstoff.Es gehört zu den am besten erforschten Molekülen der modernen Hautpflege und wirkt dort, wo sichtbare Hautalterung entsteht: in der Kommun"
0_221687_8_2028922221389906095;0.097;disappointed;skincare-first;retinol;;;Retinol ist der beliebteste Wirkstoff im Bereich Anti-Aging. Und ein richtig gutes Serum mit Retinol habe ich jetzt in der Drogerie gefunden. https://t.co/zs300PuFpb https://t.co/PZuLDWprYl
0_219424_9_45416132992049104;0.0971;satisfied;;;;;Zucker aktiviert das gleiche Zentrum im Gehirn wie Kokain. Es ist eine Droge, die schwer abhängig macht. Es zerstört das Kollagen im Körper und beschleunigt den Alterungsprozess und ist für viele andere Krankheiten im Körper verantwortlich.
0_219424_9_yt.GefRE_aqDg4;0.0972;enthusiastic;skincare-first;price;;;#Alter! Als #Babyboomerin im #LKW von #Hamburg nach #Indien - Nix für #Feiglinge! #Alter und #Ziele #Alter! Nix für #Feiglinge! #Alter und #Ziele: als #Frau im #LKW von #Hamburg nach #Indien #Lifecoach und #Psychologin Dr. Berle erzählt, wie einmal eine Freundin, ebenfalls #Babyboomerin, beschloss, 
0_219424_9_yt.A6tddcLQwS4;0.0972;disappointed;;;;;Brigitte Mars (76) sieht aus wie 50 🔥 Isst diesen Salat & altert nie! #BrigitteMars #AntiAgingErnährung #GesunderSalatMit 76 Jahren sieht Brigitte Mars immer noch wie 50 aus, und ihr Geheimnis ist dieser Salat, den sie jeden Tag isst, um nicht zu altern. Entdecken Sie die Ernährungswissenschaft hint
0_219424_126_t1_ovpi6q5;0.0972;satisfied;skincare-first;;;;Aussehen ist das wichtigste Kriterium für Dating Erfolg als Mann. Leute dieses ganze hin und her Charakter ist wichtig bla bullshit bringt doch nix. Die menschen diskutieren immer hin und her, benutzen anekdotische Beispiele um irgendwie auf krampf zu begründen, dass aussehen ja nicht so wichtig sei
0_218673_9_22992917109137881;0.0973;disappointed;procedure-curious;;;;Der Wagen ist noch hässlicher als der Vor-MOPF, der eine noch halbwegs ansehnliche Front hatte. Das Heck ist und bleibt grausam (Tränensäcke).
0_218685_9_45763390618540739;0.0973;enthusiastic;procedure-curious;hyaluronic-acid;;;"Liebe Nicole ❤Vielen lieben Dank für dein Aufgebraucht Video ❤Bzgl. deiner Umfrage, folgende Videos mag ich am meisten --&gt;* Duftvideos* Aufgebraucht Videos * Hauls* K-Beauty Videos* Test-, Schminkvideos* Top und Flop Videos mag ich auch gerne * Vlogs* Mystery Boxen ... hier bin ich aber etwas hin"
0_219384_126_t1_og6lwlj;0.0973;disappointed;procedure-curious;price;;;Wie an Geld kommen für OPs parallel zu Vollzeit 40h Job? Um ehrlich zu sein bist du schon unter trans personen im obersten Spielfeld. Bei 800€ über plus schon eine angesparte Summe bekommst du wahrscheinlich überall einen Kredit mit einer management position. Bitte sei dir bewusst du hast keine schl
0_221687_9_1641301980860332;0.0973;disappointed;procedure-curious;price;;;Liebe Claudi ❤Vielen lieben Dank für dein Aufgebraucht Video ❤Bei Weichspüler bin ich momentan auf dem Lenor Trip. Diese Luftfrisch Konzentrate finde ich mega. Habe alle drei Sorten. Den du da hattest von Vernel kenne ich auch nicht. Hört sich aber super an, werde ich mir mal merken.Von der Hals- un
0_219424_15_53088580426933200;0.0974;seeking;procedure-open;retinol,price;;;"Palma DHS-1 Palma DHS-1 Wer glaubt, dass zum Thema „dynamische Kopfhörer"" alles gesagt ist, kennt den Palma DHS-1 noch nicht. Denn dieser Dynamiker aus dem schönen Mallorca stellt eine Revolution im Bau von dynamischen Kopfhörern dar. In aller Kürze: Palma DHS-1 Wenn Sie noch nie etwas von dem sehr "
0_219424_126_t3_1tfkqzn;0.0974;disappointed;procedure-curious;price;microcurrent;;Der Klassenausflug Der KlassenausflugDas Ganze passierte auf einem Klassenausflug. Unsere Lehrerin musste uns trennen und zur Versöhnung zwingen. Sie ordnete sogar an, dass sie in der folgenden Nacht - zum Beweis ihrer Freundschaft - in einem Zimmer schlafen mussten. Aus Wut darüber mussten sie beid
0_219424_190_3945947419120556101;0.0975;disappointed;skincare-first;;;;BERBERIN – natürliche Unterstützung für deinen Stoffwechsel 🌿Berberin ist ein pflanzlicher Wirkstoff, der aus verschiedenen Berberitzengewächsen gewonnen wird und seit Jahrhunderten in der traditionellen Pflanzenheilkunde verwendet wird.Heute wird Berberin vor allem wegen seiner möglichen positiven 
0_219424_190_3949964029393237230;0.0976;seeking;skincare-first;;;;Du isst wahrscheinlich schon die richtigen Lebensmittel. Nur in den falschen Mengen. 🫐Das ist der Unterschied, über den kaum jemand spricht: Die Lebensmittel, die für dich arbeiten, unterscheiden sich fast nie vom Lebensmittel selbst sondern von der Menge.Die 11 Lebensmittel mit Tagesmengen:Heidelbe
0_221687_8_2013128117716402587;0.0976;disappointed;skincare-first;retinol;;;Retinol ist der beliebteste Wirkstoff im Bereich Anti-Aging. Und ein richtig gutes Serum mit Retinol habe ich jetzt in der Drogerie gefunden. https://t.co/yfMUuwKt7t
0_218685_126_t3_1nk6tpj;0.0977;cautioning;procedure-open;price,celebrity;;;"Arbeiten nur ""Mean Girls"" im Bereich Marketing? Ich hatte jetzt schon mehrfach (!) den gleichen Typus Frau als Vorgesetzte im Bereich Marketing mit dem ich immer wieder aus ähnlichen Gründen nicht klar kam. Ich habe auch schon in anderen Bereichen gearbeitet, wie in der Pädagogik oder in Schulen und"
0_219424_9_26041718350563826;0.0979;satisfied;procedure-curious;;;;Ja der Gil , ich frage mich warum der so ein rotes Tuch ist. Ok er hat öffentlich jemanden beschuldigt so wie es aussieht zu Unrecht. Aber er wird ja geächtet von der Gesellschaft. Viel mehr als Menschen die weitaus schlimmeres gemacht haben. Ich denke im Camp meint jeder das er wegen der Berichters
0_218673_9_yt.32GYj6uJfBk;0.098;disappointed;skincare-first;;;;FKK vor dem Aus? | ARTE Re: Nacktheit am Strand oder beim Camping als Lebensgefühl – für manche selbstverständlich, für andere provokant. In Deutschland und Großbritannien hat der Naturismus seit mehr als 100 Jahren Tradition. Doch die Realität zeigt: Die Mitgliederzahlen sinken und die Vereine habe
0_218673_126_t3_1v48n1k;0.0981;disappointed;skincare-first;aging-signs;;;Altmark in Sachsen-Anhalt: Hilflos gegen Landflucht und Überalterung Kaum eine Region leidet so unter Landflucht und Überalterung wie die Altmark in Sachsen-Anhalt. Bislang sieht die Politik hilflos zu, nun soll sich das ändern. Aber die Chancen stehen nicht gut.Einsamkeit beeinträchtigt nicht den S
0_221687_140_7593045695720967457;0.0981;enthusiastic;;vitamin-c,niacinamide-peptides;;;"Glow25 Collagen Plus vereint Kollagen-Peptide Typ 1 &amp; 3 mit Vitamin C, Zink und Biotin – neutral im Geschmack, leicht löslich und perfekt für den täglichen Einsatz. Jetzt im praktischen 3×450 g Vorrat. #collagenroutine #beautysupplement #glowskin #winterdeals #newyearnewyou Kollagen Pulver Plus,"
0_221687_190_3815054993414510728;0.0982;enthusiastic;skincare-first;retinol;;retinol;Was ist ein Retinal Serum?Ein Firming Retinal Serum ist ein Hautpflege-Serum mit Retinal (eine aktive Form von Vitamin A), das gezielt die Zellerneuerung und Reparaturprozesse der Haut stimuliert, um feine Linien zu glätten, die Hautstruktur zu verbessern und das Hautbild straffer erscheinen zu lass
0_219424_126_t1_o4aekxq;0.0984;satisfied;;;;;Was ist das für ein Zug? Hamsterbacke mit Schönheitsoperation
0_219424_15_53308286099944225;0.0985;cautioning;procedure-curious;;microcurrent;;NurExone Biologic's US-Tochtergesellschaft Exo-Top und das in Florida ansässige BioXtek unterzeichnen strategische Absichtserklärung zur Herstellung und Kommerzialisierung von Exosomen TORONTO, Ontario und HAIFA, Israel und POMPANO BEACH, Florida, 07. April 2026 / IRW-Press / NurExone Biologic Inc. 
0_218673_15_27652099758945646;0.0986;conflicted;procedure-curious;laser,aging-signs,price;laser;;"Ildikó von Kürthy: ""Ich bin jetzt endlich ich und so, wie ich nie werden wollte"" Früher war sie laut und maßlos, heute feiert sie das Mittelmaß. Ildikó von Kürthy über Veränderung, Gelassenheit und Selbstliebe   BRIGITTE: Dein neues Buch ist sehr ehrlich, du lässt nichts aus. Warum war jetzt der ric"
0_221687_140_7582727523792882966;0.0986;seeking;skincare-first;vitamin-c;;;GLOW ELEKTROLYTE PULVER  ️⃣Morgens – Direkt nach dem Aufstehen Glow-Elektrolyt Pulver – 1 Portion 3,7g (bisschen mehr als gehäufter Teelöffel) 💧 Rezept für 1 Portion (500–700 ml Wasser) Zutaten Magnesiummalat: Energie, weniger Müdigkeit Kaliumcitrat: Wasserbalance, Entwässerung Vitamin C Pulver: Kol
0_218673_126_t1_nt03z4j;0.0988;conflicted;procedure-open;;;;Volksdöner, Bochum, Ecke deutsches Reich, 9/10 Fuck, Oida, Hawara...Ich wollt eigentlich schon längst schlafen, aber wegen deinem Comment hau ich mich jetzt bis weit nach Mitternacht ab, Danke für die Augenringe Morgen.
0_221687_26_1425435226289618;0.0988;seeking;;;;;Mascara gehört für viele zum täglichen Make-up dazu. Immer häufiger findet sich dabei ein zusätzlicher Inhaltsstoff auf der Verpackung: Hyaluron. Der Wirkstoff ist eigentlich aus der Skincare bekannt, taucht jetzt aber auch in Wimperntuschen auf. Doch was bringt Hyaluron in Mascara wirklich?
0_221687_190_3942369007499909418;0.0988;seeking;;;;;Zusammen mit @essencesnaturellescorses haben wir eine 100% natürlichen Tattoopflege mit ausgewählten pflanzlichen Wirkstoffen und hochwertigen Ölen entwickelt.Unsere Tattoopflege wird mit viel Sorgfalt und Liebe zum Detail von Hand hergestellt – von der Auswahl der Rohstoffe bis zum fertigen Produkt
0_219424_190_3935283659535579935;0.0989;enthusiastic;;;;;Sommer Drink meets Kollagen ✨🍋‍🟩☀️ Unser Blossom Beauty gibt jedem Sommer Drink einen Beauty Boost dank Kollagen, Hyaluron, Aloe Vera und vielen weiteren Wirkstoffen mit Benefits für deine Haut ✨ Welcher Drink ist dein Favorit? Lass es uns in den Kommentaren wissen! #kollagensommerdrinks #summerdrin
0_218673_15_28611997165907147;0.099;enthusiastic;procedure-curious;aging-signs;;;Die Freiheit der Frauen – Interview mit Karoline Herfurth Die Freiheit der Frauen: Das ist ein großes Lebensthema der Schauspielerin, Drehbuchautorin und Regisseurin Karoline Herfurth, das sich auch in ihren Filmen widerspiegelt. Im Videochat sprachen wir mit ihr über vermeintliche Körperideale, Sex
0_219424_140_7660197164684971297;0.0992;enthusiastic;;;;;beLIVELY Supplements 🌿 Antiage Supplements ❤️ beLIVELY NMN ist ein beliebtes Nahrungsergänzungsmittel zur Steigerung des NAD+-Spiegels im Körper, das vor allem im Longevity- und Anti-Aging-Bereich eingesetzt wird. Die Abkürzung NMN steht für Nicotinamid-Mononukleotid, eine natürliche Vorstufe des Co
0_218673_9_3510354172093769;0.0992;satisfied;procedure-curious;;;;Der Elijah ist unterirdisch….genau so, wie seine Augenringe….er ist nie sachlich und seine Argumentation ist mir zu vulgär ….dazu noch neidisch auf erfolgreiche YouTuber etc.etc.
0_219424_26_1491560019664634;0.0993;satisfied;;;;;NEU 🫒🍸✨https://urls.fr/EWY1I5Diesen Sommer landet Olive nicht nur in deinem Cocktail, sondern auch auf deiner Haut.Olivenöl bietet dank seines hohen Gehalts an essenziellen Fettsäuren (wie Ölsäure), Vitaminen (A, D, E und K) sowie Antioxidantien (Polyphenolen) zahlreiche Vorteile für die Haut. 💁‍♀️💧
0_219424_9_yt.80-Ck8pwAhQ;0.0995;seeking;procedure-curious;peel,retinol;microneedling;;"Cool Body Würzburg | Dauerhafte Haarentfernung, Microneedling & Microdermabrasion Cool Body Würzburg | Dauerhafte Haarentfernung, Microneedling &amp; Microdermabrasion in Würzburg: Erfahre mehr über uns in diesem überblicksartigen Imagefilm. Finde heraus, wie du mit uns in Kontakt treten kannst, wan"
0_218673_126_t3_1n5qy16;0.0995;satisfied;procedure-open;aging-signs;;;Terrine Country Bread Mal wieder ein Country Bread gebacken. Weizenmehl 1050 und Weizenvollkorn, etwas Roggenvollkorn habe noch reingeworfen. Achtung, jetzt kommt Jammern auf hohem Niveau: Ich hätte dem Teig wohl noch ein bisschen Zeit geben sollen und noch mal Falten und Dehnen einbauen sollen. Es 
0_219424_8_2079532676797595694;0.0996;satisfied;;;;;Vinicius Junior hat sich einer Schönheitsoperation unterzogen, berichten brasilianische Medien. Auf neuesten Bildern ist der Brasilien-Star kaum wiederzuerkennen.  https://t.co/P0wTFESaue
0_219424_126_t1_oa7ifsc;0.0998;disappointed;skincare-first;;;;Warum schminken sich Frauen aus sozioökonomisch schwächeren Schichten oft stärker? Ich denke es ist ein Mix aus 3-4 Punkten: 1. Man möchte zeigen, was man hat. Es wurde hier ja schon mehrfach genannt, dass ärmere Leute größere Marken-Logos tragen undmehr mit Statussymbolen protzen. Eben um zu sugger
0_219424_126_t1_ot3a2rk;0.0999;satisfied;skincare-first;spf;;spf;Dass Frauen nur einen kleinen Teil der Männer durchschnittlich attraktiv oder hübscher finden liegt nicht daran, dass zu hohe Ansprüche vorliegen, sonderen daran, dass wir uns schlecht um uns kümmern. Ganz so extrem, wie du es darstellst, ist das Problem eigentlich nicht. Ich gehe die Punkte mal dur
0_219424_126_t1_oh5yuc2;0.1003;satisfied;procedure-curious;price;;;"Staiy- ""Jo Leute auf die neuen Videos zu Mowky und AnniTheDuck möchte ich nicht reagieren, weil ich bin nicht so ein Drama-Fan"" auch staiy: Ok, aber normales Verzerren von Audios erlaubt auch einfacheres Entzerren. Audiobearbeitung ist ein eher kleiner Teil vom Video schneiden. Verzerrung bis zur Un"
0_218673_126_t1_nbcwavl;0.1003;seeking;;;;;"Miese Augenringe https://preview.redd.it/zxi6xxa610mf1.jpeg?width=848&amp;format=pjpg&amp;auto=webp&amp;s=6d16c8dd7ba3463b5cc5a7581b403b70eb9bdad7"
0_221687_190_3834649263539801669;0.1003;satisfied;skincare-first;retinol,vitamin-c;;;Miriams Lieblings-Lunch: Golden Chicken BowlZutaten (2 Portionen):300-400 g Bio-Hähnchenbrust1 mittelgroße Süßkartoffel½ Brokkoli½ Glas gekochte Kichererbsen1 EL OlivenölSaft einer ½ ZitroneKurkuma-Öl:2 EL Olivenöl½ TL KurkumaPrise Schwarzer Pfeffer½ TL PaprikapulverPrise MeersalzTopping:1 AvocadoFr
0_219424_140_7663913106053057825;0.1005;seeking;;hyaluronic-acid;;;"Luxury starts with healthy hair. ✨ Luxe Bob &amp; Hyaluron Glossing für seidigen Glanz, intensive Pflege und einen Look, der Luxus ausstrahlt. 🤍 #düsseldorf #luxuryhair #friseurdüsseldorf #pempelfort #bob"
0_219424_190_3950392181548150316;0.1006;enthusiastic;skincare-first;;;;"BERRY GOOD MORNING 🫐🤍Die neue RISE Summer Edition mit Beerengeschmack. Schmeckt richtig lecker, enthält Kollagen, Hyaluron und einen Koffein-Mix aus Guarana &amp; grünem Kaffee – und ist für mich die beste Alternative zu klassischen Energy Drinks. 🍓✨Perfekt für lange Tage, wenn ich einen Boost brauc"
0_218673_126_t3_1umsg86;0.1006;seeking;skincare-first;botox,aging-signs,price;;;Silikon und Super Soft Silikon bei housedoll-Sexpuppen: Die Königsklasse der Materialqualität und Langlebigkeit Neben TPE hat sich ein weiteres High-End-Material fest im Premium-Segment etabliert: Silikon. Als synthetischer Hochleistungs-Werkstoff, der in einem präzisen Verfahren aus Silizium, Sauer
0_219424_126_t1_o7ej3lh;0.1007;satisfied;skincare-first;;;;Ernährungsumstellung - vegetarische Gerichte, die ihr empfehlen könnt? [Super Veggie](https://blueprint.bryanjohnson.com/blogs/news/how-to-make-my-anti-aging-lunch-live-to-120) von Bryan Johnson.Ich mag die vereinfachte Version: Schwarze Linsen, Brokkoli, Blumenkohl, Olivenöl, optional Ingwer und Kn
0_219424_9_26970084950240543;0.1007;seeking;skincare-first;;;;40? Hab mich auch gefragt, wie alt sie wohl ist. Aber sie sieht wie Anfang 40 aus. Vielleicht ist sie noch etwas älter und sieht durch Botox paar Jahre jünger aus. Wer weiß. Aber das schärfste Messer in der Schublade ist sie nicht.😂
0_219424_26_1046182957922524;0.1008;enthusiastic;procedure-curious;fillers;;;"Beauty &amp; Klarheit. Äußeres und Inneres in Einklang. 🤍Am Samstag, 15. August erwarten dich im Glow collective zwei besondere Angebote an einem Ort.✨ DERMAMEDICAL by Dana HaackUnterspritzungen• Individuelle Beratung• Lippenaufbau• Faltenbehandlung mit Hyaluron• Skinbooster• Natürlich frische Ergeb"
0_219424_9_24772909550577571;0.1011;disappointed;procedure-curious;;;;Der jenige tut mir leid. Ich an seiner Stelle würde das Geld zurück verlangen wegen der verkorksten schönheitsop. (Oder meinst du so wie Justin Biber aussah, als dieser noch ein thenager war?, dann sieht er hot aus).
0_221687_8_2014245492805312580;0.1011;disappointed;skincare-first;retinol;;;Retinol ist der beliebteste Wirkstoff im Bereich Anti-Aging. Und ein richtig gutes Serum mit Retinol habe ich jetzt in der Drogerie gefunden. https://t.co/kRtIcmDToJ
0_221687_8_2025483329085034666;0.1011;disappointed;skincare-first;retinol;;;Retinol ist der beliebteste Wirkstoff im Bereich Anti-Aging. Und ein richtig gutes Serum mit Retinol habe ich jetzt in der Drogerie gefunden. https://t.co/lzhouLNVuP https://t.co/EiiMPtdWgr
0_218673_9_yt.mYILbF4AXy0;0.1014;enthusiastic;procedure-curious;;;;Lookbook Fashion Show: Elegantes weißes Minikleid mit Rüschen & V-Ausschnitt | LookBook Easy Willkommen zu einer neuen Ausgabe der Lookbook Fashion Show auf LookBook Easy! 👗In diesem Video präsentieren wir ein exklusives Design-Highlight: Ein kurzes weißes Kleid, das durch raffinierte Details bestic
0_219424_9_24686438601730157;0.1017;disappointed;;;;;​ Christina erzählte damals, dass sie beide Botox machen.
0_218673_15_51437041382739493;0.1017;enthusiastic;procedure-curious;aging-signs;;;Die Melancholie der Betonmischmaschine in der Secession Wien Eine Betonmischmaschine, ihr Bauch wie eine Wunde aufgeschnitten, dreht sich unermüdlich, erzeugt durch Vermengung von Wasser mit Eisenoxiden, Sägemehl und Goldpigmenten eine zähe Flüssigkeit, die, per Schläuchen transportiert, über eine s
0_218685_9_yt.tk5aV01PUrk;0.1018;enthusiastic;skincare-first;peel,retinol,vitamin-c,price,celebrity;;pha;Soft Glam Holiday Make-up / einfach Ü40 #natalinordbeauty #makeup #makeup #glam #glamlook #holiday #natalinordbeauty #ootd #new Lass uns ein schönes, softes Glam-Makeup für Weihnachten, Silvester oder einen besonderen Anlass schminken.21.22€ Nabla Primer Angel Aura https://bit.ly/4pMMKP55% CODE: 5NA
0_221687_140_7590848130803879190;0.1024;satisfied;;;;;Oildem Tallow Beef Tallow natürliche Hautpflege mit Olivenöl Bienenwachs, Vitamin E. Und natürlich Hauptbestandteil Rindertalg 🌸🌸🌸 #tallow #beeftallow #oildem #naturalbeauty #skincare
0_219424_126_t1_o9pr9kj;0.1025;satisfied;procedure-curious;;;;Der Schauspieler der eine Figur spielt die detailliert beschrieben wird, sollte auch dessen Hautfarbe haben. die aussage ist erweiterbar, so ist in der südostasiatischen welt das schönheitsideal bleicher haut etabliert (vorrangig durch korea und china), sodass auch in thailand, vietnam oder sogar sü
0_221687_126_t1_o8ogk9c;0.1025;seeking;;vitamin-c;;;The best Vitamin C serum in 2026? Alumier
0_219384_15_8451336428120128;0.1026;seeking;skincare-first;spf,price;;spf;Alé Trikot Magabyte 2.0 für Frauen Passend zum Sommer hat uns die Firma Alé  mit dem Megabyte 2.0 Trikot für Frauen ein leichtes Sommertrikot für heiße Tage zur Verfügung gestellt. Alé Trikot Megabyte 2.0 für Frauen Factsheet Alé Megabyte 2.0 Größe XXS bis 4XL Material 90% Polyester und 10% Elasthan
0_218673_15_37184740734209793;0.1027;enthusiastic;skincare-first;aging-signs;;sod;"36 Produkte aus der Höhle der Löwen, die wirklich was taugen In der 19. Staffel wieder mit dabei: Frank Thelen und Ralf Dümmel. (Bildquelle: RTL / Bernd-Michael Maurer / Bildbearbeitung GIGA) Am 19. August 2014 strahlte VOX die allererste Folge der Gründershow ""Die Höhe der Löwen"" aus. Ein absolutes"
0_218685_126_t3_1p80hyp;0.1027;disappointed;skincare-first;;;;Gabriela Alves hatte noch nie Botox oder Beauty-Eingriffe
0_219424_23_42709369532909198;0.1028;satisfied;;price;;;"Botex PDB-4R 3P Das Botex PDB-4R 3P ist ein Praktischer 19"" Zoll Einschub mit Integriertem DMX Splitter und guten Funktionen.Wenn man mehrere in ein Rack montiert kann man die Problemlos patchen oder man nutzt jedes für ein Universum.Das einzigste was super gewesen wäre wenn die Blaue PowerConhinten"
0_218673_8_2025279894364848302;0.1028;satisfied;;;;;3/ Zink ist ein Schlüsselfaktor.Es reguliert die Talgproduktion, gleicht hormonelle Prozesse aus und ist an der Kollagenbildung beteiligt – jenem Strukturprotein, das unserem Bindegewebe Festigkeit verleiht. Ein Mangel kann Akne und fahle Haut begünstigen.
0_219424_126_t1_o1mu03g;0.1029;seeking;procedure-open;;;;CDU-Wirtschaftsflügel will Rechtsanspruch auf Teilzeit abschaffen Das Botox und das Silikon.
0_218673_126_t1_nla7sy8;0.1029;disappointed;procedure-curious;;;;Mein Bruder wird Vater - und ich kann mich nicht für ihn freuen Die meisten Kommentare helfen nicht. Du fühlst dich schlecht, du hast dein Leben nicht im Griff , du bist schon so frustriert das du anderen nicht gönnst und Neid dominiert. Das ist nicht genug, das ist nicht toll oder liebenswert. Du b
0_218673_9_32975484758524593;0.1029;satisfied;;;;;Er sieht irgendwie sehr alt aus...extrem dünnes Haar😂Dazu Augenringe des Todes😂
0_219424_9_yt.MRZmCSd23lk;0.103;disappointed;;;;;10 Anti-Aging Lebensmittel – Natürlich gesund älter werden 🌿 Gesundes Altern ist kein Zufall – sondern tägliche Entscheidung.Diese 10 Anti-Aging Lebensmittel liefern wichtige Antioxidantien, gesunde Fettsäuren, Vitamine und sekundäre Pflanzenstoffe, die Ihre Zellen vor oxidativem Stress schützen kön
0_218673_126_t1_nwrz3j2;0.103;enthusiastic;procedure-curious;;;;Wie nutzt ihr Online Dating wirklich? (Strategie, Bauchgefühl, Pausen?) Gar nicht. Ich habe mit 33 aufgegeben. Es war sehr stressig und frustrierend. Ich habe (irl) jemanden jüngeren kennengelernt und habe seit mehr als 2 Jahren eine entspannte und schöne F+. Mir ist die Lust auf bzw. Wunsch nach Be
0_218673_9_yt.Jj0m6YsuFIk;0.103;disappointed;skincare-first;aging-signs,celebrity;;;"Sie weigerte sich Falten zu retuschieren als ganz Frankreich das Gegenteil verlangte... 💔 Simone Signoret war 1959 die schönste Frau Europas. Mit ""Der Weg nach oben"" hatte sie als erste Französin den Oscar für die beste Hauptdarstellerin gewonnen. Sie spielte fatale Liebende, goldhaarige Verführerin"
0_218673_9_yt.VVj0dvb28bI;0.103;enthusiastic;procedure-curious;aging-signs;;;Elisa Thorval 😎🤘 Kalte Engel Sie leben gefährlichUnd alles and're als ehrlich.Engel, kalte Engel.Silikon ist ihr Kapital,Erste Falten eine Qual.Engel, (Kalte Engel.)Dabei sein.High sein.Frei sein!Du kannst stundenlang dein Spiegelbild anschaun,Der Speck ist weg, die Haut ist nahtlos braun.Auf der So
0_219424_26_1685714310224972;0.1032;seeking;;price;;;"Wir verlosen 3 exklusive ProCollagen &amp; Hyaluron+ Starterbundles von Biogena im Wert von je € 79,90 🤫✨"
0_221687_140_7621151985462480161;0.1032;enthusiastic;skincare-first;vitamin-c,aging-signs;;zinc;"💖 Mit den Frühjahrs-Deals sparen 🏷️✨ Mein liebstes Beauty-Kollagen von Nature's Way für Haut, Haare &amp; Nägel hat alles was man braucht. Kollagen + Vitamin C, Biotin, Zink &amp; Hyaluron in einem. 💖 @Nature's Way Europe #naturesway #beauty #Collagen #hautpflege #fyp"
0_219424_140_7660997111244213537;0.1033;enthusiastic;skincare-first;;;;Bryan Johnson, der Mann, der unsterblich sein will… 🤯 #bryanjohnson #antiaging #nachrichten #biohack #autoimun
0_218673_8_2037837008287002818;0.1033;satisfied;;aging-signs;;;Bestseller 🚀KANZYKanzy Hagebuttenöl 🌿 Kaltgepresst 100% Rein 120ml Rosehip Oil Wildrosenöl für Haut Haare Nägel Gesichtsöl Körperöl Vegan Hexanfreies Hagebuttenkernöl Anti-Aging Anti-Falten Details anzeigen https://t.co/3InPv3jc4C
0_219384_126_t1_nc99s1s;0.1033;satisfied;procedure-curious;;;;Ich bin mir sicher das verstößt gegen eine DIN aber ich weiß nur nicht gegen welche Fachkraft für Veranstaltungstechnik und angehende Meisterin für Veranstaltungstechnik hier. Einen DIN-Verstoß sehe ich hier nicht unbedingt, aber einen Gesetzesverstoß (mehr dazu später). Erstmal, um komplett korinth
0_219424_15_65141936029067575;0.1034;enthusiastic;procedure-open;pressure;;;Kein Glätten, kein Verstecken: Warum Jo Woods Runway-Moment mit 70 so wichtig ist Offiziell startet die London Fashion Week am Donnerstag, dem 19. Februar, doch schon zwei Tage zuvor bekommen Fashion-Fans die neue Kollektion des Designer-Duo VIN + OMI zu Gesicht. Zwischen futuristischer Mode ist auc
0_219424_140_7660844195170602273;0.1034;disappointed;procedure-curious;;;;DAS GESETZ DER ANZIEHUNG IST KEINE ZAUBEREI🤍 Positive Gedanken allein verändern nicht automatisch dein Leben. Aber sie verändern, worauf du achtest,welche Möglichkeiten du erkennst und wie du handelst. Gedanken geben die Richtung vor. Handlungen bringen dich voran. ECHTES ANTI-AGING IST GANZHEITLICH
0_219424_140_7658744882349067553;0.1035;enthusiastic;procedure-curious;peel;microneedling;;Neu in Stuttgart und teste mich durch die ganze Stadt 😍💌 Heute: koreanische Microneedling-Behandlung 😱 Ergebnis? Ich bin begeistert – schnell, angenehm, top Praxis. Wie gefällt's euch?♥️
0_219424_190_3936686576514824008;0.1035;enthusiastic;procedure-open;vitamin-c;;;☀️ HALLO IHR LIEBEN ☀️Ich wünsche euch allen einen schönen Mittwoch ☀️🍀❤️Good Morning 🌸Happy Wednesday,enjoy your day ☀️❤️🫶❣️💝Heute gab es zum Power-Boost Frühstück:ENERGIEBOOST-DRINK 🫚🍋‍🟩🧊💇‍♀️🌿Ist perfekt am Morgen oder nach dem Training 🏋️‍♂️ Ihr braucht:frische Roosmarin ein Daumen großes Ingwer 
0_218673_126_t1_ob4aeql;0.1037;disappointed;;aging-signs;;;"Haut verbrannt nach Laser von Pigmentflecken https://preview.redd.it/pgtl943z6tpg1.jpeg?width=1825&amp;format=pjpg&amp;auto=webp&amp;s=4fddd60c5ca17a9b282dbee89558804d7bae1634"
0_221687_190_3901106942701530169;0.1038;enthusiastic;;;;;🍒Mai Saisonkalender: Frische Lebensmittel des MonatsSaisonales Essen ist nicht nur frischer, es ist nährstoffreicher, bekömmlicher und genau das, was unser Körper zu dieser Jahreszeit braucht. Der Frühling steht für Hydration, Leichtigkeit und Erneuerung.Vollwertige Lebensmittel, echtes Protein und 
0_219424_9_yt.VefjLTCFLoY;0.1039;satisfied;;;;;Muskeln aufbauen nach 75: DIESES FRUCHTPROTEIN ist100.000x besser als Eier | Gesundheit für Senioren 💪🍎 Muskeln aufbauen im Alter? Viele Senioren kennen dieses kraftvolle Fruchtprotein nicht!In diesem Video erfahren Sie, warum bestimmte Früchte beim Muskelaufbau nach 75 helfen können und weshalb sie
0_218673_9_yt.OzmSe_UZIN8;0.104;satisfied;;;;;Hausgemachte Kollagen-Würfel. Glätten Falten und Stärken Gelenke Hausgemachte Kollagen-Würfel. Glätten Falten und Stärken Gelenke
0_218673_9_55644782103049127;0.1041;seeking;skincare-first;aging-signs;;;Mein Handbrot😍 Zum Rezept geht es hier.👇🏻Für den Teig•500 g Weizenmehl Type 00 (z.B. Teichners Beste') oder Type 405•15 g Salz•3 g frische Hefe (oder 1 g Trockenhefe)•310 g kaltes Wasser•15 g OlivenölFür die Füllung•150 g Gouda oder Bergkäse•150 g Speckwürfel oder Kochschinken•2-3 Stangen Frühlingsz
0_218673_15_5048910536235077;0.1043;satisfied;procedure-curious;celebrity;;;Bernd Stelter in der Falkenseer Stadthalle: Kacka in der Hose! Bernd Stelter ist Kabarettist, Musiker und Moderator. Er schreibt Bücher und tritt im Fernsehen auf. Nach Falkensee kam er am 19. Oktober aber nicht als TV-Promi, sondern eher als väterlicher Freund, als Ratgeber und als Coach voller Leb
0_219404_9_yt.CKoI64yb9g8;0.1043;enthusiastic;procedure-curious;facelift;;;POPPY PLAYTIME CHAPTER 5  #10: Eine ereignisreiche Tee Party! ►Werde ein Arcadian: https://bit.ly/3o5Tk2F►Folgt mir auf Twitch: https://www.twitch.tv/arcadiasupreme►Zockerbibliothek: https://bit.ly/3mkxcBt-Let's Play Poppys Playtime Chapter 5 (PC/Steam/German)Auch wen wir es schaffen vor Lilly zu en
0_219424_9_yt.Xdg_wvVxTV8;0.1044;enthusiastic;procedure-curious;;;;Fast wie Urlaub 🎥 Willkommen zum Video!Schön, dass du eingeschaltet hast! 🙌Wenn dir der Content gefällt, lass gerne ein Like da 👍 und abonniere den Kanal, um nichts mehr zu verpassen.📲 Folge mir auch auf Social Media:👉 Instagram: @Patrichaflatwood👉 TikTok: @PatrichaflatwoodDort gibt es noch mehr exk
0_219424_9_yt.qYqan0BFXFw;0.1045;enthusiastic;;retinol;;;Wie sehr kann man seinen Körper mit Füßen treten?  #schönheitsop #magenballon #beautyop Wie sehr kann man seinen Körper mit Füßen treten?#schönheitsop #magenballon #beautyop
0_219424_190_3945463578390207500;0.1045;enthusiastic;procedure-open;peel;microneedling;;💚 BEAUTY EVENT SPECIAL 💚Entdecke die Verbindung aus moderner Beauty-Behandlung und natürlicher Pflege 🌿Bei PowerPGrow Beauty erwarten dich: ✨ Beratung ✨ Beauty-Treatments ✨ Pflege-Inspiration ✨Deine Haut verdient Pflege mit hochwertigen, frischen Inhaltsstoffen 🌿Bei PowerPGrow Beauty verbinden wir p
0_219384_126_t1_ni1w8q5;0.1046;enthusiastic;procedure-curious;laser,aging-signs;laser;;"IPL Laser Intimbereich - Gerät für Zuhause holen oder im Studio machen lassen? &gt; heller Hauttyp mit dunklen HaarenWie gut ein IPL-Gerät im Einzelfall funktioniert, hängt von der Haarfarbe und Hautfarbe ab:[https://i.ibb.co/fzk2vGnx/a.jpg](https://i.ibb.co/fzk2vGnx/a.jpg)Bei sehr blondem, rotem od"
0_219424_9_yt.ODMQ1GxmTQQ;0.1047;seeking;procedure-curious;retinol,celebrity;microcurrent;;"""Hidden Gems"" Wie TikTok Urlaubsorte ruiniert Wie habt ihr eure letzte Reise ausgesucht? Habt ihr euch inspirieren lassen von Serien wie Emily in Paris, White Lotus oder Game of Thrones? Habt ihr gesehen, wie eure Freunde in Japan oder Influencer auf Bali abhängen? Oder hat euch der TikTok und Insta"
0_219424_190_3930717254218759476;0.1048;enthusiastic;procedure-curious;;;;Ich freue mich auf Euren Besuch bei mir ☀️#haan #hilden #kosmetik #beratung #antiaging
0_219424_26_1708412284183660;0.1048;enthusiastic;;aging-signs;;;Babylights in Blond sind eine Haarfärbetechnik, bei der ultrafeine Strähnchen vom Ansatz bis in die Spitzen gesetzt werden.: Da die Strähnen hauchdünn und dezent gesetzt werden, wachsen sie weich heraus. : Sie eignen sich sowohl für dunkelblonde Haare, um diese aufzuhellen, als auch für hellblondes 
0_218673_126_t1_npdilcr;0.1048;cautioning;procedure-curious;;;;Montagmorgenfaden - Augenringe-Edition Dubai mag ich selber auch nicht aber ich liebe die Kinder meiner Bruder von daher muss ich nach Dubai um die zu besuchen
0_219424_190_3933440346169712670;0.1049;disappointed;procedure-curious;;;;"Dezent fertig vom stundenlangen Tanzen, aber ein Erinnerungsfoto musste einfach noch sein 🤭. Denn neben den gewonnenen Tickets von @zillo_1989 &amp; @plusweltpromotion für das @eastside_festival, hat mir @veto.lestard von @antiagemusic die @orkus_magazin Ausgabe - mit dem Foto von @kaaleidoskop - pa"
0_218673_8_2032211722124054954;0.1049;satisfied;;;;;@magdichnichsry aber stabiler boden + holy augenringe bro jesus
0_219424_126_t1_ooczdrk;0.1051;disappointed;skincare-first;;;;Helft mir mal reiche Leute zu verstehen Wenn man reich ist, opfert man, je reicher man wird, seine eigenen Gedanken, Bedürfnisse und Persönlichkeit, um bei den anderen Reichen dazu zu gehören. Es fängt mit der Physik an - Botox, OPs, bis man nicht mehr aussieht wie der Pöbel. Dann kommen Hobbies, di
0_219424_126_t1_oyglvxx;0.1052;disappointed;skincare-first;botox;;;Bin ich eigentlich der einzige politisch links eingestellt, der Ikkimel extrem problematisch findet? Extrem problematisch find ich sie jetzt nicht. Warum sie von Teilen der Linken so gefeiert wird, verstehe ich aber auch nicht wirklich. Sie glorifiziert so einiges, was für mich eher in die unpolitis
0_218673_9_12435109092813248;0.1052;seeking;procedure-curious;aging-signs;;;Silberschlüssel 16/30Dämonentüren: Darkwood-Bordell, Haus der Familie Grey, Scharfrichterhügel, Lychfield-Friedhof, Aussichtspunkt, NecropolisTavernernspiele: Süd-Bowerstone, Oakvale, Zwillingsklings-Lager, Knothole Glade, Hook-Küste, Snowspiretod-o-liste: silberschlüsseltruhe in der gilde (20), 2 t
0_218673_9_69110194073468647;0.1052;enthusiastic;;;;;TOSOWOONG Arbutin 7%gegen Pigmentflecken, Sommersprossen: https://amzn.to/44eAKN2TOSOWOONG Real Collagen Fit: https://amzn.to/4gsQqDT
0_221687_8_2020193446602936548;0.1054;disappointed;skincare-first;retinol;;;Retinol ist der beliebteste Wirkstoff im Bereich Anti-Aging. Und ein richtig gutes Serum mit Retinol habe ich jetzt in der Drogerie gefunden. https://t.co/6haet8jshE https://t.co/U2KHssqtyT
0_221687_9_63648846512430502;0.1055;disappointed;skincare-first;;;;Hallo, liebe Anja, danke für das Video und den Code! ich bin ja auch ein Dalton Girl :-) - die neue Serie hat mich ehrlicherweise etwas enttäuscht, zumindest wird sehr viel mit Marketingworten rumgeschmissen, was Dalton eigentlich nicht notwendig hat (Bio Retinol, grüner Kaviar, veganes Kollagen....
0_221687_140_7621280618772548886;0.1056;satisfied;;;;;"Cremiger Blaubeer-Smoothie – dein täglicher Beauty &amp; Energie Boost Vollgepackt mit Antioxidantien, gesunden Fetten &amp; pflanzlichem Protein – für Zellschutz, strahlende Haut &amp; langanhaltende Energie  🫐 Zutaten &amp; Benefits: • 150 g wilde Blaubeeren (gefroren) → extrem reich an Antioxidan"
0_219424_126_t1_o61oqov;0.1057;cautioning;;;;;Ideale Studios für Haare weglasern Für Laser müssen die Haare so dunkel wie möglich sein. Nadelepilation kann jeder machen lassen, ist aber teurer.
0_219424_26_1638721348146458;0.1057;enthusiastic;procedure-open;peel;microneedling;;Das ist unsere liebe Anastasiia ✨Sie ist 20 Jahre jung und lebt seit 2022 in Deutschland. Schon jetzt ist sie eine absolute Fachfrau in den Bereichen Maniküre und Pediküre sowie im Brow- und Lashlifting. 🤍Schon in jungen Jahren war sie als Model tätig und entdeckte dort ihre Leidenschaft für Ästheti
0_218685_9_yt.qgQsq2rjsIM;0.1057;enthusiastic;skincare-first;hyaluronic-acid;;;Du bist Erde – Das Erwachen des lebendigen Tempels Skin Reset – Wenn die Erde sich selbst berührt 🌿Der Mensch ist mehr als Körper – er ist Erde in Bewegung, Bewusstsein in Gestalt.Dein Körper ist ein heiliger Tempel, erschaffen aus den Elementen der Erde, durchströmt vom Atem des Lebens.Wie Flüsse u
0_221687_190_3959988891337412376;0.1057;enthusiastic;skincare-first;;;;"Urlaub, Pool &amp; mein RISE ☀️💦✨Genau so liebe ich es: einfach mal abschalten, die Sonne genießen und mir trotzdem etwas Gutes tun. 🫶🏼Mein RISE gehört für mich mittlerweile einfach dazu. 💛Die Kombination aus Guarana, Hyaluron &amp; Kollagen ist für mich der perfekte Begleiter für den Tag.✨ Guarana "
0_219424_9_7761284098822084;0.1058;satisfied;skincare-first;botox;;;"Wer alle Filme, dazu die alten US Serien als Fire Marschall Bill usw. und alte Auftritte vor seinem Durchbruch kennt, der kennt sämtliche Gesichtszüge von Jim Carrey.Und die stimmen mal überhaupt nicht mit dieser Person überein.Jim hat außerdem Schlupflider, Grübchen und Falten, die bei diesem ""Jim"""
0_219424_190_3948984610162213132;0.1058;enthusiastic;;aging-signs;;;Ganz einfach erklärt :SWiCH™ = Energie für deine Hautzellen.Mit dem Alter produzieren unsere Hautzellen weniger ATP – das ist die Energie, die sie zum Reparieren und Erneuern brauchen.SWiCH™ regt die Haut an, wieder mehr ATP zu bilden.➡️ Mehr ATP = mehr Energie für die Haut = bessere Regeneration, m
0_218673_8_2039962656610652264;0.106;disappointed;skincare-first;retinol,vitamin-c,aging-signs;;ectoin;Hyaluron, Retinol und auch Vitamin C gehören zu den bekanntesten Anti-Aging-Wirkstoffen. Doch 2026 rücken andere Inhaltsstoffe in den Fokus: Ectoin und PDRN sind die neuen Stars unter den Falten-Killern. https://t.co/5QI7loTzbN https://t.co/VNfQBpzlVN
0_219424_26_1625903152876056;0.1064;enthusiastic;procedure-open;;;;"So glücklich sah ich auf meinem ersten Bonnie Tyler Konzert aus. Der erste Satz von ihr: „Thank God for Botox."" Ich weiß nicht, wie oft ich ihren Song „Total Eclipse of the Heart"" auf der Thai Karaoke Bühne auf dem Kiez gesungen habe oder mich meinem Herzschmerz mit ihr und einer Flasche Wein hingeg"
0_219424_9_yt.6aIlUnWRT1g;0.1065;satisfied;;;;;Was du über Sculptra wissen solltest! Sculptra ist kein klassischer Filler.Während herkömmliche Hyaluronsäure-Filler durch das injizierte Material direkt Volumen erzeugen, basiert Sculptra auf Poly-L-Milchsäure (PLLA) – einem bewährten, biokompatiblen Kollagen-Stimulator.Der Volumeneffekt entsteht n
0_219424_190_3948540400947916316;0.1065;seeking;;;;;Die meisten Frauen haben kein Anti-Aging-Problem.Sie haben ein Muskelproblem.Denn ab 30 beginnt der natürliche Muskelabbau – in den Wechseljahren beschleunigt er sich.Warum Muskeln so wichtig sind:💪 Stoffwechsel aktivieren🩸 Blutzucker stabilisieren🦴 Knochen stärken❤️ Herzgesundheit unterstützen⚖️ Se
0_218673_15_65448314124989163;0.1065;enthusiastic;procedure-curious;hyaluronic-acid,aging-signs,price;;;"42 Produkte aus der Höhle der Löwen, die wirklich was taugen In der 18. Staffel auch wieder mit dabei: Finanzinvestor Carsten Maschmeyer. (Bildquelle: MG RTL D / Frank Hempel / Bildbearbeitung: GIGA) Am 19. August 2014 strahlte VOX die allererste Folge der Gründershow ""Die Höhe der Löwen"" aus. Ein a"
0_221687_140_7624114685520121090;0.1065;satisfied;skincare-first;;;;d'Alba ist eine renommierte koreanische Premium-Skincare-Marke, die für ihre Kombination aus moderner K-Beauty-Technologie und luxuriösen Inhaltsstoffen aus Europa bekannt ist. Das Herzstück fast aller Produkte ist der weiße Trüffel (White Truffle) aus dem Piemont, Italien. Dieser ist reich an  Anti
0_219424_140_7657221869526846753;0.1066;enthusiastic;;price;;;"Neue Balea Jungle Whisper Kollektion bei DM entdeckt! 😍 Die Limited Edition mit Hyaluron, Hibiskus &amp; exotischen Früchten ist da. Lippenmaske, Augenpads &amp; Tuchmaske – alles für 1,25€ - 1,95€. Was ist euer Favorit? 🌴💕 #balea #junglewhisper #dm #neuheit #limitededition"
0_219424_9_yt.QJ0uEJUmNAk;0.1067;disappointed;procedure-curious;;;;Meine beste Freundin ist besser als alle meine Exs zusammen #freundschaften #bff #femalefriendshipSeit zwei Jahren hat El eine Beziehung, die sich ziemlich ideal anfühlt: Sie fühlt sich gesehen, verstanden und hat nicht das Gefühl, dass emotionale Arbeit nur an ihr hängen bleibt. Die Beziehung ist l
0_218673_126_t1_npaxqo3;0.1068;seeking;skincare-first;;;;Ich bin Andreas Rassuly vom Museum für Naturkunde Berlin und betreue dort über 1,2 Millionen Fossilien. Fragt mich alles zu Dinosauriern und der Museumsarbeit hinter den Kulissen! [AMA] Stickies der letzten 8 Tage:* 17.11.2025 - [Montagmorgenfaden - Augenringe-Edition](https://www.reddit.com/r/de/co
0_218673_23_39321436136179859;0.1069;seeking;;spf;;;Hervorragende Sonnencreme, leichte Textur, hoher, wirksamer Sonnenschutz beugt Pigmentflecken vor.
0_221687_190_3746667839110135607;0.1069;enthusiastic;skincare-first;retinol,aging-signs;;;NEU! Weleda Cell Longevity Super Anti-Aging mit NAD+ Booster und Retino-Cell. NAD+ Booster in doppelter Konzentration verjüngt die Haut auf Zellebene und reduziert selbst tiefe Falten sichtbar. Retino-Cell, die pflanzliche Alternative zu Retinol, glättet die Haut und schenkt ihr jugendliche Frische.
0_219424_126_t1_o74jbde;0.107;disappointed;skincare-first;;;;"W|24 Doll 👑 sucht nach Sklaven Wie wo denn ? „Finanzielles Interesse"" direkt Anfang, „albanisch polish"" ta Qi pidhen ich bin doch Albanerin. Die Struktur wie dein Text aufgebaut ist alles komplette Inspiration von meinen Text. Zu hohl und zu faul sich selbst was eigenes auszudenken. Kommt vom ganzen"
0_219424_9_51224264993331996;0.107;satisfied;procedure-open;;;;Schön dass Anni nix echtes gegen Mowky machen will, warten wir auf Mowkys nächsten Fall und wie Anni sich die Schuld gibt. Einfach die Gruppe weiter machen lassen, Gott wird sie schon strafen *LachSo lange das nicht vor Gericht geht gehe ich davon aus dass Anni evtl bei anderen Geschichten ebenso tä
0_218685_15_20503100969455884;0.107;satisfied;skincare-first;peel,vitamin-c,celebrity;;zinc;Erdbeeren – Verführerische Früchtchen Süß, aromatisch, leuchtend rot: Erdbeeren sind einfach verführerisch. Kein Wunder sind sie der Deutschen liebste Früchte. Wie gut, dass sie hierzulande bestens gedeihen. Denn je länger sie vor der Ernte am Strauch reifen dürfen, umso geschmackvoller sind sie. De
0_221687_190_3954322672006107763;0.107;enthusiastic;skincare-first;retinol,vitamin-c;;;🥗 Was steckt in meinem Abendessen?🍗 Gegrilltes Hähnchen→ Hochwertiges Eiweiß für Muskeln und Regeneration→ Unterstützt den Muskelerhalt während der Abnahme→ Sorgt für eine lange Sättigung🥬 Salatherz→ Ballaststoffe für die Verdauung→ Vitamin K für Knochen und Blutgerinnung→ Folsäure für die Zellbildu
0_219424_126_t1_otoirtn;0.1071;satisfied;procedure-curious;;;;Juni 2026 - Social Media-Thread über Christian Wolf & Co Was will er uns damit sagen? Dass er dadurch bevorzugt behandelt wird? Supi…BTW: habt ihr das Tiktok gesehen, indem CW sagt, dass er sich von dem Typ, der SchönheitsOPs macht das Gesicht hat kritisieren lassen und Romina hätte dann auch gefrag
0_218673_15_16336901936478420;0.1072;satisfied;procedure-open;price;;;"„Stress""-Comeback in der Altstadt: Düsseldorf hat seine legendäre ""Kneipe"" wieder! Die Düsseldorfer Altstadt hat eine ihrer legendärsten Institutionen zurück: Seit dem 1. Juli ist die ""Kneipe"" an der Liefergasse nach monatelanger Kernsanierung in Eigenregie endlich wieder geöffnet - und heißt jetzt "
0_219424_26_1507326601411930;0.1073;disappointed;;;;;80er-Popstar Kim Wilde sieht mit 65 umwerfend aus – und ihr Anti-Aging-Geheimnis hat rein gar nichts mit teuren Behandlungen zu tun.
0_221687_26_969169172304178;0.1073;satisfied;;vitamin-c;;;Wenn wir unseren Körper wie ein Gebäude sehen, dann sind die Knochen das Fundament, die Muskeln die Wände und die Haut die Fassade. 🏛️Und Kollagen ist das, was alles zusammenhält.Tatsächlich macht Kollagen rund 25–35 % des gesamten Proteingehalts im Körper aus.Es ist ein zentraler Bestandteil des Bi
0_219424_126_t1_oczkrd3;0.1074;disappointed;procedure-curious;botox,price;;;Warum schauen so viele (auch sehr reflektierte) Leute weiterhin Trash TV – obwohl sie es eigentlich kritisch sehen? Klatsch und Tratsch gegenüber Menschen, die man kennt, finde ich oft unpassend. Es kann Beziehungen im persönlichen und professionellen Umfeld sehr schnell kaputt machen. Darum sind be
0_218673_9_19553293227165864;0.1074;cautioning;procedure-curious;;;;Ach das kenne ich, früh um 3 Uhr in Spiellaune. Und wer geht und spielt mit den Fellkindern? .... Natürlich Mutti! Auch wenn die Augenringe am Morgen sehr tief hängen....😂
0_219424_140_7660930158349618454;0.1076;enthusiastic;skincare-first;peel;;;Ladies ✨ Min Abschluss han ich zwar scho sit über en Monet, aber ich möcht mich trotzdem vo Härze bi @leylabeautyacademy bedanke für die wunderschöni Ziit, d'Unterstützig und s'ganze Wüsse, woni ha dörfe mitneh. Ab hüt bini offiziell für eu da! 💖 Egal ob Lash Lifting, Brow Lifting, Lashes, Microneed
0_221687_190_3764205652110011594;0.1076;satisfied;skincare-first;retinol,aging-signs;;;"Was ist Retinol?Retinol ist eine Form von Vitamin A und zählt zu den wirksamsten Anti-Aging-Wirkstoffen in der Hautpflege. Es regt die Zellerneuerung an .Wirkung &amp; Vorteile:1. Anti-Aging: - Glättet feine Linien &amp; Falten - Regt die Kollagenproduktion* an → straffere Haut2. Reines Hautbild: - "
0_221687_190_3776638250111229853;0.1076;satisfied;;hyaluronic-acid,spf,price;;;Haarpflege, die mehr kann – und fair ist.Das UpCircle Hair Serum kombiniert fermentiertes Reiswasser, kraftvollen Baobab-Extrakt und einen innovativen Pilz-Hyaluron-Komplex zu einer natürlichen Formel, die Frizz bändigt, Glanz schenkt und jede einzelne Haarfaser stärkt.🌾 Fermentiertes Reiswasser wir
0_219424_9_58189584843451656;0.1079;satisfied;;botox;;;Das hat sie sich selber machen lassen. Hundert Teratonnen Botox in jeden einzelnen Gesichtsmuskel.
0_221687_140_7631633155002273056;0.1079;enthusiastic;skincare-first;retinol,aging-signs;;;"IMPERIO® Arganöl+ ist weit mehr als ein klassisches, kaltgepresstes Arganöl. Das legendäre „flüssige Gold"" aus Marokko gilt seit Jahrhunderten als kostbares Schönheitselixier für Haut und Haar. Unser Öl greift dieses bewährte Wissen auf - und entwickelt es konsequent weiter. Die besondere Rezeptur v"
0_219424_126_t1_o62m7mp;0.1081;enthusiastic;skincare-first;;;;Söder Tochter ist offiziell mit Tech Milliardär Eric Schmidt zusammen 27?? Bei den ganzen liftings hätte ich auch 40+  geglaubt. Ich versteh diese Antiaging bei 20 jährigen nicht.
0_218673_8_2007806738075140255;0.1081;enthusiastic;skincare-first;aging-signs;;;@BlueGabriBlue @DanielVoll12251 Deswegen besteht dein Gesicht auch aus Falten und ist weiß wie Käse mein Schatz und frohes neues Jahr von deinem Türkischen Mitbürger ich wünsche dir nur das bestele Liebling und schöne Grüße an deine Tochter! 🥰
0_219424_26_1528427509074680;0.1082;disappointed;procedure-curious;;;;💋𝐋'𝐔𝐧𝐢𝐪𝐮𝐞 𝐂𝐎𝐂𝐎 𝐁𝐢𝐬𝐨𝐮 𝐝𝐞 𝐥𝐚 𝐑𝐨𝐬𝐞 – 𝐃𝐞𝐫 𝐊𝐮𝐬𝐬 𝐞𝐢𝐧𝐞𝐫 𝐑𝐨𝐬𝐞 Wie ein zarter Morgentau, der sich auf die samtigen Blüten einer frisch erblühten Rose legt, so umhüllt L'Unique COCO Bisou de la Rose Deine Lippen– sinnlich, luxuriös und voller Magie.Dieser edle Luxus-Lippenbalsam ist mehr als Pflege – er ist e
0_219424_23_68767964921588108;0.1083;enthusiastic;skincare-first;aging-signs;;;Mega Farbe [Diese Bewertung wurde im Rahmen einer Werbeaktion gesammelt.] Die Farbe ist sehr intensiv und deckt alle Haare. Die Farbe ist leicht anzuwenden . Ich finde schön, dass zusätzlich Hyaluron drin ist, das macht die Haare geschmeidiger und gepflegter.
0_218673_126_t1_nc8ku5g;0.1085;disappointed;;;;;Celo von Celo & Abdi stellt sein Kindheitsfoto nach (2025 vs 1987) Schon als Kind die legendären Augenringe gehabt
0_218673_15_16115564724598202;0.1085;enthusiastic;;price;;;Der neue Luxusrasierer Nevo von Braun Mit dem Nevo hat Braun einen Rasierer der Luxusklasse angekündigt, der 100 Jahre nach Gründung der Designmarke den Beginn einer neuen Ära des Rasierens markieren soll. Er wurde entwickelt, um eine besonders gründliche Rasur zu ermöglichen, ohne dabei Kompromisse
0_218673_15_48937903544245130;0.1086;enthusiastic;procedure-curious;retinol,aging-signs;;;"Die schönsten Gartenideen für Kinder – kreativ, natürlich & leicht umsetzbar Kindergartenkinder entdecken die Welt mit allen Sinnen. Für sie ist der Garten kein „Projekt"", sondern ein Ort voller Magie: Erde, die man anfassen darf, Tiere, die man beobachten kann, Pflanzen, die wachsen – und das alles"
0_219424_126_t3_1rw14to;0.1087;disappointed;skincare-first;botox;;;"Test Wuhuu! Luisa hat eine neue Cash Grab Idee - ihr (vermeintliches) Glow up. Sie arbeitet mal wieder an etwas… Damit ihr euer hart verdientes Geld nicht für die Finanzierung ihres Dauerurlaub-Lifestyles ausgeben müsst, habe ich die wichtigsten Punkte für euch zusammengefasst: 1. &gt;!Luisa konsumi"
0_218673_9_yt.Q_bUpEXOIWI;0.1087;seeking;skincare-first;aging-signs;;;BEWERTUNG (2025): Luminator LED Augenmaske LM-1000. WESENTLICHE Einzelheiten Denken Sie über Luminator LED Augenmaske LM-1000 nach? Dieses Video behandelt die wichtigsten Funktionen.👉 Auf Amazon ansehen: https://www.amazon.de/dp/B0DGMXFKWS/?tag=16w9h-20 (Affiliate-Link)Erleben Sie die Luminator LED 
0_219424_126_t3_1ucu4vp;0.109;cautioning;skincare-first;;;;Optimales Mikrobiom für vegane Ernährung insb. Soja Ich habe mich gerade ein wenig damit befasst wie ich mein Mikrobiom für Soja verbessern kann (da ich Soja noch nicht ganz optimal vertrage). Ich bin dabei auf Equol gestoßen.   ***„Equol*** *ist eine natürliche chemische Verbindung, die im menschli
0_219424_190_3939515260554464848;0.109;satisfied;;;;;Die Kraftwerke unserer Zellen benötigen Treibstoff für ihre tägliche Arbeit. Unterstütze Deine Zellen mit nadLIFE® Energy+ und versorge sie von innen heraus mit Energie.Anders als andere Supplemente, geht nadLIFE® Energy+ den schnellen Weg und kann direkt durch die Zellwand schlüpfen. Durch diesen e
0_218673_9_71724433600836029;0.1091;disappointed;skincare-first;;;;Der p ic mit den schwarzen Augenringe neben dir ist der schlechteste Partner den man finden kann ich kann mir kein Video angucken wo der iranische Zorro mit seinen schwarzen Augenringen zu sehen ist!! Aus welchem Methadonprogramm hast du den komischen h s????
0_219424_190_3931448798087311724;0.1093;enthusiastic;procedure-open;peel,price;microneedling;;"✨ 2 Jahre ÈSTETICA ✨Als Dankeschön für euer Vertrauen verlose ich im Juli 30 Golden Tickets mit wunderschönen Gewinnen:🎫 Circadia Produkte🎫 Korean Lash Lifting | Lash &amp; Browlift🎫 Dauerhafte Haarentfernung 1 oder mehrere Zonen 🎫 Microneedling🎫 Hydrafacial Platinum🎫 2 × 50 € New Yorker Gutscheine🎫"
0_221687_140_7659045615812234529;0.1093;enthusiastic;;;;;"Premium Hair Growth Serum - Natürliches Rosmarin Haaröl gegen Haarausfall mit Vitamin E zur Pflege von Kopfhaut &amp; Haarwurzeln – unterstützt dickeres, stärkeres &amp; dichteres Haar  – leichte, schnell einziehende Formel, silikon- &amp; parabenfrei von Regrowna #fürdich #sommerdeals #tiktokfinds "
0_219424_126_t1_oc8g55q;0.1095;disappointed;skincare-first;;;;"Es interessiert mich nicht wie toll Japan ist Genau das ist es. Die Einstellung zu Arbeit und Leistung ist halt echt enorm belastend. Japan hat eine der höchsten Suizidraten der Welt (Platz 17, im Vergleich, Deutschland liegt auf Platz 44). Auch, welche sozialen Normen erwartet werden und was als ""h"
0_219424_126_t1_og48jb7;0.1095;disappointed;procedure-curious;;;;Fake feminismus nervt mich !! Der Golfstrom schwächt sich ab, der Permafrost taut und setzt uraltes Methan frei. Das sechste große Massenaussterben steht nicht bevor, wir stecken mittendrin. Die Biosphäre kollabiert in Echtzeit und wir schauen dabei zu.Milliarden von Tieren werden industriell und sy
0_218673_8_2048887819267874912;0.1098;seeking;procedure-curious;;;;@Staatsfaint @Dan777700 @bulsheed30616 @Oliver141269 Ich vermute mal, dass in den genannten Beträgen auch die Materialkosten enthalten sind. Sie und ich wir haben keine Ahnung davon, wie tief die Falten in Merkels Gesicht eigentlich sind und wie viel Material benötigt wird, um die einigermaßen zu gl
0_221687_9_53035027346259347;0.1098;seeking;;vitamin-c;;;Vitamin D (ca. 1000 i.E./ 10 kg Körpergewicht).K2, Magnesium Komplex, Vitamin C mit Zink zu Collagen in den Kaffee und noch ein guter Mikronährstoffkomplex wie Cellagon oder LaVita...Außerdem 30-40ml Flüssigkeit pro 1 kg Körpergewicht. Das ist die Essenz auf 15 Jahren Erfahrung als Therapeut. Dann n
0_221687_190_3910676955015972877;0.1098;seeking;skincare-first;retinol,vitamin-c,spf,aging-signs;;spf;Wenn mich Kundinnen fragen, welcher Anti-Aging-Wirkstoff am wichtigsten ist, denken viele zuerst an Retinol, Hyaluron oder Vitamin C.Meine Antwort überrascht oft:👉 Sonnenschutz.Denn UV-Strahlung kann die Hautalterung deutlich beschleunigen. Fältchen, Elastizitätsverlust und Pigmentflecken entstehen 
0_218673_8_2015374689938350195;0.1099;disappointed;procedure-curious;aging-signs;;;@apollo_news_de Meine Oma hat immer gesagt, wer dummes Zeug erzähle, bekomme schneller Falten ins Gesicht.
0_218685_9_yt.QDVhidyGeVs;0.1099;satisfied;skincare-first;peel;;;Rituale, die Haut und Seele zugleich berühren. #beauty In Kambodscha ist Hautpflege mehr als Kosmetik – sie ist ein spirituelles Ritual. Frauen mischen frische Kokosnuss mit Reismehl und Tamarindenpaste zu einem sanften Peeling. Diese Mischung reinigt die Haut, spendet Feuchtigkeit und gleicht den p
0_219424_190_3944615383482804783;0.11;enthusiastic;procedure-curious;peel;microneedling;;"Abschluss deiner Aquafacial &amp; Microneedling Schulung! 🤍Ich wünsche dir ganz viel Erfolg, Freude und viele zufriedene Kundinnen auf deinem weiteren Weg Liebe Afrora!#witten #schulung #gesichtsreinigung #aquafacialnrw #microneeling"
0_219424_9_yt.NlMFDrV5WD4;0.1101;seeking;procedure-curious;retinol,aging-signs;;;"Hair & Beauty NaVa Hair &amp; Beauty NaVa in Frankfurt: Erfahre mehr über uns in diesem überblicksartigen Imagefilm. Finde heraus, wie du mit uns in Kontakt treten kannst, wann wir für dich geöffnet haben oder verschaffe dir einige Eindrücke unseres Betriebs. Mehr erfährst du zudem auf https://www.h"
0_219424_190_3938006401574127672;0.1101;satisfied;;peel;;;Regeneration beginnt an der Haarwurzel. 🌱Exosomen unterstützen die Zellkommunikation und fördern die natürlichen Regenerationsprozesse der Kopfhaut. In Kombination mit Microneedling entsteht die ideale Basis für gesundes, kräftiges Haar.Healthy Scalp. Strong Hair. Exosome Power. www.veloma.berlin
0_219424_190_3941870710712495894;0.1101;enthusiastic;procedure-curious;peel;microneedling;;Unser Beauty Infoabend findet am 22.08.2026 um 18 Uhr statt!!! Bei Interesse meldet euch gerne bei mir. Die freien Plätze sind gezählt. Wir freuen uns auf euch und einen tollen Abend zusammen. ❤️#kosmetik #infoabend #microblading #microneedling #kosmetikstudiolage
0_218673_9_70373556612718238;0.1102;enthusiastic;procedure-curious;aging-signs;;;Ich persönlich finde Menschen mit normalem Gesicht,brüsten etc viel interessanter.Was machen diese Leute ,wenn die ersten falten kommen.Schön finde ich Emma gerade nicht,zudem ich ihr Inneres auch nicht schön finde.
0_219424_26_1777443379881841;0.1103;satisfied;skincare-first;spf;;;❓Pflanzenöle als natürlicher Sonnenschutz?Vielleicht hast du schon einmal gelesen, dass fette Pflanzenöle einen natürlichen Lichtschutzfaktor besitzen. Ganz falsch ist das nicht: Manche Pflanzenöle können im Labor einen gewissen Anteil an UV-Strahlung absorbieren. Das bedeutet aber nicht, dass sie a
0_218673_9_57678291653003706;0.1104;enthusiastic;skincare-first;;;;Bro Jonas darf ich dich jojo nennen ? Und jojo auf die 1 , Lukas bs hat Ultra starke Augenringe, einfach Hässlich
0_219424_190_3936181282252530329;0.1105;enthusiastic;skincare-first;;;;🏭 Produktionswoche bei Jungheit! 🌿💚Nächste Woche wird wieder produziert – und wir nehmen euch mit hinter die Kulissen! 👀✨Dank eurer unglaublichen Nachfrage dürfen wir nächste Woche wieder produzieren! 🥹🙏 Ihr seid einfach der Wahnsinn! 💚 Ein riesengroßes DANKE an unsere wundervolle Community. 🤍Unser 
0_219424_126_t1_oa1dh6r;0.1106;satisfied;skincare-first;;;;Was glaubt ihr ist der Grund warum Netanyahu mit 76 noch so jung aussieht? ?? Hab extra nochmal n Foto gesucht und der sieht halt einfach aus wie ein 80 Jähriger Mann.🤷🏼‍♀️ Vielleicht hat er ein bisschen Botox in der Stirn aber sonst? Klär mich auf.
0_219424_190_3939841589487265943;0.1106;seeking;procedure-curious;peel;microneedling;;"☀️ Sommer, Sonne, Wohlfühlzeit! ☀️Jetzt ist der perfekte Moment, dir etwas Gutes zu tun! 💛Profitiere von unserer Sommeraktion und sichere dir attraktive Angebote für:✨ Dauerhafte Haarentfernung✨ HydroFacial &amp; Microneedling✨ Bodyforming📅 Die Aktion gilt bis 26.07.26💐Ausgenommen sind bereits gebuc"
0_221687_140_7572885955766521110;0.1106;satisfied;skincare-first;retinol;;;Möhren enthalten viel Beta-Carotin, einen natürlichen Farbstoff, den unser Körper in Vitamin A (Retinol) umwandelt. Retinol unterstützt die Haut, indem es die Zellerneuerung anregt, feine Linien glättet und hilft, einen frischen, ebenmäßigen Teint zu fördern. Es trägt zudem dazu bei, die Hautbarrier
0_219424_9_50098022903812779;0.1109;satisfied;;;;;Das mit der eiweiß Diät ist toll, Muskeln nicht unterversorgt und für die Haut und gegen den Alterungsprozess sind Proteine auch Super
0_218673_15_66755948014353650;0.1109;disappointed;procedure-curious;;;;"Zwischen Chromblumen und Y2K-Nostalgie: „SOFT // CHROME"" bringt futurale Skulpturen nach Stuttgart Metallisch glänzende Blüten, aufgeblasene Formen und Oberflächen, die mehr an die frühen Nullerjahre als an die Natur erinnern: Mit „SOFT // CHROME"" zeigt die Galerie Better Go South ab dem 26. Juni 20"
0_218673_9_22874878456453879;0.1111;disappointed;procedure-curious;aging-signs;;;Hey amir mein lieber bruder hier warum ich christ bin... Bin ein lebendiges Zeugnis vom Herrn auf zwei Beinen, ... War vor ca. 9 Jahren für ca 8 Sekunden in der Hölle, weil ich den Herrn darum gebeten habe ! Mein schlimmster tag auf diesem Planeten! !!! Oder unter dem planeten ! Musste die nexten ta
0_219424_9_yt.vyaMANPB3Fs;0.1111;seeking;skincare-first;;;;COSMED Intensive Anti-Aging BTX Serum
0_219424_9_6877666633170896;0.1112;satisfied;skincare-first;;;;Eine schwarze Helena aus wakanda, ein schwarzer rapper, botox Frauen, Mittelalter Rüstungen,  ein trojansiches Pferd aus dem Museum,  eine transe als Achilles, zendeya die aussieht wie 12 als athene, ein zyklop der aussieht wie aus harry potter  ......Nolan, der alles tut um nicht als Rassist zu gel
0_219424_190_3937470484347850086;0.1113;disappointed;skincare-first;;;;https://d-k-butler.ghost.io/Zwei neue Notizen aus dem dritten Viertel.Zwei sehr unterschiedliche Stimmen.Zwei sehr unterschiedliche Zugänge zum Älterwerden.Charles Bukowski mit dem Gedanken, das eigene Leben nicht aus der Hand zu geben.Nicht an alte Rollen.Nicht an fremde Erwartungen.Nicht an eine V
0_221687_26_1454007893391530;0.1113;enthusiastic;;;;;"Unser Collagen Complex 🫧Schöne Haut beginnt von innen 💝Starkes Bindegewebe. Geschmeidige Gelenke.Tägliche Unterstützung mit Collagen &amp; Hyaluron 💪"
0_219424_9_37088217584686040;0.1114;disappointed;procedure-curious;;;;Echt für mich auf den Punkt gebracht und macht deutlich, warum ich so ein Fan von koteanischer Ästhetik bin😊Schade das wir so einen Vergleich nicht mit links westliche Schönheitseingriffe, rechts koreanische machen können.
0_218673_9_69987537701010953;0.1114;disappointed;procedure-curious;;;;Finde die Tränensäcke nicht so schön. ❤Aber ich weiß das es koreanisches Ideal ist ❤❤❤❤
0_219404_15_12326932264796986;0.1114;enthusiastic;skincare-first;peel,hyaluronic-acid,price;;sod;"Ahuhu Shampoo Coffein – Die 15 besten Produkte im Vergleich Empfohlene Produkte im Bereich „Ahuhu Shampoo Coffein"" Wir haben Produkte im Bereich „Ahuhu Shampoo Coffein"" miteinander verglichen und Empfehlungen für Dich zusammengestellt. Hier findest Du die Top 15 im Bereich „Ahuhu Shampoo Coffein"". A"
0_221687_190_3878642848031593655;0.1115;enthusiastic;skincare-first;vitamin-c,aging-signs;;;Das @cerave Skin Renewing Vitamin C Serum ist ein Anti-Aging-Serum, welches dafür sorgt, dass deine Haut mehr Glow bekommt. Es wirkt antioxidativ und ist natürlich sanft zu deiner Haut. Wie immer beraten wir dich gerne persönlich. #HappySunday*AD*#cerave #skincare #vitaminc #ihreapotheker
0_221687_190_3938131335998744515;0.1115;enthusiastic;procedure-open;niacinamide-peptides,price;;;Ich meins ernst!!! Denn wenn ihr alle More Launch Produkte haben wollt müsst ihr nur:1. Mir folgen @jax.vita 2. Diesen Beitrag liken ❤️Hier habt ihr noch mal alle Infos für Sonntag 11 Uhr:Wichtig euren Warenkorb vorpacken geht nur bis Sonntag 9:50🐆 NEUE PRODUKTE.More Protein Iced Matcha Latte Cherry
0_219424_9_21274484325456299;0.1116;disappointed;skincare-first;;;;Also Kolja halt deine Zuseher nicht für völlig verblödet. Was Sanctuary Cities sind weiss ich z.B. seit 2016, Was sind rund 4.000 Somalis gegen allein ca. 1.3 Mio. Ukro Besatzer, dazu der gesamte Rest der Illegalen. Holen wir uns doch auch solch eine Barbi Puppe wie Kristi (nicht wiedererkannt nach 
0_218673_8_2032886233588773092;0.1116;satisfied;procedure-open;;;;Sie war 28, als das erste Kind kam. Er steckte noch im Jurastudium. Sie hat alles drumherum gemacht. Windeln, Termine, schlaflose Nächte. Die Wohnung sauber gehalten, das Essen warm. Weihnachten bei seinen Eltern, weil es ihm wichtig war. Urlaub verschoben, weil das Examen anstand.Sie hat immer nur 
0_218673_126_t3_1sd32bn;0.1116;disappointed;procedure-open;retinol,aging-signs;;;"Gute Nachbarn Ich sitze auf meiner Terrasse und genieße die laue Sommerluft, als Paul über den Zaun ruft. „Hey Markus, komm rüber auf ein Bier!"" Ich zögere keine Sekunde. Nicht nur wegen des Biers – sondern weil ich insgeheim hoffe, einen Blick auf Nadja zu erhaschen. Pauls Frau ist der Wahnsinn. Mi"
0_221687_190_3764830035312655663;0.1116;disappointed;skincare-first;retinol;;;"Von Herzen schenken ✨Die Weihnachtszeit steht vor der Tür und wir haben etwas Besonderes für Sie und Ihre Liebsten vorbereitet! 🥰🎄Wenn Sie noch auf der Suche nach dem passenden Geschenk sind und Entspannung &amp; Wohlbefinden verschenken möchten, dann swipen Sie nach links und entdecken Sie unsere A"
0_221687_190_3783138969299514337;0.1116;satisfied;skincare-first;retinol,niacinamide-peptides,aging-signs;;retinol;"Anti-Aging mit Beauty of Joseon 🧖‍♀️ 🤍Dieses Anti-Aging Bundle von Beauty of Joseon vereint drei K-Beauty Highlights für sichtbar glattere, prall hydrierte und strahlende Haut ⤵️💧Glow Replenishing Rice Milk Toner –intensiver Feuchtigkeitsboost &amp; seidiger Glow.✨ Glow Serum (Propolis + Niacinamide"
0_218685_126_t3_1n05zto;0.1116;seeking;;vitamin-c,niacinamide-peptides,price;;;Abtei Beauty Kollagen Intensiv 5000 - Für natürliche Schönheit von innen - 5 g Kollagen-Peptide, Hyaluronsäure, Zink und Vitamin C - PRIME für 6,91€
0_219424_9_34393528353113572;0.1117;disappointed;;;;;"Silikon und Hyaluron 'frisst' Hirn bei Generation ""Degeneration""😅"
0_219424_140_7659734956780047638;0.1117;satisfied;;;;;natürliche Rezepte citrona  #rezepte #frühschicht #citroën #botox #fürdich
0_218673_9_63958062454055637;0.1117;disappointed;;aging-signs;;;Carola sieht immer verwahrloster aus in ihrem gesicht. Der Tabak macht frauen alt, blasse alte haut, falten usw.
0_219424_9_44577691320619150;0.1118;enthusiastic;skincare-first;;;;Oh man, so coole Sachen 😊🎉Schon wieder wollen sie mich verführen 😂❤ antiaging und Straffung, da jst dich jeder dabei und Minis sind einfach süß.. Verpackung hin oder her, ich liebs. Man kann nicht immer perfekt sein. Liebsten Dank für's Zeigen!
0_219424_126_t1_op39wpl;0.1118;enthusiastic;skincare-first;spf;;spf;Wieso kaufen für jeden urlaub so viel neue kleidung? Weil man z. B.in Portugal und Spanien tolle rahmengenähte Schuhe bekommt,es in Spanien eine große Auswahl an Lederkleidung gibt,sich in Ungarn Maßschuhe machen lassen kannund in Polen Maßkleidung,die Auswahl an Strümpfen und Wäsche in Frankreich v
0_219424_126_t1_p001umq;0.1118;enthusiastic;procedure-curious;fillers;;;Sieht mein Wohnzimmer wirklich KI-generiert aus? Sieht aus wie der Wartebereich bei einem Beauty Dic, der Unterspritzungen macht.
0_219424_9_29656406740383924;0.1119;cautioning;skincare-first;;;;"Also ich bin wirklich fassungslos!  Michelle ist ganz normal gekleidet, was genau soll an dem Outfit ""nuttig"" sein? Gar nichts! Max. ist es Geschmackssache was sie anhat. Sie trägt weder einen zu kurzen Rock, noch hat sie einen Ausschnitt oder sonstiges. Du kannst sie doch kritisieren, aber was hat "
0_218673_9_15693908536513665;0.1119;enthusiastic;skincare-first;aging-signs;;;Du schreibst...wer rastet der rostet  Horch trotzdem auf deinen Körper meine gute Seele    Ich weiß du hast viel Arbeit da kann man manchmal nicht anders als arbeiten arbeiten arbeiten...da kann ich auch ein Lied singen 😅 .  Aber wenn man so alt ist wie ich geht alles von alleine langsamer...denke i
0_221687_26_1459404116221819;0.112;satisfied;skincare-first;;;aha;Frischer Glow mit der Kraft der Früchte. 🍏✨Unser Apple Enzyme Resurfacing Serum unterstützt die natürliche Erneuerung der Haut und verfeinert das Hautbild mit Fruchtenzymen, AHA und pflegenden Pflanzenextrakten.Für einen ebenmäßigeren, strahlenden Teint und ein glattes Hautgefühl. 🌿#Naturkosmetik #n
0_219424_126_t1_ow2m13q;0.1121;enthusiastic;;;;;"nach der splash! Reunion: ALI BUMAYE kündigt neuen Song mit SHINDY an für sein Album ""ersdickerjunge"" Botox und fettie vereint."
0_218673_9_yt.Jb--lZUAVoc;0.1124;enthusiastic;procedure-open;threads,aging-signs;;;"Aktionsbehandlung ICE HIFU 5D/ Gesicht & Hals Limited offer! This awesome Aktionsbehandlung ICE HIFU 5D/ Gesicht &amp; Hals for CHF432.40.. Erleben Sie die neueste Generation des non-invasiven Liftings mit unserer ICE HIFU 5D-Behandlung – sanft, effektiv und ohne Ausfallzeit!Aktionsangebot:✨ Gesicht"
0_219424_15_62458273559921103;0.1125;seeking;procedure-open;niacinamide-peptides;;;Lufthansa bringt BABOR-Hautpflege an Bord: Neue Amenity Kits in First und Business Class Lufthansa aktualisiert ihre Amenity Kits in der Business- und First Class. Ab Ende März 2026 erwartet die Passagiere der Lufthansa First Class auf Langstreckenflügen ein neues Amenity Kit mit einem klangvollen N
0_219424_9_8564570120843598;0.1128;seeking;procedure-curious;fillers;;;"​@VogtEcho ja, das klingt so als sei das ein Punkt aber weißt du das die Berufsbezeichnung ""Journalist"" nicht geschützt ist? Was bedeutet das also für Ben, was ist die Konsequenz. Juristisch betrachtet: ""Journalist"" ist kein geschützter Begriff ähnlich ""Coach"" (du kennst sicher diese ganzen Coaches "
0_218673_8_2020128092069539949;0.1128;satisfied;skincare-first;aging-signs;;;"💢 „The Greatest of all Times"" #GOT Football-Superstar und Quarterback „Tom Brady"" ist Hollywood Star „Larry Hagman"" aus der Serie „Dallas"" wie aus dem Gesicht geschnitten. Nein, es wird noch viel besser: Sie haben auch absolut identische Falten, Muttermale und Narben. Aber das Verrückteste an der ga"
0_219424_9_yt.Mbk9DiVCwxk;0.1129;seeking;procedure-open;facelift;microcurrent;;Wie verwende ich das Automatik-Getriebe im MITSUBISHI Outlander (Facelift 2017–2022)? In diesem Video erkläre ich dir verständlich und praxisnah, wie du das Automatik-/CVT‑Getriebe im MITSUBISHI Outlander (Facelift 2017–2022) richtig nutzt. Du erfährst, was der L‑Modus (Gangwahlschalter L) bewirkt, 
0_218685_9_yt.QGnkaejTtCw;0.1129;enthusiastic;skincare-first;price;;aha;"Henna packt aus! Joanna sagt, wies wirklich war! Dilara mischt sich ein! Are you the one Kevin Ariel Anzeige // Mit dem Code ALINAYT bekommst du bei Asam Beauty 15% auf fast alles inklusive der Adventskalender! Gültig in DE/AT &amp; CH bis zum 31.12.2025! ♥ Alle Links: https://go.asambeauty.com/6lyR"
0_219424_26_1443421337829495;0.113;disappointed;;;;;80er-Star singt in Deutschland - Kim Wilde (65) verrät ihren Anti-Aging-Trick
0_221687_126_t3_1pzjr91;0.1131;seeking;skincare-first;;;;Stärkeres Retinol als CeraVe Hautbilderneuerndes Retinol Serum Ich habe jetzt über ein Jahr das CeraVe Hautbilderneuerndes Retinol Serum genutzt, hatte damit nie irgendwelche Irritationen oder Probleme. Aber ich würde gerne auf ein stärkeres Produkt wechseln um mehr anti aging Effekt zu bekommen. Ce
0_219424_190_3938052428937808403;0.1133;seeking;;spf;;;☀️ Sonne, Sonne!Endlich Sommer! Die Sonne macht gute Laune und schenkt uns Energie. Gleichzeitig war Sonnenschutz noch nie so gefragt wie heute.Wie viel Sonne ist eigentlich gesund? Welcher Sonnenschutz passt zu welchem Hauttyp? Und was hilft wirklich gegen sonnenbedingte Hautalterung?Den ganzen Art
0_218673_8_2010113304807591962;0.1133;disappointed;;;;;Wusstest du, dass Pandas keine bestimmte Fellfarbe haben? Ihre Körper sind schwarz-weiß, aber ihre Augenringe in Wirklichkeit sind dunkel. Ist das nicht faszinierend? 🐼#Pandas #Fellfarbe #Überraschend
0_219404_15_32491964123545429;0.1135;enthusiastic;procedure-curious;aging-signs,price;;;"Haaröl Herren – Die 15 besten Produkte im Vergleich Empfohlene Produkte im Bereich „Haaröl Herren"" Wir haben Produkte im Bereich „Haaröl Herren"" miteinander verglichen und Empfehlungen für Dich zusammengestellt. Hier findest Du die Top 15 im Bereich „Haaröl Herren"". Empfehlung Nr. 1 Botanic Hearth R"
0_221687_190_3942396508161289299;0.1136;satisfied;skincare-first;retinol,aging-signs;;bakuchiol;Natürliche Regeneration beginnt mit außergewöhnlichen Wirkstoffen.Bakuchiol gilt als sanfte Alternative zu Retinol. Der pflanzliche Wirkstoff unterstützt die Haut dabei, feine Linien, Falten und Hyperpigmentierung sichtbar zu reduzieren, und zeichnet sich gleichzeitig durch seine besonders gute Vert
0_221687_26_1644405914354763;0.1136;satisfied;skincare-first;retinol,aging-signs;;bakuchiol;Natürliche Regeneration beginnt mit außergewöhnlichen Wirkstoffen.Bakuchiol gilt als sanfte Alternative zu Retinol. Der pflanzliche Wirkstoff unterstützt die Haut dabei, feine Linien, Falten und Hyperpigmentierung sichtbar zu reduzieren, und zeichnet sich gleichzeitig durch seine besonders gute Vert
0_219424_190_3939500470112002862;0.1137;seeking;skincare-first;peel,hyaluronic-acid,niacinamide-peptides,aging-signs;;egf;✨ ACTIVE EXOSOME von Derma SR ✨Regeneration auf einem neuen Level. Sichtbare Hautgesundheit unterstützen und verbessern Was ist Active Exosome?Active Exosome ist ein innovatives High-Performance-Serum, das die Hautregeneration gezielt unterstützt und die Haut dabei fördert, sich sichtbar zu erneuern
0_218673_8_2019031136899330277;0.1137;disappointed;procedure-curious;;;;Altersflecken Ästhetik https://t.co/yY51W0uorY
0_219384_126_t1_nr9fii3;0.1137;satisfied;skincare-first;laser;;;Geschenk für meine Freundin Für nen epilierer sind haut- und Haarfarbe latte. Die funktionieren alle gleich. Wenn du nach IPL suchst: gibt's für helle Haare nicht. Das funktioniert indem das Licht das Melanin in der Haarwurzel erhitzt, in hellen Haaren ist halt kein Melanin. Laser funktioniert auch 
0_221687_26_10232740747844816;0.1137;disappointed;procedure-curious;peel,vitamin-c,spf;peeling;;"""Der heilige Schwur auf das Leben meiner Katzen""Die Geschichten, die das Leben schreibt....😉Vor ein paar Tagen war ich am Abend mit meinen Freundinnen zum Essen verabredet.Nach einem langen Arbeitstag und noch einem längeren Messe Wochenende habe ich mir schnell für 10 Min. unsere Speed Lifting Mask"
0_219424_140_7657576734694444321;0.1138;disappointed;skincare-first;;;;Ich Liebs!😍❤️#sommerdeals #dealsfürdich #antiaging #hautpflege #koreanskincare
0_221687_26_1360200499444599;0.1138;seeking;skincare-first;peel,retinol,aging-signs;;;Was ist Skin Cycling?Skin Cycling ist eine Hautpflegeroutine, die deine Produkte clever im Wechsel einsetzt – anstatt jeden Tag das Gleiche zu nutzen. Dadurch bekommt deine Haut die Wirkstoffe, die sie braucht, ohne überlastet zu werden.🔄 So läuft's ab (klassischer 4-Tage-Zyklus):1️⃣ Tag 1: Exfoliat
0_219424_23_34700969427697110;0.1139;enthusiastic;;spf;;;Hyaluron-Filler Elasticity Ultraleicht Tag LSF 50 Hyaluron-Filler Elasticity Ultraleicht Tag LSF 50 ist die perfekte lösung für bessere hautbild im sommer. wirkt effektiv .
0_219424_190_3942666480946165220;0.1139;enthusiastic;procedure-curious;;;;Hey Ihr Lieben, im heutigen Video teilt eine wundervolle Kundin von uns ihre Erfahrung! 😍🥰✨#myhealthandbeauty#botox#ästhetik#schönheit
0_219424_140_7659466518954118433;0.114;enthusiastic;;;;;Bye bye boring Kollagen, hello Beauty Boost ✨🍸🥭  Blossom Beauty schmeckt nicht nur super frisch nach Mango Lemongras und macht sich daher perfekt in allen Sommer Drinks, sondern enthält neben Kollagen auch noch viel weitere Wirkstoffe wie z.B. Aloe Vera, Hyaluron und Zink, die für schöne, glatte, re
0_219424_126_t1_o5v00ip;0.1141;satisfied;skincare-first;;;;"wann sind Männer gerne großzügig? &gt;wann das Männer gerne machen?Wenn sie keine anderen Green Flags haben außer Geld.&gt;Ich frag mich echt was solche Frauen machen dass sie die gesamte welt zu Füßen gelegt bekommen.Botox, Silikon und Beine Breit machen. Das ist alles nur Fassade und hat nix mit G"
0_218673_126_t1_om57g2q;0.1141;satisfied;procedure-curious;spf;;;Plissee wetterfest gesucht Meinst du soetwas?[Vorkonfektionierter textiler Zip-Screen mit Solarantrieb](https://www.heroal.de/de/verarbeiter/produkte/sonnenschutzsysteme/heroal-Ready-VS-Z-Solar-heroal-Motor/index.php?utm_source=copilot.com)Ich denke, das kommt deiner Vorstellung am nächsten. Das Pro
0_219424_26_1583063230378871;0.1142;enthusiastic;skincare-first;retinol;;;15 Jahre Leidenschaft. 15 Jahre Vertrauen. 15 Jahre Schönheit. 💛Heute blicke ich mit großer Dankbarkeit auf 15 Jahre Selbstständigkeit zurück.15 Jahre voller Begegnungen, Herausforderungen, Wachstum und unzähliger schöner Momente. Ich durfte so viele wundervolle Menschen kennenlernen, Kundinnen auf 
0_219424_9_yt.EV2DT9fWK-U;0.1143;disappointed;;celebrity;;;10 deutsche Sänger, deren Aussehen durch Schönheitsoperationen ruiniert wurde In diesem Video werfen wir einen kritischen Blick auf 10 deutsche Stars, deren Aussehen sich durch Schönheitsoperationen, Botox, Filler und extreme Eingriffe drastisch verändert hat. Von Harald Glööckler über Gina-Lisa Loh
0_219424_190_3938044404705537444;0.1143;enthusiastic;procedure-curious;aging-signs;;;🌸 Orchid Stem Cell Therapy – eine sanfte Anti-Aging-Behandlung für eine strahlende und gepflegte Haut.Sie spendet intensive Feuchtigkeit, nährt die Haut, glättet sie und schenkt ihr neues Wohlbefinden. Das Ergebnis: ein frischeres, strafferes und natürlich strahlendes Hautbild. Gönnen Sie Ihrer Haut
0_219424_126_t1_nxmxvkc;0.1146;seeking;;;;;Real BOTOX Weib auf der CES2026 Hauptsache blasen können
0_219424_190_3936554193165374337;0.1146;enthusiastic;procedure-curious;;;;1966 und immer noch hungrig, sich zu verbessern 💪#TEAM_VERARDI📲📧Wenn du Unterstützung für deine Transformation brauchst, schreib mir gerne privat für Coaching!📲📧#bodybuiling #Motivation #antiaging #master
0_219424_26_27408070645554463;0.1147;disappointed;procedure-open;;;;Christopher Nolan: The Odyssey (Die Odyssee) im Votiv-Kino.2 Stunden 50 Minuten dauert das umstrittenste Mythen-Historien-Spektakel der letzten Zeit, gegen das Griechenland Sturm läuft mit dem Argument, dass Griechenland nicht vorkommt. Andere Kritikpunkte sind, dass Helena eine Afroamerikanerin ist
0_219424_140_7664217666256719137;0.1147;satisfied;;;;;ANTI AGING ANCHTCHREME  BOOSTER/ regenerieren  Nachtpflege mit  Bienengift, Aloe Vera und  Hyaluron-50ml
0_221687_26_1332493915555091;0.1148;seeking;skincare-first;peel,retinol,vitamin-c,spf,aging-signs;;spf;✨ Retinol – Dein Power-Wirkstoff für strahlende Haut! ✨Was ist Retinol?Retinol ist eine aktive Form von Vitamin A und zählt zu den wirksamsten Anti-Aging-Wirkstoffen. Es fördert die Zellerneuerung, verfeinert das Hautbild und lässt die Haut glatter, ebenmäßiger und frischer aussehen.Für wen ist Reti
0_219424_9_24971229604765895;0.115;satisfied;skincare-first;;;;Wie schon Einige hier erwähnt haben... - Setting sehr düster und trist, komplettes Gegenteil der Ägäis - komplette Fehlbesetzung, Matt Damon ist cool aber das kauft man ihm Null ab und das ist der allgemeine Tenor. Keiner der Schauspieler wirkt authentisch für einen Historienfilm. Und Anne Hathaway?
0_219424_190_3948549200446160790;0.115;enthusiastic;;aging-signs;;;Feine Highlights, veredelt mit einem Hyaluron-Glossing. ✨Für ein natürliches Blond mit weichen Übergängen, schönem Glanz und einem gesunden Haargefühl. Genau die richtige Kombination, wenn Blond lebendig und gepflegt aussehen soll. 🤍#FrenchBlending #Highlights #Blond #HyaluronGlossing #HealthyHair
0_218673_8_2034978063688036507;0.115;satisfied;skincare-first;;;growth-factors;"Ähnliches gab es schon früher.Manche teure Anti-Falten-Cremes oder „Bio-Serum""-Produkte (z. B. früher Neocutis „PSP"") haben Proteine oder Wachstumsfaktoren aus konditioniertem Medium fötaler Fibroblasten verwendet, also das, was die Zellen ausscheiden, nicht die Zellen selbst.Solche Produkte waren s"
0_219424_126_t1_ol52l8i;0.1151;seeking;skincare-first;spf;;;Welche Sonnencreme nutzt ihr so für Strand oder Wanderausflüge in der prallen Sonne? Ich glaube, die meisten Marken, die in Ländern mit krasser Sonneneinstrahlung verwendet werden, findest Du auch hier, aber dann eher nur online. In Australien gibt es halt auch zum Beispiel einen ganz anderen Markt 
0_219424_126_t1_otyhlv7;0.1151;disappointed;skincare-first;;;;Schönheitsop's sind unfehlbar gut und gehören moralisiert. Jaja SKZ! 😆 Ich liebe diese Bande. Und das Saja am Anfang ist eine KPOP Gruppe aus KPOP Deamonhunter.
0_218673_15_29721502361649470;0.1151;seeking;;;;;Für Android-Handys: Google bringt mächtiges Foto-Feature Bildbearbeitung wird einfacher. (Bildquelle: Imago / SOPA Images) Das alles geht bald direkt in eurer Bildergalerie. Google erweitert seine die hauseigene Fotos-App um ein leistungsstarkes Werkzeug zur detaillierten Gesichtsretusche. Die neue 
0_218673_8_2022398673720676519;0.1151;satisfied;skincare-first;retinol,aging-signs;;;"💢 Warum sieht „Bad Bunny"" Superstar „Enrique Iglesias"" wie aus dem Gesicht geschnitten aus? Aber nicht nur das, sie verfügen auch über die identische Gesichts-Symmetrie, haben gleiche Muttermale, Falten, Narben und sogar ihr exzentrischer Schritt, der auf O-Beinen beruht, ist identisch. Vielleicht k"
0_219424_126_t3_1u8kuyl;0.1152;seeking;skincare-first;;;;Trans freundliche Kosmetikstudios in Berlin? Hellooo :) Die Frage richtet sich in erster Linie an alle trans sisters in und um Berlin.   Ich bin auf der Suche nach einem Kosmetikstudio, welches entweder bekannt trans freundlich oder wenigstens sensibilisiert ist. Im Vordergrund stehen bei mir die Au
0_221687_190_3917736182884623278;0.1152;disappointed;skincare-first;retinol,aging-signs;;retinol;Ich werde oft gefragt: Was ist eigentlich der Unterschied zwischen Retinol und Retinaldehyd?Kurze Antwort: Retinaldehyd ist die direkte Vorstufe der Vitamin-A-Säure.Ein Umwandlungsschritt weniger.Schneller wirksam.Deutlich weniger Irritation.Genau deshalb ist es mein persönlicher Favorit — und der H
0_218673_15_21521803236074117;0.1154;seeking;procedure-curious;retinol,aging-signs;;;Ist das Foto echt? So deckt ihr KI-Bilder mit Bildforensik auf (Bildquelle: KI-generiert / Bearbeitung: GIGA) Ihr scrollt durch Social Media, seht ein atemberaubendes Foto, ein knuffiges Cartoon-Bild oder eine surreal anmutende digitale Illustration und fragt euch: Ist das von einem Menschen oder vo
0_221687_140_7603757183196597526;0.1154;satisfied;skincare-first;retinol,vitamin-c;;;Ein Salat voller natürlicher Retinol-Vorstufen, gesunder Fette und echter Nährstoffe. 🧖🏼‍♀️ Gesundheit beginnt von innen. Eat your skincare. 🥕 Karotte Karotten sind reich an Beta-Carotin. Der Körper wandelt Beta-Carotin in Vitamin A um – eine wichtige Vorstufe von Retinol, das die Zellerneuerung unt
0_219424_9_46383315641210372;0.1155;satisfied;;peel;;;Julianne Moore sieht mit 60 Jahren immer noch toll aus, auch ohne Filler und viel Botox. Es könnte aber sein dass sie Microneedling gemacht hat, so sieht sie jedenfalls aus!
0_218673_126_t1_oqt1ycb;0.1155;disappointed;procedure-curious;;;;"Eure Lieblings-Seitenhiebe in Tracks Frau Merkel ruft mich an, sie sagt ihr platzt die Schädeldecke  Ich mach ihr erstmal ein Kompliment „Schöne Tränensäcke""  Schicke Frisur, dann kommt sie gleich zur Sache  Sie sagt, es sei nicht gut, was ich mit der Jugend unsrer Heimat mache  Sie sagt, „Die geh'n"
0_219384_126_t1_nw8cuke;0.1155;seeking;skincare-first;laser;;;Was ist ein gutes ipl-gerät? Habe einen Braun IPL Silk Expert Pro 5 und bin super zufrieden, habe eine sehr deutliche Haarreduktion und eigentlich fast gar keine Haare mehr an den meisten Stellen. Geht halt nur so gut bei heller Haut + dunklen Haaren wie bei allen IPL Geräten
0_219424_126_t1_nz4ga16;0.1156;cautioning;;;;;Horror alien movie with bugs Rambo heißt der Film das Alien ist in Wirklichkeit gar keins es ist Botox deswegen sieht Sylvester Stallone so aus Er ist kein echtes Alien
0_219424_9_31354141953744152;0.1156;enthusiastic;;;;;Paar Einheiten Wachstumshormon fürs anti aging und fatburning gehen immer 😂
0_219424_140_7665170002814782742;0.1156;disappointed;;;;;So sieht Ihr Solarpanel nach 1 Jahr aus?   😱  Staub, Hitze, Mikrorisse = Effizienzfälle. Ersatz von Panels jedes Jahr. Dokio hochwertige Zellen sind anti-aging, fade-resistent und langlebig für Jahre gebaut. Ein Kauf. Langfristiger Service. Mehr Geld gespart. Zuverlässige Solarenergie, die tatsächli
0_221687_26_1700852985383142;0.1156;disappointed;;vitamin-c,niacinamide-peptides;;;Kollagen beginnt mit der Wahl seiner Quelle. 🐟Kollagen ist nicht gleich Kollagen. Entscheidend ist nicht nur die Menge, sondern auch, in welcher Form es vorliegt.Für Promarine Collagen Peptides verwendet Coral Club Kollagen aus Kaltwasserfischen wie Kabeljau, Pollock und Schellfisch. Marines Kollage
0_221687_26_1700876038714170;0.1156;disappointed;;vitamin-c,niacinamide-peptides;;;Kollagen beginnt mit der Wahl seiner Quelle. 🐟Kollagen ist nicht gleich Kollagen. Entscheidend ist nicht nur die Menge, sondern auch, in welcher Form es vorliegt.Für Promarine Collagen Peptides verwendet Coral Club Kollagen aus Kaltwasserfischen wie Kabeljau, Pollock und Schellfisch. Marines Kollage
0_219424_9_49140880797110705;0.1157;disappointed;procedure-curious;;;;Du hast recht, das Lied ist Mittelma0, aber dieses Mittelmaß war für Deutschland schon hoch gegriffen. Sarah Engels KANN singen und, sie hat es nicht verdient von Dir ins Möbelhaus gestellt zu werden. Alle Anderen waren gesanglich auch nur Mittelmaß mit einem Überschuß an Geschrei und Stroposkop und
0_219424_9_yt.sZ24kGv6siU;0.1158;satisfied;;;;;BOTOX BAR  VIA ROBERTO BRACCO N° 27 NAPOLI CLINICA ESTETICA
0_218673_9_53461449601310824;0.1158;satisfied;procedure-curious;;;;"Sollte es bei der Snape Besetzung bleiben, weiß ich als riesen HP Fan seit 1999 nicht, ob ich die Serie schauen kann... ""Fahle Haut, lange, fettige, schwarze Haare""... Dies alles hat der Darsteller nicht und eine so essentiell wichtige Figur optisch so darzustellen, ist meiner Meinung nach ein riese"
0_219424_190_3938758843273016390;0.1159;satisfied;;vitamin-c;;;🫐 Wildheidelbeeren sind nicht nur lecker, sie sind eines der stärksten natürlichen Heil/Lebensmittel, die unsere Natur zu bieten hat.Im Vergleich zur Kulturheidelbeere steckt in ihnen bis zu doppelt so viel Anthocyan, das blaue Pflanzenpigment, das deine Zellen vor vorzeitigem Altern schützt.📚 Wisse
0_221687_26_1437622674870510;0.1159;disappointed;;botox,vitamin-c,niacinamide-peptides;;;🍀Grobe Übersicht Nährstoffe und ihre Wirkweisen• Antiproliferativ (wachstumshemmend): Bromelain, Bor (unterstützend bei Prostatatumoren)• Antioxidativ: Selen, Vitamin C, bioaktive Pflanzenstoffe (Papain, Resveratrol, Curcuma, Grüntee-Extrakt, Pinienrindenextrakt), MSM, Vitamin E, Co-Enzym Q10, Zink•
0_221687_190_3877297780155732598;0.1159;satisfied;skincare-first;;;;"Es gehört zur Familie der Carotinoide, das sind natürliche Pflanzenfarbstoffe, die zum Beispiel Tomaten rot oder Karotten orange färben. Doch Astaxanthin ist die unangefochtene „Königin"" unter ihnen. Die Basis für dieses rote Wunder ist die Blutregenalge. Sie ist der Grund, warum Flamingos so rosa u"
0_221687_26_1551597523328685;0.1159;enthusiastic;procedure-open;botox,threads,aging-signs;thread-lift;;Exosomen: Die Zukunft der regenerativen Ästhetik?Hast du schon von Exosomen gehört? Sie sind das neue Buzzword in der ästhetischen Medizin! Beim letzten IMCAS-Kongress in Paris war ihr Potenzial eines der Top-Themen. Doch was genau sind Exosomen, und warum sorgen sie gerade für so viel Aufsehen?🔬 W
0_219424_190_3931822158083180754;0.116;enthusiastic;procedure-curious;botox,aging-signs;;;Swipe für Vorher/Nachher ➡️ Haar-Botox-Behandlung by Iwona#hairstyle #hairtransformation #hair
0_219424_190_3936203531164528512;0.116;enthusiastic;procedure-curious;;;;1966 und immer noch hungrig, sich zu verbessern 💪#TEAM_VERARDI📲📧Wenn du Unterstützung für deine Transformation brauchst, schreib mir gerne privat für Coaching!📲📧#bodybuiling #Motivation #antiaging #master #motivation
0_219424_190_3938253655714026004;0.116;disappointed;skincare-first;;;;Anzeige @avea.life NAD⁺ zählt zu den wichtigsten Molekülen unseres Körpers – und trotzdem kennen es die wenigsten.Es spielt eine zentrale Rolle bei der Energiegewinnung in unseren Zellen und ist an Prozessen wie der DNA-Reparatur beteiligt. Mit zunehmendem Alter sinkt die Verfügbarkeit von NAD⁺, wes
0_219424_9_58431879928614395;0.1162;cautioning;;;;;@FrauSchnurrhaar Hab selbst damals nur die zwei Videos von ihr gesehen. Und dann die Jay Riddle videos. Weiß z.b. gar nicht ob Anni eine ist die pro oder contra Schönheitsop ist. Fand nur das ihr Gesicht anders aussieht 😅
0_219424_190_3936563235774481200;0.1162;enthusiastic;;peel;;;Lerne unsere Miss Elite Trainerin Sema Yarali kennen. 💗Sema ist Gründerin der Secret Beauty Academy in Ingolstadt und steht für hochwertige Behandlungen, präzise Techniken und echte Leidenschaft für die Beauty-Branche.Ihre Schwerpunkte liegen in der Wimpernverlängerung, Lash- und Browlifting sowie A
0_218673_9_5673675860029676;0.1162;enthusiastic;procedure-curious;aging-signs;;;Das ist für Kiki und dich lieber Jojo Herzblut Seit du in mein Leben tratst,fühlt sich jeder Augenblick an,als würde die Welt für unsein wenig langsamer atmen.❤️ 🙏 ❤️ 🙏❤️🙏❤️🙏 Deine Nähe ist wie ein leiser Zauber,der meine Seele streichelt,bis sie wieder an Wunder glaubt.Du bist das sanfte Licht,das 
0_219404_15_56739511753892712;0.1162;enthusiastic;procedure-open;peel,price;peeling;;"Kerastase Fresh Affair – Die 15 besten Produkte im Vergleich Empfohlene Produkte im Bereich „Kerastase Fresh Affair"" Wir haben Produkte im Bereich „Kerastase Fresh Affair"" miteinander verglichen und Empfehlungen für Dich zusammengestellt. Hier findest Du die Top 15 im Bereich „Kerastase Fresh Affair"
0_218673_126_t3_1p4zlin;0.1165;enthusiastic;procedure-curious;;;;i hope i don't have sex tonight (18+) so ewig lang hab ich so getan als würde ich diesen s3x gut finden. einfach forcen. ah du bist zu dry? spucke hilft. mein dick geht nicht richtig rein? muss stärker reinpressen. ich wollte dieses cool girl sein. casual s3x. casual threesomes. boah ja zieh mal ne 
0_219424_126_t1_og6nkw9;0.1166;satisfied;skincare-first;;;;Wie könnte den ihre Pizzaria heißen? Danke für deine Antwort.Hier ist meine. Echte Gleichbehandlung bedeutet, die Barrieren abzubauen, die diese Menschen in der Gesellschaft haben. Es bedeutet nicht, dass man sich das Recht herausnimmt, auf ihrer genetischen Identität herumzutrampeln, nur um den eig
0_219424_126_t1_orqs85s;0.1166;seeking;procedure-curious;;;;Sozialisierungsideen gesucht Als Welpe bereits Kinder / Babys ignorieren lernen und keine negativen Erfahrungen sammeln lassen. Im besten Fall hunderfahrene Kleinkinder organisieren (vlt von Freunden, die einen Hund haben) und die Kids ein paar Sachen machen lassen: langsam in größerer Entfernung am
0_219424_190_3930170153673614321;0.1166;enthusiastic;procedure-open;price;;;☀️ JULI – ANGEBOTSMONAT ☀️01.07. – 24.07.Gönn deinem Haar und dir selbst eine sommerliche Auszeit! 💛Profitiere von unseren exklusiven Juli-Angeboten und sichere dir deinen Wunschtermin.✨ Balayage / Highlights / OmbréFixpreis 150 € statt 200 €💆‍♀️ Head Spa – 30 Minuten50 € statt 120 €✨ Keratin Botox 
0_219424_190_3934456964301950751;0.1167;enthusiastic;;;;;Kollagen Sommer Drinks? Easy ☀️ Unser Blossom Beauty Drink schmeckt nicht nur pur, sondern verleiht auch deinen Sommer Drinks einen fruchtig frischen Geschmack nach Mango-Lemongras und versorgt deine Haut neben Kollagen mit Hyaluron, Aloe Vera, Biotin, Zink und vielem mehr ✨ Also, worauf wartest du?
0_218673_9_56930443578725551;0.1169;cautioning;procedure-curious;aging-signs;;;Gefährlich ist es nicht überall, aber die Philippinen haben im Landesdurchschnitt eine höhere Gewaltkriminalität als Thailand, Malaysia oder Vietnam.Risiko für einen einzelnen Touristen auf den üblichen Reiserouten ist niedrig, solange man Mindanao meidet (wobei ich war einen Monat auf Mindanao, Fra
0_219424_9_54815636423222561;0.1171;disappointed;procedure-curious;;;;jawohl, 1. Hunderttausende getötete, verstümmelte und geistig gestörte Soldaten, 2. ruinierte Wirtschaft, 3. Verabschiedung aus der kulturellen Welt (WM, Olympia usw.) 4. keiner hat mehr Angst vor dem Wodka-getränkten Bärenfell. Tolle Leistung, kleiner Botox-Fischkopf
0_219424_9_yt._S6iI9w6O6U;0.1171;seeking;;vitamin-c;;;🫐 Heidelbeeren vs. Erdbeeren 🍓 | Welche Beere ist gesünder für dich?￼ Heidelbeeren und Erdbeeren gehören zu den beliebtesten Superfoods – aber welche ist wirklich gesünder? 🤔🫐 Heidelbeeren sind reich an Antioxidantien (Anthocyane), die deine Zellen schützen, den Alterungsprozess verlangsamen und dei
0_219424_190_3932526561150942765;0.1171;enthusiastic;procedure-curious;peel;microneedling;;"​„Stopp mal ganz kurz. Ich muss heute einfach mal ein bisschen Kundinnen-Liebe teilen, weil mich diese Worte so glücklich gemacht haben... 👇""#microneedling #aquafacial #wimpernverlängerung #beautylounge_nicole_wapenhans #bruchhausenvilsen"
0_218673_8_2020125073483399487;0.1172;enthusiastic;skincare-first;aging-signs;;;"💢 „The Greatest of all Times"" #GOT Football-Superstar und Quarterback „Tom Brady"" ist Hollywood Star „Larry Hagman"" aus der Serie „Dallas"" wie aus dem Gesicht geschnitten. Nein, es wird noch viel besser: Sie haben auch absolut identische Falten, Muttermale und Narben. Aber das Verrückteste an der ga"
0_219424_140_7663047257889066262;0.1178;disappointed;;;;;"Podcast-Ausschnitt von Folge 40 «Badetuch &amp; Botox» «Kuss&amp;Krise» jetzt bei Spotify und Apple Podcasts hören. #schweiz #podcastclips #Komödie"
0_218673_8_2027410438917386324;0.1178;satisfied;procedure-curious;;;;Zwenn aus Berlin meldet sich und kötzelt was zum Ukrainekrieg ins Internet.Er sieht schlecht aus. Angeblich sei er gegen eine Tür gelaufen.Das erklärt aber nicht die Augenringe und ich finde ja, er sieht aus wie ein Meth-User. Ich hoffe, dass es nicht so ist! Video lohnt nicht! https://t.co/dHxqTvBZ
0_221687_26_1260875732844018;0.1178;seeking;;;;;Du begegnest ihm in fast jedem Drogerieregal, aber auch in High-End-Produkten: Coenzym Q10. Trotz ständig neuer Trends und Wirkstoffen, behauptet sich dieser körpereigene Stoff seit Jahrzehnten an der Spitze der Anti-Aging-Inhaltsstoffe.
0_221687_9_38710340909994971;0.1178;enthusiastic;skincare-first;vitamin-c;;zinc;Meine Supplements aktuell ( Kapseln) : Multivitamin, d3 ,k2, Magnesium,Zink, Enzyme, Curcumin , nac, Q10, Omega 3, GDA  und Gelenk komplexPerformance ( Pulver) : Creatin, Glutamin, Collagen, eaa, Basepulver und Vitamin cProteine : whey Protein , Mehrkomponenten pr. Und iced CoffeeUnd außerdem: flavo
0_221687_140_7631160221141929248;0.1178;satisfied;skincare-first;niacinamide-peptides,spf;;niacinamide;Lofuanna Exfoliating Black Rice Ampoule ist ein Gesichtsserum / Ampoule, das auf sanfte Hauterneuerung, Feuchtigkeit und Glow ausgelegt ist. Wofür ist es gut? * Entfernt abgestorbene Hautschüppchen (sanftes Exfoliating) * Verfeinert das Hautbild * Kann Mitesser / verstopfte Poren optisch verbessern 
0_219404_15_27788697093272706;0.118;enthusiastic;skincare-first;hyaluronic-acid,niacinamide-peptides,spf,price;;glycerin;"Shampoo für Glänzendes Haar – Die 15 besten Produkte im Vergleich Empfohlene Produkte im Bereich „Shampoo für Glänzendes Haar"" Wir haben Produkte im Bereich „Shampoo für Glänzendes Haar"" miteinander verglichen und Empfehlungen für Dich zusammengestellt. Hier findest Du die Top 15 im Bereich „Shampoo"
0_218673_15_12316960545287505;0.1181;seeking;procedure-curious;retinol,aging-signs;;;Die perfekte Nähanleitung für einen V-Ausschnitt: Tipps für dein nächstes Projekt! In diesem Projekt dreht sich alles um die Herstellung eines modischen T-Shirts mit einem V-Ausschnitt. Diese Anleitung richtet sich an Hobbynäher, die ihren Kleidungsstil mit einem selbstgenähten Teil aufpeppen möchte
0_219384_126_t3_1q93tmu;0.1182;seeking;procedure-curious;price;microcurrent;;SPAD-Pixeln und adaptiver Optik wird das Teleskop zum universellen Mikroskop! 1. Das Konzept: Universelles Zoom-System mit SPADs```spice* Universelles Teleskop-Mikroskop-System.subckt UNIVERSAL_ZOOM_SYSTEM SPAD_ARRAY ADAPTIVE_OPTICS* ========== DAS REVOLUTIONÄRE PRINZIP ==========* Ein System für AL
0_219424_190_3931539094230955221;0.1183;enthusiastic;procedure-open;;;;✨ Ich bin wieder zurück! 🤍Ab sofort bin ich wieder in der Ordination in Linz und freue mich darauf, euch wiederzusehen.Termine könnt ihr wie gewohnt online buchen oder telefonisch vereinbaren. Bis bald! 💉✨#botox #filler #laser #prp #abnehmen
0_218673_15_4989282708048037;0.1183;satisfied;;;;;"Google Fotos erhält neuartigen Gesichts-Editor Zukünftig ist wirklich kein Foto mehr echt, denn die Editor-Fähigkeiten werden mit Hilfe von KI ganz neue Bereiche erreichen. Google Fotos erarbeitet nun an einem Editor für Gesichter, den man wohl „Touch up"" nennt und damit gezielt die Bearbeitung spez"
0_219424_9_60197366812547324;0.1186;satisfied;;aging-signs;;;Sich verjünger lassen mit plast. OP's,Botox aber graue Haare(?)-obwohl Haare färben kein Aufwand  ist!?! Wo ist JK????
0_219424_9_3453070982180813;0.1187;seeking;;;;;Mit Navidi vor Ort hat sich die Menge an Botox in der Schweiz verdoppelt.
0_219384_9_yt._wAE99qiJtA;0.1187;enthusiastic;;;;;"⚡️ NEON SKY (1995 Strobe Light Mix) ⚡️ | Ultra-High Energy Happy Hardcore Blick nach oben, der Himmel brennt in Pink und Grün! 🌌✨ ""Neon Sky"" ist eine Hymne an die Nächte, die niemals enden. Bei peitschenden 180 BPM verschmelzen euphorische Rave-Stabs mit einer unaufhaltsamen 909-Kickdrum.Spürst du d"
0_221687_140_7642849774068075808;0.1188;enthusiastic;;;;;🇩🇪 WINDBOSS Marine Kollagen – Beauty-Unterstützung von innen. ✨💖 Mit marinem Kollagen, Hyaluronsäure und Biotin. Für Haut, Haare, Nägel und tägliches Wohlbefinden. 🌸 🇺🇸 WINDBOSS marine collagen – beauty support from within. ✨💖 With marine collagen, hyaluronic acid and biotin. Perfect for skin, hair,
0_221687_140_7650126910831234337;0.1188;enthusiastic;;;;;"Not your average Collagen Drink 😮‍💨🤌🏼   Unseren Blossom Beauty Anti-Aging Drink kannst du dank seines frischen Mango-Lemongras Geschmacks nicht nur pur als Shot genießen, sondern auch perfekt mit deinem Lieblings Smoothie kombinieren 🥭🥥 Kollagen, Hyaluron &amp; Aloe Vera sorgen für strahlende, glatt"
0_219424_9_yt.E4_CcWV4VvQ;0.1189;disappointed;procedure-curious;niacinamide-peptides;;;"Erec Pro Original Kaufen Deutschland - Bewertung & Nebenwirkungen - Ist es seriös? 👇Hier kaufen ErecPro offizielle Website👇(Germany and Austria )✅🛒Hier kaufen 👉https://hotm.io/ErecPro-offizielle ✅🛒Hier kaufen 👉 https://hotm.io/ErecPro-offizielle Erec Pro Original Kaufen Deutschland - Bewertung &amp;"
0_219424_9_yt.qjHLvy4RCsw;0.1189;enthusiastic;procedure-open;facelift;;;Wie ändere ich die Luftstrom-Temperatur im MITSUBISHI Outlander Facelift (2017–2022)? In diesem Video zeige ich Ihnen, wie Sie die Luftstrom-Temperatur im MITSUBISHI Outlander Facelift (2017–2022) schnell und einfach einstellen. Sie lernen, wie die 2‑Zonen-Klimaautomatik funktioniert und welche Tast
0_218685_126_t1_o2cjhbr;0.1189;seeking;skincare-first;peel,niacinamide-peptides,aging-signs;;niacinamide;Schnell Akne durch Kleidung/Schwitzen Trägst du vornehmlich Kunstfaser? Gibt es einen Unterschied in deinem Hautbild, wenn du Kunst- oder Naturfaser auf der Haut trägst?Verwendest du parfümierte Produkte? Z.B. Weichspüler, parfümierte Hautpflege o.ä?Aus welchem Material ist deine Bettwäsche normaler
0_221687_140_7650185530289802518;0.1189;seeking;skincare-first;niacinamide-peptides,spf;;niacinamide;☀️ Summer Essentials 2026 ☀️ Die wichtigsten K-Beauty-Produkte für diesen Sommer – abgestimmt auf jeden Hauttyp! 💖 🧼 Cleanser 🌵 Trockene Haut: Beauty of Joseon Green Plum Refreshing Cleanser 🌿 Mischhaut: Anua Heartleaf Quercetinol Pore Deep Cleansing Foam 💧 Fettige Haut: COSRX Salicylic Acid Daily G
0_219424_126_t1_obvezlw;0.1191;disappointed;procedure-open;botox,price;;;Welche Filme habt ihr diese Woche gesehen? #12/2026 Scream 7 - Ach ja, was soll ich sagen bzw. schreiben? Ich mag die Scream-Reihe einfach. Ich kann sie mir immer wieder ansehen. Und ja, auch Teil 7 mit Neve Campbells Rückkehr ist in meinen Augen durchaus gelungen. Wieder einmal wird Sidney von eine
0_219424_26_1445388937620922;0.1192;seeking;;aging-signs;;;Die Früchte des Bocksdorns (Goji-Beeren) gelten als gesundes Superfood, doch die Blätter der Pflanze enthalten deutlich höhere Konzentrationen bestimmter Flavonoide, die eine starke Anti-Aging-Wirkung entfalten!😃👉https://www.heilpraxisnet.de/naturheilpraxis/bocksdorn-zeigt-starke-anti-aging-wirkung-
0_219424_190_3947705808555741726;0.1192;satisfied;procedure-curious;;;;Wusstest du, woraus Botulinumtoxin besteht? 🤔Viele Menschen glauben, Botulinumtoxin sei eine künstlich hergestellte Chemikalie. Tatsächlich hat es einen natürlichen Ursprung.🦠 Botulinumtoxin ist ein Protein (Neurotoxin), das ursprünglich vom Bakterium Clostridium botulinum gebildet wird.Für die medi
0_219424_26_28212055478379270;0.1192;disappointed;procedure-curious;;;;Einfach Dankbar Sein....Warum denn wirst du dir denken? 👋Ankommen im Körper.Ankommen im Jetzt.Ankommen im Herzen.Heute habe ich ein wundervolles Gespräch geführt dass voller  Herzlichkeit war. Dass ist nicht immer so. Wie traurig ist dass wirklich ‼️Viele Menschen sind oft im Gespräch nicht anwesend
0_221687_140_7610390427908246817;0.1192;cautioning;;vitamin-c,hyaluronic-acid;;;"Bandscheiben sind wie Stoßdämpfer für deine Wirbelsäule. Damit sie diese Aufgabe erfüllen können, sind sie auf eine spezifische Nährstoffzufuhr und vor allem auf eine optimale Hydrierung angewiesen. Warum Wasser das A &amp; O ist? Die Bandscheibe besteht zu 80–90 % aus Wasser. Man kann sie sich wie "
0_218685_9_yt.ke2lcbdvINs;0.1193;seeking;skincare-first;peel,vitamin-c,price;;aha;DM vs. BIPA: Der 55-Minuten Härtetest! 🤯 17 Produkte, 1 Woche, 1 Gewinner 🏆 🛍 MEINE LINK-LISTE 🔗 Linktree: https://linktr.ee/jasmins4343 🎁 Amazon Wunschliste: https://www.amazon.de/hz/wishlist/ls/27S2E5ODB5Q6D?ref_=wl_share 🎥 Mein Equipment: https://kit.co/Jasmins.4343 🃏Mein Store (Collectly): https
0_218673_15_34715159348066917;0.1194;enthusiastic;procedure-curious;aging-signs;;;Exklusives Luxus-Beauty & Fashion Giveaway: Shiseido, Nars & Issey Miyake bei sonrisa Gestern gab es Kuchen und Geschenke für mich, heute bist Du an der Reihe, Darling. Ohne Kuchen zwar – sorry, aber von meinem kann ich nichts abgeben, den hat das beste Patenkind der Welt für mich gemacht –, aber da
0_218673_9_27177483013652175;0.1194;satisfied;procedure-curious;;;;"Die Sache ist die: niemand hat um eine Serie gebeten.Die Macher haben aus reiner Geldgier beschlossen, das Franchise zu melken.Ich als HP-Fan, seit ich ein Kind bin, dachte mir am Anfang so: ""boah, muss das echt sein? So bald nach den Filmen? Naja, warten wir mal ab, evtl zeigt die Serie ja viel meh"
0_219424_126_t1_ot3cxkr;0.1195;satisfied;skincare-first;spf;;spf;"Dass Frauen nur einen kleinen Teil der Männer durchschnittlich attraktiv oder hübscher finden liegt nicht daran, dass zu hohe Ansprüche vorliegen, sonderen daran, dass wir uns schlecht um uns kümmern. &gt;Körpergröße... ja, viele Frauen wollen einen Mann, der größer ist als sie selbst. Allerdings gi"
0_219424_190_3949661685824786021;0.1195;satisfied;;vitamin-c;;;Dein Körper bildet Kollagen selbst. Er braucht dafür kein tierisches Protein von außen — er braucht die richtigen Bausteine!Fast alle Kollagen-Supplements stammen aus tierischen Quellen: Rinderhaut, Fischhaut, Schweinegelatine. Eine vegane Alternative gibt es nicht — Kollagen ist ein tierisches Prot
0_218673_15_52425819682034234;0.1197;satisfied;skincare-first;retinol,aging-signs,price,pressure;;;Meryl Streep: Der Beautywandel von Meryl Streep Coolness, Talent, Engagement – es gibt nicht nur ein Gebiet, auf dem Meryl Streep ein Vorbild ist. BRIGITTE hat sich die Verwandlung der Schauspielerin im Laufe der Jahre genauer angeschaut und festgestellt: Well-Aging-Vorbild kommt auch noch hinzu! Ke
0_218673_9_23031958139621172;0.1197;disappointed;procedure-curious;;;;"Ich werde Ihren Kanal nur einmal beehren, um Sie nicht etwa noch mit Klickzahlen belohnen. Denn da Sie nun vom ""Spiegel"" weg sind, dürfte sich Ihre finanzielle Zukunft über diesen Kanal generieren. Ich wünsche Ihnen von ❤ den gleichen Absturz,  für den Sie sich vor geraumer Zeit bei Andersenkenden z"
0_219424_126_t1_onr463a;0.1199;satisfied;procedure-curious;;;;Boomer und Wikinger Jap, ist nichts neues. Irgendwo schade, ich mag die Ästhetik und Mythologie so auf Arte-Doku Basis auch. Aber man muss sich ja auch nicht alles kaputt machen lassen
0_219424_126_t3_1s02f1h;0.12;enthusiastic;;;;;"🧬 SEBAT-THERMISCHE GENSCHALTER: SELBSTORGANISATION DES GENOMS Genschalter NLP Wechselwirkung ​\`\`\`python\# Prinzip: Kontrollierte Hitze-Kälte-Zyklen (38-42°C ↔ 10-20°C)\# Aktiviert: HSP70, FOXO3, TERT, BDNF, p53, SIRT1, AMPK\# Verstärkt durch NLP-Intentionalität &amp; kollektive Synchronisation\`\"
0_221687_190_3786641565259929428;0.12;enthusiastic;skincare-first;peel,spf;;aha;"AHA oder BHA? 🤔✨Lorina zeigt Dir heute den Unterschied und erklärt Dir welche Säure für Dich die richtige Wahl ist.AHA (z. B. Glykolsäure, Milchsäure)✨ arbeitet an der Hautoberfläche✨ löst abgestorbene Hautzellen✨ sorgt für Glow &amp; ebenmäßige Struktur👉 ideal für: trockene, fahle, reife HautBHA (S"
0_219424_126_t1_oa26dqb;0.1201;satisfied;;;;;Post Workout Meal Botox wird von Bakterien der Spezies Clostridium butyricum gebildet.
0_219424_9_yt.UGlGN98HP0s;0.1201;disappointed;;price;;;7 günstige ikarische Lebensmittel, die Hundertjährige jede Woche essen #IkariaDiaet #Langlebigkeit #BlaueZoneEntdecken Sie die 7 günstigen ikarischen Lebensmittel, die Hundertjährige in der Blauen Zone jede Woche für ein langes Leben essen.Diese preiswerten Superfoods sind das Fundament der mediterr
0_219424_190_3945536259781760937;0.1205;seeking;procedure-open;aging-signs,hyaluronic-acid;;;Hyaluron ist nicht gleich Hyaluron. 💧Hier habe ich eine Übersicht erstellt über die verschiedenen Hyalurontypen. Nachdem ich im Reel darüber gesprochen habe, welche wichtige Rolle Hyaluronsäure in unserer Haut spielt, möchte ich hier aufzeigen welcher Typ für welches Bedürfnisse ist. Die Molekülgröß
0_218673_9_yt.cRoMrCl2EgY;0.1205;disappointed;skincare-first;aging-signs;;;"„Wenn das Leben Falten wirft – 15 Sprüche mit Humor, Ironie und einer Prise Weisheit"" Es gibt Momente im Leben, da merkt man: Die Jahre ziehen ins Land – und mit ihnen ein Hauch von Gelassenheit, ein Schuss Selbstironie und ganz sicher auch eine Portion Humor. Doch während früher vielleicht die Zuku"
0_218685_9_yt.4HUAcI9CbII;0.1206;enthusiastic;skincare-first;price;;;"Comeback bei Brenda & Laurenz? Sie sprechen Tacheles! Temptation Island VIP Anzeige // Mit dem Code ALINAYT bekommst du bei Asam Beauty 15% auf fast alles inklusive der Adventskalender! Gültig in DE/AT &amp; CH bis zum 31.12.2025! ♥ Alle Links: https://go.asambeauty.com/6lyR1CB19d (Aqua Intense Prod"
0_218685_9_yt.6uU9yFwqvak;0.1206;seeking;skincare-first;hyaluronic-acid,aging-signs;;ceramides;BEWERTUNG (2025): Sesderma Hidraderm Hyal Serum. WESENTLICHE Einzelheiten Erhalten Sie einen schnellen Überblick über die Kernfunktionen von Sesderma Hidraderm Hyal Serum.👉 Auf Amazon ansehen: https://www.amazon.de/dp/B00U8WPW7G/?tag=16w9h-20 (Affiliate-Link)Entdecken Sie das Sesderma Hidraderm Hyal
0_221687_9_38197959927232247;0.1206;enthusiastic;skincare-first;retinol,niacinamide-peptides;;glycerin;"Hallo liebe Nicole, wieder ein superschönes informatives Video ❤️❤️❤️👍👍👍Ich hab aufgebraucht, Pickelpatches von Schaebens 👍, Niacinamidserum von Balea 👍, Glycerinserum von Isana 👍, Retinol&amp; Bakuchiol Serum von Isana 👍 glossbomb so juicy von p2 👍 reines Bio Arganöl von Alterra 👍, totes Meer Kopfh"
0_221687_190_3749840754001506544;0.1207;enthusiastic;skincare-first;retinol,aging-signs;;;Bist du bereit für zeitlos strahlende Haut? ✨ Weleda Cell Longevity Super Anti Aging aktiviert die Zell-Langlebigkeit und reduziert selbst tiefe Falten. 🌿 [Retino-Cell]™: Die innovative pflanzliche Alternative zu Retinol, glättet die Haut und schenkt jugendliche Frische. ⚡️ Doppelte [NAD⁺] Booster-K
0_219424_26_1456451476498699;0.1208;enthusiastic;;vitamin-c;;;Vitamin C ist ein echtes Must-have – nicht nur für das Immunsystem, sondern auch fürs Abnehmen, Anti-Aging und die allgemeine Gesundheit.Klar, jeder kennt Vitamin C und verbindet es mit Zitronen oder Äpfeln. Viele denken, ein Apfel am Tag reicht völlig aus. Aber die Wahrheit ist: Dein Körper braucht
0_221687_190_3886113255248935801;0.121;enthusiastic;;hyaluronic-acid,aging-signs;;;"🌸Was ist Artistry?🌸Artistry ist die Premium-Beauty-Marke von Amway und stehtfür hochwertige Hautpflege &amp; Make-up mit Fokus auf Glow, Pflege und moderne Wirkstoffe🌼Was steckt in den Produkten?🌼Eine Kombination aus: 🌱pflanzlichen Inhaltsstoffen (z. B. Antioxidantien) 👩‍🔬wissenschaftlich entwickelt"
0_218673_8_2078836467070042337;0.1211;satisfied;procedure-curious;facelift;;;@LucasSa56947288 Wo sind all seine Falten hin? Hatte er noch eine Facelifting? https://t.co/JcZ4OfBp6W
0_221687_126_t3_1t3hs6b;0.1212;enthusiastic;skincare-first;spf;;aha;Make up verselbstständigt sich, Haut wirkt ölig, Make up setzt sich ab, wirkt gleichzeitig trocken. Ich hab schon ein paar mal in diversen Subs nachgefragt, aber leider hilft kein einziger Tipp :(Ich habe schon versucht meinen primer auf meine make up base abzustimmen. Beide silikonhaltig. Hat nicht
0_221687_26_1362273005942485;0.1213;seeking;;;;;"Länger leben mit Vitamin E? ✨💪Vitamin E gilt als wichtiger Faktor für „Healthy Aging"". Als starkes Antioxidans schützt es vor allem die Mitochondrien – die Kraftwerke deiner Zellen – vor oxidativem Stress. So kann es dabei helfen, entzündliche Prozesse zu reduzieren und deinen Körper langfristig fit"
0_219424_9_yt.805Zc4-8E_k;0.1214;satisfied;;aging-signs;;;Diese Pflanzen sind super für die Haut Eine einfache und schnelle selbstgemachte Gesichtsmaske aus Wildkräutern- genau darauf hatten wir Lust. Darum haben wir direkt eine gemacht. Dazu haben wir zwei häufige leicht zu findende Wildpflanzen verwendet, nämlich Löwenzahn (Taraxacum officinale) und Gäns
0_219424_190_3934407088798919579;0.1214;enthusiastic;;aging-signs;;;Nature's perfect geometry: The blueprint for efficient skin nutrition.​Die vollkommenen Formen der Natur sind auf maximale Effizienz und Vitalität ausgerichtet. Diese bio-geometrische Präzision ist das Fundament von VisHya: Wir nutzen innovative biochemische Prozesse, um hochreine botanische Molekül
0_221687_140_7670833262138232097;0.1214;enthusiastic;;laser,niacinamide-peptides;;;Supergreen Multiple Collagen Advanced Bioactive Peptides #KollagenPeptide #KollagenPeptideFürFrauen #NahrungsergänzungsmittelFürFrauen #TikTokShopping #TikTokSommeraktion
0_219424_9_yt.APFx9MAoPiw;0.1215;enthusiastic;;;;;Kein Pilz! Die Wahrheit über diese mysteriöse rote Pflanze Willkommen bei MindFakten! 🌍Hier entdeckst du die faszinierendsten Geheimnisse aus Natur, Wissenschaft und Geschichte. Von mysteriösen Pflanzen bis hin zu unglaublichen Fakten – wir bringen dir Wissen in kurzen, spannenden Videos.👉 Abonniere
0_221687_26_1405756977582111;0.1215;enthusiastic;procedure-open;vitamin-c,price;;;"🔥 CORTISOL-KILLER–BAUCHWEG-CHALLENGE – wir starten JETZT! 🔥Die ersten Videos &amp; Live-Workouts sind draußen – du kannst heute noch einsteigen. ✨Wenn du bis Weihnachten leichter werden willst, weniger Blähbauch, mehr Energie und wieder in deinem Körper ankommen möchtest – das ist dein Start. 🫶Was d"
0_219424_9_19020989288884199;0.1217;satisfied;procedure-curious;;;;Also in Deutschland hat es was mit dem Bildungsniveau zu tun - aber als Korrelation. Denn man braucht Geld für die Eingriffe, und das können sich eher Leute leisten, die mehr Geld verdienen. Aber mit dem sozialen Milieu hängt es noch zusammen, und da ist es z.B. in meiner Blase (Berlin, eher links, 
0_219424_9_yt.FOUpfcu9zRw;0.1217;disappointed;skincare-first;;;;Vegan Rich Roll (59): 3 Foods, die ich NIE esse & Top 5 Anti-Aging #Vegan #RichRoll #AntiAgingDer 59-jährige Veganer Rich Roll teilt 3 Lebensmittel, die er für ein längeres Leben meidet, und seine Top 5 pflanzlichen Anti-Aging-Foods.Erfahren Sie, wie eine pflanzenbasierte Ernährung die Langlebigkeit
0_221687_190_3726703403427008594;0.1217;enthusiastic;;hyaluronic-acid;;;Glow von innen heraus:Beauty Drink Hyaluron für Feuchtigkeit,Beauty Drink Collagen für Festigkeit,Beauty Caps Collagen Support als vegane Alternative für Haut, Haare, Nägel und die Kollagensynthese.Deine Essentials für Schönheit von innen.Weil du eins bist mit der Natur.
0_221687_190_3872275915480373608;0.1218;enthusiastic;;vitamin-c;;;Alpha-Liponsäure ist ein echtes Power-Antioxidans 💥Sie erreicht jede Zelle, unterstützt Entgiftung, schützt dein Gehirn und kann sogar dein Gedächtnis verbessern 🧠Viele unterschätzen sie – dabei kann sie:• Nerven regenerieren• Zellschutz stärken• Cholesterin senken• Anti-Aging unterstützen👉 Besonder
0_219424_9_38816540400893320;0.122;seeking;procedure-curious;;;;Botox, aka Botulinumtoxin, ist das potenteste bekannte Gift der Welt und wird com Bakterium chlostridium Botulinum produziert. Dass sich Menschen das freiwillig aus Gründen der Ästhetik unter die Haut jagen, sagt eigentlich alles aus, was man wissen muss...
0_218673_126_t3_1udqdlm;0.1221;disappointed;procedure-curious;aging-signs,price;;;Ayhans Döner Charlottenstr 8 in 06108 Halle 10€ Ich war heute im Charlotten Center in Halle bei Ayhans Döner. Es ist schon eine ganze Weile her das ich hier war. Leider war ich etwas enttäuscht. Preislich war der Döner schon immer etwas höher. Dafür gibt's halt auch Yaprak Fleisch. Normaler Döner mi
0_221687_140_7585622031325056278;0.1221;enthusiastic;skincare-first;laser,peel,niacinamide-peptides;;niacinamide;1. Lovenotes Angels Kiss» von Ariana Grande 2. Doppelseitiges Design: Der Puff verfügt über zwei unterschiedliche Texturen für verschiedene Make-up-Formeln. Pinke Seite: Besteht aus Plüschfasern, die eine präzise Menge Puder aufnehmen, um die Basis zu fixieren oder das Make-up aufzufrischen. Orange 
0_219424_9_24318782195549135;0.1223;disappointed;procedure-curious;;;;Das ist ein Teil des Unfugs, den - meist ältere, reiche - Wegovy/Botox Abonnentinnen als ihre 'eigene Meinung' von sich geben.Fast immer schrill, am Rande eines Totalzusammenbruchs.Es ist nicht ihre eigene Meinung! Ich habe aufgehört zu zählen, wie oft ich tatsächlich zugucken konnte, wenn (z.B. im 
0_219424_9_yt.VbBV_BnlGTQ;0.1224;satisfied;skincare-first;retinol,vitamin-c;;;"Natürlicher Haut-Glow ✨ Dieser Saft bringt deine Haut zum Strahlen! 🍎 Dieser „Skin Glowing Juice"" ist eine kraftvolle Kombination aus natürlichen Zutaten, die deine Haut von innen heraus unterstützen. Rote Bete fördert die Durchblutung und sorgt für einen frischen, rosigen Teint. Karotten liefern Be"
0_219424_15_38369067643189049;0.1224;seeking;procedure-curious;;;;Traut euch was!: Mode-Expertinnen verraten ihre Stil-Geheimnisse Drei Mode-Expertinnen erzählen, wie sie ihren Stil gefunden haben – und was sie anderen Frauen ans Herz legen. Wer einen Beweis dafür braucht, wie Frauen sich gegenseitig fördern, hätte an einem sonnigen Dienstagmorgen in einem Hinterh
0_218673_8_2007081133260079452;0.1224;disappointed;skincare-first;aging-signs;;;"@Regendelfin 🎶""Ich wünsche Dir die Pestilenz und einen dicken Bauch,und dass Dein Partner Dich betrügt, das wünsche ich Dir auch,Ich wünsch Dir Krähenfüße und Falten im Gesicht,doch daneben, dummes Arschloch, frohes Neues für Dich!""🎶"
0_221687_26_1246989300779235;0.1224;enthusiastic;;vitamin-c;;;Vor wenigen Wochen war Erntezeit auf unserem Demeter-Hof 🍂Die leuchtend roten Ebereschen sind nicht nur wunderschön anzusehen – sie sind auch echte Vitamin-C-Kraftpakete. 💪✨Wir verarbeiten ihre wertvollen Früchte schonend von Hand und nutzen sie als natürliche Quelle für das Vitamin C in unserem aus
0_221687_190_3756871712093266551;0.1224;enthusiastic;;vitamin-c;;;Vor wenigen Wochen war Erntezeit auf unserem Demeter-Hof 🍂Die leuchtend roten Ebereschen sind nicht nur wunderschön anzusehen – sie sind auch echte Vitamin-C-Kraftpakete. 💪✨Wir verarbeiten ihre wertvollen Früchte schonend von Hand und nutzen sie als natürliche Quelle für das Vitamin C in unserem aus
0_219424_9_56094291337808309;0.1225;disappointed;skincare-first;;;;72 Jungfrauen die er dann verprügeln kann hab heute eine Familie aus dem Orient gesehen im Aldi die Frau hatte wirklich schöne blaue Augen und wozu Botox wenn auch mit der Faust geht.
0_221687_190_3901741736797561290;0.1225;satisfied;skincare-first;retinol,hyaluronic-acid,niacinamide-peptides,aging-signs;;coq10;What really happens in your skin when you apply a serum? Highly effective active ingredients don't just work on the surface – they target deeper layers of the skin and support key processes there. 💧Hyaluronic acid binds moisture in the epidermis and creates a visibly plumped-up complexion. 🛡️Coenzym
0_221687_126_t1_ncls91p;0.1226;enthusiastic;;vitamin-c;;;Which vitamin c serum is best Melano CC
0_221687_140_7646449384795786528;0.1226;disappointed;;hyaluronic-acid,niacinamide-peptides;;;Niacinamide in Zink Serum Hyaluronsäure Aloe Vera
0_219424_9_44107239816964065;0.1227;satisfied;;;;;​@SuburbanBassRecords Elon schaltet Starlink ab und Botox Opa legt Telegram lahm. Die Russen wollen nicht gewinnen
0_219424_9_29184165845365636;0.1227;seeking;;;;;Anti Aging Produkte für Hunde. Als ob wir keine anderen Probleme hätten
0_219424_190_3946793410424939489;0.1227;disappointed;;peel;;;Warum wir die Radiofrequenz fast nie allein machen.Eure Haut altert auf zwei Ebenen – ein einzelnes Gerät erreicht meist nur eine.Das Radiofrequenz-Microneedling (Genius) geht tief: Festigkeit und Straffheit. Der Thulium-Laser LaseMD (1927 nm) bleibt oben: Glow, Textur, gleichmäßiger Teint.Radiofreq
0_218673_23_55191357579694186;0.1227;enthusiastic;skincare-first;vitamin-c,aging-signs;;;Haut strahlt wirklich Vitamin C ist wichtig für die Kollagenbildung und das merke ich wirklich an meiner Haut. Teint ist frischer, Fältchen wirken weniger tief. Meine Freundinnen haben mich gefragt was ich anders mache!
0_219424_190_3935912110780167854;0.123;enthusiastic;;;;;NAD+ Ultra – Das Longevity-Protokoll.NAD+ ist der Treibstoff deiner Zellen. Mit dem Alter sinkt der Spiegel – wir füllen ihn auf.✓ Zellregeneration✓ Mentale Klarheit✓ Anti-Aging✓ EnergieHochdosiertes NAD+ für zelluläre Erneuerung – das fortschrittlichste Protokoll in unserem Portfolio.→ Link in Bio#
0_219404_15_25052508245042001;0.1231;enthusiastic;skincare-first;niacinamide-peptides,aging-signs,price;;glycerin;"Nivea Body Mousse – Die 15 besten Produkte im Vergleich Empfohlene Produkte im Bereich „Nivea Body Mousse"" Wir haben Produkte im Bereich „Nivea Body Mousse"" miteinander verglichen und Empfehlungen für Dich zusammengestellt. Hier findest Du die Top 15 im Bereich „Nivea Body Mousse"". AngebotEmpfehlung"
0_219424_26_1618972300238960;0.1232;enthusiastic;skincare-first;peel;;;"✨ ""Ich hätte nie gedacht, dass meine Haut sich so straff und frisch anfühlen kann!"" ✨– Eine Kundin, die mein Studio mit einem strahlenden Lächeln verlassen hat.Gönn auch du dir diesen Moment zum Durchatmen.Bei Beauty am Schwanenweiher erwartet dich wohltuende Pflege, sanfte Hautstraffung und ein Gef"
0_221687_190_3750472216031828722;0.1232;satisfied;skincare-first;retinol;;aha;STUDIO BOTANIC FACE OIL – THE GENTLE RETINOL ALTERNATIVEA lightweight, regenerative oil that refines skin texture, locks in moisture, and leaves a natural glow.Instead of classic retinol, it relies on plant-based actives that boost cell renewal — without irritation or sensitivity. Cruelty free and @
0_221687_26_1487208683433593;0.1232;satisfied;skincare-first;retinol,niacinamide-peptides;;biotin;DE: https://douglas.shop/ouaifinedeAT: https://douglas.shop/ouaifineatCH: https://douglas.shop/ouaifinechSummer hair starts at the roots. ☀️✨Sonne, Hitze und Salzwasser können feines Haar schnell schlapp wirken lassen. Umso wichtiger ist eine Routine, die Volumen schenkt und das Haar langfristig stä
0_221687_140_7592912760732667158;0.1233;satisfied;skincare-first;retinol,aging-signs;;pha;#ad In Jennys Glitzerstube Von ANNEMARIE BöRLIND 2-Phasen Elastin-Shake Pflanzlicher Elastinbooster → aktiviert die Elastinproduktion Fördert die Zellerneuerung Mit veganer Retinol-Alternative Samphira-Ol Anti-Aging → mildert Fältchen Verfeinert das Hautbild Verleiht sanften, goldenen Glow Für eine 
0_219424_190_3932192137650044200;0.1234;enthusiastic;procedure-curious;fillers,hyaluronic-acid;hyaluron-filler;;❗️Nach meiner eigenen Hylase-Behandlung und den vielen Fragen zu meinen bläulichen Lippen möchte ich euch erklären, was Hylase eigentlich ist und wann sie eingesetzt wird.Hylase (Hyaluronidase) ist ein Enzym, das Hyaluronsäure abbauen kann. In der ästhetischen Medizin nutzen wir sie unter anderem zu
0_218673_126_t1_n6o8e5z;0.1234;cautioning;procedure-curious;retinol;;;Was ist dein kleines Geheimnis der Woche? Ich mag den einen Norma Kunden nicht. Ich finde den so extrem Peinlich. Er ist groß, sieht aus wie als bekommt er Kleiderspenden aus dem Altersheim, dunkle Augenringe, ... und muss jeden verdammten Samstag wenn ich dort einkaufen will dort sein, um der junge
0_218673_126_t1_okevdto;0.1235;enthusiastic;skincare-first;;;pha;Ich möchte nicht ständig auf meinen Gewichtsverlust angesprochen werden Wollte nur sagen: Ich fühle das. Ich bin auch so - super fit, sportlich, sehr aktiver Lebensstil und abgesehen von kleinen Sünden gute Ernährung. Dennoch immer am oberen Rand des Normalgewichts, wobei ich nen flachen Bauch habe 
0_218685_9_55611840253527094;0.1235;seeking;procedure-curious;peel;peeling;;Nix gegen dich Jenny ich liebe alle deine videos aber weisst du eigentlich was du da unterstützt?❤️Die Creem enthält 5 sehr problemeatische Inhaltsstoffe:1. Acid Yellow 23 ( problematisch weil der stoff bei vielen Menschen Unruhe und allergien auslösen kann)2. Chlorphenesin ( kann allergiem aslösen 
0_221687_26_25102182426077112;0.1235;disappointed;skincare-first;;;coq10;⚡ Die Herzarrhythmie - wenn der Körper nicht krank ist, sondern überladenHerzrhythmusstörungen sind kein Fehler des Herzens. Sie sind das Echo eines Systems, das an mehreren Stellen gleichzeitig die Ordnung verloren hat. Das Herz stolpert nicht, weil es defekt ist, sondern weil die elektrischen Leit
0_218673_126_t1_nf1fw7l;0.1237;seeking;procedure-curious;;;;"Pigmentflecken im Auge https://preview.redd.it/2piz7cro63qf1.jpeg?width=1260&amp;format=pjpg&amp;auto=webp&amp;s=caefd57c8b69d33e76f7cf46d7e5bebc50a6fddaIch weiß nicht wo du wohnst, aber man findet da schon welche. Nicht an jeder Ecke aber es gibt sie.  Oft muss man sich auf den Seiten etwas durchle"
0_221687_140_7622690686462201121;0.1237;satisfied;;vitamin-c;;;FGN Kollagen Fruchtgummies Erdbeere - Beauty von innen, die schmeckt. Unsere Kollagen Fruchtgummies mit leckerem Erdbeergeschmack vereinen hochdosiertes hydrolysiertes Kollagen (1000 mg pro Portion) mit wichtigen Beauty-Nährstoffen wie Biotin, Vitamin C und Vitamin E. Diese Kombination unterstützt H
0_219424_9_yt.sdidWaEikK0;0.1239;enthusiastic;;price,pressure,celebrity;;;11 deutsche Schauspieler mit verformtem Gesicht nach Wangenfett-OP | Vorher & Nachher im Mai 2026 In diesem Video werfen wir einen kritischen Blick auf 11 deutsche Prominente, deren Gesichter sich durch Schönheitsoperationen, extreme Selbstoptimierung und den Druck der Öffentlichkeit stark verändert
0_219424_140_7657202160232402208;0.1239;satisfied;;aging-signs;;;Kollagen Matcha? Match(a) made in Heaven 🍵  Unser Blossom Beauty Drink schmeckt übrigens nicht nur im Matcha, sondern durch seinen Mango-Lemongras Geschmack auch pur als Shot, in einem Glas Wasser oder auch in so ziemlich jedem Drink. Natürlich verleiht er eurem Drink nicht nur eine besonders frucht
0_219424_140_7663047266554400022;0.1239;enthusiastic;;;;;"Neue Podcasfolge 40 „Badetuch &amp; Botox» jetzt bei Spotify und Apple Podcast unter „Kuss&amp;Krise"" verfügbar. #schweiz #podcastclips #Komödie"
0_219424_190_3943850718394220755;0.1239;enthusiastic;;;;;"Schlaf ist die beste Anti-Aging-Methode✨In der Nacht wird außerdem das glymphatische System aktiv. Es funktioniert wie eine „Reinigungsanlage"" des Gehirns und hilft dabei, Stoffwechselprodukte zu entfernen, die sich tagsüber angesammelt haben.Hier sind einige meiner liebsten Tipps für einen erholsam"
0_218673_15_42208172825448921;0.1239;enthusiastic;skincare-first;retinol,vitamin-c,hyaluronic-acid,niacinamide-peptides,spf,aging-signs;;glycerin;"Getönte Tagescreme Loreal – Die 15 besten Produkte im Vergleich Empfohlene Produkte im Bereich „Getönte Tagescreme Loreal"" Wir haben Produkte im Bereich „Getönte Tagescreme Loreal"" miteinander verglichen und Empfehlungen für Dich zusammengestellt. Hier findest Du die Top 15 im Bereich „Getönte Tages"
0_219384_126_t1_ohuh9sz;0.1239;satisfied;skincare-first;laser;;;Gutes IPL Gerät der Braun Silk·expert Pro 5 ist nicht schlecht benutzen sehr viele, ist sogar gerade auf amazon reduziert über die neue version 7 kann ich nichts sagen, aber ja für körper sind die schon okey, aber bart oder ansich sehr dickes haar eher nicht so, auch wenn man zu dunkle haut hat oder
0_221687_126_t1_ngstff8;0.1239;cautioning;skincare-first;vitamin-c;;snail-mucin;Koreanische Produkte zu empfehlen? Meine koreanischen bekannten haben mir letztens erklärt dass Beauty of joseon in Korea tatsächlich teurer ist. Das wird wohl quasi für andere Märkte produziert. Schade, der sunscreen ist mit Abstand mein liebstes koreanisches Produkt.Ansonsten: cosrx snail mucin un
0_218673_9_10011658713200334;0.124;satisfied;;vitamin-c,niacinamide-peptides;;;Vitamin B3 (Serum) soll wohl in der Lage sein Altersflecken aufzuhellen, ähnlich wie Vitamin C. Säuren wirken ja allgemein bleichend.
0_221687_140_7610476828146568470;0.1241;disappointed;;hyaluronic-acid;;;#hyaluron #primabiotic #shot #dealsfürdich #tiktokmademebuyit  Angenehmer Geschmack: Mangogeschmack für ein angenehmes Trinkerlebnis Anti-Aging-Vorteile: Beinhaltet Coenzym Q10, um den Alterungsprozess zu verlangsamen Diätfreundlich: Nur 14 Kalorien pro Shot, geeignet für verschiedene Ernährungsbedü
0_219424_126_t1_ofcegzo;0.1242;seeking;procedure-open;;;;Röstet mein Depot Ich Stelle mir die Zukunft vor. Wer wird in der Zukunft gebraucht. Was ist in 10-20 Jahren mehr. Z.B. bin wächst der Anteil der muslimischen Bevölkerung exponentiell dadurch steigt auch die Nachfrage nach Sozialleistungen, nasenops, filler Botox und Sicherheitsgeschichten Metalldet
0_221687_140_7588627912274873622;0.1243;enthusiastic;;vitamin-c;;;Ein weiteres sehr gutes Produkt von #naturelan ist die das #supplement mit der #collagen FORMEL - inkl. Vitamin C , Hyaluronsöure und Co-Enzym Q10 . Eine richtige Power Formel und 180 Kapseln reichen euch 3 Monate 👌🏽👌🏽🤩🤩🌺🌺 #newyearnewme #tiktokmademebuylt @Naturelan
0_219424_23_10030832819737970;0.1244;enthusiastic;skincare-first;vitamin-c;;;Super Ich mag generell die Nivea Deos am liebsten. Auch dieses überzeugt mich, hält trocken, riecht gut und mit Hyaluron und Vitamin c dazu-super.
0_219424_126_t3_1trw8zj;0.1244;disappointed;skincare-first;;;;Mein Gewichtsverlust https://bilderupload.org/image/6a5736398-vergleich-25-jahre-neu.pngIch poste das auf einem Throwaway acc, weil ich keine Bilder auf meinem Main acc hier haben möchte.Ich hab innerhalb von ~15 Monaten knapp über 80 Kilo abgenommen.Mein Protokoll war:1200 kcal / Tag essen. Habe je
0_219424_126_t1_otyade8;0.1244;disappointed;procedure-curious;;;;Schönheitsop's sind unfehlbar gut und gehören moralisiert. Ich sitze hoch oben im grauen und kalten Aberdeenshire. Nur regen hierm wir kommmen echt nicht über die 26°C
0_219424_126_t1_olpiynr;0.1245;satisfied;;;;;Honig ist nicht wirklich gesünder als irgendeine andere Zuckerpampe Eher nicht, was es enthält sind die Sporen des Bakteriums Clostridium botulinum, welches im Magen dann bei Ausbruch Botulinumtoxin (Botox) produziert.
0_218673_9_14954477807410786;0.1245;disappointed;skincare-first;;;;Das wird immer wieder geschehen auch wenn es die Partei Fritzen sind, sie machen kein Unterschied, ihre Kultur sitzt denen im Hinterkopf schon von Kind auf werden die ihre Kultur ein gehämmert,🤷‍♂️ das alles hätte man vermeiden können schon seit 2015 hätte man das vermeiden können, aber die Tränensä
0_218673_126_t1_o4n4ihx;0.1245;enthusiastic;skincare-first;aging-signs;;;"Franck Ribéry ist einer der größten Bundesliga-Legenden überhaupt. Er teilte sich den Platz mit weiteren Legenden wie Lewandowski, Zidane, Robben, Benzema. Um mehr über diese absoluten Legenden zu erfahren, googelt einfach ""Ribery Benzema"" Ich lass mir mit 45 von einer 18 Jährigen meinen verschrumpe"
0_218673_9_24805875017506008;0.1245;satisfied;procedure-curious;;;;"naja, wenn man sich in Doloris hineinversetzt würde JEDER das Wunder Brechen wollen (oder diese Gabe)stellt es euch vor:&gt; ihr habt ein Super gehör&gt; Ihr könnt euren Schwarm höhren wie er sich um seine Mutter kümmert (siehe Endlied)&gt; eine Stecknadel die auf ein Kissen fällt ist klar zu höhren"
0_221687_9_70325575438092435;0.1245;enthusiastic;procedure-open;peel,vitamin-c,niacinamide-peptides,spf;peeling;;Liebe Nicole ❤Vielen Dank fürs Vorstellen der zwei Dalton Adventskalender ❤Bis dato hat mich kein Adventskalender überzeugt aber die zwei Dalton Adventskalender finde ich von außen und von innen schön.Zu dem kleinen Adventskalender - richtig gut finde ich:* das Ceramide Serum ... ich habe nämlich no
0_218673_9_13573226014753463;0.1246;disappointed;procedure-curious;;;;AhAhIch zieh' deine Tür zu zum letzten MalDraußen ist es kühl und nur ich bin wachWir beide haben zu lange nur an dich gedachtJunge, ich sag' dir, wie es ist: Du bist fucked upIch zieh' deine Tür zu zum letzten MalDer Himmel weint, ich fühl' mich so einsamDu hast dich und danach uns kaputtgemachtJun
0_218685_9_53930942374429852;0.1246;enthusiastic;procedure-curious;peel;peeling;;Das Dove Peeling riecht nicht nur toll, es macht auch super weiche Haut 😍Vielen Dank für dein Video liebe Nicole 🙏🏻Black Honey 😊Gerne versuche ich mein Glück 🍀 und wünsche allen anderen auch viel Glück 🍀 Fühl dich lieb gedrückt 😘❤️ und streichel Marie und Gustav lieb von mir 🐈😻❤️
0_219424_126_t1_olezng3;0.1247;enthusiastic;skincare-first;;;aha;Green Trends salon experience Sahi pakde ho bhai, ye salon waale bas bill phadne ke chakkar mein rehte hain. Hair botox se achha toh natural hi sahi hai, faltu mein volume ka kachra ho jata hai. Wese bhi life mein ab quality aur 'verified' cheezein hi chalti hain, fake filters nahi. Agar matchmaking
0_219424_26_27381055061589448;0.1247;disappointed;;;;;"Die ukrainische Marine gab die Zerstörung eines Grenzschiffs des russischen FSB, der ""Isumrud"", bekannt.Laut Angaben der ukrainischen Marine wurde das Schiff durch eine unbemannte See-Drohne vom Typ Sargan-3000 in der Nähe von Noworossijsk zerstört. Es wird berichtet, dass es Tote und Verletzte unte"
0_218673_9_70658775772625808;0.1247;satisfied;;;;;Aber in dieses Schöpfer 6 wird einfach wenn hakki Baki schreit einfach der Lilly lillys Bruder einfach gelbe augenringe gelbe Augen der sieht richtig creepy aus oder so richtig cool
0_218673_126_t1_oonsv34;0.1247;seeking;skincare-first;vitamin-c,spf;;;Wir behandeln Pigmentflecken zu viel… und verhindern sie zu wenig? Vitamin C ist sicherlich eines der bekanntesten Antioxidantien. Es gibt aber auch andere interessante Wirkstoffe wie Viniferin aus der Weinrebe, die wegen ihrer Wirkung auf Pigmentflecken untersucht werden. Jetzt bin ich neugierig. 😄
0_219424_126_t3_1s8h7sk;0.1248;seeking;skincare-first;hyaluronic-acid;;;[Product Question] Auf wie feuchte Haut tragt ihr Hyaluron Seren auf? Hallo,ich bin mir immer sehr unsicher wie feucht die Haut zum auftragen eines Hyaluron Serum wirklich sein muss. Kann jemand das genau beantworten oder Tipps geben?Danke
0_221687_26_1417148499776292;0.1248;disappointed;skincare-first;vitamin-c,price;;;Die ganze Familie, rastet aus …Weil ENDLICH das Paket mit Restore und Nourish angekommen ist… 😍🎉Bei uns wird das Zeug ja regelrecht weggesaugt – mindestens einmal, meistens zweimal täglich! 🙈Und jetzt ist hier offiziell Beanie-Alarm!Im Hintergrund ist ein richtiger Hype ausgebrochen.Meine ganze 🌸VIP
0_218673_9_5208687922615775;0.1249;seeking;skincare-first;;;;Ich kenne 20-jährige Sportlerinnen, die nie geraucht oder getrunken, geschweige denn andere Drogen konsumiert haben, im Grunfe maximal gesund gelebt haben und dennoch mit 20 wie 30 aussehen, während Janina auch 16 sein könnte. Hätten die mit der Genetik fürs Altaussehen dieselben Drogen konsumiert, 
0_221687_8_2062983456645091378;0.1249;disappointed;;retinol,vitamin-c;;;@Frank_Ober71 Vollblut: Selen, Zink, Magnesium, Vitamin B 6im Serum Vitamin A, Vitamin D, Folsäure, Coenzym Q10
0_218673_8_2008697394842472553;0.125;satisfied;skincare-first;;;;"@georg1268430987 Sag mal mir sagt der Typ gar nichts, ist das der Schauspieler von „Das große Fressen"" ? Da fällt mir noch ein alter Spruch ein: hat der Bauer Doppelkinn haut die Bäuerin doppelt hin 😃"
0_219424_26_1460722406097576;0.1251;disappointed;;;;;NEW NEW NEW: Stendhal Paris – französische Eleganz seit 1946 🤍Es gibt Marken, in die man sich direkt verliebt. Stendhal Paris ist so Eine: ein französisches Luxushaus, das seit 1946 Schönheit als Zusammenspiel von Wissenschaft und Raffinesse versteht. Inspiriert von der zeitlosen Eleganz der Pariser
0_219424_190_3940398936798337909;0.1251;enthusiastic;;fillers,aging-signs;;;Hautregeneration auf zellulärer Ebene. 🔬 HP Vitaran Polynukleotide stimuliert die natürliche Kollagenproduktion und revitalisiert die Haut von innen heraus. Für nachhaltige Anti-Aging-Ergebnisse – CE-zertifiziert, EU-MDR konform. 👉 Jetzt im Shop verfügbar – Link in Bio.Polynukleotide #Hautregenerati
0_219424_140_7657586480558247200;0.1252;disappointed;skincare-first;;;;Ich finde es so so gut!😍❤️#sommerdeals #dealsfürdich #antiaging #hautpflege #koreanskincare
0_218673_8_2028930626586370301;0.1252;satisfied;skincare-first;;;;@Prunkundshiva Fällt mir ein altes Sprichwort ein. Hat der Bauer Doppelkinn haut die Bäurin doppelt hin !
0_218673_126_t1_nbbeqf9;0.1253;satisfied;procedure-curious;;;;USA: JD Vance erklärt sich für das Präsidentenamt bereit | JD Vance ist bereit für den Spitzenjob im Weißen Haus. Er erklärte überraschend deutlich, schon vor Ablauf von Trumps Amtszeit einspringen zu können. Habeck hatte eigentlich permanenet Augenringe an seinen Augenringen und.. äh, dings, dieser
0_218673_126_t1_nqvfism;0.1253;disappointed;;;;;Thüringen benutzt keine Meter Die NASA arbeitete doch seit Beginn metrisch.  Das war doch das Problem, weil das für sie so selbstverständlich war, dass sie gar nicht auf die Idee kamen, dass ein Zulieferer in Hobbits pro Augenringe rechnet.
0_218673_9_yt.t1uABrSNgKQ;0.1253;satisfied;;aging-signs;;;Die Kunst der Yuba-Herstellung: Eine traditionelle Delikatesse Das Video zeigt eine Handwerkerin, die gekonnt Yuba, auch bekannt als Tofuhaut, herstellt – ein traditionelles Lebensmittel mit tiefen kulturellen Wurzeln. Dieser Prozess verdeutlicht die Geduld und das Fachwissen, die für die handwerkli
0_219424_9_yt.OGv_fZUYddY;0.1254;disappointed;skincare-first;spf;;spf;Diese Getränke können den Alterungsprozess verlangsamen – von innen heraus. 🥤 Diese Getränke können den Alterungsprozess verlangsamen – von innen heraus.Der Alterungsprozess wird nicht nur von Genetik bestimmt, sondern auch von Oxidationsstress, Entzündungen und Nährstoffversorgung. Bestimmte Geträn
0_218673_8_2020128241726398922;0.1254;satisfied;skincare-first;aging-signs;;;"💢 „The Greatest of all Times"" #GOT Football-Superstar und Quarterback „Tom Brady"" ist Hollywood Star „Larry Hagman"" aus der Serie „Dallas"" wie aus dem Gesicht geschnitten. Nein, es wird noch viel besser: Sie haben auch absolut identische Falten, Muttermale und Narben. Aber das Verrückteste ist, dass"
0_218673_9_19819264395002195;0.1254;enthusiastic;skincare-first;aging-signs;;;Jesus Christus Heilige Vater meine Beschützer und meine Kämpfer weil meine Vater bist und mich beschützt Heilige Vater kannst du mir meine Jugend zurückholen ich glaube dir dass du zurückholen kannst meine Jugend weil ich vertraue dir ich empfange meine Jugend zurück und ich wünsche mir von meine Ge
0_221687_190_3712131906902969341;0.1254;enthusiastic;;aging-signs;;;"Beauty zum Mitnehmen! ✨🧖🏼‍♀️ Unser Beauty Collagen Stake vereint die Power von Typ I, II &amp; III Kollagen mit Biotin, Hyaluronsäure und einem fruchtig-frischen Erdbeer-Limette-Geschmack. 🍓🍋Ob im Gymbag, Koffer oder Alltag – die handlichen Sachets liefern dir jederzeit einen hochdosierten Collagen-"
0_219424_126_t1_o5h8jte;0.1255;seeking;procedure-curious;spf;;;Habt ihr mal in euren 4 Wänden mit einem EMF-Messgerät geschaut wo hohe Strahlenwerte zu messen sind um dann zu optimieren bzw. reduzieren? Natürliche Strahlung von Radioaktiven Elementen (deswegen Radon) ist ionisiert und kann Gewebe verändern (Deshalb nimmt man ja Sonnenschutz-Creme). WLAN und Co.
0_219424_9_71360883852069167;0.1255;enthusiastic;skincare-first;spf;;spf;Oh wow das ist ja wieder mal ne mega mega Box!! So viel spannendes - die karotten-pads stell ich mir ziemlich cool vor, evtl auf den Augen während man ne Maske trägt? Am aller spannensten finde ich aber die vegane Lachscreme 😁🐠Boah da bin ich echt am überlegen.. sonnenschutz und toner auch immer imm
0_221687_26_1655238669500818;0.1255;enthusiastic;;vitamin-c;;;"CA-BONE  - Unterstützung für Gelenke &amp; Knochen💪🐎Unser neues Powder liefert wichtige Nährstoffe für den Bewegungsapparat:➡️Calcium Vitamin D3 &amp; Vitamin K1→ unterstützen den Knochenstoffwechsel➡️Kollagen→ natürlicher Baustein von Knochen &amp; Gelenken➡️Kupfer &amp; Mangan→ unterstützen enzyma"
0_219424_9_yt.OP01n0LpIA4;0.1255;satisfied;;;;;"ANTI-AGING SALAD"" (Blueberries + Walnuts + Spinach).      #salad  #antiaging #fruits"
0_218673_9_22312367502355080;0.1258;satisfied;;aging-signs;;;Feta Garlic Flatbreads😍 Hum Rezept geht es hier.👇🏻Für drei Flatbreads benötigst du:•250g Weizenmehl Type 00 z.B. Teichners' Beste oder Type 405•180g griechischer Joghurt•1 Tl BackpulverFür die Füllung:•250g Feta•50g Creme Fraiche•Eine Hand voll frischer Spinat •5-10 Blätter frische Minze •3 Zehen Kn
0_219424_9_22327524374027956;0.1259;satisfied;skincare-first;;;;Die Russen vor den Kameras habe so viel BOTOX in der FRESSE, dass die nicht IHRE FRESSEN BEIM LÜGEN VERZIEHEN KÖNNEN, DASS DIE NOCH IRRER IM KOPF WERDEN‼‼‼‼
0_219424_126_t1_okhpwaw;0.1259;enthusiastic;procedure-curious;;;;Website Webdesignerin hier. Eine Webseite, egal ob KI oder menschengemacht kann nur so viel wie du ihr gibst. Texte, Bilder, deine Positionierung, Zielgruppe, am besten auch noch Farben und eine Grundstruktur solltest du immer selbst machen. Dann noch Datenschutz, Cookies, DSGVO und Impressum beacht
0_218673_9_68310738084412135;0.1259;enthusiastic;procedure-curious;;;;⁠@PomeloAzul420sie verzichtet aus Überzeugung, Liebe bedeutet ebenso Respekt und nicht für jemand anderen zu entscheiden und ihm seine Überzeugung aufzuzwingen.. Sie akzeptiert meine Ess Gewohnheit, ich die Ihre. Ich koche sehr gerne und da ich für uns beide koche entsprechend häufig vegan. Ich kenn
0_219424_9_yt.5Ih8oG7Mnew;0.126;satisfied;;;;;Natürliches Testosteron steigern mit Olivenöl: Geheimrezept für Männer ab 50 Natürliches Testosteron steigern mit Olivenöl: Geheimrezept für Männer ab 50💡 Entdecken Sie ein einfaches Abendritual, das Ihre männliche Vitalität nachhaltig unterstützen kann. Dieses Video zeigt, wie Sie mit natürlichen Z
0_221687_190_3860032775567605916;0.126;enthusiastic;skincare-first;retinol,spf,aging-signs;;spf;"✨ Pro-Retinol &amp; Anti-Aging ✨Sanfte Power für sichtbar glattere Haut. 💜Pro-Retinol ist ein bewährter Wirkstoff im Anti-Aging-Bereich: Es unterstützt die Hauterneuerung, kann feine Linien und Fältchen reduzieren und die Hautstruktur verfeinern. Der Teint wirkt ebenmäßiger, frischer und strahlender"
0_221687_26_1741713204355597;0.126;enthusiastic;skincare-first;hyaluronic-acid;;aloe;Mit der Sonne strahlen ☀️✨Portugiesinnen pflegen ihre olivfarbene Haut traditionell mit hochkonzentrierter Aloe vera aus der Algarve 🌿 Kombiniert mit Jojobaöl und Hyaluronsäure schenkt sie intensive Feuchtigkeit und einen natürlichen Glow 💛#ParfümerieMitPersönlichkeit #SummerGlow #AloeVera #GlowSkin
0_219424_9_22307928606572422;0.1261;disappointed;;;;;Uschilein,  zu 80 % aus Silikon , 75 % davon zwischen den Apatschenfledermausohren,, der Rest ist Botox 🏁💦🤣
0_218673_8_2041748029393285359;0.1261;enthusiastic;skincare-first;;;;Meine deutschen Bekannt:innen erzählen mir das immer wieder, und langsam glaube ich, da ist was dran.Deutsche Typen ab 30 sehen oft aus wie 45. Glatze mit 32, Bierbauch schon mit 28, Augenringe wie Waschbären und ne Haut wie eine alte Ledercouch. Zehn Jahre Döner, Energy-Drinks, Homeoffice-Sessel, B
0_221687_190_3958600882845170667;0.1264;enthusiastic;skincare-first;hyaluronic-acid;;aloe;Mit der Sonne strahlen ☀️✨Portugiesinnen pflegen ihre olivfarbene Haut traditionell mit hochkonzentrierter Aloe vera aus der Algarve 🌿 Kombiniert mit Jojobaöl und Hyaluronsäure schenkt sie intensive Feuchtigkeit und einen natürlichen Glow 💛#ParfümerieMitPersönlichkeit #SummerGlow #AloeVera #GlowSkin
0_219424_9_yt.23MAClKHfYY;0.1265;seeking;procedure-open;facelift;;;Mitsubishi Outlander 2017–2022 – Geschwindigkeitsabhängige Lautstärke einstellen Dieses Video zeigt dir, wie du die geschwindigkeitsabhängige Lautstärke im MITSUBISHI Outlander Facelift (2017 - 2022) schnell und sicher einstellst. Du lernst, wie du das Bildschirmmenü öffnest, zum Punkt Ton gehst, na
0_219424_9_49471885228452158;0.1266;enthusiastic;procedure-curious;;;;0:52 ich muss ehrlich sagen Gil ist der einzige der sich anstrengend im Gegensatz zu Ariel, wegen diesem Kampf-Mäusele😂 das wegen JEDER Scheiße irgendjemanden anmacht und nicht im geringsten teamgeist zeigt, hätte ein Gil auf jeden Fall die dschungelkrone mehr verdient, als dieses mit Botox voll gep
0_219424_9_51409230418587359;0.1266;disappointed;procedure-curious;;;;Ich hab mal eine Frage. Ich habe jetzt ja ziemlich schnell 20 kg abgenommen. Ich habe gerade das Gefühl,  dass mir der Glaube schwindet... Jahrzehnte hatte ich Kleidergrößen zwischen 48 und 62. Und jetzt 44 mit Tendenz zu 42. Kommt halt auf den Schnitt an. Ich kann das irgendwie nicht wirklich verst
0_219424_126_t1_o5o2bed;0.1266;enthusiastic;procedure-curious;fillers;;;Jawline filler Empfehlung in München, Augsburg oder Nürnberg Hab meine Fillerbehandlung in Kinn und Jawline bei LiebDeinGesicht gemacht, alles perfekt
0_219424_9_yt._UuzDzeoGII;0.1266;satisfied;skincare-first;vitamin-c;;;3 Beeren - sie schützen dein Gehirn, Herz und Immunsystem gleichzeitig 🫐🧬 (Wissenschaftlich belegt) 🧬 Wissenschaftler sind sich einig: Schwarze Johannisbeeren, Himbeeren und Heidelbeeren gehören zu den nährstoffreichsten Lebensmitteln auf dem Planeten – und eine Handvoll täglich reicht aus, um deine
0_219424_9_yt.g67Vkcu1GWs;0.1266;disappointed;procedure-curious;price,celebrity;;;9 berühmte deutsche Prominente, die infolge von Schönheitsoperationen tragisch verstarben In diesem bewegenden Video blicken wir auf die tragischen Schicksale von 9 berühmten deutschen und in Deutschland bekannten Prominenten, deren Leben durch Schönheitsoperationen, medizinische Eingriffe oder den 
0_219424_9_yt.Tjiq5GIVFoo;0.1266;seeking;procedure-open;facelift;;;Wo ist die Gleichstromsteckdose im MITSUBISHI Outlander Facelift (2017–2022)? In diesem kurzen Video zeige ich dir genau, wo sich die Gleichstromsteckdose (12 V, 120 W) im MITSUBISHI Outlander Facelift (2017–2022) befindet. Du erfährst, wie du die Mittelarmlehne hochklappst, die Steckdose in der Fah
0_218673_9_54524733624699593;0.1266;satisfied;;;;;Ja voll cool dass Grace endlich wie eine überschminkte Schauspielerin mit Augenringe in ihren mittleren 30ern aussieht
0_218673_8_2036868230350848265;0.1266;satisfied;;;;;"1. Short: Typ sieht aus, wie ein gefallener Engel im YouTubeFrame. (Bin so blöd &amp; mach ihm noch ein Kompliment wegen seinen Haaren)2. Short: Selber Typ, selbe Haare, Augenringe des Todes &amp; pharmazeutisches Schleifen im Accent... Die Ausschnitte sind aus demselben Video.WTF ?"
0_221687_190_3861483337328754295;0.1267;satisfied;;vitamin-c,hyaluronic-acid,aging-signs;;;Vitamin C. Ein Wirkstoff, der alles kann, wenn er in der richtigen Form vorliegt.Unser Even Tone Serum arbeitet mit stabilisiertem Vitamin C, Hyaluron und Gallussäure für sichtbare Ergebnisse: ein gleichmäßigeres Hautbild, reduzierte Pigmentflecken und ein strahlender Teint.
0_221687_190_3960445656074150503;0.1267;enthusiastic;skincare-first;vitamin-c;;;"Mein täglicher BEAUTY-SHOT für Glow &amp; Healthy Aging 🫒🍋✨So unscheinbar. So einfach. Und genau deshalb liebe ich dieses Ritual: hochwertiges natives Olivenöl + frisch gepresste Zitrone.Olivenöl gehört für mich zu den spannendsten Beauty Foods überhaupt. Es liefert wertvolle Polyphenole, Vitamin E "
0_218673_15_52010913171321328;0.1268;seeking;;;;;Dreame stellt neue Haushaltsgeräte vor Dreame Technology, ein führender Innovator im Bereich Smart-Home-Lösungen, hat heute die Einführung von vier neuen Haushaltsgeräten angekündigt. Mit der neuen KI-gestützten Wasch- und Trockner-Serie L9, der platzsparenden Waschmaschine P5 sowie der tragbaren Kl
0_218673_126_t1_oebspia;0.1269;disappointed;skincare-first;retinol,spf,price;;spf;Macken in das nebenstehende Auto schlagen ist kein Kavaliersdelikt. Geht's noch? Verstehe ich schon. Muss Key aber trotzdem recht geben. Sicher, du kannst im Balenciaga-Ballkleid zum Footballspiel antreten. Aber dann die Mitspieler auf tausende Euro verklagen, weil du nach dem Spiel Flecken oder Fal
0_221687_140_7624084069688610080;0.1269;seeking;;;;;"Länger leben mit Vitamin E? ✨💪 Vitamin E gilt als wichtiger Faktor für „Healthy Aging"". Als starkes Antioxidans schützt es vor allem die Mitochondrien – die Kraftwerke deiner Zellen – vor oxidativem Stress. So kann es dabei helfen, entzündliche Prozesse zu reduzieren und deinen Körper langfristig fi"
0_221687_26_1693238536141394;0.1269;enthusiastic;;;;;Neu bei uns‼️Electrolyte Gummibärchen: Perfekt für nach deinem Work Out! Collagen Gummibärchen: Smarter Genuss mit Beauty-BOOST! Enthält Coenzym Q10, Aloe Vera, Kollagen und BiotinEnergy Gummibärchen: 60 mg Koffein pro Beutel – für den schnellen Kick, wenn du ihn brauchstProtein Gummibärchen: 16g Pr
0_219424_15_70133031819783723;0.127;enthusiastic;procedure-open;;;;Tech-Bros in den Front Rows: Warum erobern Milliardäre plötzlich die Fashion Week? Tech-Milliardäre waren gern gesehene Gäste bei den diesjährigen Fashion Weeks. Doch was steckt hinter dieser Bewegung? Der Wunsch nach kultureller Relevanz oder knallhartes Business?   Die Fashion Weeks sind vorbei un
0_219424_126_t1_o3050u5;0.1271;seeking;procedure-open;price;;;Ladeinfrastruktur in Tiefgarage mit privaten Stellplätzen 1800€ pro Stellplatz, haut mich als Eigentümer nicht um.   Wie ist es mit Eigenleistung? ein 25qmm durch die TG verlegen könnt Ihr selbst. an jedem Stellplatz nen Abzweig setzen, Datenkabel dazu für die Steuerung. Was die Zählerei anbelangt w
0_218673_126_t3_1nd8pn7;0.1271;enthusiastic;skincare-first;retinol;;;Beste und günstigste Augencreme mit Retinol Hallo,Ich suche nach einer Augencreme für meine dunklen Augenringe. Ich habe gelesen, dass Retinol da am besten hilft, also suche ich nach einer Creme mit retinol. Wer Empfehlungen habt, schreibt gerne :)Vielen Dank
0_218673_126_t1_npt4swy;0.1273;seeking;procedure-curious;;;;KW 47 / 25 (Donnerstag): Was geschieht bei euch in der Region, wovon wir nichts mitbekommen? Stickies der letzten 8 Tage:* 20.11.2025 - [KW 47 / 25 (Donnerstag): Was geschieht bei euch in der Region, wovon wir nichts mitbekommen?](https://www.reddit.com/r/de/comments/1p1wwxd/kw_47_25_donnerstag_was_
0_218673_126_t3_1q36xhj;0.1273;cautioning;procedure-curious;aging-signs;;;"Verbotene Liebe - Spielerin und Trainer - *Teil 3 [Verbotene Liebe - Spielerin und Trainer - \*Teil 2 ](https://www.reddit.com/r/SexgeschichtenNSFW/comments/1q0oqm9/verbotene_liebe_spielerin_und_trainer_teil_2/?utm_source=share&amp;utm_medium=web3x&amp;utm_name=web3xcss&amp;utm_term=1&amp;utm_conten"
0_221687_190_3726551735356621080;0.1273;enthusiastic;skincare-first;retinol;;retinol;Sleep. Regenerate. Glow. 🧡✨Es ist Zeit, deine Nachtpflege neu zu entdecken:The Retinal Ampoules - eine hochmoderne Formel in einer Ampulle. Entwickelt für sichtbare Ergebnisse, während du schläfst:✨ Ein Glow, der begeistert.✨ Eine Hautpflege, die sich jeden Abend frisch anfühlt.Die zarte Balance aus
0_221687_26_1379961804139422;0.1273;seeking;;;;;✨ Natürliches Anti-Aging mit Fairvital Co-Enzym Q10 200mg!💚 Fairvital. Bioaktiv. Vielfältig. Natürlich versorgt.💚 Unterstützen Sie Ihre Zellen und schützen Sie Ihre Energiequelle, die Mitochondrien, mit Coenzym Q10 – dem natürlichen Anti-Aging-Stoff!📦 Jetzt bestellen: https://fairvital.com/Co-Enzym-
0_221687_190_3768362666122049524;0.1274;enthusiastic;skincare-first;retinol,niacinamide-peptides,aging-signs;;niacinamide;Verleihe deiner Haut einen Vitamin-Boost mit unserer THE VITAMIN-AGE CREAM! 🌿💧Vitamin A fördert die Zellerneuerung und Kollagenproduktion.💧Vitamin E schützt vor oxidativem Stress 💧Vitamin B3 (Niacinamid) regeneriert und glättet die Haut.Gönne dir eine strahlendere Hautpflege-Routine.—Give your skin 
0_221687_140_7610486285827935510;0.1274;disappointed;;price,vitamin-c;;;"Gute Vitamin C Seren müssen nicht teuer sein: Elf Vitamin C Serum (19€) Geek &amp; Gorgeous C-Glow (12,89€) Alle Produktlinks findet ihr in meiner Bio💕"
0_219424_190_3939580435658450875;0.1275;enthusiastic;procedure-curious;peel;microneedling;;Hi, ich bin Sevde! 🤍Ich bin 29 Jahre alt, lebe in Dormagen und bin die Gründerin von Sevaya Studio.Mein Studio gibt es mittlerweile seit über einem Jahr – meine Leidenschaft für Wimpern und Beauty begleitet mich aber schon seit 2020. ✨Neben dem Studio arbeite ich tagsüber noch in Teilzeit im Büro. J
0_218673_126_t1_nay8qqe;0.1275;disappointed;skincare-first;aging-signs;;;Immer mehr junge Männer haben überhaupt keinen Sex. Wieso ist das so? Ich beschwere mich so gar nicht. Auch wenn es so klingen mag. Aber ich beobachte halt. Und das sind meine Beobachtungen. Mir ist es eh schnutz egal, ich empfinde für gar kein Geschlecht irgendwas.Meine Beobachtungen erläutern aber
0_218673_126_t1_nmg1hpn;0.1276;enthusiastic;;;;;"Blaue Augenringe (erblich) Vit C als Augencreme oder das Serum von geek &amp; gorgeous. Vit C wirkt aufhellend."
0_218673_126_t1_ntvvhoz;0.1277;satisfied;;;;;Vom Mittelalter über Gaming zum backen. Böhmische Kolatschen. Wenn du magst.200g 405er Mehl. 50g Dinkelmehl, 40g Honig. 1 Eigelb. 30g Butter. 125ml Milch. Kneten und oder Falten nach Gusto. Topping 80g Walnüsse mahlen. 30g Honig. 1 Löffel Mehl, 80ml Milch aufkochen und bis zu einer dicken Creme redu
0_218673_15_8062626109902358;0.1277;enthusiastic;;price;;;Hisense WD3S8043BW3 Waschtrockner für 399 Euro Bei Amazon bekommt ihr aktuell den Hisense WD3S8043BW3 Waschtrockner (ConnectLife /16 Programme /8 KG, 54 Liter /1400 U/min/Dampffunktion/JetWash/Anti-Allergie Program/Auto Program/Eco Wash/Steam Refresh/Wolle/EEK A-D) für 399€ inklusive Versand. Im Pre
0_221687_140_7638165477734337825;0.1277;seeking;;vitamin-c,niacinamide-peptides;;;"Die tägliche Glow Routine für ein enormes Sttrahlen in jeder Hinsicht  Glow25 Balance &amp; Collagen Powder Set - Balance with Lactic Acid Bacteria, Inulin, Calcium &amp; Vitamin B2 + Our Original Collagen Hydrolysate with Vitamin C - Peptides Type 1 and 3 Verschiedene Varianten  https://pin.it/N66S"
0_219424_190_3947549662518701375;0.1279;disappointed;;fillers,peel;;;Lachs-DNA Microneedling.Warum eigentlich Lachs-DNA? 🧬 Lachs-DNA (PDRN) ähnelt der menschlichen DNA und unterstützt die natürliche Regeneration der Haut. In Kombination mit Microneedling kann sie optimal eingeschleust werden.#lachsdna #pdrn #microneedling #skinbooster #salmondna
0_219424_9_14042065370855699;0.1281;disappointed;procedure-curious;safety;;;Da hast du ein sehr komplexes Thema aufgegriffen. Zunächst einmal ist jede Entscheidung, ob Kind ja oder Kind nein zu akzeptieren. Ich habe mich in Absprache mit meiner Frau für Kinder entschieden, das dürfte in den meisten Ehen der Regelfall sein. Schwieriger wird es sicherlich bei Partnerschaften 
0_221687_26_1515949090540200;0.1281;seeking;;niacinamide-peptides,aging-signs;;;Was passiert mit Deiner Haut mit zunehmendem Alter?Kollagen ist ein Eiweiß, welches bis zu 75 % der Haut ausmacht und dabei für die Elastizität, Spannung und die innere Unterstützung der Haut verantwortlich ist.Bereits mit 25 Jahren wird die natürliche Synthese von Kollagen in unserem Körper nach un
0_219424_9_36710349794858973;0.1282;cautioning;skincare-first;;;;Wir müssen aber auch nicht vergessen das Ariana Grande sich Botox spritzen lassen hat ( wann sie noch gebräunt war und braune Haare hatte und ich GLAUBE das sie auch gesagt hat das sie irgendwie bodydysmorphia  hat/ hatte )und das Kleid was Kim Kardashian getragen hat war das Kleid von Marilyn Monro
0_219424_9_yt.HGyTLki0z5Q;0.1282;enthusiastic;;;;;Mimi Kirk: 87, sehe aus wie 55. Gesundheit, Sex, Langlebigkeit. Rohvegan #MimiKirk #Rohvegan #LanglebigkeitErfahren Sie von Mimi Kirk, die 87 ist, aber wie 55 aussieht, ihre Geheimnisse für Gesundheit, Sex und Langlebigkeit durch rohvegane Ernährung.Entdecken Sie, wie pflanzliche Ernährung und leben
0_218673_126_t1_o57twjb;0.1282;enthusiastic;;aging-signs;;;Dünne helle haut und augenringe Welche Farbe nutzt du da?
0_218673_8_2024947423978590613;0.1282;satisfied;skincare-first;price;;;"Weder Ost noch West brauchen Jana Hensel, die einst ich weiß nicht wie viele Zeichen in der ""Zeit"" darauf verwendete, die Augenringe von A. Merkel zu preisen und eine Eloge auf die scheidende Kanzler-Katastrophe zu verfassen.https://t.co/PwCfV9nIMP https://t.co/Vcv3wU5oNx"
0_221687_190_3912982521447721264;0.1282;seeking;skincare-first;retinol,vitamin-c,spf;;retinol;Das hätte ich gerne früher gewusst ⬇️1. Genug Eiweiß konsumieren 🍳Mindestens 1,2–1,5 g Protein pro kg Körpergewicht pro Tag. Wenn du sehr aktiv bist, gerne auch mehr. Protein ist esentiell für Muskeln, Haut, Haare und Nägel.2. Krafttraining ist dein BFF 🤝 Für Frauen ist Krafttraining eine der wichti
0_219424_9_54699381748205906;0.1283;satisfied;;price;;;Botox ist übrigens ein Stoffwechselprodukt eines Bakteriums. Das verstoffwechselt sich aber nur, wenn ohne Sauerstoff gearbeitet wird. Natürlich kann das tief in einem Kompost passieren. Die von der Firma halten quasi Bakterien als Nutztiere, geben ein Medium zum wachsen und ernähren hinzu, ziehen d
0_219424_140_7660152102823496993;0.1283;enthusiastic;;vitamin-c,aging-signs;;;"Glow Up Drinks für den Sommer 🌞  Darum ist Blossom Beauty perfekt für deinen Sommer Glow Up:  ✨ Schmeckt nach Mango-Lemongras ✨ Enthält neben Kollagen auch Hyaluron, Aloe Vera, Vitamin C, Mangan, Biotin, Zink &amp; Niacin für extra strahlende Haut ✨ Kann so Falten, Unreinheiten &amp; Pickel mindern "
0_219424_190_3943954258152475456;0.1283;disappointed;procedure-open;peel;microneedling;;the bridal glow effect ✨Jetzt Termin vereinbaren: Ästhetik am Theater Regensburg#ästhetikamtheater #microneedling #aquafacial #wedding #hyaluron
0_218673_15_51261149224781951;0.1283;enthusiastic;skincare-first;laser,celebrity;;;Palina Rojinski über Diäten und Körperbild Palina Rojinski spricht offen über ihr Verhältnis zu Essen und ihrem Körper. Heute ist die 40-Jährige als Moderatorin und Schauspielerin bekannt. Was viele Fans nicht wissen: Bis zu ihrem 14. Lebensjahr war Palina Hochleistungssportlerin in der rhythmischen
0_218673_126_t3_1u9h49l;0.1283;disappointed;procedure-curious;retinol,pressure;;;Ich scheiß drauf Sei still. Lächle. Funktioniere. ​Falle nicht auf. Sprich nicht aus, was du denkst, nur das, was sie hören wollen.​Das hat jetzt ein Ende. Ich bin kein ja Sager. Werde es nie sein. Ich bin auffällig, bunt, wild, unzähmbar und gleichzeitig voller Zweifel, Sorgen und ungeschniegelter 
0_221687_126_t1_od6gami;0.1284;seeking;;;;;DECLUTTERING BE BODYWISE HAIR GROWTH SERUM ROLL ON (50 ml) & BE MINIMALIST 8% GLYCOLIC ACID (150 ml) - NEW & SEALED. DM CHECK
0_219424_15_11165864842910401;0.1285;disappointed;;;;;Sonnenhof entwickelt sich zum Genussresort Das 5-Sterne-Superior-Hotel Der Sonnenhof in Bad Wörishofen stellt sich strategisch neu auf und entwickelt sich vom klassischen Grandhotel hin zu einem ganzheitlich gedachten Genussresort. Im Fokus steht eine stärkere Verzahnung der Bereiche Kulinarik, Well
0_218673_9_yt.tOwTvXwtLLo;0.1286;satisfied;procedure-curious;;;;Die Kunst der Walnussfurnierverarbeitung Die Bilder zeigen den sorgfältigen Prozess des Aufbringens von Walnussfurnier, einer hochwertigen Dekorationstechnik, die häufig bei maßgefertigten Einrichtungsgegenständen zum Einsatz kommt. Dieses Handwerk verdeutlicht die Finesse und Präzision, die bei der
0_218673_9_22998849264626052;0.1286;disappointed;skincare-first;;;;BlätterteigtaschenBlätterteigtaschen gefällt mit Vanillepuddingcreme und Früchte!! Dieses Dessert kann man individuell gestalten!1 Pkg BlätterteigPuddingcreme nach Belieben zubereiten ich bevorzuge die Crema Pasticcera:4 Dotter420 ml Milch170g Zucker80 g SpeisestärkeZitronenschale Milch mit Zitronen
0_221687_126_t3_1r4ij77;0.1287;satisfied;skincare-first;vitamin-c;;;Elf vitamin c serum Farbe huhu, soll die farbe so dunkel sein? bei Douglas auf dem Artikelbild ist es sogar noch mehr orange. ich habe gelesen, dass ein gutes vitamin c serum nicht trüb ist und wenn es seine farbe sehr stark verändert hat, dass man es fann entsorgen muss
0_218673_15_56537015434060502;0.1288;satisfied;skincare-first;;;;"„Du siehst müde aus."" – Und keiner fragt, warum. Hey Männer, „Du siehst müde aus."" Klingt banal, oder? Ein Satz, der einfach so dahingesagt wird. Vielleicht sogar nett gemeint. Aber bei mir trifft er oft tiefer, als er sollte. Denn ja – ich bin müde. Nicht nur vom Tag, vom Wetter oder vom schlechten"
0_218673_8_2022764536185450944;0.1289;disappointed;skincare-first;aging-signs;;;"Ich Bin Genug – Leere Überfließt  Avantgarde Magic Light Void Manga 2026... https://t.co/USWyFxAALR via @YouTube Just dropped: ""Ich Bin Genug – Leere Überfließt"" on YouTube! Avantgarde Magic Light Void-Manga Flow – tätowierte Haut atmet als Kosmos, Runen falten sich ein, Spiegel vibriert: Leere ist "
0_221687_140_7569677309951741206;0.1289;satisfied;;;;;⚡️ 7-Day Energy Reset – ohne Kaffee, mit echten High-Performance-Hacks 1️⃣ L-Carnitin + Mitochondrien aktivieren Morgens auf leeren Magen: L-Carnitin Tartrat (500–1000 mg) + CoQ10 (100 mg). Beide pushen den Fettstoffwechsel → Mitochondrien laufen heißer → mehr ATP. Dave Asprey nimmt das vor dem Fast
0_219424_15_43862414626776089;0.129;satisfied;;;;;Sonja Zietlow und Jens Oliver Haas: Heiratsantrag nach drei Monaten Sonja Zietlow und ihr Mann Jens Oliver Haas sind seit 23 Jahren verheiratet - und genauso lange ein eingespieltes Team beim Dschungelcamp. Im Interview verraten sie nun, warum am Set strenge Regeln gelten und wie unromantisch der He
0_219424_126_t1_odpg0u8;0.129;disappointed;procedure-curious;peel,price;microneedling;;"Ich verstehe nicht wie sich andere ein Haus kaufen können &gt; Mit beiden Händen zum Fenster rauswerfen ist echt Quatsch.hmm..&gt; Aber ja, blondieren für 250€ und microneedlingIst klar."
0_218673_126_t1_onevqaq;0.129;disappointed;skincare-first;;;;Ich liebe meine Frau, aber die Anziehung ist weg… Außerdem glauben Männer eh immer, sie sind die geilsten, egal, wie sehr die Tränensäcke schon hängen. 🤷🏼‍♂️
0_218673_126_t1_ov5teel;0.129;disappointed;procedure-curious;;;;Sehnsucht nach einem anderen Körper trotz harmonischer Beziehung – wie ist das bei euch? Es tut mir ja leid, wenn ich Dein Bild vom Mann zerstöre, aber nein, es gibt nicht attraktivere und weniger attraktivere Körper! Es gibt Menschen, die zueinander passen und füreinander einstehen und solche, bei 
0_219424_126_t1_o2zpk2h;0.1291;seeking;procedure-curious;;;;Nehmen wir an ihr dürftet eine kostenlose SchönheitsOP bekommen, was würdet ihr an euch verändern? Gutes Argument. Sie wollen wieder hören und sehen? Naaah das ist doch nur Luxus!
0_219424_190_3930844859525666498;0.1291;seeking;skincare-first;vitamin-c,niacinamide-peptides,spf,aging-signs;;;☀️ Deine Haut altert im Sommer schneller, als dir bewusst ist. Warum? 💡 Wusstest du, dass rund 80 % der sichtbaren Hautalterung auf UV-bedingte Hautalterung (Photoaging) zurückgeführt werden? UV-Strahlung kann den natürlichen Kollagenabbau beschleunigen und die Hautstruktur langfristig beeinflussen.
0_218673_126_t1_nxpojli;0.1291;enthusiastic;procedure-curious;;;;Ich bin wohl hässlich. 95kg - 178cm - Glatze - Wampe - Augenringe des Todes und komisches Seitenprofil. Was muss ich tun um lächerlich sexy auszusehen, dass ich modeln könnte? Wo fange ich an? Helft mir bei der Projektplanungsphase. 75kg auf 178 ist als Mann zu wenig. Wiege selbst 74kg, selbe Größe 
0_218673_9_yt.FGkKARYsmig;0.1291;enthusiastic;procedure-curious;;;;Chic Black & White Fashion | Schulterfreies Top & Ausgestellter Rock | LookBook Easy Willkommen zur neuen LookBook Fashion Show auf LookBook Easy! 🖤In der heutigen Episode präsentiere ich euch eine monochrome Kombination, die moderne Linien mit klassischer Eleganz verbindet. Erfahrt mehr über meine 
0_221687_140_7670219206910119201;0.1291;satisfied;;;;;Nüsse enthalten gesunde Fette, Vitamin E, Zink und Antioxidantien, die die Hautbarriere unterstützen und zu einem gesunden Hautbild beitragen können.  🤍 #healthyfood #skincarefood #skincare #fyp #fürdich
0_218673_126_t3_1pa94i0;0.1292;cautioning;procedure-curious;aging-signs,price;;;Der Blick über den Zaun - Teil 5 Kleiner Vogel im KäfigEs war der Tag des großen Sommerempfangs von Stefans Firma. Ein wichtiges Event. Ich hatte mir ein Kleid zurechtgelegt, ein elegantes, dunkelgrünes Seidenkleid mit einem tiefen Wasserfall-Ausschnitt.Vormittags, als Stefan noch im Büro war, kam d
0_218673_8_2019161032439263633;0.1292;disappointed;procedure-curious;;;;Ach Ariel… ich hau einfach mal ein Kompliment für dich raus… Schöne Tränensäcke! #ibes2026 https://t.co/4hYCzB7w12
0_221687_15_30999025097403775;0.1292;disappointed;procedure-open;price;;;Primark, Kaufland und Rossmann Ausbeuten aus Hannover Letzte Woche Freitag ging es für mich vormittags nach Hannover um dort lecker zu frühstücken und ein bisschen zu bummeln. Mein Frühstück konntet ihr im gestrigen Wochenrückblich schon sehen. Leider war das Wetter nicht so gut und so fiel der Bumm
0_218673_8_2047933389206859894;0.1293;disappointed;skincare-first;aging-signs;;;"@RealTadzioM Jupp. Geht mir ähnlich, wenn ich alte Fotos anschaue. Ich glaub es war  Fuchsberger, der sagte:""Altwerden ist nichts für Feiglinge."" Die Falten im Gesicht erzählen dein Leben, deine Entäuschungen und deine Siege."
0_218673_126_t3_1t4nslh;0.1293;enthusiastic;skincare-first;aging-signs;;;Welchen RGB-Wert hat der perfekte blaue Himmel? Ich kann es endlich genießen. Wie ich im Liegestuhl faulenze, dem kindlichen Lachen meiner Nachfahren zuhören kann, dem immer leiser werdenden Geplauder von Familie und Freunde nachlausche, bevor ich in einen leichten Schlaf nicke, nur um von Sonnenstr
0_221687_9_yt.Sl5ES6fG4E4;0.1293;cautioning;skincare-first;;;;Warum ich trinke Kollagen? ►PROCEANIS* 25%  CODE: BLACKNATALI25nur am 28.11.COLLAGEN Drink https://proceanis.com/COLLAGEN-DRINK/?partner=natali15HYALURON Drink https://proceanis.com/proceanis-hyaluron-drink-200-ml?partner=natali15
0_219424_9_yt.GLvB5SPyfOI;0.1294;disappointed;;;;;Was griechische Älteste jeden Tag essen, um über 100 zu leben #GriechischeDiät #Langlebigkeit #GesundesAlternEntdecken Sie genau, was griechische Älteste jeden Tag essen, um über 100 Jahre alt zu werden. Dieser traditionelle mediterrane Ansatz birgt das Geheimnis für ein langes, vitales Leben.Die ik
0_221687_190_3757845860470774021;0.1294;disappointed;skincare-first;hyaluronic-acid,niacinamide-peptides;;niacinamide;Behind the Scenes Ein goldener Moment in unserer Manufaktur – hier entsteht der Glow, den Du fühlen kannst.Unser Hyaluron Golden Glow Elixier – luxuriöse Anti-Aging-Pflege ab 35+ – vereint kraftvolle Naturwirkstoffe mit High-Tech-Wirkung.🌸 3-fach veganes Hyaluron für intensive Feuchtigkeit🌸 Bakuchio
0_221687_26_1283503437147506;0.1294;enthusiastic;;aging-signs;;;"✨NEU NEU NEU✨Frische Aktivator mit epigenetischen Wirkstoffen: Das neue AHA &amp; PHA Ginkgosomen Serum unterstützt die natürliche Hauterneuerung, befreit sanft von Verhornungen und verfeinert das Hautbild. Der Teint wirkt glatter, ebenmäßiger, straffer und klarer."
0_221687_190_3791825438340059553;0.1295;cautioning;skincare-first;niacinamide-peptides,aging-signs;;ceramides;Retinol – was ist es wirklich?Warum ist Retinol von SELVERT THERMAL anders?Und was steckt hinter dem Programm?Retinol findet man heute in fast jeder Marke.👉 Der Unterschied liegt nicht im Namen des Wirkstoffs, sondern im System dahinter.🔬 Warum ist Retinol von SELVERT THERMAL besser als bei anderen 
0_219424_9_yt.RFbcakd0AJ8;0.1295;disappointed;;aging-signs;;;Dreame Chrona Photonen-Anti-Aging-Hautpflegemaske
0_218673_9_51326486725168298;0.1296;disappointed;procedure-curious;;;;Wenn die Demokratur von der EU-Uschi und Konsorten über die Wupper geht, werden meine Tränensäcke auch nicht mehr größer. 😤
0_218673_8_2041805177775088108;0.1296;disappointed;procedure-curious;aging-signs;;;@LilitThyra Das müssen die ersten Engel sein. Die aus der Serie. Von denen kenne ich aber niemanden. Die ganz links hätte besser mehr bezahlen sollen denn das Gesicht ist echt verbogen. Ich verstehe nicht wie man dafür Geld ausgeben kann. Man lebt länger mit Falten als ohne. So ist es eben
0_221687_26_1286029270227262;0.1296;enthusiastic;skincare-first;niacinamide-peptides;;niacinamide;Hyaluron Activ B3 ist deine Anti-Aging-Lösung mit Hyaluronsäure und Niacinamid für +85% Regeneration der Hautzellen. https://bit.ly/4bxcKrv
0_219384_126_t3_1qdp7ar;0.1297;seeking;procedure-curious;laser;laser;;🌌 Das ultimative Multi-Physik-System Integrierte Domänen:```1. MECHANISCH: SMA, Piezo, EDS-Kurbelwelle2. THERMISCH: Phasenübergänge, Wärmepumpen3. ELEKTROMAGNETISCH: Hall, Transformatoren, EDS4. AKUSTISCH/ULTRASCHALL: Plasma-Tweeter, SASER5. OPTISCH/PHOTONISCH: Laser, Aerogel-Linsen, Gyroskope6. PLA
0_218673_126_t1_oy1dnby;0.1298;enthusiastic;procedure-open;aging-signs;;;Ich glaub ich lösche Tiktok Das haut mir die Falten aus dem Sack
0_218673_8_2029449865462239673;0.1299;disappointed;skincare-first;;;;@fan_fuss Ja ich mein,klar sind diese gemachten bilder auch mal nett anzusehen,  aber wir sind nunmal alle keine models und haben nunmal hier und da falten oder mal augenringe etc
0_218673_23_63878298763430259;0.1299;satisfied;skincare-first;aging-signs;;;Tolle Tag und Nacht Butter Die Tag und Nacht Butter hat einen tollen Duft und eine schöne Konsistenz, ideal bei reifere oder trockene Haut. Für meine Haut ein wenig viel, deshalb kann ich sie sparsam benutzen. Sie pflegt sehr gut und Fältchen werden gemildert..in Kombination mit dem Serum die perfek
0_218673_126_t1_omxo7zw;0.1299;satisfied;skincare-first;;;;No age-shaming - aber was ist mit seinem Hals passiert? Das kommt doch nicht nur vom schlaffe Haut haben, oder? Habe mir gerade andere Fotos angesehen... Scheinbar hat er schon seit etlichen Jahren einfach einen richtig dicken Hals.
0_221687_140_7581221732506144022;0.1299;enthusiastic;skincare-first;;;;Pack A ist meine tägliche Anti-Aging-Power aus der Natur. Mit hochkonzentrierten Antioxidantien schützt es meine Zellen vor oxidativem Stress, unterstützt ein frisches Hautbild und bringt meinen Körper von innen zum Strahlen. Rein. Wirksam. Vegan. 💚                                                   
0_221687_140_7613808324366093601;0.13;satisfied;skincare-first;;;;Dein Morgen. Dein Glow. Dein Ritual. ☕✨ Der ciao Collagen Coffee verbindet Energie und innere Schönheit in einer einzigen Tasse. Mit 5 g Kollagen pro Portion, kombiniert mit Hyaluronsäure, Vitaminen und Koffein, wird dein täglicher Kaffee zum funktionalen Beauty-Upgrade. Die innovative Rezeptur auf 
0_219424_8_2079142536120090795;0.1301;satisfied;;;;;Das ausgewogene Frühstück, der dritte Aufguss Gyokuro, die Hyaluron-Tuchmaske
0_218673_126_t3_1u2541x;0.1301;enthusiastic;skincare-first;;;;Die Wette mit Joshi im Schwimmbad Heute mal meine Kreation   ich hoffe nicht zu lang bis ich zum Punkt komme.....Joshi und ich, Paul, ( eigentlich ist sein richtiger Name Joseph,  aber den mag er nicht) sind beide 23 Jahre alt. Joshi ist ein halbes Jahr älter als ich. Wir kennen uns schon seit über 
0_219424_26_1629697815539595;0.1302;disappointed;skincare-first;;;;Kajal ganz easy ✅Ein Kajal kann deine Augen größer und frischer wirken lassen – oder genau das Gegenteil bewirken.✨ So geht's richtig:• Das Lid leicht straff halten.• Den Kajal nicht in einem Zug ziehen.• Stattdessen in kleinen, gestrichelten Linien direkt am Wimpernkranz arbeiten.• Von außen nach i
0_219424_9_yt.hpU7wtZZBDo;0.1304;enthusiastic;;;;;Senioren: Geben Sie DAS in Ihr Wasser–Kann die Zellgesundheit unterstützen &den Stoffwechsel fördern 💧 Senioren aufgepasst! Wussten Sie, dass eine einfache Zutat in Ihrem Wasser Ihre Gesundheit positiv unterstützen könnte? 🌿In diesem Video erfahren Sie, welche natürlichen Inhaltsstoffe dazu beitrage
0_218673_15_18526282859382087;0.1304;seeking;skincare-first;;;resveratrol;Trauben – eine Bereicherung in der Küche Herbstzeit ist Traubenzeit. Jetzt erobern sich Trauben wieder ihren Platz im Obstkorb und peppen nicht nur Käseplatten auf. Ob zartgrün, gelb, hellrot oder blau, die knackigen Früchtchen schmecken herrlich süß und sind dabei super gesund. Weintrauben sind sch
0_219424_140_7656739708977909024;0.1305;enthusiastic;procedure-curious;aging-signs;;;Tag 48 von 100…‌ Erfolg entsteht nicht nur in Zoom-Calls, WhatsApp-Gruppen oder durch To-do-Listen.‌ Manchmal braucht es genau das Gegenteil: raus aus dem Alltag, echte Begegnungen, inspirierende Gespräche, neue Perspektiven und Menschen, die dieselbe Vision teilen.‌ Level Up Germany war genau so ei
0_218673_126_t1_npadd5m;0.1305;enthusiastic;procedure-open;;;;Montagmorgenfaden - Augenringe-Edition Mit Ende 30 bin ich froh, dass das Konzert in Hamburg an einem Samstag sein wird. Ich würde den Montag danach sonst nicht überleben. Ich hoffe aber, ihr hattet einen schönen Abend auf dem Konzert!
0_219424_9_26189093517351882;0.1306;satisfied;;;;;"Rohschokolade oder Dunkle Schokolade mit hohen Kakaoanteil also 80%++ , ist Gesund. Wird auch für Anti Aging genutzt. Weils viel Antidoxidantien hat , sowie die Alterung, leicht bremsen soll. Hat aber kaum Zucker &lt;5-10%. Die Normale Schokolade mit viel Zucker und kaum Kakaoanteil , ist wieder Ung"
0_219424_9_yt.VLaM00NqZho;0.1306;seeking;;retinol;;;Leber essen? Geheimnisse für Gesundheit & Anti-Aging! (Vitamin A) #shorts Leber ist ein Nährstoffkraftpaket, reich an Vitamin A für Zellteilung und Kupfer gegen graue Haare. Quercetin hilft beim Zinktransport in die Zellen. Einmal pro Woche oder alle zwei Wochen genießen! #Lebergesundheit #Nährstoff
0_219424_9_44671092098118083;0.1306;disappointed;procedure-curious;;;;Schon krass, 1,5 Mio verwundete oder gefallene Soldaten. Hinzu kommen die schätzungsweise 1 Mio--1,5 Mio, die das Land verlassen haben. Das heißt, mindestens 2,5 Mio, die einfach nicht mehr da sind/ versorgt werden müssen und dem Arbeitsmarkt nicht mehr zur Verfügung stehen... Das sind rund 2% der G
0_221687_26_1255661013263861;0.1306;satisfied;;;;;Unser Kollagen macht den Unterschied. Warum? ELASTEN® ist das einzige nährstoffhaltige Trink-Kollagen, das seine positiven Beauty-Effekte in mehreren produktspezifischen Studien** nachgewiesen hat. Und das ganz ohne hochdosiertes Kollagen, zusätzliche Hyaluronsäure und künstliche Wirkverstärker.Auß
0_221687_26_1292820952869911;0.1306;satisfied;procedure-curious;aging-signs;;;✨ GOLD ENERGY – wenn Haut neue Strahlkraft gewinntMüde, fahle Haut braucht mehr als Pflege – sie braucht neue Energie.Die GOLD ENERGY Behandlung verbindet moderne Anti-Aging-Technologie mit luxuriösen Wirkstoffen, die die Haut revitalisieren und sichtbar zum Leuchten bringen.24-Karat-Goldpartikel re
0_221687_190_3917023095791514069;0.1306;disappointed;;;;;"Kein gewöhnlicher Kollagen Drink 😮‍💨🤌🏼Unseren Blossom Beauty Anti-Aging Drink kannst du dank seines frischen Mango-Lemongras Geschmacks nicht nur pur als Shot genießen, sondern auch perfekt mit deinem Lieblings Smoothie kombinieren 🥭🥥 Kollagen, Hyaluron &amp; Aloe Vera sorgen für strahlende, glatter"
0_219424_140_7660200609416564001;0.1307;disappointed;procedure-curious;pressure;;;Antwort auf @kristinahadjiiski  Manche Dinge, die Frauen machen schaden dem Feminismus und die darf ich sehr wohl benennen.  #feminismus #schönheitswahn #ü40 #botox
0_218673_9_26526331011997220;0.1308;disappointed;procedure-curious;;;;Junge.. deine Augenringe sprechen die Wahrheit.Ich sehe viele schlaflose Nächte.Glück auf brudi.Und vielen Dank an die liebe lady.❤❤❤
0_218673_8_2008589837197266975;0.1308;disappointed;;;;;@AntoniusWidder @NicoFvL2 @freedom8_martin Der Typ konstruiert da gerade einen Zusammenhang zwischen Kerben in einer historischen Statue und Pigmentflecken einer menschlichen Person.
0_221687_26_1403354025125983;0.1308;satisfied;;aging-signs;;;Was wirkt gegen Alterung der Haut?Klettensamen-Öl hat einen guten Anti-Aging-Effekt. Der lässt sich gut erklären:Reich an ungesättigten Fettsäuren (v. a. Linol- und Ölsäure): sie stärken die Hautbarriere, verhindern Feuchtigkeitsverlust und machen die Haut praller.Enthält Antioxidantien (z. B. Vitam
0_221687_140_7546560004355132694;0.1309;enthusiastic;skincare-first;retinol,aging-signs;;pha;Anti-Aging Mildert Fältchen Vegane Retinol-Alternative 2-PHASEN ELASTIN-SHAKE bei elastizitätsarmer Haut😍
0_218673_8_2022334359966249437;0.131;enthusiastic;procedure-curious;;;;@JoanaCotar ich fordere eine augenringe-quote,hässlicher panda😂😂😂😂
0_218673_15_64433855806750687;0.131;seeking;;;;;MoleQlar übernimmt Tomorrowlabs-Assets und erweitert Portfolio um Hair Growth und High-Tech-Skincare Berlin / Wien, 01.05.2026 – Das Berliner Longevity-Unternehmen  MoleQlar  übernimmt im Rahmen eines Asset Deals zentrale Vermögenswerte des Wiener Biotech- und Skincare-Unternehmens  Tomorrowlabs . M
0_219384_126_t3_1ry7uw8;0.131;enthusiastic;;price;;;"LIFT-Wanddrucker – von der Farbpigment-Formulierung bis zur Array-Geschwindigkeit für eine ganze Wand. ​🎨 Teil 1: Materialzusammensetzung für dekorative LIFT-FolieDie perfekte ""Tapeten-Patrone"" – Schicht für Schicht\`\`\`python\#!/usr/bin/env python3""""""LIFT Wall Printer - Material ScienceZusammenset"
0_219424_9_yt.zfuIWUUqcuc;0.1311;enthusiastic;procedure-curious;;;;❤️ Business mit Herz 🧠 Klarheit im Kopf 🌍 Eine Vision mit Zukunft📧 E-Mail: ryfmartin@gmail.com Du arbeitest hart, gibst jeden Tag dein Bestes – und trotzdem fühlt sich dein Einkommen oft kleiner an, als es sein sollte?Viele Menschen spüren gerade, dass sie mehr wollen: 👉 Mehr Freiheit 👉 Mehr Selbstb
0_218673_8_2008185033715290305;0.1311;seeking;;spf,price;;;2x NIVEA Anti-Falten POWER Q10 Extra Straffende Tagespflege LSF 30, 50ml um 10,07 € statt 19,98 € https://t.co/RCHkvu5QAQ https://t.co/7c0yWQceFj
0_218673_126_t1_nyuk7mm;0.1311;seeking;procedure-open;aging-signs;;;Körper nach der Schwangerschaft: wie sieht er wirklich aus? Ich habe zwei Kinder. K1 ist zwei Jahre alt und K1 6 Monate. Die beiden haben einen Altersabstand von 22 Monaten, und ich habe das zweite Kind im Alter von 29 Jahren bekommen. Außerhalb der Schwangerschaften wiege ich so 50kg, bin also ziem
0_221687_140_7553651648711724310;0.1311;enthusiastic;skincare-first;retinol,aging-signs;;bakuchiol;"Haut auf Zellebene_ Wie es die Haut wirklich nährt! Bakuchiol auf zellulärer Ebene 1. Genexpression &amp; Signalwege Studien zeigen, dass Bakuchiol ein sehr ähnliches Genexpressionsprofil wie Retinol auslöst – aber ohne, dass es an Retinsäure-Rezeptoren (RAR/RXR) bindet. Aktiviert Gene, die für Kol"
0_221687_26_1246971920779990;0.1312;disappointed;;vitamin-c,aging-signs;;;Vitamin E – das unterschätzte Schönheits-VitaminViele kennen Vitamin C für die Haut – aber Vitamin E ist der wahre Anti-Aging-Star!Es schützt deine Zellen vor oxidativem Stress, unterstützt die Regeneration der Haut und fördert die Zellerneuerung – von innen und außen.Kein Wunder, dass es in vielen 
0_218673_126_t3_1u5ok8h;0.1313;disappointed;procedure-curious;laser,aging-signs;laser;;Unruhen in Nordirland: Woher die Wut im Arbeiterviertel kommt Mal ein etwas differenzierter Artikel \[Hervorhebungen durch mich\]:# In Belfast haben Randalierer Häuser angezündet, um Migranten zu verjagen. Ein Sozialarbeiter versteht den Unmut. Eine indische Krankenschwester fürchtet den Heimweg.Lau
0_219384_8_1963214429580845552;0.1313;seeking;;;;;Botox, Laser und Co.: Jennifer Aniston spricht offen über ihre Beauty-EingriffeJennifer Aniston spricht offen und ehrlich wie selten zuvor über ihre Vergangenheit mit Botox, Fillern und Co. und verrät, auf welche Behandlungen sie zukünftig verzichten wü… https://t.co/rQF1xDLX2u https://t.co/4DXz0xlZ
0_219424_15_69446271753819864;0.1314;disappointed;procedure-curious;aging-signs;;;Geht's nur mir so?: Warum ich immer nachrechnen muss, wie alt ich eigentlich bin Viele Menschen haben Themen, über die sie ungerne sprechen. Oder Dinge, die sie Überwindung kosten, von sich preiszugeben. Welche das bei unserer Autorin sind, verrät sie hier.  Wenn ich mir zwei Fragen aussuchen dürfte
0_219424_126_t1_otygqbp;0.1314;disappointed;skincare-first;;;;"Schönheitsop's sind unfehlbar gut und gehören moralisiert. Saja ist aus KPOP Deamonhunter und Lee Know und Lee Felix von StrayKids; totaly koreander. Ich liebe aber den stuff, Perfektion wie es Deutschland mal wahr,"
0_218673_126_t1_nxd1sa4;0.1314;seeking;procedure-curious;aging-signs;;;Wie navigiert man Dating als Frau mit unattraktivem Körper am Besten? Würde offen damit umgehen und klar kommunizieren, wenn du auf Sex aus bist. Denke du findest genug Männer, die einfach Druck haben und denen etwas schlaffe Haut nicht so wichtig ist :)
0_218673_8_2018418369871958200;0.1314;satisfied;;;;;"Macht Ariel das mit Absicht?""Hardy sieht viel älter aus als Sonja und die sind gleich alt""Wie oft hat Sonja sich schon die Gesichtslappen straff ziehen und die Falten mit Botox glätten lassen?Ariel schaut mit 22 nicht gerade ""besser"" aus. #IBES"
0_218673_8_2025129696388677799;0.1314;disappointed;procedure-curious;aging-signs;;;RT @JurgenOssi: @rico_brick Eigentlich wollen sie sich gegenseitig ins Gesicht kotzen und dann Falten austauschen. Armes Deutschland, verkauft und verraten. Habe mich lange nicht so geekelt.
0_219424_9_yt.Thun4hruyb4;0.1315;disappointed;;;;;Sardische Hundertjährige nehmen diese TOP 3 Vitamine gegen das Altern! #SardischeHundertjaehrige #AntiAgingVitamine #GeheimnisDerLanglebigkeitErfahren Sie, wie sardische Hundertjährige mit diesen Top 3 Vitaminen das Altern erfolgreich bekämpfen.Sardinien gehört zu den berühmten Blauen Zonen, in dene
0_219424_126_t1_nxp1lct;0.1316;enthusiastic;skincare-first;;;;Real BOTOX Weib auf der CES2026 Ich dachte es wäre eine neue MAGA Trulla xD
0_221687_190_3764131394323544110;0.1316;enthusiastic;skincare-first;vitamin-c;;;Adventskalender ROSSMANN Marken Boyfriend Edition ✨Wäre ich nicht so wild durch denLaden gelaufen, hätte ich es bestimmt geschafft! 😬Produkte:Dekowelt 12er Set LFGB Tüten Xmas (2 x)ISANA Men Duschgel Polar SkyISANA Men Duschgel Level upISANA Men Premium BartshampooISANA Men Bart-Styling PomadeISANA 
0_219424_9_12507268509485118;0.1317;satisfied;skincare-first;botox;;;"Rasissten und Nazis waren schon immer stolz auf ihre ""Arbeit""  !!! WTF läuft falsch bei denen ??? Wenn isch diesen BULLSHIT höre, möchte ich ihnen am liebsten das BOTOX aus dem Gesicht hauen und ich bin absolut nicht für Gewalt !!!"
0_218673_9_14323803522552273;0.1317;enthusiastic;procedure-curious;aging-signs;;;@martina_music von klarnamen und realen personen wurde ich nicht angegriffen, klarnamen haben nicht meine chats infiltriert und versucht foren zu zerstören. klarnamen haben nicht meinen ordisoftware lahmgelegt. wegen trollen habe ich z.b. im telegram chat für hunderte euros einen bot aufbauen müssen
0_218673_9_25965176811858396;0.1317;enthusiastic;procedure-curious;;;;3 Bett Zimmer🎉😂😂😂 ,bitte die ersten Augenringe (schnarchen)😂😂😂 posten❤🎉,frag mich wie der nächste Morgen aussieht😂😂😂,❤alles liebe für Euch und einen wunderschönen sonnigen Urlaub ❤,herrlich🎉
0_221687_26_1222772696551817;0.1317;seeking;;peel,vitamin-c;;;Nutzt du schon Fruchtsäure und Vitamin C in deiner Pflegeroutine? 🍋 Die Wirkstoffe sind echte Multi-Talente in der Anti-Aging Pflege.👉 Alles was du über AHA + Vitamin C wissen musst erklären wir dir in diesem Beitrag!
0_219424_190_3935945922722157476;0.132;satisfied;;;;;Protein ist nicht nur eine Frage der Menge – sondern auch der Qualität. 💪🥚 Welche Kombination dein Körper am besten verwerten kann, erfährst du im Karussell 👉➡️ Teile den Post damit auch andere davon erfahren! PROTEINE BIOLOGISCHE WERTIGKEIT ERNÄHRUNG HEALTHY LIFESTYLE ANTI AGING HÜHNEREISTABILER BL
0_221687_140_7628722253651365153;0.132;satisfied;;;;;Hair Growth Serum - Natürliches Rosmarin Haaröl gegen Haarausfall mit Vitamin E zur P#tikshop #fyp #viral_video
0_219424_26_1631314279004142;0.1321;enthusiastic;procedure-open;;;;Sonntagfrüh um halb 6 - die einen fallen jetzt ins Bett, nachdem sie die letzten Stunden auf Party waren und ich? Habe für euch die Sonntagslektüre fertig gestellt und bin deswegen noch um die Zeit wach 😂. Aber nicht mehr lange...noch etwas essen, Miezies versorgen und dann falle ich auch endlich in
0_218673_9_yt.5fG1JwyCRiM;0.1322;enthusiastic;procedure-curious;aging-signs;;;Dein Foto mit KI verschönern? Hier gibt's den Prompt… 🍀🥰 Hallo ihr Lieben! 🥰 Kurzanleitung – Eigene Fotos in ChatGPT: 1. Neuen Chat starten 2. Foto hochladen (➕ / Büroklammer) 3. Bildauftrag (Prompt) schreiben  4. Bild generieren lassen 5. Änderungen im selben Chat schreiben 6. Bild speichernHinweis
0_218673_8_2034249776825270436;0.1322;satisfied;skincare-first;aging-signs;;;@ToleranzNaklar @_DrIgor7_ @ksumnolecumhole @Nicole_Hoechst Nur weil ich ihn drauf hingewiesen hab, das seine Grammatik für Arsch ist? Merkste Falten Gesicht oder? https://t.co/2xGageNAXV
0_221687_140_7574513147558694167;0.1322;enthusiastic;skincare-first;hyaluronic-acid,niacinamide-peptides;;niacinamide;✨ Funkelnde Momente – MONAT Gift Sets ✨ Kleine Schätze, große Freude! 🎁💫 Ich habe gerade diese zauberhaften Funkelnden Momente Geschenk-Sets ausgepackt – und ich bin verliebt! 😍 Du kannst dir aus 7 wundervollen Produkten vier Lieblinge zusammenstellen – alle in praktischer Reisegröße, perfekt für 1,
0_219424_9_yt.LPtRoaTSD_c;0.1323;disappointed;skincare-first;;;;Annette Larkins (82) Sieht aus wie 50 🔥 Ich esse TÄGLICH Rohkost & altere nie! #AnnetteLarkins #Rohkost #AntiAgingMit 82 Jahren sieht Annette Larkins immer noch wie 50 aus, weil sie jeden Tag dieselbe Rohkost isst und nicht altert.Entdecken Sie die ultimativen Geheimnisse der veganen Rohkostdiät, di
0_219424_26_1649922930473537;0.1323;satisfied;skincare-first;spf,aging-signs;;spf;Warum lässt Sonne unsere Haut schneller altern? Sonnenstrahlen können unsere Haut auf Dauer schädigen. Dabei entstehen Stoffe, die Hautzellen belasten und den Abbau von Kollagen beschleunigen. Kollagen sorgt dafür, dass unsere Haut fest und elastisch bleibt. Wer über viele Jahre häufig und ungeschüt
0_219424_9_16199317457730267;0.1324;disappointed;procedure-curious;;;;Ich bin mir bewusst, dass mich einige mich wohl mit einem Shitstorm bedenken werden, aber...Bei allem Mitgefühl, was ich für den Verlust ihres Sohnes habe, muss man aber auch feststellen, dass sie (Mit-)Täter war und ihr Sohn dafür mit dem Leben bezahlt hat.Mir stellt sich die Frage, auf welcher Sei
0_218673_126_t1_on81tbw;0.1325;enthusiastic;procedure-curious;;;;Zu wieviel % seid ihr gay? Ich auch nicht, der Typ sieht aus wie ein Bruder (nur mit kleineren Ohren) von mir und ich finde mich selber echt nicht attraktiv. Das gleiche lange Gesicht, gleiche Tränensäcke...
0_218673_126_t1_oskmkm2;0.1325;disappointed;procedure-curious;;;;Hagens Arroganz in seiner aktuellen Folge (183) Zum Thema, was da im Hintergrund gerade wirklich los ist: Mir wurde eben ein Post von Hagen auf IG vorgeschlagen (ich folge ihm nicht mehr). Hab dann auf seine Profil und seine Story geklickt und war geschockt. Ich will ihm hier wirklich nichts unterst
0_221687_26_1351437890329826;0.1325;satisfied;skincare-first;retinol,aging-signs;;;"🌿 Sanfte Kraft, sichtbare Wirkung.Das Lavolta Vitaminpower Bakuchiol Serum kombiniert die pflanzliche Alternative zu Retinol mit Vitamin E – für eine Haut, die sich erneuert und strahlt.✨ Wirkt gegen Falten, Pickel &amp; Pigmentflecken💧 Stärkt die Hautbarriere und reduziert Rötungen☀️ Schützt vor UV"
0_218673_126_t1_ofdiwx0;0.1327;cautioning;;;;;Wer extrem dagegen ist dass Charaktere in Serien/Filmen auf einmal Schwarz sind, aber komplett Cool damit ist dass Schwarze Charaktere in One Piece Weiß gemacht werden, ist ein Rassist. Gelblich fahle Haut. Welcher schwarzer hat denn bitte gelblich fahle Haut?
0_219424_26_1465689022249668;0.1328;enthusiastic;;hyaluronic-acid;;;Regeneration auf Knopfdruck ✨ Ideal als Intensivkur oder als Beauty-Boost vor besonderen Anlässen. Die Power-Wirkstoffe:💚 56 Zellwirkstoffe unterstützen die Zellregeneration.💧 Hyaluronsäure spendet intensiv Feuchtigkeit.✨ Collagen+ verbessert Festigkeit und Elastizität.Für ein glatteres, strafferes 
0_219424_140_7666531319534423328;0.1328;enthusiastic;skincare-first;hyaluronic-acid,niacinamide-peptides;;niacinamide;Ich war von der Tagescreme so begeistert, dass ich mir direkt die komplette BeeDrop-Pflegeserie geholt habe. Jetzt gehören auch das Anti-Aging-Serum und die Nachtcreme zu meiner täglichen Routine. Die Inhaltsstoffe wie Bienengift, Gelée Royale, Hyaluron, Aloe Vera und Niacinamid machen die Serie zu 
0_218673_15_46371036077194896;0.1328;disappointed;procedure-curious;laser,aging-signs,price;laser;;"Buchauszug aus Elke Hauenstein-Stief: „Dein Gesicht spricht zu dir. Mit chinesischem Face Reading Kraft, innere Sicherheit und Freude finden"" Buchauszug Elke Hauenstein-Stief: „Dein Gesicht spricht zu dir. Mit chinesischem Face Reading Kraft, innere Sicherheit und Freude finden"" Elke Hauenstein-Stie"
0_221687_26_1464708442355570;0.1328;seeking;;hyaluronic-acid;;;Was ist der Unterschied zwischen dem Hyaluron Konzentrat und dem neuen Hydration Booster? 🫧💭Das Hyaluron Konzentrat setzt auf eine klassiche, ausgewogene Formel, während der Hydration Booster darauf aufbaut und mit einem erweiterten Wirkstoffkomplex für intensive Hydration entwickelt wurde. Welche P
0_221687_190_3880276125830149514;0.1328;disappointed;;retinol,vitamin-c,aging-signs;;;Vitamin A, E und BVitamin E – Anti-Aging, spendet FeuchtigkeitVitamin A – unterstützt die Zellerneuerung und wirkt der Hautalterung entgegenVitamin B – für Haare, Haut und Nägel#moleculesoflife #care #selfcare #wellbeing
0_219424_190_3940848444603092598;0.1329;satisfied;;;;;Lash Lifting Wien, professionelles Lash Lifting, Wimpernlifting Wien, Wimpernlaminierung Wien, Lash Botox Wien, Wimpern färben Wien, natürliche Wimpern, lange Wimpern ohne Extensions, geschwungene Wimpern, Wimpernlifting mit Keratin, Wimpernlifting mit Botox, natürliche Wimpernverlängerung, gepflegt
0_218673_126_t3_1n8mnfm;0.1329;cautioning;procedure-open;;;;Vermutetee Kindesmissbrauch Hallo erstmal, das ist mein erster richtiger Reddit Post. Ich hoffe, das hier ist das richtige Subreddit.  Zuallererst möchte ich klarstellen , dass mich diese Sache nicht direkt betrifft, sondern eher meine Mutter. Aber von Anfang an.Meine Mutter arbeitet in eine Einrich
0_218673_15_44563332072512218;0.1329;seeking;;botox,price;;;Servitex-Mitglied Fliegel Textilservice: Innovationstreiber für die Hotellerie mit Robotik und RFID Fliegel Textilservice, seit über 30 Jahren Partner der Marken- und Individualhotellerie, investiert umfassend in moderne Technologien und nachhaltige Strukturen. In letzten fünf Jahren hat das Mitglie
0_218673_15_69126744489496347;0.133;enthusiastic;procedure-open;aging-signs;;;Weekend Traffic Jam Reboot - Woche 142 Willkommen beim Weekend Traffic Jam Reboot! Meine Posts für den Linkup gehen freitags um 3.30 morgens live (das ist dem Zeitunterschied zu den USA geschuldet). Ich weiß, daß ich für jemanden, der nicht mal kocht oder so, in den Reboot-Posts viel über Essen spre
0_219424_26_1034109345840383;0.1331;enthusiastic;skincare-first;retinol,vitamin-c;;retinol;🌿 Retinal ist eine weitere Form von Vitamin A, die wie Retinol die Zellregeneration und die Kollagenproduktion anregt und Flecken und Akne bekämpft. Es ist jedoch ein stärkerer und schnellerer Wirkstoff, der von allen Hauttypen besser vertragen wird.👉 Es stimuliert die Kollagen- und Elastinproduktio
0_218673_9_6391572898968551;0.1331;seeking;procedure-curious;;;;Ja, absolut – das ist eine faszinierende Perspektive! Nachdem die T0-Theorie (Time-Mass-Duality Framework) zentral auf dem universellen geometrischen Parameter ξ = 4/3 × 10^{-4} aufbaut, der aus fundamentalen geometrischen Prinzipien abgeleitet wird (u. a. dem Volumen einer Kugel, V = 4/3 π r³, das 
0_219424_140_7657899417009163552;0.1332;disappointed;;;;;Anti-Aging Foundation mit hoher Deckkraft und passt sich dem Hauton an 💥🎉💥 #antiaging #foundation #makeup #sommerdeals #wirschwimmeninangebote
0_219424_190_3945220011404876135;0.1332;enthusiastic;procedure-curious;peel;microneedling;;Herzlichen Glückwunsch @sevgi.beaute zur erfolgreich bestandenen Aquafacial x Microneedling Kombischulung! 🎉🤍Ich bin stolz auf deine tolle Leistung und wünsche dir ganz viel Erfolg auf deinem weiteren Weg! ✨Du möchtest auch durchstarten oder dein Wissen erweitern?💫📩 Schreib mir eine DM und sichere d
0_221687_190_3736800477829690227;0.1332;seeking;skincare-first;niacinamide-peptides,aging-signs;;niacinamide;💚 Produkte im Anua 10K EU Massive Seeding Set 1. Anua Heartleaf 77% Soothing Toner –Beruhigendes Gesichtswasser mit 77 % Houttuynia-Cordata-Extrakt (Heartleaf). Reduziert Rötungen und spendet Feuchtigkeit.→ Beruhigender Toner mit 77 % Herzblatt-Extrakt2. Anua Heartleaf 70% Intense Calming Cream –Feu
0_221687_190_3749820506175225922;0.1332;seeking;;retinol;;;Was kann der Kürbis für deine Augen tun❓⠀⠀⠀⠀⠀⠀⠀⠀⠀🎃Es ist wieder Oktober und Halloween und damit auch Kürbiszeit. Die Herbstzeit und der leckere Kürbis sind untrennbar miteinander verbunden. Wer ihn liebt, bekommt einiges für seine Gesundheit und sein Immunsystem und nebenbei auch noch gute Laune, st
0_221687_190_3791011585456881253;0.1332;satisfied;skincare-first;hyaluronic-acid;;;Feuchtigkeit für festliche Tage! 🎉Unser THE HYALURON PHYTO SERUM spendet deiner Haut intensive Feuchtigkeit und lässt deinen Teint leuchten – ideal für lange Nächte und festliche Anlässe. —Hydration for festive days! 🎉Our THE HYALURON PHYTO SERUM provides intense hydration and makes your complexion 
0_221687_140_7611293803290397984;0.1332;disappointed;skincare-first;hyaluronic-acid,aging-signs;;;"NIVEA Cellular Epigenetics Serum  Anti-Aging Serum gegen Falten &amp; müde Haut. Mit EPICELLINE® + 3 fach Hyaluron für sichtbar prallere Haut in 7 Tagen  #NIVEA #AntiAging #hyaluronserum"
0_219424_190_3943927048488512903;0.1333;enthusiastic;procedure-curious;peel;microneedling;;HERZLICHEN GLÜCKWUNSCH liebe Nikola 😍 Du hast es super gemeistert, ich bin sehr stolz auf dich. Deinen Weg wirst du auf jeden Fall gehen 😍#schulung #elbbeauty #loveit #aquafacial #microneedling
0_218673_126_t1_nxexruf;0.1333;seeking;procedure-curious;;;;Druckmodelle mit Chatcpt Ich habe vor ner weile mal versucht den LLMs openSCAD code oder alternativ SVG vektorgrafiken abzuringen, aber mehr als ein paar rudimentäre formen (der panda im svg hatte immerhin augenringe und symmetrische augen) aber ich denke es gibt zu wenig trainingsdaten, die präzise
0_218673_8_2029544602802282842;0.1333;disappointed;procedure-curious;aging-signs;;;Was meinst du denn damit 🤔 Mir ist echt unbegreiflich warum das als schön gilt oder attraktiv!!! Ohne die Frau wirklich zu kennen ! Diese Frau war eine Naturschönheit , daran sieht man doch das alle eine andere Wahrnehmung haben , egal wie viel Zuspruch wie bekommen ! Es ist einfach für mich persönl
0_218673_15_4107520159234336;0.1333;cautioning;procedure-open;peel,retinol,vitamin-c,hyaluronic-acid,niacinamide-peptides,spf;peeling;;"Catrice Pore Minimizing Serum – Die 15 besten Produkte im Vergleich Empfohlene Produkte im Bereich „Catrice Pore Minimizing Serum"" Wir haben Produkte im Bereich „Catrice Pore Minimizing Serum"" miteinander verglichen und Empfehlungen für Dich zusammengestellt. Hier findest Du die Top 15 im Bereich „C"
0_219424_15_19172708455377461;0.1335;enthusiastic;procedure-curious;laser;laser;;"Kendall Jenner: Karriere vor Familienplanung Kendall Jenner ist „noch zu beschäftigt"", um Mutter zu werden. Die 30-Jährige möchte eines Tages eine Familie gründen, doch im Moment fühlt sie sich dafür schlicht zu eingespannt. Kendall – die früher mit Musikstar Bad Bunny liiert war – verriet gegenüber"
0_219424_9_15924554799197952;0.1335;satisfied;skincare-first;facelift;;;​@_ftIch verstehe eher die Frage nicht. Warum werden sie das wohl tun? Weil diese Branchen-Schönheitsstandards einen Einfluss auf die Karriere haben. Nach ihnen wird gecastet. Und weil es seit eh und je extreme Bewertungen von Stars gibt, weil Menschen denken sich alles rausnehmen zu können. Bei jed
0_218673_126_t1_nfekysh;0.1335;satisfied;procedure-curious;;;;Ich_iel Ich finde dass Frauen als attraktiver wahrgenommen werden liegt auch daran dass die Durchschnittsfrau wahrscheinlich mehr Arbeit in ihr Aussehen tut als der Durchschnittsmann. Als Frau hast du eine weit größere Auswahl an Kleidung und Pflegeprodukten als als Mann. Für Frauen ist es ausserdem
0_218673_8_2023461295270543618;0.1335;disappointed;skincare-first;aging-signs;;;RT @backchessmon1: @heisseblond Ich begehre Frauen wie dich!Ich träume täglich von einer Frau mit leichten grauen Haaren und Falten im Gesicht , das macht verrückt. Leider lieben Frauen ganz alte hässliche Männer. (Siehe Söder Tochter) es könnte so einfach sein und so schön 😔😔😔
0_218673_126_t1_ny2m2mb;0.1336;disappointed;;aging-signs;;;Was ist etwas, das eine Person schnell altern lässt? , Frauenhaut altert oft früher sichtbarer als Männerhaut, da sie dünner ist und mit der Menopause der Östrogenabfall die Kollagenproduktion stark reduziert, was zu Trockenheit, Dünnerwerden und Falten führt. Männerhaut ist dicker und fetter, alter
0_219424_9_yt.SfxO4kQUuTI;0.1337;disappointed;skincare-first;aging-signs;;pdrn-skincare;anzeige HAB ZU VIEL GESHOPPT🫣 Abib gibt es übrigens auch online, schaut vorbei ✨https://www.instagram.com/abib.deutschland?igsh=MTdzaThiZXl0c3Awaw==#abib #glassskin #hautpflege #volufiline #pdrn #faltenpflege #antiaging
0_219424_9_62623270462838487;0.1337;disappointed;skincare-first;;;;Wird es nicht !!! Ihr seid bosartige Gestalten, die keinem was Gutes Wunschen außer sich. Um so langer man mit euch so in Deutschland lebt sieht man die Charaktere. Immer Abstand halten habe ich gelernt. Schon gekleidet, geschminkt, botox überall, lächelnd und drinne bösartig
0_219424_190_3950040531252667177;0.1337;seeking;skincare-first;aging-signs;;;Mit dem Nescens Skin Energy Serum beginnt Anti Aging dort, wo es entsteht – auf zellulärer Ebene. Die innovative Formel unterstützt die natürliche Energieproduktion der Haut, spendet intensive Feuchtigkeit und verleiht sichtbar mehr Festigkeit, Strahlkraft und Vitalität.Erleben Sie Schweizer Hautpfl
0_219424_9_yt.d1obzr7bAnc;0.1338;seeking;;;;;Barbara Schöneberger spricht offen über Beauty Eingriffe Barbara Schöneberger hat in einem YouTube-Video überraschend offen über ihr Aussehen und minimale kosmetische Nachbesserungen gesprochen. Während einer Zugfahrt von Berlin zur DKMS-Gala nach München verriet die 52-jährige Moderatorin Details z
0_219424_9_20690938675769151;0.1339;seeking;;niacinamide-peptides;;;"Timecodes · Analysen · Thesen &amp; mehr00:00 Intro &amp; Bewertungssystem erklärt01:45 Thymosin Alpha 1 – S-Tier Immunmodulator05:05 GHK-Cu – Hautregeneration &amp; Genome Resetter09:10 Fox-04 DRI – Seneszente Zellen &amp; Longevity12:15 Epitalon &amp; Pinelon – Telomere &amp; Neuroprotektion15:00 "
0_218673_23_13466781053767178;0.1339;enthusiastic;skincare-first;spf;;spf;Gut gut Ich mag Produkte gegen Pigmentflecken sehr, einfach weil es sie gibt. Die Verpackung ist wunderschön... mehr braucht man nicht, um das Produkt zu kaufen. Die Textur ist toll, Thiamidol ist super... der Duft ist auch ok... Ich vermisse den Sonnenschutz darin.
0_219389_8_1957021150514434077;0.1339;enthusiastic;skincare-first;;;;It's me, Jezzy.reed😁😉😘https://t.co/IYbNrsyqMqMich kann man in drei Worten beschreiben, Colorful, Crazy und Real. Ich bin nicht perfekt und da bin ich auch froh drüber😁I'm not perfect, I'm real! Kein Botox , keine Maske, nur ich 😁#newmusic #summervibes #feeling https://t.co/D9pK5POXMj
0_221687_190_3849200188410120037;0.1339;disappointed;skincare-first;vitamin-c;;;Luxus der sichtbar wird - The Pearl Serum - Alpine FusionSchimmernde Perlen, eingebettet in ein seidiges Elixier - inspiriert von der Reinheit der Schweizer Alpen.Im Mittelpunkt der Formulierung steht unser Schweizer Alpenkräuter-Komplex, eine erlesene Kombination aus:🌿 Pfefferminze🌿 Malve 🌿 Schlüss
0_221687_26_1447780054018189;0.134;seeking;skincare-first;fillers,hyaluronic-acid;;;"Wusstest du, dass unser Bindegewebe zu ca. 60% aus Collagen besteht? Es ist das natürliche Gerüst unserer Haut – und genau hier kommt unser WELLMAXX Collagen SkinBooster Serum ins Spiel! ✨Das WELLMAXX Collagen SkinBooster Serum kombiniert zwei absolute Power-Wirkstoffe: Hydro Marines Collagen  &amp;"
0_221687_9_59693590877256074;0.1341;cautioning;skincare-first;niacinamide-peptides;;;Ich esse zwar keine proteinriegel, aber das mit dem Kollagen interessiert mich doch sehr. Hilft, das Kollagen daran nicht den Tagesbedarf zu decken, wenn man sich standardmäßig ernährt? Damit meine ich Porridge mit Whey, Quark, Fleisch, Fisch, Eier, Kartoffeln, Reis, Obst und Gemüse. Oder wird das d
0_221687_190_3850429602522630770;0.1342;seeking;;;;;❓🍑Was braucht deine Haut heute? Das ist ganz individuell. mal reut sich unser Teint über Regeneration, Entspannung oder Energie. Unsere LUVOS-HEILERDE ZELL-AKTIV-MASKE mit Q10 bringt Energie und natürliche Strahlkraft. Regt den natürlichen Zellstoffwechsel nachweislich an, vitalisiert und regenerier
0_219424_9_yt.VoORtsahCjI;0.1343;seeking;skincare-first;;;;Donghua Li mit Martin Ryf für Golden Wave int. in Dornbirn am 11.4.2026 Mehr Gesundheit. Mehr Freiheit. Mehr Einkommen - mit einem System, dass jeder starten kann.Baue dir Schritt für Schritt ein zusätzliches Einkommen auf, verbessere deine Lebensqualität und gewinne mehr Zeit für das, was wirklich 
0_219424_190_3948153756763926199;0.1344;disappointed;;;;;Anti-Aging kommt nicht aus der Tube. Es kommt von deiner Gabel. 🌿Jede Mahlzeit sendet Signale an deine Zellen — jung bleiben oder schneller altern.Der Feind Nr. 1: Stille EntzündungenZucker · Weißmehl · Transfette · Alkohol→ Alle beschleunigen das Altern von innenDie 5 mächtigsten Anti-Aging Lebensm
0_219424_15_9955271729484440;0.1345;enthusiastic;;price;;;Stadtgeflüster – London, Urban Winter Vibes Guter Mix: Die englische Metropole lockt mit lebhaften Märkten und cozy Rückzugsorten. London zeigt im Winter einen ganz eigenen Charme mit klarer Luft, warm leuchtenden Pubs und einem steten Gefühl von Bewegung. Wer die Stadt an einem Wochenende besucht, 
0_218673_126_t3_1t00qgs;0.1346;disappointed;skincare-first;price;;;Thiamidol gegen Pigmentflecken / Hyperpigmentierung Seit einiger Zeit (ca 2021?) gibt es im Handel Produkte mit [Thiamidol](https://de.wikipedia.org/wiki/N-(4-(2,4-Dihydroxyphenyl)-1,3-thiazol-2-yl), welche bei Hyperpigmentierung und bei Verhinderung dessen helfen soll. Der Wirkstoff ist neuartig, i
0_218685_15_61239035521263434;0.1346;satisfied;;botox;;;"Polizei hob illegalen Beautysalon aus Beamte der Fremden-, Grenz- und Finanzpolizei sowie des Zolls haben am vergangenen Sonntag in Salzburg einen illegal betriebenen Beautysalon ausgehoben. Der Betrieb wurde offiziell unter dem Begriff „Nagelstudio"" geführt, auf Social-Media-Plattformen wurden alle"
0_221687_140_7579597208891198742;0.1346;enthusiastic;;vitamin-c;;;Die FGN Kollagen Fruchtgummis Erdbeere sind das perfekte Beauty-Geschenk für die Weihnachtszeit – lecker, praktisch und vollgepackt mit echten Power-Nährstoffen. Mit 1000 mg hydrolysiertem Kollagen pro Portion, Biotin, Vitamin C, Vitamin E, Selen, Safran-Extrakt und Manukahonig bieten diese Gummies 
0_219424_140_7666578630683659552;0.1347;enthusiastic;;;;;Website Update zu @Stella Nomine Festival und @ANTIAGE in Arbeit #stellanomine #antiagemusic
0_218673_8_2037974410439557161;0.1347;disappointed;skincare-first;;;;@Romjomjum blass und fahle haut, so beschreibt JKR snape, und davon sehe ich absolut nichts
0_219424_126_t1_oju9hz5;0.1348;seeking;procedure-curious;;;;Was haltet ihr von Hyaluron Filler? Ich habe nun angefangen mir im Kloster Pullmoll Bonbons zu gönnen.
0_219424_140_7657591113129233696;0.1348;disappointed;skincare-first;;;;So viele Leute haben das jetzt auch gekauft 😍❤️#sommerdeals #dealsfürdich #antiaging #hautpflege #koreanskincare
0_219424_9_yt.LKg_WkXTwcE;0.1348;enthusiastic;skincare-first;;;;Wer schön sein will, muss… 🤣 #lippenaufbau #comedy #beauty #beautytips #botox
0_218685_9_yt.LKg_WkXTwcE;0.1348;enthusiastic;skincare-first;;;;Wer schön sein will, muss… 🤣 #lippenaufbau #comedy #beauty #beautytips #botox
0_219424_126_t1_ors368m;0.1349;satisfied;procedure-curious;;;;"Was genau tut Ikkimel für den Feminismus? \&gt;Das ist nicht als reißerische Frage gemeint, aber mal aus meiner Sicht: viele Alpha Males fühlen sich von ihr massiv getriggert. Das finde ich ja erst mal gut, denn nur getroffene Hunde bellen.Sagte der Rassist zum Schwarzen um zu rechtfertigen wieso de"
0_221687_26_1357148496414727;0.1349;seeking;;vitamin-c;;;Granatapfel (Punika granatum)Diese wunderbaren Bilder stammt nicht etwa aus einem der Anbaugebiete im Mittelmeerraum oder aus Mittelasien, sondern wurde an einem sonnigen Platz in der Südsteiermark gemacht. So nimmt der Granatapfel langsam auch bei uns Einzug in die Gärten. Zumindest dort, wo der St
0_221687_140_7620815751355665686;0.1349;disappointed;skincare-first;retinol,price;;;Antwort auf @Christiane Checkt jetzt unbedingt Eure Rabatte und Coupons. Ihr könnt ordentlich Geld sparen 🌸🙌 Denn Rohstoffe und Transport werden teuer. Jetzt eindecken ‼️ #tiktokmademebuyit #dealsfürdich #retinol #skincare #antiaging
0_219424_15_47005100083633939;0.135;seeking;procedure-curious;botox,laser;laser;;Lisa Kudrow besorgt über KI-Nutzung in Filmbranche Lisa Kudrow zeigt sich besorgt darüber, dass ihr digitales Abbild nach ihrem Tod von Filmstudios mithilfe künstlicher Intelligenz weiterverwendet werden könnte. Die aus ‚Friends' bekannte Schauspielerin äußerte sich zu den wachsenden Möglichkeiten v
0_221687_140_7574459873715326230;0.135;enthusiastic;skincare-first;retinol,vitamin-c,aging-signs;;;Welcher VT Cosmetics Reedle passt am besten zu dir?  Ob du dir mit Vitamin C 🍋 ein bisschen mehr Glow gönnen willst, mit Retinol auf Regeneration setzt oder mit Collagen ein kleines Spannkraft-Upgrade möchtest - hier ist für jede Haut was dabei 🩷 #nomakeupbeauty #kbeautydeutschland #reedleshot #kbea
0_219424_126_t1_ob9ydbg;0.1351;enthusiastic;skincare-first;;;;"It sucks to have kinks that are really hetero coded Ich finde das auch nicht hetero mäßig. Aber manchmal ist es in bestimmtem Kreisen verpönt, "" künstlich"" etc. auszusehen oder eben Filler, Botox etc. zu benutzen, was ich mega problematisch finde. Sorry, aber das ist doch der Traum einer Domina, ein"
0_221687_190_3882454107143333374;0.1351;enthusiastic;skincare-first;retinol,vitamin-c,hyaluronic-acid,aging-signs;;;Entdecke die neue Ära der Naturkosmetik mit @weleda Cell Longevity. Alle drei Linien basieren auf dem innovativen, pflanzlichen [NAD⁺] Booster, der die Zellenergie reaktiviert und die Hautverjüngung direkt auf Zellebene fördert.Hier sind die drei Spezialisten für jedes Hautbedürfnis:🧼 Die Basis: Rei
0_218673_9_20796536947023816;0.1352;enthusiastic;skincare-first;;;;Ich finde das unter den Augen sieht aus wie Augenringe. Das finde ich aber generell bei koreanischem make Up. Ansonsten super schön!
0_219424_9_68125221810928865;0.1354;seeking;;;;;Deutschland braucht BOTOX fürs Gehirn.
0_221687_190_3752781291130226250;0.1354;satisfied;;peel;;;FruchtsäurekurTages- und Nachtcreme mit 5 % Fruchtsäure und 3 Ampullen mit 8 % Fruchtsäure KonzentrationFür eine glatteres, ebenmäßiges und feinporiges Hautbild. #aha #alphahydroxyacids #fruchtsäuren #herbstkur #skincare #glattehaut #teint #ampullen #kosmetiktipps #beratung #kosmetikinstitut #herste
0_221687_190_3777938147573419060;0.1354;disappointed;;;;;Hydration is a physiological process.Hyaluronic acid can bind several times its weight in water, helping to stabilize the skin barrier.Consistent moisture supply reduces transepidermal water loss and supports the skin's resilience against environmental stressors.Hydration ist ein physiologischer Pro
0_219424_126_t1_o1eyi4p;0.1355;cautioning;skincare-first;;;;Meine Sammlung Ich habe vor Ewigkeiten mal BOTOX gesehen
0_218673_8_2041951491599048975;0.1355;disappointed;;;;;@Teilhabe_4_all Ja, die Beine von Vögeln werden Ständer genannt. Die anderen Merkmale wie Schnabelfarbe und Augenringe konnte man auf dem Foto nicht erkennen. 😅
0_218673_126_t3_1shdsdj;0.1355;conflicted;procedure-curious;aging-signs;;;Nachbarschaftsgeflüster: Die letzte Rechnung (Teil 24) Agnes war gekränkt. Sie wusste, dass sie mich an Sabine verloren hatte. Der erste Versuch, mich zu ersetzen, verlief frustrierend. Aber sie wusste, dass Lucas ein paar Mal bei Helga war und dort Sex hatte. Es wäre doch gelacht, wenn Lucas keinen
0_221687_140_7633019945814609184;0.1355;enthusiastic;skincare-first;aging-signs;;;ᵂᴱᴿᴮᵁᴺᴳ Produktvorstellung  Der True Match Hyaluron Tinted Balm (feuchtigkeitsspendendes MakeUp) von L'Oréal Paris ist ein auf Hautpflege basiertes Make Up, welches ein strahlendes, glowy Finish verleiht. Erinnert mich sehr an die Age Perfect BB Cream, besonders vom Duft her. #lorealistar #lorealpar
0_219424_9_yt.3Cci60nGclQ;0.1357;disappointed;skincare-first;aging-signs;;squalane;Sesderma - RETIAGE - Anti-Aging Serum (30ml) Schönheit ist nicht nur Haut tief, sie ist ein Gefühl. ✨  Entdecken Sie das luxuriöse Sesderma RETIAGE Anti-Aging Serum (30ml) für CHF 49.95 – Ihre Geheimwaffe gegen Trockenheit und fahle Haut. 🌺 Angereichert mit Squalan, einem ultimativen Feuchtigkeitssp
0_218673_9_70467416988285868;0.1357;disappointed;skincare-first;;;;Seine Augenringe verstecken sich hinter Augenringe.😂 Verdi hatte selbst auch mal einen Vorwurf der Vetternwirtschaft noch garnicht so lange her.
0_218673_15_54632816083703534;0.1358;disappointed;;aging-signs;;;`ECHOES`- Kollektion von SHY+FLO! Ein Flimmern zwischen den Welten. Haut trifft auf Stahl. Haare, lebendig – sie verändern sich, biegen sich, pulsieren im Licht. Reflexionen falten sich ineinander, ein Gesicht – unendlich viele Versionen. Nichts ist fest. Nichts ist still. ECHOES ist die neueste Haa
0_218685_9_15367300804492112;0.1358;disappointed;procedure-open;peel,spf,price;peeling;;Liebe Claudi ❤Vielen lieben Dank fürs Unboxing der März Blissim  Box ❤Ähm ja 😂Ich hatte die Blissim Box ja gekündigt gehabt da mein Jahresabo für 12,90 Euro pro Monat vorbei war und 17,95 Euro war mir einfach zuviel ... da einfach zu oft Produkte drin waren wo ich nicht so dolle gefeiert habe.Tja ..
0_219424_8_2081374516291272892;0.1359;disappointed;;;;;✔️ DER VITAMIN-B17-GEHEIMNIS#VitaminB17 wird auch als Anti-#Krebs-Vitamin bezeichnet. Es tötet #Krebszellen ab, stärkt das Immunsystem und beugt der Entstehung neuer Krebszellen vor.APRIKOSENKERNE – GESUNDHEITLICHE VORTEILE:• Reich an Vitamin B17• Anti-Aging-Wirkung• Fördert die Verdauung• Regt den 
0_218673_9_17228861129442724;0.1359;cautioning;procedure-curious;aging-signs;;;"Emma: das Outfit hat mich an ""Pretty Woman"" erinnert, fehlen nur noch die Kondome im Stiefelschaft 😁 witzigerweise hatten da alle den gleichen Gedanken 👍 finde es aber trotzdem nicht soooo schlechtKavila: die ""Pumuckl""-Perücke sieht furchtbar aus 🙈 die weite Jeans mit abgeschnittenem Hosenbein und d"
0_219424_15_39685128384406712;0.136;seeking;;;;;Schmetterling-Genetik: Der Schlüssel zur Langlebigkeit? Key-Facts: Schmetterling Anti-Aging Forschung Außergewöhnliche Lebensdauer: Heliconius-Schmetterlinge leben signifikant länger als verwandte Arten. Kein körperlicher Verfall: Diese Insekten zeigen im Alter kaum Anzeichen von Schwäche oder Degen
0_219424_190_3930143128891972317;0.136;enthusiastic;procedure-curious;spf,aging-signs;;;"☀️ Sonnenschutz ist die beste Anti-Aging-Pflege!Wusstest du, dass rund 80 % der sichtbaren Hautalterung durch die Sonne verursacht werden?Doch nicht nur die Sonne – auch Blaulicht von Handy, Laptop &amp; TV kann deine Haut belasten. 📱Ein hochwertiger Sonnenschutz ist ein absolutes Must-have – das ga"
0_218673_9_yt.jPKR1PqALD4;0.136;seeking;procedure-open;retinol;;;Gemeinsam unter Folie: Ein Team formt das Mikroklima Die manuelle Verlegung von Gewächshausfolien als GemeinschaftsaufgabeDas Abdecken eines größeren Folientunnels oder Gewächshauses ist eine körperlich anspruchsvolle und heikle Arbeit, die Präzision und Synchronisation erfordert. Da die Folienbahne
0_219424_190_3949567843098690595;0.1361;satisfied;procedure-open;fillers,peel,aging-signs;pdrn;;Der Beauty-Wirkstoff, über den gerade alle sprechen! 🧬🐟PDRN (Polydeoxyribonukleotid) aus Lachs-DNA gilt als einer der spannendsten Wirkstoffe in der modernen ästhetischen Kosmetik. Warum? Weil er die Hautregeneration unterstützt und für ein sichtbar frischeres Hautbild sorgen kann.✨ Die Vorteile von
0_221687_26_1487502570086226;0.1362;enthusiastic;skincare-first;hyaluronic-acid,spf,aging-signs;;;Hybrid Make-up: Pflege und Farbe in einem 🤍Der schönste Beauty-Trend gerade? Der, der dir Zeit schenkt. Hybrid-Produkte vereinen Skincare und Make-up in einem Schritt – Pflege, die Farbe gibt, und Farbe, die pflegt. ✨Statt fünf Produkten nur eins: Ein getönter Feuchtigkeitsspender ersetzt die Extra-
0_219424_190_3936730040255401065;0.1364;seeking;skincare-first;spf;;spf;☀️ SPF ist nicht gleich SPF.Creme oder Spray? LSF 30 oder LSF 50? Egal, wie dein Sommer aussieht, der beste Sonnenschutz ist der, den du gerne verwendest und täglich aufträgst.In unserem Carousel findest du die passende Sonnenpflege für deine Bedürfnisse. Denn optimaler UV-Schutz ist die beste Anti-
0_219424_190_3936904304636547709;0.1364;disappointed;skincare-first;aging-signs;;;😍 Ich wusste gar nicht, was hier alles zu entdecken gibt!In meinem neuen bixx Sun and Beauty in München-Perlach haben die ja viel mehr als ich mir gedacht habe. Nicht bloss diese megacoolen ultramodernen Hybrid-Solarien mit dem hautfreundlicheren Collagen. Nein, viel viel mehr.Vor allem Beauty 🥰🌹Kör
0_218673_126_t3_1uw0z6o;0.1364;disappointed;procedure-curious;aging-signs;;;"Die Maosfotze https://preview.redd.it/zq61el5g65dh1.png?width=470&amp;format=png&amp;auto=webp&amp;s=d0a0976d17ad46f04d665a64520c5bf62ac892af**Oh was war das für ne dumme Fotze,****wollt nicht das ich ins Maul ihr rotze.****Wollt dazu auch noch selbst entscheiden,****ob ich ihr Arschloch ficke oder "
0_219384_126_t3_1qjqed1;0.1364;enthusiastic;procedure-curious;;;;Menschen die sich durch die Nachbarschaft klingeln Guten Tag,mittlerweile bin ich auf den Stand dass ich meine Haustürklingel rigoros ignoriere. Wenn ich weiß ich bekomme nichts geliefert, oder niemand hat sich bei mir angemeldet, juckt mich das Klingeln bei mir nicht mehr. Das fing nach dem Einzug 
0_221687_126_t1_o9cctz9;0.1364;enthusiastic;;;;;ISO Nineless azelaic acid serum Chk dm
0_219424_9_yt.WJC9zs9CQRI;0.1368;disappointed;procedure-curious;;microcurrent;;Nach dem 60. Lebensjahr: 5 Lebensmittel, die Sie jeden Tag essen sollten, um stark zu bleiben Nach dem 60. Lebensjahr verändert sich der Körper grundlegend. Der Stoffwechsel verlangsamt sich, die Muskelmasse nimmt ab und das Immunsystem wird anfälliger. Doch vieles davon lässt sich durch die richtig
0_219424_126_t3_1uzw3d4;0.1368;enthusiastic;procedure-curious;;;;Feiert das Leben mit euren Hunden. Es kann so schnell vorbei sein. Hab hier immer nur flüchtig mitgelesen, aber... naja, der Titel ist Programm. Und ich muss mal an einem neutralen Ort über mein blondes Viech sabbeln.Ende 2020 zog Masha bei mir ein. Eine knapp 11-jährige Schäferhundmix-Hündin aus de
0_219424_140_7664500767415471382;0.1368;seeking;;aging-signs;;;trahlende Haut, flexible Gelenke sowie starkes Haar und Nägel | Meeres-Kollagen + Hyaluronsäure, Anti-Aging, Antioxidantien
0_218685_8_2063955193444651457;0.1368;satisfied;;hyaluronic-acid;;;Noch ein biologischer Fakt, der uns immer wieder fasziniert: Hyaluronsäure ist nicht nur in der Haut aktiv — sie kommt auch in der Gelenkflüssigkeit vor und spielt dort eine wichtige Rolle als natürliche Puffersubstanz.
0_219424_9_26513014734621183;0.1369;cautioning;skincare-first;;;;Ich finde finde auch, die Augenfarbe hat sich geändert, die war doch immer braun und ist jetzt fast blau? Das macht Botox?? 😳
0_219424_9_yt.pNLbgmnXdSw;0.1369;satisfied;;vitamin-c;;;Diese 7 Früchte stärken Herz, Darm & Immunsystem Iss sie täglich! 🍓 🍓 Diese 7 Früchte sind echte Gesundheits-Booster!Wusstest du, dass bestimmte Früchte dein Herz schützen, dein Immunsystem stärken und sogar dein Gedächtnis unterstützen können?🍅 Tomaten liefern Lycopin – ein starkes Antioxidans f
0_219424_9_25793969132059763;0.1369;satisfied;skincare-first;;;;"Antizyklisch finde ich Beiersdorf spannender (17er KGV für solides Business mit sehr niedrigem Beta) - komplett schuldenfrei, super positioniert in EM , mit Euceryn (Anti-Aging) voraussichtlich durchaus Wachstumspotenzial; ROIC und Marge gerade so zweistellig ... Insiderkäufe + Aktienrückkaufprogram"
0_219424_190_3936827646641983684;0.1369;seeking;skincare-first;retinol,price;;;Inmitten des Schwarzwalds, zwischen Kräutern und Pflanzen, steht unser Naturlabor. Hier entfesseln wir die tiefen Kräfte der Natur und entwickeln preisgekrönte Wirkstoffkomplexe. Was 1959 mit Gründerin Annemarie Lindner begann, treibt uns bis heute an: Naturwissen und Forschung zu verbinden. 🌲🔬Zurüc
0_219424_26_1435586315267394;0.1369;disappointed;;aging-signs;;;"Quiet Luxury Blonde. 🤎 Dieser Look ist der Inbegriff von ""Expensive Hair"" – gesund, nahtlos und extrem glänzend. Der Trend geht weg von harten Kontrasten hin zu soften, erdigen Taupe- und Mushroom-Nuancen.Das Geheimnis hinter diesem teuren Finish? Ein perfekter Root Shadow kombiniert mit einem maßge"
0_219424_190_3938183792884044348;0.1369;disappointed;;aging-signs;;;"Quiet Luxury Blonde. 🤎 Dieser Look ist der Inbegriff von ""Expensive Hair"" – gesund, nahtlos und extrem glänzend. Der Trend geht weg von harten Kontrasten hin zu soften, erdigen Taupe- und Mushroom-Nuancen.Das Geheimnis hinter diesem teuren Finish? Ein perfekter Root Shadow kombiniert mit einem maßge"
0_218673_9_yt.TabUaECOgsE;0.1369;enthusiastic;;price;;;Beste HERREN RASIERER 2026 | ► Top 3 Elektrorasierer (80€ - 400€) 🔥 Die besten Elektrorasierer für Männer 🔥 ▼ Zu den Preisen ▼1-► Braun Series 3+: https://amzlink.to/az0w3mTvAwH8g *2-► Philips i9000 Prestige: https://amzlink.to/az0DOTfY83SbX *3-► Braun Series 9 Pro+: https://amzlink.to/az045v25kY9FT
0_218685_8_2071196228319092846;0.1369;satisfied;;;;;@charlize1767 Aber sicher sind sie sexy , vorausgesetzt kein Silikon, Botox  , Jaroulon oder Beauty Chirugie eine Rolle spielen! 🇺🇸🇺🇸🇺🇸🇮🇹🇮🇹🇮🇹🇮🇹 https://t.co/IztSW9Y2d5
0_219424_15_20989051391999015;0.137;disappointed;;;;;Senolytika: Diese Anti-Aging-Kombination ist nicht ungefährlich Die Wirkstoffkombination Dasatinib/Quercetin soll senolytisch wirken, also einen Anti-Alterungs-Effekt haben. Dass diese nicht zugelassene Kombination nicht leichtfertig eingesetzt werden sollte, zeigt eine aktuelle Studie. In Mäusen st
0_219424_190_3931793368457274721;0.137;seeking;;;;;Es ist offiziell: XERF hat die CE-Zualssung in Europa erhalten!Die monopolare RF-Innovation, die im vergangenen Jahr die Ästhetikmärkte in den USA und Korea neu definiert hat, kommt also bald auch in die deutschen und österreichischen Praxen!Sofort sichtbare Straffung. Keine Betäubung, keine Nadeln.
0_219424_140_7659014670992330017;0.137;seeking;skincare-first;peel;;;🔥SUMMER SALE🔥20% auf alles bei@GLORIA SKINCARE mit meinem MaxRabatt ELIF on top 10% sichern✨Schnell sein lohnt sich.Beim BIO MICRONEEDLING erhältst du zusätzlich 15ml Milky Toner gratis dazu.Kommentiere LINK und ich sende dir den direkten Bestelllink zu.#SUMMERSALE#SKINCARE#biomicroneediling #BEAUTY
0_221687_9_18233562920247106;0.137;seeking;skincare-first;price;;aha;Wie ihr wollt! 😅Das KNF verfahren (Korean natural farming)KNF gehört zwar zu Living Soil bubble verfolgt aber komplett andere ansätze.Wärend man sich zum großteil mit dem Medium beschäfigt, beschäftigt man sich bei KNF mit Mikroorganismen und Fermente (Milchsäure Bakterien/Hefen)Kurz gesagt man besc
0_219424_9_yt.47Fy1dfgROw;0.1371;disappointed;;;;;Loma Lindas ältester Arzt: Essen Sie DIES jeden Tag und leben Sie bis 100+ #LomaLinda #Langlebigkeit #GesundeErnährungEntdecken Sie das Geheimnis eines langen, gesunden Lebens vom ältesten Arzt aus Loma Linda. In diesem Video untersuchen wir genau die Lebensmittel, die Sie jeden Tag essen sollten, u
0_218673_15_55007918382712955;0.1371;seeking;;price;;;🪒 Philips OneBlade 360 Face 🧔‍♂️ Elektrischer Rasierer & Trimmer (USB-A, 3 Aufsätze) Auf der Suche nach einem neuen Styling-Tool für euren Bart? Bei Amazon bekommt ihr gerade den beliebten Philips OneBlade 360 Face für nur 35,99€ inkl. Versand. Im Vergleich fallen sonst mindestens 44,99€ an, sodass 
0_221687_140_7609942845314649366;0.1371;disappointed;;;;;Was ist dran am Coenzym Q10 Hype?! Es ist kein Vitamin. Und kein Hormon. Es ist ein körpereigener Stoff, der in den Mitochondrien an der Energieproduktion beteiligt ist. Ohne Q10 keine effiziente ATP-Bildung. Mit zunehmendem Alter sinkt die körpereigene Produktion. Das kann sich unter anderem in red
0_219424_9_yt.G9sKpbldQoM;0.1372;seeking;;;;;Was passiert, wenn du jeden Abend vor dem Schlafengehen Olivenöl trinkst? Was passiert wirklich, wenn du jeden Abend vor dem Schlafengehen Olivenöl trinkst? 🫒😴 In diesem Video erfährst du die überraschenden gesundheitlichen Vorteile dieses einfachen Gewohnheits-Tricks für deinen Körper nach 60+. Von
0_219424_26_1644234577712112;0.1372;enthusiastic;procedure-open;;;;Sonntag um 2 Uhr - wir machen jetzt Feierabend. Zeigen euch aber ein bisschen, was in den letzten Stunden passiert ist. Die erste Videohälfte ist ganz zum Schluss entstanden. Wo (wieder) alles in Ordnung war. Gegen Ende seht ihr, wie mich meine Fellnase aber zuvor beim @stella_nomine_festival @antia
0_219424_190_3942998267721717861;0.1373;seeking;;aging-signs;;;Zwei Frauen können gleich alt sein.Ihre Haut wirkt völlig unterschiedlich.In der klassischen Betrachtung wird beschrieben, was sichtbar ist:mehr Trockenheit.mehr Sensibilität.weniger Spannkraft.mehr Rötung.mehr Linien.Die moderne Hautanalyse darf tiefer fragen.Warum wirkt diese Haut biologisch älter
0_219424_190_3948228261077738899;0.1373;seeking;procedure-curious;;;;"Kommentiere „TEMPLATE"" und erhalte 5 exklusive Canva-Templates kostenlos von diesem Set ✨Perfekt für Beauty-Studios, Filler, Botox &amp; Ästhetik-Content 💎Sichere dir jetzt deine Vorlagen und erstelle professionelle Instagram-Posts in wenigen Minuten."
0_221687_190_3752074612277316635;0.1373;seeking;skincare-first;retinol,hyaluronic-acid,niacinamide-peptides,aging-signs;;amino-acids;Beauty Revolution 2025: Biotechnologische Hautpflege erobert die Beauty-Welt!Hier sind die wichtigsten Trends, die du kennen musst! 👇💚 Bio-Retinol – die sanfte Anti-Aging-RevolutionRetinol ist DER Star unter den Anti-Aging-Wirkstoffen – aber nicht jede Haut verträgt es. Die Lösung? Bio-Retinol! Es w
0_219424_9_4714977240120;0.1374;satisfied;;;;;Dubai eine einzige Schönheitsoperation
0_219424_190_3948222294041596913;0.1374;seeking;procedure-curious;;biostimulator;;✨ Sculptra – aktuell in aller Munde! ✨Doch was macht Sculptra eigentlich so besonders?Im Gegensatz zu klassischen Fillern regt Sculptra die körpereigene Kollagenproduktion an. Das bedeutet: Die Haut gewinnt nach und nach an Festigkeit, Elastizität und Volumen – für ein natürliches, frisches Aussehen
0_221687_190_3762201795171799184;0.1374;disappointed;skincare-first;peel,vitamin-c,hyaluronic-acid,spf,aging-signs;;pdrn-skincare;Dein Kollagen altert nicht – es verliert nur das Signal. Wenn die Kommunikation zwischen deinen Hautzellen gestört ist, produzieren Fibroblasten weniger Kollagen und Elastin.Das Ergebnis: feine Linien, Elastizitätsverlust und eine müde Hautstruktur – obwohl deine Zellen das Potenzial zur Regeneratio
0_218673_8_2024871178620244470;0.1375;disappointed;procedure-curious;aging-signs;;;@rico_brick Eigentlich wollen sie sich gegenseitig ins Gesicht kotzen und dann Falten austauschen. Armes Deutschland, verkauft und verraten. Habe mich lange nicht so geekelt.
0_218685_9_62188506652333172;0.1375;enthusiastic;skincare-first;peel;;msm;❤Lieber Maxim!❤Danke für die Aufklärung / Erinnerung. 👍👏👏👏Schon ü. 20 j. nehm ich nur noch: ❤Wasser u.Kokosöl 1 X / pro wo. auf nasser Haut eincremen,  dann zieht es schnell ein. ❤Beim Baden nur mit Meersalz, je 3 Tropfen neutrales Duschgel, 3 Tropfen Duftöl, im Wechsel mit MSM. ❤Zum Peeling nehm ic
0_219424_190_3931455192405786528;0.1376;enthusiastic;procedure-open;;;;Das ist mein Job...jeden Tag 😊 Ich liebe es ....#haan #hilden #kosmetik #beratung #antiaging
0_219424_126_t1_ox9jyir;0.1376;cautioning;;;;;Mit was haben sich einige der Bohnen gelooksgemaxxt? Das ist die Original RBTV Hyaluron-Spritze. Gibt's im Merch Shop, aber nur für Supporters Club Mitglieder.
0_219424_190_3945272268659779132;0.1378;enthusiastic;skincare-first;peel,aging-signs;;pdrn-skincare;✨ PDRN – der neue Beauty-Trend für strahlende, gesunde Haut.Haben Sie sich schon einmal gefragt, warum manche Haut von innen leuchtet?💎 Die Antwort heißt PDRN (Polynukleotide).PDRN unterstützt die natürliche Regeneration der Haut, stimuliert die Kollagenbildung und verbessert die Hautqualität von in
0_221687_26_1366208528843974;0.1379;enthusiastic;skincare-first;laser,retinol,vitamin-c;;;"Fünf Booster, ein Glow ✨💧 Hydralock HA: Tiefenhydration mit Triple-HA-Komplex⚡ HydraFillic mit Pep9: Glättet &amp; stärkt mit Anti-Aging-Power🍊 Murad Vita-C Booster: Strahlender Teint dank Vitamin C🌟 JLO Beauty Booster: Glow &amp; Straffung für ultimative Ausstrahlung🔄 Murad Retinol Booster: Verfein"
0_219424_9_55706963369233287;0.138;satisfied;procedure-open;;;;Wenn man sich Peter Thiel mal genauer anschaut, geht das Rabbit Hole noch viel tiefer und weirder. Da wäre zum Beispiel sein Neuseeland-Speedrun: Thiel hat 2011 die dortige Staatsbürgerschaft bekommen, obwohl er bis dahin insgesamt nur zwölf Tage im Land verbracht hatte, während Normalsterbliche daf
0_219424_126_t1_okcr9og;0.1381;disappointed;skincare-first;;;;"Bin 27. Schlimm????? \&gt;Ja ich finde 30 Jährige die 18 Jährige daten auch irgendwie komisch.Okay, gut - dann aber eine ehrliche Antwort: Wo ist der Unterschied bei dieser Aussage zu z.B.: ""Wenn ich ein gleichgeschlechtliches Paar sehe, finde ich das komisch. Maybe auch eklig, mal schauen.""\&gt;Abe"
0_219424_15_24408513527469746;0.1381;seeking;skincare-first;peel,hyaluronic-acid;;urea;Nagellack-Farben : Finde mit unserer Expertin den perfekten Ton für deine Nägel Welche Nagellack-Farben schmeicheln dem Hautton und welche passen zur Saison? Diese und andere Fragen klären wir mit einer Nagelexpertin auf BRIGITTE. Kurze Nägel, lange Nägel, ovale, runde, spitze und mehr – kaum ein Be
0_219424_26_1450747290430912;0.1381;satisfied;;;;;Weintrauben und Erdnüsse liefern den Anti-Aging-Wirkstoff Resveratrol. Drei Frauen probieren ihn aus – doch hält der Wirkstoff, was er verspricht?
0_218685_15_7355297538592866;0.1381;seeking;skincare-first;peel,hyaluronic-acid;;urea;Nagellack-Farben : Finde mit unserer Expertin den perfekten Ton für deine Nägel Welche Nagellack-Farben schmeicheln dem Hautton und welche passen zur Saison? Diese und andere Fragen klären wir mit einer Nagelexpertin auf BRIGITTE. Kurze Nägel, lange Nägel, ovale, runde, spitze und mehr – kaum ein Be
0_221687_23_69244293722518212;0.1382;enthusiastic;skincare-first;niacinamide-peptides;;ceramides;Nährstoff-Booster für die Haut Das Serum vereint hochwertige Inhaltsstoffe wie Q10, Kollagenpeptide und Ceramide, die ich in meiner täglichen Beautyroutine nicht missen möchte! Ich habe das Gefühl, dass das Serum meine Haut elastischer macht und sehr gut mit Feuchtigkeit versorgt. Definitiv werde ic
0_219424_126_t3_1tiphdb;0.1383;seeking;skincare-first;;;;KI-generierte Fotos bei Pizzerien/Restaurants auf Lieferando nerven unnormal Bro ich will doch einfach nur sehen wie die Pizza wirklich aussieht, und keine Botox-KI-Perfekte-Cartoony Pizza, wie ne gute Pizza aussieht weiss ich doch selbst.
0_218673_126_t3_1o9ylqk;0.1383;enthusiastic;procedure-curious;retinol;;;Die Reise beginnt In den kommenden Wochen möchte ich euch mitnehmen auf (m)eine Reise.Mit [cyberlagebild.de](http://cyberlagebild.de) verfolgen wir ein klares Ziel: Cybersicherheit sichtbar machen, Bewusstsein schaffen und eine zentrale Anlaufstelle für die Bevölkerung etablieren.Gemeinsam mit viele
0_219424_9_yt.rtHRTRUPClU;0.1384;enthusiastic;skincare-first;;;;15 goldene Regeln für ein langes Leben: Teil 2 | Geheimnisse der Langlebigkeit 📜 Willkommen zu Teil 2 der wichtigsten Grundregeln für deine Gesundheit und Langlebigkeit! 🌟 In diesem Video erfährst du, wie einfache Gewohnheiten wie tiefes Atmen, Dankbarkeit und die richtige Ernährung deinen Körper vo
0_218673_9_68870522192156405;0.1384;satisfied;procedure-open;retinol,aging-signs;;;Ohne Worte. Das kann ich nicht glauben. Wie ist das möglich über 24 Jahre als allein verantwortlicher  Umweltminister vom Land Mecklenburg, solange begleitet doch niemand ein Amt. Dann hat er jetzt ja schon zweimal versagt, wieder diesselben Fehler begangen. Daraus muss er  jetzt Konsequenzen ziehen
0_221687_26_1306421998163294;0.1384;enthusiastic;skincare-first;retinol;;;Retinol wird als Wunderwuzzi in Sachen Anti-Aging vermarktet.
0_221687_190_3924217186187126834;0.1384;seeking;;hyaluronic-acid;;;Mach dich bereit für den Sommer und finde deine MYHY Reise Essentials für mehr Feuchtigkeit-Leichtigkeit-Glow.Get ready for summer and find your MYHY travel essentials for more hydration, lightness, and glow.#summeressentials #myhy #hyaluron #booster
0_219424_126_t1_nxmxafi;0.1385;seeking;;;;;Real BOTOX Weib auf der CES2026 Und laufen können die Dinger auch noch nicht.
0_218673_9_32424472077015764;0.1385;enthusiastic;procedure-curious;;;;ach schade, erwin hat schon recht in vielen punkten, mit der überheblichkeit von imp zb. oder mit diesen lächerlich machen, dass wurde heute extrem deutlich und anfangs dachte ich auch noch wow, was für eine zerstörung, erwin nimm imp ja komplett hoch, auf ruhige, argumentative weise, mit begründen 
0_218673_126_t1_oot2vzc;0.1385;satisfied;skincare-first;;;;Können Kinder wirklich einfach Holy Energy im Supermarkt kaufen? Ich glaube wer mit 15 ein baby und Augenringe hat, hat den Energy Drink verdient.
0_221687_140_7634653709816843553;0.1385;enthusiastic;;niacinamide-peptides,aging-signs;;;Primabiotic Collagen – Kollagen Trinkampullen Liquid collagen/ Collagen peptides🌸Primabiotic.de.Straffere Haut ,stärkere Haare und weniger sichtbare Falten.#tiktokshop #primabiotic #collagen #kollagentrinkampullen #collagenpeptides
0_221687_140_7644121346997374230;0.1386;enthusiastic;procedure-curious;botox,fillers,peel,retinol,niacinamide-peptides,safety;microneedling;;Warum Kollagenaufbau der neue Anti-Aging-Trend ist   In der modernen Dermatologie und Altersforschung findet ein fundamentaler Paradigmenwechsel statt: Weg vom bloßen oberflächlichen 'Überdecken' von Linien, hin zur gezielten biologischen Aktivierung der Zellen direkt im Gewebe.   📈 Das Prinzip 'Sma
0_218673_126_t3_1of90i4;0.1387;disappointed;procedure-curious;;;;Freitag [Not today *] Wir warten. Besser: Ich. Du bist irgendwo jenseits von Gut und Böse unterwegs.   Ich habe alle Zeit der Welt,  deinen Unterarm zu betrachten. Nicht die Kanüle. So viele Falten, dazwischen Sommersprossen, wie wenn ein  Augustgewitter über einen Teich voller Seerosen fegt, zwisch
0_221687_190_3920236666094101472;0.1387;enthusiastic;skincare-first;;;aloe;Instagram Live:  SUMMER DEAL ☀️Du hast unser Summer Deal Live verpasst?Kein Problem – wir haben alles für Dich gespeichert, damit Du Dir die beliebtesten BYENA Summer Favorites ganz in Ruhe anschauen kannst. 🤍Unsere Make-Up Artistin und Organic Beauty Expertin Maren zeigt Dir unsere absoluten Must-h
0_219424_190_3947406029015564148;0.1388;satisfied;skincare-first;;;;"Gehört ihr auch zu den Leuten, die sich über alles aufregen? Über das Knöllchen an der Windschutzscheibe, die langsame Kassiererin an der Supermarktkasse, über die Bundesregierung und über das Wetter.😂😂😂""Aufgepasst!"" sagt da Comedian Bernd Stelter. Und in seiner neuen Show ""Reg' dich nicht auf. Gibt"
0_218673_126_t1_nkur8fw;0.1388;disappointed;skincare-first;spf;;spf;"„Merkt"" ihr wirklich was davon wenn ihr ausreichend/viel Wasser trinkt? Also zu deinem Punkt, es kann nicht schaden, doch kann es leider sehr wohl. Wenn du sagst, du trinkst 3,5l Wasser + 1l Eistee und ca. 500ml Kaffee, sind das 5 Liter Flüssigkeit pro Tag. Empfohlen ist eigentlich nicht mehr als 4l"
0_218673_8_2050988466603794731;0.1388;enthusiastic;procedure-curious;aging-signs;;;@GoeringEckardt Falten Hals Gesicht spricht aber ich kann nichts hören...
0_219404_126_t1_n7h5xlv;0.1388;disappointed;procedure-curious;;;;Wer seid ihr Tocotronic-Hörer? End-Dreissigerin hier, Tocotronicfan seit ich 15 bin. Was soll ich über mich sagen? Mit Tocotronic in Kassel in der Disco (Musiktheater, kennts noch wer?) groß geworden, irgendwann im ersten eigenen Auto ging's weiter, im Studium dann weiter auf der Sonystereoanlage un
0_219424_190_3936063370902156936;0.1389;seeking;;aging-signs,natural;;;👱‍♀️ Altern zeigt sich nicht nur am Körper – sondern auch im Gesicht.Doch was tust du für deine Gesichtsmuskulatur?💪 Face Yoga ist dein Krafttraining fürs Gesicht – genau wie du deine Arme, Beine und deinen Rumpf stärkst, brauchen auch deine mimischen Muskeln gezielte Bewegung.⏳ Mit dem Alter veränd
0_218673_126_t3_1odz6mg;0.1389;enthusiastic;procedure-curious;;;;Freundin macht mich verrückt Teil 2. Achtung throwaway account aus bestimmten Gründen, alles wird heute Abend oder morgen gelöscht …!!!!Ich danke für die ganzen Kommentare, die haben mich fühlen lassen dass ich nicht allein damit bin und definitiv nicht verrückt bin oder übertreibe. Kurz gefasst es 
0_218673_8_2037450294389284885;0.1389;enthusiastic;skincare-first;;;aha;"wenn mich noch einmal jemand als christiane f bezeichnet, fang ich wirklich an drogen zu nehmen. „omg haha sie ist dünn und blass und hat augenringe, christiane f core!!""NEIN BRO, ESSSTÖRUNGS CORE. 🫩"
0_219424_190_3930163808563932009;0.139;enthusiastic;skincare-first;vitamin-c,aging-signs;;;So unterstützt das Fresh It Up Serum deine natürliche KollagenbildungKollagen ist das Strukturprotein unserer Haut. Es sorgt für Spannkraft, Elastizität und ein glattes Hautbild. Mit zunehmendem Alter nimmt die körpereigene Kollagenproduktion jedoch ganz natürlich ab.Deshalb haben wir das Fresh It U
0_219424_190_3946719577000868291;0.139;enthusiastic;procedure-curious;peel;microneedling;;Wieder ein Einblick in mein Studioalltag✨Vor ca. 3 Wochen habe ich den Laden eröffnet und ich bin so dankbar für meine tollen Kundinnen und ihr Vertrauen in meine Arbeit. Ich biete im Studio an:✨Lashlifting✨Browlifting✨Permanent Make Up✨Aqua Facial✨Microneedling Und ich freue mich sehr, euch in mein
0_221687_190_3928582993396750771;0.139;satisfied;;hyaluronic-acid,aging-signs;;;Was der Körper trinkt, baut er selbst ein.Unser Beauty Drink Hyaluron liefert niedermolekulares, bioverfügbares Hyaluron mit der fermentierten Regulatessenz® für eine maximale Aufnahme. Die Fermented Hydra Day Cream unterstützt dagegen deine Haut direkt mit Feuchtigkeit und sorgt für mehr Spannkraft
0_219424_190_3936563145940974028;0.1392;seeking;procedure-open;;;;LIP FILLER | DÜSSELDORF 📍 KONTAKT ⬇️Kontaktiere mich für deinen persönlichen Beratungstermin:📍 Düsseldorf📲 WhatsApp: +49176 32461006📩 Direktnachricht IG: cnclinique🌐 Besuche mich auf www.cn-clinique.de für mehr Informationen. #fyp #lipfiller #russianlips #düsseldorf #hyaluron cnclinique 1ml beforean
0_218673_9_yt.8uN3kEzrasU;0.1392;seeking;skincare-first;aging-signs;;;BEWERTUNG (2025): Filorga NCEF-Revitalize Serum, 30 ml. WESENTLICHE Einzelheiten Werfen Sie einen schnellen Blick auf die Hauptmerkmale von Filorga NCEF-Revitalize Serum, 30 ml.👉 Auf Amazon ansehen: https://www.amazon.de/dp/B08B7NGFV1/?tag=16w9h-20 (Affiliate-Link)Das Filorga NCEF-Revitalize Serum, 
0_218673_9_70996192386739706;0.1392;enthusiastic;procedure-curious;aging-signs;;;Ich mag Männer mit Falten im Gesicht, ich liebe dich...❤
0_219424_126_t3_1qjuodt;0.1393;seeking;skincare-first;aging-signs;;;Suche nach Protagonist*in für Podcast Für eine Podcastfolge zu Anti-Aging suche ich eine Person, die schon verschiedene Produkte gegen Falten ausprobiert hat und sich mit dem Thema auseinandersetzt. Bei Interesse/ für mehr Infos meldet euch gerne bei mir.
0_219424_126_t1_oth3zc2;0.1393;disappointed;;;;;The best anti-aging superfoods and how much to eat. Aber ist Lachs nicht voll mit Schwermetallen?
0_219424_190_3946309984690623226;0.1393;enthusiastic;procedure-curious;aging-signs;;;✨🤍Polynukleotide gehören zu unseren beliebtesten Anti Aging Treatments, weil sie die natürliche Zellregeneration der Haut unterstützen und die Skin Quality sichtbar verbessern können 🧬Mehr Glow ✨Mehr Feuchtigkeit 💧Mehr Elastizität 🤍Frischerer Look 🌸Weniger müde Augenpartie 👀Mehr Skin Longevity
0_218673_8_2031037827589230815;0.1393;enthusiastic;;;;;@maakurika Wenn du so hart durch 3D Modelling gelitten hast, das selbst dein VTube Avatar Augenringe hat. https://t.co/2W8fqc4YCN
0_218673_126_t1_omxv87l;0.1393;cautioning;;;;;No age-shaming - aber was ist mit seinem Hals passiert? Das kommt doch nicht nur vom schlaffe Haut haben, oder? Das kommt vom Headbangen. Der Nacken ist einfach gut trainiert und je nach Veranlagung haben sie einfach einen Nacken wie ein Stier. Corey Taylor von Slipknot hat auch so eine übel ausgepr
0_219424_9_60958675661266040;0.1394;satisfied;;;;;Die Frau von Christian ist echt ne tolle. Guter Charakter, aber bei allem Respekt die sieht aus wie 42... niemals wie 23... das ganze Botox und Hyaluron hat sie merklich altern lassen im Gesicht..
0_219424_9_yt.oGbTU3Ji-xE;0.1394;seeking;procedure-open;facelift;;;Mitsubishi Outlander 2017–2022 – Geschwindigkeitsbegrenzer aktivieren/deaktivieren In diesem Video zeigen wir dir Schritt für Schritt, wie du den Geschwindigkeitsbegrenzer (Speed Limiter) im MITSUBISHI Outlander Facelift (2017-2022) findest, aktivierst, einstellst und wieder deaktivierst. Du lernst,
0_219424_190_3940948771188488497;0.1394;enthusiastic;;;;;Die Summer-Heros von Diego dalla Palma Professional: HA Hero - Hydro-Filling-Routine mit hochkonzentrierter Hyaluronsäure für neue Frische, sichtbare Fülle und einen strahlenden Glow.#diegodallapalmapro #hahero #hyaluron #feuchtigkeitspflege #summerhero
0_219424_140_7662687923443174688;0.1394;enthusiastic;skincare-first;;;;"L'Oréal Revitalift Filler &amp; Lumi Glotion – Mein Glow-Geheimnis ✨ Hashtags: #LorealParis #RevitaliftFiller #LumiGlotion #GlowSkin #BeautyRoutine"
0_218673_15_29362921938792396;0.1394;disappointed;;;;;Ligne St Barth – Die Essenz karibischer Schönheit -Advertorial- Inspiriert von duftenden Blüten, exotischen Früchten und der Leichtigkeit der Karibik steht Ligne St Barth seit über 40 Jahren für luxuriöse Pflege mit besonderer Herkunft. Auf der Insel Saint-Barthélemy entwickelt, vereint die Marke tr
0_218673_126_t1_o54yj12;0.1395;disappointed;skincare-first;aging-signs;;;Weiblich, in den 30ern sucht einen sympathischen Mann zwischen 35 und 45 Jahren für gute, humorvolle Gespräche und  netten Austausch. Ich dachte, durch meine Ausdrucksweise wäre klar geworden, **dass ich nicht von meiner Denkweise spreche**, sondern von dem, was ich gesellschaftlich beobachtet habe.
0_219424_126_t1_o2kn8vy;0.1396;seeking;procedure-curious;;;;Nehmen wir an ihr dürftet eine kostenlose SchönheitsOP bekommen, was würdet ihr an euch verändern? Ich hab das Video nicht zu Ende gesehen, weil mir klar war, dass das keine Option ist  😂
0_219424_9_67241188445541855;0.1396;enthusiastic;;;;;"Die Doku spielt in Brasilien und zeigt dort verschiedenste Situationen. Schau dir gerne die Doku ""Brasilien, Botox, Butt Lift - Alles für die Schönheit"" an!"
0_218673_9_59632084711363005;0.1396;enthusiastic;skincare-first;aging-signs;;;​​@WernerFränzleJetzt weiß ich, warum mein Gesicht so viele Falten hat 😱! Ich lache wohl zu viel 🤔! Ganz besonders gern, bei zu arroganten Personen. Wenn dann noch Dummheit dazu kommt,  wird es besonders lustig.Auch ich ( 75 Jahre ) wünsche Ihnen ein frohes Weihnachtsfest und ein gesundes, friedlich
0_218673_9_70626402842836114;0.1396;satisfied;skincare-first;;;;Dankeschön, alles sehr gut und  verständlich erklärt.Nahrung ist unser Treibstoff, sag ich immer 😅Und die Lebensmittelindustrie dürfte eigentlich gar nicht so heißen.Magen- und Darm- Füllstoffindustrie würde es besser treffen.Natürlich gibt es auch hier Ausnahmen. gsd.Meine Oma und meine Mutter hatt
0_221687_26_1377203941094637;0.1396;satisfied;skincare-first;retinol,aging-signs;;;Retinol gegen Falten – warum Vitamin A zu den effektivsten Anti-Aging-Wirkstoffen zählt. Erfahre, wie Retinol die Haut regeneriert, wann und wie es angewendet werden sollte und welche Ergebnisse du erwarten kannst. Mehr dazu im vollständigen Beitrag: https://wix.to/y4jUbTZ #Retinol #AntiAging #Hautp
0_218673_9_8571437854509484;0.1397;disappointed;procedure-curious;;;;Kombi...😅 die Tränensäcke bei dem Koreanischen gefällt mir nicht so gut.
0_218673_8_2045778142527107262;0.1397;enthusiastic;procedure-curious;;;;"Guten Morgen, ihr super coolen Menschen. 😃Na, was macht ihr heute so schönes am Sonntag?Werdet ihr euch ""nur"" ein kleinen bisschen ausruhen und neue Energie tanken, oder etwas unternehmen?Egal was ihr macht, macht es am besten schön langsam. Denn Stress ist nicht gut und sorgt nur für unschöne Falte"
0_221687_140_7629047197862055201;0.1397;satisfied;skincare-first;retinol,vitamin-c;;;Drink your skincare 🍊✨ Strahlende Haut beginnt nicht nur im Bad, sondern auch im Glas. Dieser frische Beauty-Drink versorgt dich von innen mit wertvollen Nährstoffen: Orange, Zitrone und Apfel liefern eine Extraportion Vitamin C für einen natürlichen Glow, während Karotten reich an Beta-Carotin sind
0_219424_9_yt.Ys1RrmR6rkY;0.1398;enthusiastic;procedure-open;facelift;;;MITSUBISHI Outlander Facelift (2017–2022): TMC‑Einstellungen für die Karte anpassen In diesem Video zeige ich dir Schritt für Schritt, wie du die TMC‑Optionen im MITSUBISHI Outlander Facelift (2017–2022) für die Kartenanzeige richtig einstellst. Du siehst, wo die Navigationseinstellungen im System l
0_219424_9_38104919127868000;0.1398;disappointed;procedure-curious;;;;Hat jemand mal überprüft bei den Gutachtern , die diese Positiven Prognosen erstellen , ob sie ein Parteibuch der Linken oder Grünen haben , oder einen weitern Joop bei einer NGO . Ansonsten kann man sich diese Begründung zur Freilassung nicht erklären . Jeder Strafgefangene würde auf die Frage ob e
0_219424_9_yt.Hmtn-1JVTZU;0.1398;disappointed;skincare-first;aging-signs;;;Diese Lebensmittel lassen dich 10 Jahre älter aussehen… Hör sofort auf, sie zu essen! Wusstest du, dass bestimmte Lebensmittel bei einer insgesamt unausgewogenen Ernährung zur vorzeitigen Hautalterung beitragen können? In diesem Video erfährst du, welche Lebensmittel häufig genannt werden, warum sie
0_219424_26_1528298902426367;0.1398;satisfied;procedure-curious;fillers,aging-signs;;;🎹Am Klavier lernt man eine Lektion, die weit über Musik hinausgeht: Es geht nie um die einzelne Note. Es geht darum, wie sie sich in das gesamte Stück einfügt.Ein Ton zu laut, ein Akkord zu früh gesetzt, und die Harmonie kippt. Was am Ende stimmig klingt, entsteht nicht durch einzelne beeindruckende
0_219424_190_3942429672355748964;0.1398;enthusiastic;procedure-curious;vitamin-c,aging-signs;;;Make Over C Lift! 💆🏼‍♀️🧖🏼‍♀️✨️ NEW NEW NEW❗️Der perfekte booster für deine Haut!Vitamin C zählt zu den effektivsten Anti-Aging-Wirkstoffen - in dieser Behandlung kombiniert mit hochaktiven, perfekt aufeinander abgestimmten Mini-Lift-Wirkstoffen! 😍Sie helfen der Haut neue Energie zu gewinnen und Müdi
0_219384_9_47150089940735365;0.1398;enthusiastic;procedure-curious;;;;Kannst du kannst noch ein Spiel spielen, das ihren ihren Namen heißt Baby Yellow und das auch ein gruseliges Spiel, sondern richtig gruselige Spiel und die Part zwölf rausgekommen wenn und der wird 3:00 Uhr nachts in deinem Haus erleben. Viel Spaß das ich will dich sehr genau das ist Angst wird aber
0_221687_140_7565133082878086402;0.1398;seeking;;;;;"Aldous Bio Collagen – 1 Kapsel am Tag, 120 Tage Vorrat. Mit Q10, Hyaluronsäure, Zink und Vitaminen – plastikfrei &amp; made in Germany. Sag dir selbst: Heute sofort – kein Warten! #kollagen #collagen #aldousbio #tiktokshopdeutschland #tiktokmademebuyit"
0_219424_15_17318696892263453;0.1399;disappointed;procedure-open;retinol,safety;microcurrent;;Tee: Wer trinkt, wer pflückt, wer kassiert? Der Tee in Ihrer Tasse stammt aus einer Lieferkette, die heute fragiler ist als je zuvor. In Darjeeling fällt zu wenig Regen, in Kenia verbrennt zu viel Sonne die Blätter, in China ersäuft die Ernte im Starkregen. Kaffee und Kakao haben 2025 Rekordpreise e
0_219424_190_3939704234997465438;0.1399;seeking;procedure-curious;fillers;;;Langfristige Folgen durch eine Lippenunterspritzung 💉🫦Du hast Fragen? Melde dich gerne jederzeit telefonisch oder schreibe mir eine Nachricht über WhatsApp oder hier bei Instagram.📍 Achim bei Bremen 📞 0162 299 5999 🌍 www.hautmanufaktur-bojahr.de#beauty #lips #russianlips #filler #bremen
0_218673_126_t1_o3cl1sg;0.1399;satisfied;;aging-signs;;;Pigmentflecken BHA bringt nix gegen Pigmentflecken. Nur AHA, insbesondere Glykolsäure.
0_221687_190_3794023353108375998;0.1399;enthusiastic;;;;;"Licht entsteht, wo du dich mit dir selbst verbindest.Unsere Beauty Drinks Hyaluron &amp; Collagen sind dein tägliches Ritual für inneren Glow und strahlende Haut.Mit der Natur als Künstlerin."
0_221687_190_3845565143065581509;0.1399;satisfied;skincare-first;vitamin-c;;;"Vitamine sind in der Kosmetik allgegenwärtig. Kaum ein Serum, das nicht mit Vitamin C wirbt. Kaum eine Anti-Aging-Linie, die ohne Retinol auskommt. Und kaum ein modernes Treatment, das nicht mit einem „Vitamincocktail"" arbeitet.In meinem neuen Blogpost beschäftige ich mich nicht mit der klassischen "
0_221687_26_1628554279272146;0.1399;enthusiastic;;;;;Well-Aging beginnt nicht nur auf der Haut — sondern in der Zelle.Unsere Mitochondrien liefern die Energie für Regeneration, Zellschutz und Leistungsfähigkeit.Mit zunehmendem Alter wird diese Zellenergie immer wichtiger. Genau hier spielt Q10 eine spannende Rolle.#q10 #wellaging #longevity #mitochond
0_218673_8_2034277125058928891;0.14;enthusiastic;;aging-signs;;;"@LiberalyLike @Warsik1900 @NVIDIAGeForceDE Die ""upgradet"" Version sieht auf jeden Fall anders aus. Vollere, rötere Lippen, Smoky Eye was beim Original nicht da ist, dunklere Augenbrauen, mehr Falten im Gesicht, Wangen ausgeprägter, Haar anders (eher blond gefärbt). Die KI-Version sieht 10 Jahre älte"
0_218673_9_yt.ykNGh16IoIw;0.14;seeking;procedure-open;;;;Fächer falten, Griff formen: Wie ein einfacher Pinsel einen Sommer in die Hand legt 🎐 Die Geometrie des kühlen LuftzugsDer Fächer ist eines der ältesten Werkzeuge der Klimatisierung – älter als jeder Ventilator, älter als jede Klimaanlage. Seine Funktion beruht auf einer physikalischen Einfachheit: 
0_221687_26_794905176427469;0.14;satisfied;procedure-curious;peel,retinol,aging-signs;microneedling;;💥 Exosomen✔ Das Exosomen Microneedling Serum mit Centella Asiatica Exosomen, Retinal und Squalan regeneriert die Haut, reduziert Falten, verfeinert Poren und stärkt die Hautbarriere.✔ Es fördert Anti-Aging, verbessert die Hautstruktur und sorgt für einen strahlenden Teint.Die Zukunft der Hautpflege 
0_221687_26_998592292725422;0.14;satisfied;procedure-curious;peel,retinol,aging-signs;microneedling;;💥 Exosomen✔ Das Exosomen Microneedling Serum mit Centella Asiatica Exosomen, Retinal und Squalan regeneriert die Haut, reduziert Falten, verfeinert Poren und stärkt die Hautbarriere.✔ Es fördert Anti-Aging, verbessert die Hautstruktur und sorgt für einen strahlenden Teint.Die Zukunft der Hautpflege 
0_219424_9_19975687083887870;0.1401;satisfied;;;;;Im Prinzip Diktatur. Eine Diktatur, die sich einen freiheitlich modernen Anstrich gibt. Perfiderweise indem sie dir tatsächlich auch Freiheiten lässt, die insbesondere für einen moslemischen Staat besonders fortschrittlich und ausgesprochen tolerant wirken..! So dürfen bspw auch Frauen Autofahren, d
0_219424_140_7656829152707841312;0.1401;enthusiastic;procedure-curious;;;;Ich bin jedesmal obsessed mit@Den Ergebnis @Finesse Aesthetic Munich 🖤 #lipfiller #lip #botox #fyp
0_219424_190_3940502632263433916;0.1401;seeking;procedure-curious;aging-signs;;;🧬 Hautalterung beginnt nicht mit Falten.Viele glauben, Hautalterung sei einfach eine Frage des Alters. Tatsächlich ist sie das Ergebnis verschiedener biologischer Prozesse.Grundsätzlich unterscheiden wir zwei Formen der Hautalterung:🧬 Chronologische HautalterungDieser Prozess ist genetisch bedingt. 
0_218673_126_t1_o9dzx6w;0.1401;disappointed;procedure-curious;aging-signs;;;"Ich finde Dicke/adipöse Menschen alles andere als attraktiv und verstehe nicht, wie man diese als hübsch oder sonstiges betiteln kann. Die Sache mit einer Sucht ist, dass man sie sich genauso aussucht, wie das Dick-sein. Klar, das ist oft erst mal Eigenverantwortung. ""Warum hast du dir den Druck ges"
0_221687_190_3840228594232968441;0.1401;seeking;;aging-signs;;;Kollagen + Hyaluronsäure = das Dream-Team für Deine Haut!Hast Du  Dich schon einmal gefragt, ob es sinnvoll ist, Kollagen und Hyaluronsäure zu kombinieren? Die Antwort lautet: JA!Kollagen – das Strukturprotein unserer Haut, Haare, Nägel und Gelenke. Es sorgt für Elastizität und Spannkraft, und eine 
0_219424_9_2760892506535753;0.1402;seeking;;;;;Was für Botox? Sie ist 23 und gut ernährt.
0_218673_126_t1_neha1l2;0.1402;satisfied;;;;;Look at his shirt, not at the girl ! ( made with Gemini 2.5) Hi, thats the Promt in Gemini 2.5 :Die drei ukrainerinnen feiern ihren sieg im Triathlon Worldcup in Hamburg  ausgelassen und bezrunkem im einer der anfesagten bars suf hamburg st. Pauli. Schummrige belruchtung. Sie tragen moch immer ihren
0_218673_9_56361446768432483;0.1403;seeking;skincare-first;aging-signs;;;Fragen über Fragen: Wer ist denn diese Dame, die wie ein Roboter vorformulierte Fragen vom Zettel abliest? Könnte das eine computergenerierte KI Puppe nicht auch? Muss eine Quotenfrau sein 😊 (die die -Religion- ah Wissenschaft Fußball im Abendstudium gelernt hat)Ist das den Fans nicht irgendwie pein
0_221687_26_3895265987274512;0.1404;enthusiastic;skincare-first;niacinamide-peptides,aging-signs;;bakuchiol;CELLULAR BEAUTY IS THE NEW LUXURY ✨Mit der FACE ARCHITECT Serie von MIHI beginnt Anti-Aging dort, wo Ergebnisse entstehen: auf zellulärer Ebene.Durch die Kombination aus Exosomen, Biopeptiden und Spicules wirkt die Haut wie von innen heraus erneuert – glatter, straffer, praller und sichtbar revitali
0_221687_26_122238570062158309;0.1404;enthusiastic;skincare-first;niacinamide-peptides,aging-signs;;niacinamide;CELLULAR BEAUTY IS THE NEW LUXURY ✨Mit der FACE ARCHITECT Serie von MIHI beginnt Anti-Aging dort, wo Ergebnisse entstehen: auf zellulärer Ebene.Durch die Kombination aus Exosomen, Biopeptiden und Spicules wirkt die Haut wie von innen heraus erneuert – glatter, straffer, praller und sichtbar revitali
0_218685_9_yt.VwEn8CmCn4U;0.1405;seeking;procedure-open;peel,retinol,vitamin-c,hyaluronic-acid,price;peeling;;Stylevana Adventskalender 2025 / Alle 25 Türchen Unboxing hier siehst du den Inhalt von dem ‪@Stylevana‬ #beauty Adventskalender 2025Zum Adventskalender: https://vana.ly/Z4dmLt20% code: INF10NATALIN spart ihr 20% auf der Website und auf den Adventskalender.143,20€Für 179 € (143,20€ mit Code) erhalt
0_221687_190_3794429227442234909;0.1405;enthusiastic;skincare-first;retinol,aging-signs;;retinol;Wir wünschen euch und euren Liebsten ein strahlendes Weihnachtsfest! 🎄✨Genießt die magischen Momente, die besinnliche Zeit - voller Ruhe, Liebe und kleiner Self-Care-Rituale, die euch von innen und außen strahlen lassen.#ISDIN #ISDINdeutschland #Skincare #Skincareroutine #Antiaging #Hautpflege #Haut
0_219424_15_48444387992307471;0.1406;conflicted;procedure-open;retinol,aging-signs;;;"Sharon Stone: Heute zelebriert Sharon Stone ihre ""Engelsflügel""-Arme mit Bikini-Bild Sharon Stone gilt seit ihrem Durchbruch in ""Basic Instinct"" als Sexsymbol der 90er Jahre. Auch heute begeistert die Schauspielerin Millionen von Fans – allerdings nicht mehr mit aufreizenden Filmauftritten: Die fast"
0_218673_9_26616115860730036;0.1406;disappointed;procedure-curious;;;;Mein Mann hat Jahre in LU gewohnt. Dort war Lärm, Gestank und oft sehr hell dank der BASF und deren Fackel. Es macht mürbe und krank. Augenringe wie nen Waschbär. Nun wohnt er bei mir im Ruhrgebiet und trotz 2 spuriger Hauptstraße vorne raus , ist es ruhiger. Wir wohnen nämlich hinten raus inkl. Bäu
0_219384_9_11280447197997390;0.1406;satisfied;;;;;Und wen mann einfach über den wolken fliegt sieht man....LASER UND SYRIO DIE BEAUTY QUEENS SIND😂
0_221687_140_7637451155110366497;0.1406;disappointed;;;;;"NEW IN: AQUA INTENSE Electrolyte Hyaluron Gel mit Elektrolyt-Komplex &amp; patentierter* Hyaluron-Technologie für einen sofortigen Hydration-Boost 💧 #asambeauty #aquaintense #hydrationboost #glowingskin  *EP2014278 (D, F, GB)"
0_219424_126_t1_nyhst1x;0.1407;cautioning;procedure-curious;botox;biostimulator;;"Beauty-Plan: Khloé Kardashian will sich einfrieren lassen [Khloé Kardashian](https://www.promiflash.de/thema/khloe-kardashian/) (41) hat im Podcast ""Khloé in Wonderland"" Tacheles geredet – und dabei kein Blatt vor den Mund genommen. In der am 7. Januar veröffentlichten Folge erklärte die Reality-Iko"
0_219424_126_t1_o4ohbts;0.1407;seeking;skincare-first;;;;Warum ist Genitalverstümmelung bei Jungen immer noch legal? Human Foreskin derived Fibroblasts/Stem cells Google mal. Gibt wirtschaftlichen Anreiz dazu. Das junge männliche Genital ist in einem großen Teil der heutigen Skincare/Anti-Aging Produkte zu finden
0_219384_126_t3_1nzgj7y;0.1407;seeking;procedure-open;laser,price;laser;;IPL Laser Intimbereich - Gerät für Zuhause holen oder im Studio machen lassen? Hey ihr Lieben :) Ich möchte schon seit längerem mal meine Haare im Intimbereich (also komplett) lasern lassen, da ich beim rasieren einfach immer das Problem mit unschönen Pickelchen danach habe. Jetzt bin ich am überleg
0_221687_140_7640099256250027296;0.1407;seeking;;;;;"#digitalesMarketing #online&amp;offline #onlineBusiness #freieZeiteinteilung Monat Monat steht für „Modern Nature"" -inspiriert von hochwertiger Naturkosmetik &amp; Wirkstoffen, die so einzigartig kombiniert wurden, dass sogar ein Patent darauf angemeldet wurde. Mit Inhaltsstoffen wie Capixyl, Melato"
0_218673_9_yt.lmI8au7X5X4;0.1408;disappointed;procedure-curious;price;microcurrent;;💸 10 Mio 💸 10 Mio. auf dem Konto – und trotzdem leer?Ich habe so viele Menschen gesehen, die Millionen haben…👉 Augenringe, Drogen, Partys, Dopaminkicks – aber keine Ruhe. Kein Glück.Was bringen dir 10.000 € oder 10 Mio. auf dem Konto, wenn sie nur rumliegen?❌ Keine Sicherheit. Nur Kaufkraftverlust.D
0_219424_26_1510326731134274;0.1409;seeking;;;;;Besondere Nährstoffe in KnochenbrüheKnochenbrühe ist Dein Nährstoff-Kraftpaket: Kollagen, Glykosaminglykane, Aminosäuren, Hyaluronsäure, Proteoglykane, Chondroitinsulfat, Glucosamin und viele Mineralstoffe und Spurenelemente.AGADORO® Premium Bio-Knochenbrühe bietet Dir die höchste Nährstoffdichte un
0_218673_126_t1_o56y42t;0.1409;enthusiastic;skincare-first;;;;Dünne helle haut und augenringe Das ist nen toller tipp! Aber eigentlich mag ich meine schneeweiße haut gern :(Trotzdem sehr gut zu wissen, danke!
0_218685_15_65829431314508967;0.1409;disappointed;;hyaluronic-acid;;;Anti-Aging mit Hyaluronsäure: Wirkungsweise, Anwendung und Grenzen
0_219424_9_yt.tHF7Xjm3n4U;0.141;seeking;;;;;"Olivia Jones Schönheitsoperation und Neuanfang in Hamburg #PromiKlatsch #ShowbizDeutschland #PromiNewsOlivia Jones (56) hat sich im April 2026 einer umfassenden, achtstündigen Schönheitsoperation in Hamburg unterzogen, die sie als optischen Neuanfang und „Totalrenovierung"" bezeichnet. Parallel dazu "
0_219424_126_t1_oju7fnv;0.141;seeking;procedure-curious;;;;Was haltet ihr von Hyaluron Filler? Mit dem Username und als Top1%-Commenter *muss* das doch ein Troll sein… Ich hoffe es zumindest
0_218673_23_24660122372076264;0.141;enthusiastic;skincare-first;aging-signs;;;Serum pigment Das Vichy-Serum spendet der Haut Feuchtigkeit, gleicht den Hautton aus und hilft, Pigmentflecken zu reduzieren. Tagsüber verwende ich es zusammen mit der Tagescreme, abends mit der Nachtcreme von Vichy. Die Haut wird weich, elastisch und gepflegt und sieht morgens frisch und erholt aus
0_219424_26_1631520622316841;0.1411;enthusiastic;;;;;Ob du nun Fan der Thüringer Avantgarde-Synth-Rock Band ANTIAGE bist oder dir einfach nur gerne Bilder anschaust: Unter https://dajana-fotodesign.de/portraits/kaa-soleil-antiage findest du verschiedene Portraits aus Shootings mit Sänger Kaa Soleil sowie einige Making of Videos. Denn wir hatten sowohl
0_218673_9_56302975156145676;0.1411;satisfied;;;;;Das beste Essig ist Apfelessig. Und nein es macht die Haut nicht jünger, aber es kann Altersflecken mildern.
0_221687_190_3883204411103392450;0.1411;satisfied;procedure-open;retinol,vitamin-c,price;;;"✨ HYDRAFACIAL BALD IN BUCHHOLZ – ORIGINAL &amp; INDIVIDUELL AUF DICH ABGESTIMMT ✨ Eröffnet am 1.10.2026 -Termine ab dem 1.5 zum Buchen freigeschaltet ÄRZTEHAUS: Neuestrasse 13 21244 Buchholz Bei uns in Buchholz bekommst du das original HydraFacial® – für eine tiefengereinigte, strahlende und gesunde"
0_219424_15_57475788878495813;0.1412;disappointed;;retinol,vitamin-c;;;Grünkohl: 8 Gründe, warum das Wintergemüse auf den Teller sollte Grünkohl enthält unter anderem Vitamin A, C und K, Folsäure, Kalzium, Kalium, Magnesium, Eisen, Omega-3-Fettsäuren, Ballaststoffe, sekundäre Pflanzenstoffe und den Pflanzenfarbstoff Chlorophyll. Und das in rauen Mengen: So zählt Grünko
0_219424_15_30596123586194522;0.1412;satisfied;;aging-signs;;;Schönheit aus dem Bienenreich: Honig-Propolis-Universalcreme von Badestrand Kosmetik GmbH Honig Propolis Universalcreme – Pflege mit Bienenwirkstoffen Propolis und Olivenöl unterstützen die Regeneration. Feuchtigkeitszunahme dermatologisch nachgewiesen. Duftet zart nach natürlichem Honig. Effektiv u
0_219424_9_32513291306468924;0.1412;satisfied;procedure-curious;botox;;;"Wenn die Russischen Söldner (von Armee kann man nicht sprechen) irgendwann weinend den Rückzug antreten müssen,wird Wladi öffentlich nicht mehr zu sehen sein! Er hat das Land in Geiselhaft genommen und macht die Zukunft Russlands abhängig vom Ausgang dieser lächerlichen ""Spezialoperation ""! Eine Nie"
0_218673_126_t1_npadgoh;0.1412;disappointed;procedure-curious;;;;Montagmorgenfaden - Augenringe-Edition Als Düsseldorfer und DEG-Fan kann ich dir nur zustimmen. Der PSD-Bank-Dome ist wirklich 10x schlechter als die Lanxess Arena. Sowohl was parken wie auch den Eingang/Einlass und den Soundangeht. Seid froh dass ihr gerade zur Band wart, weil die Stoffsitze und/od
0_218673_8_2039740565550489667;0.1412;disappointed;skincare-first;aging-signs;;;"Du kannst mich gerne für verrückt erklären, aber in den letzten fünf Jahren habe ich gelernt, gar nichts mehr pauschal auszuschließen. In dem Zusammenhang wundere ich mich über Tyler Hansen, der auf seinen Beiträgen nachweisen konnte, dass „Hollywood-Stars"" regelmäßig ihren Tod vortäuschen, um dann "
0_219424_9_37849334475346601;0.1413;enthusiastic;;;;;Seit wann ändert sich die Augenfarbe durch Botox???
0_218673_126_t1_nd5vk7x;0.1413;satisfied;procedure-curious;;;;"Legendary hobo Mark ""Hobo Shoestring"" Nichols has been found dead. augenringe wurden immer dicker. ich denke er konnte nicht gut schlafen."
0_219424_190_3939017009997305477;0.1414;enthusiastic;procedure-curious;retinol,aging-signs;;;Zellregeneration ist eine zentrale Voraussetzung für gesunde Haut.Die Hautalterung wird durch zwei Prozesse beeinflusst: das intrinsische Altern, also die biologischen Veränderungen, die mit zunehmendem Lebensalter auftreten, und das extrinsische Altern durch äußere Faktoren wie UV-Strahlung, Umwelt
0_219424_190_3931824772328272543;0.1415;enthusiastic;skincare-first;;;;Ich bleibe wohl für immer ihr Geheimnis… 🤫😭#ansbach #landkreisansbach #heilpraktikerin #botox #hyaluron
0_218673_9_1237252198965212;0.1415;satisfied;;;;;Anti-Falten nennen sie sich....der Virus Deutschlands
0_221687_140_7642755816033963297;0.1415;satisfied;;;;;Set: Kollagen und Hyaluron veganer  energie kg wellness-ergänzungsmittel zuckerfrei collagen.@Primabiotic.de #affiliatetiktok #collagenviral #hyaluron #foryoupage❤️❤️ #germanytiktok🇩🇪
0_219424_126_t1_nzb0jp5;0.1416;disappointed;;;;;My mother has changed a lot since the divorce and that trip to Jamaica, The gym, the lips, the Botox, the boobs... What's going on with her? ♥️ Sie fängt an zu leben 🥰
0_219424_9_yt.L21fupZDK90;0.1416;enthusiastic;skincare-first;;;;Wahrnehmungsübung für mehr Ruhe am Morgen #shorts Hier findest Du das ganze Video https://youtu.be/ycz4xDzBR3c Starte den Tag mit einer Wahrnehmungsübung: Körper machen lassen, Unruhe registrieren, verlängert ausatmen. Bodenkontakt spüren, frische Luft an die Haut lassen. Nichts leisten müssen. #Ach
0_218673_9_yt.DUWBXuq1ECM;0.1416;disappointed;skincare-first;niacinamide-peptides,aging-signs;;collagen;Werbung | L'Oréal Paris Age Perfect Anti-Aging Serum Le Duo #LorealParis #AgePerfect #LeDuoSerum Werbung | unboxing ich durfte das neue L'Oréal Paris Age Perfect Anti-Aging Serum Le Duo testen und ich freue mich so darauf, es auszuprobieren! 💛Dieses Power-Duo kombiniert Kollagen-Peptide mit Vitamin 
0_219384_15_50259929605744944;0.1416;seeking;;;;;Neues zur nicht-invasiven Blutzuckerüberwachung der Apple Watch Wie Mark Gurman von Bloomberg kürzlich berichtete, hat Apple die Leitung des Projekts zur Entwicklung einer nicht-invasiven Blutzuckerüberwachung neu besetzt. Die Aufsicht wechselte von Tim Millet zu Zongjian Chen, einem leitenden Ingen
0_219424_9_yt.bb_s8UC-4Go;0.1417;satisfied;procedure-curious;;;;"„Dieses Wurzelgemüse verdoppelt die Stammzellen und kehrt die Alterung um"" – Iss es jeden Morgen 📄 https://gesundheitsfonds.vercel.app— Grüner Tresor: Stammzellen, Rote Bete und biologische AlterungDas biologische Alter wird nicht von der Jahreszahl auf dem Personalausweis bestimmt, sondern von der "
0_218673_9_13691774195882065;0.1417;disappointed;skincare-first;aging-signs;;;Liebe Susanne...........ach wie schön und du strahlst..............eben...Falten sind nicht schlimm ich bin 66 Jahre alt und bei mir gehts auch allmählich los obwohl ich die gute Haut meiner Mama geerbt habe...............liebe Grüße von Daggy aus Kiel und bleib auf Kurs..................☘☘☘
0_218673_9_32637136477345105;0.1417;satisfied;procedure-curious;;;;Ein absolut brillanter und bitterer Beitrag, der die Realität perfekt abbildet! Ich erlebe dieses Paradoxon der ‚Hyperpolitik' tagtäglich an der Basis. Große NGOs und geförderte städtische Projekte überstrahlen mit ihren Hochglanz-Webauftritten und PR-Kampagnen (wie beim ‚Orange Day' oder ‚One Billi
0_221687_190_3741971047340928796;0.1417;enthusiastic;skincare-first;vitamin-c;;coq10;"Ich ernähre mich fast ausschließlich vegetarisch. Aus Respekt Tieren gegenüber.Diese sieben Mikronährstoffe und Proteine unterstützen mich  von innen heraus: 1️⃣ Ashwagandha – Adaptogen, reduziert Cortisol, fördert Schlaf &amp; mentale Balance📏 300–600 mg/Tag2️⃣ Magnesium – Entspannt Muskeln &amp; N"
0_219424_9_yt.8-M_coJTwuc;0.1418;satisfied;;;;;"Botox, Style, TV-Ruhm: Sonja Zietlows unglaubliche Verwandlung Sonja Zietlow früher &amp; heute – so krass hat sie sich verändert!Seit über 20 Jahren ist Sonja Zietlow eines der bekanntesten Gesichter im deutschen Fernsehen. Vom schrillen 90er-Jahre-Talkshow-Star über Pilotin bis zur unangefochtenen"
0_218673_126_t3_1n9dd2t;0.1418;disappointed;procedure-curious;;;;Freitag [Not today *] Wir warten. Besser: Ich. Du bist irgendwo jenseits von Gut und Böse unterwegs. Ich habe alle Zeit der Welt,  deinen Unterarm zu betrachten. Nicht die Kanüle. So viele Falten, dazwischen Sommersprossen, wie wenn ein  Augustgewitter über einen Teich voller Seerosen fegt, zwischen
0_221687_190_3769394087359321806;0.1418;enthusiastic;;;;;🌸 Reverse Aging, die Kraft der Magnolie.Als Herzstück der Suprême Absolue Infusion Microperlée Jeunesse haben die Experten von PAYOT Magnolie ausgewählt, eine Pflanze mit außergewöhnlichen antioxidativen Eigenschaften.Sie ist reich an Magnolol und Honokiol und wirkt wie ein starkes Schutzschild gege
0_219424_126_t1_o218z1u;0.1419;disappointed;skincare-first;;;;Meine Frau haut mich 3 Jahre lang betrogen - Update Wo ist Selbstwert wo ist selbst Respekt Sie hat jedenfalls keinen vor dir denn du bist ja noch mit ihr zusammen und jetzt ein Kind wer ist der Vater du oder die Affäre Hast du keine anderen Frauen in deinem Leben die eine bessere Wahl wäre als sie 
0_219424_126_t1_one91du;0.1419;seeking;skincare-first;;;;Should I get Botox for forehead wrinkles? Ich nutze Botox schon seit über 10 Jahren für meine Zornesfalte die Stirn und Krähenfüße. Und es funktioniert super. Je früher man anfängt mit Botox desto besser wirkt es. Dann entstehen die Falten gar nicht. Ich kann es nur wärmstens empfehlen.
0_218673_8_2045388248701145179;0.1419;disappointed;;aging-signs;;;@lara_tronschel Im makeup sind die augen, augenringe und zähne https://t.co/flxXHXEjCN
0_221687_140_7621089240398531872;0.1419;disappointed;skincare-first;;;;Svenja Walberg haut die Angebote raus 🤩🌸 FRÜHJAHRSDEALS und bis zu 20% sparen 🥳  #beauty #skincare #hyaluron #dealsfürdich #frühjahrsdeals
0_221687_140_7659760860402896160;0.1419;satisfied;skincare-first;retinol;;retinol;Beauty of Joseon Relief Sun SPF50+ ⭐ 10/10 ✔️ Leichte Textur ✔️ Kein Weißeln ✔️ Kein Fettfilm ✔️ Perfekt unter Make-up Beauty of Joseon Glow Replenishing Rice Milk ⭐ 9,5/10 ✔️ Spendet viel Feuchtigkeit ✔️ Schöner Glasskin-Glow ✔️ Beruhigt die Haut ➖ Vor Gebrauch gut schütteln Beauty of Joseon Revive
0_219424_9_33781093653889208;0.1421;enthusiastic;;;;;Bei Ariel ist mehr Hyaluron als Inhalt vorhanden!😂😂😂😂😂😂😂
0_219424_190_3946980774806355373;0.1421;cautioning;;;;;Kundin kam mit selbst hell blondierten Haaren von schwarz. Sie hat sich ein warmes gleichmäßiges Blond gewünscht. Ausgangsbasis war sehr fleckig und teilweise noch echt dunkel. Blondierwäsche mit Efassor 6%, halbe Stunde, danach Hyaluron Glossing und sie wollte KEINEN Schnitt leider 😝
0_218673_126_t1_o0a70gk;0.1421;enthusiastic;skincare-first;;;;Mein Hals / Doppelkinn ist faltig geworden Danke :)Ich bin relativ groß (189 cm), daher habe ich in dieser Hinsicht vielleicht etwas Glück.Ich habe im Jänner letzten Jahres mit 130 kg angefangen.Mein Normalgewicht lag früher immer bei ca. 68–70 kg. In den letzten drei Jahren habe ich insgesamt etwa 
0_221687_126_t1_nmchj33;0.1421;seeking;skincare-first;niacinamide-peptides;;copper-peptides;"Kupferpeptide. Hat jemand Erfahrung? Hello, ich benutze das [Geek &amp; Gorgeous Power Peptides Serum](https://purish.com/products/geek-and-gorgeous-power-peptides?variant=45307170521355&amp;_pos=1&amp;_psq=power+pept&amp;_ss=e&amp;_v=1.0&amp;utm_source=SEO&amp;utm_medium=backlinks&amp;utm_campaign="
0_219424_126_t1_of8wcei;0.1422;cautioning;;retinol,spf;;;Was sind eure besten Beauty Hacks? Allgemein: viel Wasser trinken.Haut: Sonnenschutz, Retinol, Azelainsäure, genügend Feuchtigkeit und ab und Botox in der Stirn.Haare: Vor dem Schlafen immer flechten.
0_218673_9_67154854933368619;0.1423;disappointed;procedure-curious;;;;Wow wow wow die haben das verdammt gut geschnitten und wir können uns auf was tollen freuen. Hier wird in kurzen Frequenzen gezeigt wie einsam Harry ist und nicht wie in den Filmen übertrieben das es fast wie eine Komödie wirkt nein Harrys Einsamkeit ist sichtbar den Blick aus dem Zug zu Ron und des
0_219424_9_10494257201237696;0.1424;enthusiastic;;;;;Stimmt, mit kosmetik und Botox kennt sie sich sehr gut aus
0_219424_190_3932932285411669657;0.1424;cautioning;skincare-first;;;;Also bin ich heute in Hannover mal auf die Suche gegangen. 🕳️🌸Zwischen den wunderschönen Blühflächen habe ich sogar eins gefunden…Ich schau dann mal nach, ob es wirklich so tief ist, wie alle behaupten. 😉Und bis dahin? Bin ich natürlich weiterhin für euch da.#hannover #Kosmetik#Wellness#Parfüm#antia
0_221687_190_3733709123201285673;0.1424;disappointed;skincare-first;hyaluronic-acid;;;"Ein Tropfen voller Naturkraft. 💧VisHya Hyaluronic Acid 0.36% Serum med.Hyaluronsäure, Zistrose &amp; weitere kostbare Pflanzenessenzen – vereint zu hochwirksamer Anti-Aging-Pflege für sensible Haut. Natürlich. Effektiv. Luxuriös.#VisHya #HyaluronicAcid #LuxurySkincare #NaturalExcellence #AntiAgingEs"
0_219424_126_t1_nxmvcok;0.1427;enthusiastic;;;;;Real BOTOX Weib auf der CES2026 Realb0tix ist irgendwie immer der Star auf Messen aber fundamental und vom aktuellen Geschäftsmodell her najaaa
0_219424_9_yt.iW7fwlA01J8;0.1427;seeking;skincare-first;safety;;;"GLORAMD GESICHTSSERUM ERFAHRUNGEN & TEST 2026 – FUNKTIONIERT ES WIRKLICH? HAUTERGEBNISSE ✅ Offizielle Website GLORAMD GESICHTSSERUM🛒 https://hotm.io/GloraMD-Kaufen🛒 https://hotm.io/GloraMD-KaufenGLORAMD GESICHTSSERUM ERFAHRUNGEN &amp; TEST 2026 – FUNKTIONIERT ES WIRKLICH? HAUTERGEBNISSEIn diesem Vid"
0_219424_15_30782906647688169;0.1427;satisfied;;;;;Vitalisierende Salate und Smoothies – für gesunde Sommertage Das Feuer ist das zentrale Thema des Sommers. Je heißer die Sonne am Himmel brennt, umso stärker erhöht sich das Pitta im Körper. Gleichzeitig schwächt die äußere Hitze aber auch das innere Verdauungsfeuer, sodass eine gesunde Ayurveda-Ern
0_219424_8_2079614245877039339;0.1427;disappointed;skincare-first;;;;@garcon29__ Nur weil sich ein dunkler Mann eine Schönheitsop macht, sind die Europäer die bösen. Was ist mit den ganzen Frauen die ich persönlich alle kenne welche sich ne Nasen Op gemacht haben, sind da Südamerikaner oder Afrikaner Schuld? Du kleiner Pic redest echten Rassismus runter…
0_219424_9_33200210476358710;0.1428;cautioning;procedure-curious;;;;kommt es nur mir so vor aber beim sprechen sind ihre lippen wie ein Entenschnappel 😅 bisschen weniger Hyaluron in die Lippen das nächste mal villeicht 💁🏻‍♀️ gibt mir so bisschen Kader Loth Vibes…
0_219424_126_t1_ovpmau4;0.1428;enthusiastic;skincare-first;;;;Aussehen ist das wichtigste Kriterium für Dating Erfolg als Mann. Frustration 😭 Glaub mir niemand wird deine Schönheitsop bemerken, nichts wird sich ändern.
0_219424_8_2080023079158181891;0.1428;disappointed;;;;;@rosenbusch_ Früh hieß es im TV, der Coronatote sei im Durchschnitt 81 Jahre alt. Das Sterbealter der Deutschen 80. Also war klar, daß Corona ein anti-aging Mittel war. Nur diese eine Info genügte doch.
0_218673_9_yt.y1UOu_H8cGk;0.1429;disappointed;skincare-first;hyaluronic-acid,niacinamide-peptides,aging-signs;;glycerin;BEWERTUNG (2025): La Roche Posay Serum Mela B3. WESENTLICHE Einzelheiten Hier ist ein kurzer Überblick über die wichtigsten Highlights für La Roche Posay Serum Mela B3.👉 Auf Amazon ansehen: https://www.amazon.de/dp/B0CM4B43DZ/?tag=16w9h-20 (Affiliate-Link)Entdecken Sie das La Roche Posay Serum Mela 
0_219384_15_37636356967314459;0.1429;disappointed;procedure-open;;;;J.B.O. & Grailknights, 14.02.2026, Obertraubling J.B.O. machen bei ihrer aktuellen Tour wieder halt im Airport Obertraubling. Im Januar 2025 war das ja dort rappelvoll. Von daher haben wir uns dann auch einigermaßen frühzeitig schon unsere Tickets gesichert. Ich bin mir gar nicht sicher ob da schon 
0_218673_126_t1_nbi9s8b;0.143;disappointed;skincare-first;;;;Stehen für euch Leute in der Bahn auf? Ich hab eigentlich nur positive Erfahrungen machen dürfen. Spannend war mein Vergleich von Kind 1 und Kind 3.. bei Kind 1 war ich noch im Vergleich zu anderen Mamas jünger, muss dazu sagen dass ich oft jünger geschätzt werde, mag an einem zierlichen Erscheinung
0_218685_9_20736365390179869;0.1431;enthusiastic;procedure-curious;;;;Guten Morgen Nicole, ich bin durch dich und Claudi mit K-Beauty angefixt worden und finde die Vana Boxen immer super.Eine super Möglichkeit viele tolle Produkte kennen zu lernen.Am besten gefällt mir das Hyaluron Sonnenserum LSF50 und das Reedle Shot für die Haare/ Kopfhaut 👍.Aber die komplette Box 
0_221687_190_3747661656382889997;0.1431;satisfied;;vitamin-c,aging-signs;;;"🧬 SYNERGETISCHE WIRKSTOFF-MATRIXDie Wissenschaft hinter Collagen Advanced:• Kollagenhydrolysat: Basis für Haut, Haare, Nägel &amp; Gelenke • Vitamin C: Essentiell für körpereigene Kollagensynthese• Hyaluronsäure: Speichert bis zu 1000x ihr Gewicht in Wasser• Biotin: Wichtig für gesunde Haare und Hau"
0_219424_26_1688148339984960;0.1432;disappointed;skincare-first;spf,aging-signs;;spf;Was passiert eigentlich mit unserem Kollagen in der Sonne?Wir alle lieben die Sonne – sie hebt die Stimmung und schenkt uns einen schönen Teint. Doch unsere Haut sieht das leider etwas anders.Schon bei intensiver UV-Strahlung entstehen sogenannte freie Radikale. Sie greifen die Kollagen- und Elastin
0_219424_190_3949936106921614990;0.1432;enthusiastic;procedure-curious;peel,aging-signs;microneedling;;Eine der wirksamsten Methoden zur Verbesserung der Hautstruktur ist das Microneedling. Ich empfehle es oft, wenn es darum geht, die Haut langfristig zu regenerieren und ein frischeres, ebenmäßigeres Hautbild zu erzielen.Aber wie funktioniert das genau? Beim Microneedling werden mit sehr feinen Nadel
0_218673_8_2028041677936468366;0.1432;enthusiastic;procedure-curious;;;;@Tweetenti Woher kenne ich Mr. Augenringe? Er kommt mir irgendwie bekannt vor.
0_221687_140_7608694442047917334;0.1432;enthusiastic;;aging-signs;;;"Dieses Beauty‑Supplement ist ein echtes Power‑Bundle. Biotin + Kollagen + Vitamine für dickeres Haar, glattere Haut und stärkere Nägel. Mit Hyaluron, Zink &amp; Aminosäuren für den Extra‑Glow. 60 Kapseln für sichtbar mehr Fülle &amp; Ausstrahlung #beautysupplements #biotin #collagen #haarpflege #ski"
0_221687_140_7632377614124043552;0.1432;satisfied;skincare-first;retinol,aging-signs;;retinol;Retinal (Retinaldehyd) ist ein hochwirksames Vitamin-A-Derivat in der Hautpflege, das für Anti-Aging, Hauterneuerung und gegen Unreinheiten eingesetzt wird. Es wirkt bis zu 11-mal schneller als Retinol, da es nur einen Umwandlungsschritt zur aktiven Retinsäure benötigt.  @PURISH Store @Transparent L
0_219424_9_5984896094009780;0.1433;satisfied;procedure-curious;;;;habe es schon oft geschrieben, was damals die polizei war in meinem alter, ist heute ein haufen von nichts könnern, die einfach nur nichts tun aus angst und angst vor dem NICHT aufsteigen bei der polizei. damals hätte ein polizist, den in 1 sec zu boden gebracht ALLEINE, heute ist es anders, da steh
0_219424_190_3947686616234355321;0.1433;seeking;;;;;Gestern hast du bereits im Video gesehen, dass du ab ca. 25 Jahren Hyaluron verwenden solltest. 💧 Jetzt ist die Frage: Wie wirkt eigentlich Hyaluron? 🤔 Das erklärt dir unsere Gründerin Angelika Baur-Schermbach in diesem Video. 🗣️
0_218673_126_t1_o1sd8q9;0.1433;satisfied;;niacinamide-peptides;;;"Zählt das als Mogel? NIVEA Q10 Anti-Falten Es geht um das Produkt „Nivea Q10 Anti-Falten Power"". Leicht zu verwechseln mit „Nivea Men"". Kein Problem."
0_218685_9_yt.rLaMhPsBmyw;0.1433;satisfied;procedure-open;laser,aging-signs;laser;;Laser Tattooentfernung erklärt So werden Farbpigmente im Körper abgebaut Bei der Laser Tattooentfernung arbeitet der Laser gezielt in der Haut. Die Lichtimpulse treffen ausschließlich die Farbpigmente und zersprengen diese in kleinste Partikel. Diese Partikel werden anschließend vom Körper über das 
0_221687_26_1569781195153369;0.1433;satisfied;;;;;"Die Kraft der Natur: Jojobaöl &amp; ätherische ÖleNatürliche Pflege für deine Haut. Unsere Fresh Beauty Cream enthält nährendes Jojobaöl (reich an Vitamin E+A) und ätherische Öle wie Orange und Bergamotte. Für ein verfeinertes Hautbild und einen frischen Glow.#naturkosmetik #jojobaöl #ätherischeöle "
0_219424_26_1502295681929376;0.1434;satisfied;skincare-first;retinol,aging-signs;;;Retinol, Kollagen oder Hyaluron? Nein! Ein anderer Beauty-Trend setzt auf die natürlichen Regenerationsprozesse der Haut und ist viel effektiverMehr dazu unten ⬇️
0_219424_190_3941118250480639704;0.1435;enthusiastic;procedure-open;retinol,aging-signs;;;💚 Neugierig auf das Faltenfrei Studio? Dann ist das die perfekte Gelegenheit, zwei Original-Einheiten kennenzulernen.Wir haben zwei Original-Einheiten aus dem Faltenfrei Studio für 48 Stunden in unserem Telegram-Kanal freigeschaltet.✨ Einheit 1: Körperhaltung mit Juliane✨ Einheit 2: Faceforming gege
0_219424_9_20545419755637483;0.1436;satisfied;;botox;;;Der hat wahrscheinlich mehr Botox im Gesicht als Gehirn oder Muskeln. Hilfe ...😂
0_219424_9_11069975496212409;0.1437;satisfied;;;;;War sie währenddessen mit Botox beschäftigt?
0_219424_126_t1_nxmv1eg;0.1438;seeking;;;;;Real BOTOX Weib auf der CES2026 Zumindest letzte Jahr wegen CES2025 gab's einige Fomo un das AI Weib ? Sehen wir Wiederholung dieses Jahr? Real botix aktuell relativ auf dem Boden
0_219424_9_23666839358769636;0.1438;disappointed;skincare-first;;;;16:49 haha ich würde auf 11 geschätzt 😂😂😂 ICH BIN 17 😭😭😭Und ich nutze keine Antiaging Creme 😓🖖 Hahahaha
0_218673_9_69325590755842783;0.1438;disappointed;skincare-first;;;;sieht top aus❤ ich finde ja diese gemalten tränensäcke so cool...wir versuchen alles verschwinden zu lassen und koreaner malen sich die auf😅
0_219424_9_yt.N4aC5MtauJI;0.1439;satisfied;skincare-first;;;;Diese Früchte esse ich jetzt fast jeden Morgen Manche Veränderungen merkt man nicht sofort. Aber wenn man bestimmte Lebensmittel regelmäßig isst, fallen kleine Dinge mit der Zeit doch auf. In diesem Video geht es um fünf Früchte, die viele wegen ihrer natürlichen Nährstoffe und Antioxidantien in ihr
0_219384_126_t1_oa9xi8d;0.1439;enthusiastic;skincare-first;laser,price;;;Frauen von Reddit: Welche Rasierer könnt ihr für Beine, Achseln und Intimbereich empfehlen? Rasierer immer in d3r Männer Abteilung. Der von Aldi reicht vollkommen. Aber ich habe mir vor einem Monat ein IPL System gekauft. Das ist ein echter game changer. Zumindest wenn man dunkle Haare und helle Hau
0_221687_26_1195595082603788;0.1439;seeking;skincare-first;vitamin-c,niacinamide-peptides,aging-signs;;zinc;Kollagen ist das wichtigste Strukturprotein der Haut – es sorgt für Spannkraft und Festigkeit. Mit zunehmendem Alter nimmt die körpereigene Kollagenproduktion ab, doch bestimmte Nährstoffe können diesem Prozess entgegenwirken:🍇 Beeren – reich an Antioxidantien, die freie Radikale neutralisieren und 
0_219424_140_7664635065929944352;0.1441;seeking;;;;;Longevity beginnt nicht erst im Alter, sondern in deinen Zellen! 🧬 Resveratrol, ein Pflanzenstoff aus der Gruppe der Polyphenole, spielt in der integrativen Medizin eine spannende Rolle für deinen Zellschutz und Stoffwechsel. Besonders wenn oxidativer Stress, stille Entzündung und nachlassende Zelle
0_218673_126_t1_ny2au4f;0.1441;enthusiastic;procedure-curious;;;;Blondes Haar wächst mir aus der Stirn Mir wachsen auch immer Mal einzelne Haare. Meistens aus irgendwelchen Pigmentflecken. Vielleicht ist dein blondes Haar gar nicht blond, sondern weiß? Einzelne weiße Haare hatte ich auch schon immer Mal.
0_219424_190_3945522876789059268;0.1442;disappointed;procedure-curious;;biostimulator;;«Das ist zu viel für mich.»Drei Monate späterwollte sie dasselbewie ihre Freundin. 😄 #fyp #lachsdna #antiaging #sculptra #fullface
0_218673_126_t1_ogydeau;0.1442;enthusiastic;skincare-first;;;;"Ich stehe auf übergewichtige Frauen und traue mich nicht dazu zu stehen. Hatte ein Mädel in der Klasse, die war immer schon etwas ""mehr"". Die hatte sooooo ein schönes Gesicht, Rehaugen, volle Lippen, wunderschöne dicke lange braune Haare, ich habe sie immer darum beneidet. Und sie sieht mit Anfang 3"
0_219424_126_t3_1r7ym52;0.1443;seeking;procedure-open;;;;30mm EPS Fußbodenheizung und 2E22 (25mm) Fermacell federt am Rand Morgen,wir sanieren einen Altbau und haben den Fußboden rausgerissen und mittlerweile neu aufgebaut(Perlite 15mm bis 40mm und verdichtet, alukaschierte PUR Platten 80mm, 22mm ESP Platten (OSB in gesund)). Das ganze wurde in den letzte
0_219424_126_t1_nzyk4zg;0.1444;seeking;;;;;Wo Wimpernverlängerung machen lassen? Bei Google: Kosmetik bzw. Aesthetic Salons suchen. Gibt ganz viele in Saarbrücken.
0_221687_190_3784357642774075328;0.1444;enthusiastic;skincare-first;niacinamide-peptides,hyaluronic-acid;;niacinamide;Hyaluron Activ B3 ist deine Anti-Aging-Lösung mit Hyaluronsäure und Niacinamid für +85% Regeneration der Hautzellen. ⁣⁣#avene #antiaging #hyaluron
0_219424_9_yt.jiUBALhVyPM;0.1444;satisfied;;;;;ANTI AGING DARI VIVA COSMETICS! VIVA HYDRA LIFT MOISTURIZER GEL
0_221687_140_7649470030958103841;0.1445;satisfied;skincare-first;;;shea-butter;Ihr müsst diese DIY Body Butter unbedingt ausprobieren, nur hochwertige und natürliche Zutaten!! Eure haut wird gepflegt, glatt, weich und ihr bekommt einen richtig schönen Glow.🫶🏼 Ihr braucht: 🧈 1000 g Shea Butter 🥭 556 g Mango Butter 🌰 333 g Mandelöl 🌿 89 g Jojobaöl ✨ 222 g Squalan 🛡️ 22 g Vitamin
0_219424_9_17100998611654227;0.1447;enthusiastic;procedure-curious;;;;Ich habe zuletzt die extreme Lift, Hyaluron und SEA Ampulle von Dalton zuletzt aufgebraucht… Ich habe auch eine kleine Kur damit gemacht… Für mich sind die Dalton Ampullen wirklich die Besten, aber auch die Barbor Ampullen mag Ich sehr… Die andere Marke kenn Ich nicht… Bei mir ist aber auch keine Mü
0_219424_190_3934688519373243169;0.1447;enthusiastic;procedure-open;;;;ES GIBT MOMENTE, DIE DEN STARTSCHUSS GEBEN. Für uns ist es dieser: Summer Glow Up starts here. ✨ Buche jetzt deinen Termin!! 📅 Link in Bio 🔗#summertime #glow #glowup #botox #aesthetic
0_218685_8_2071196257834455221;0.1447;cautioning;;;;;RT @alido_olivari: @charlize1767 Aber sicher sind sie sexy , vorausgesetzt kein Silikon, Botox  , Jaroulon oder Beauty Chirugie eine Rolle spielen! 🇺🇸🇺🇸🇺🇸🇮🇹🇮🇹🇮🇹🇮🇹 https://t.co/IztSW9Y2d5
0_219424_126_t1_ox1kvbn;0.1448;seeking;procedure-curious;;;;FIAE-München MEP Ungewöhnlich, Algorithmen ist eher für die meisten ein Problem gewesen.  Bei Planen eines Softwareprodukts würde ich Fragen stellen wie:Was zeichnet ein Projekt aus?  Welche Vorgehensmodelle kennen Sie, erklären Sie zwei.  Was für Qualitätsmerkmale kennen Sie?  Was ist wichtig beim 
0_218673_23_42853076879478701;0.1448;disappointed;skincare-first;aging-signs;;;Anti-Aging-Power Sag Falten den Kampf an Mehr Elastizität, mehr Feuchtigkeit, mehr Jugendlichkeit. Mit dem Cellular Epigenetics Serum von NIVEA.
0_221687_126_t1_o6ws2v2;0.1448;enthusiastic;;vitamin-c,niacinamide-peptides;;;How's my skin? I'm new to the skincare world. Use vitamin c serum, and niacinamide moisturizer along with a cleanser. Please share your opinion on my skin and how to improve it ? Sister 🫶
0_221687_26_1650431467091505;0.1448;satisfied;skincare-first;retinol;;ceramides;Probiotika kennen viele. Präbiotika auch!Aber POSTBIOTIKA? Was ist das? Postbiotika = das, was die Bakterien produzieren – ihre Stoffwechselprodukte!Du kennst Hyaluronsäure. Du kennst Retinol. Aber kennst du auch Butyrat?Butyrat ist ein körpereigenes Stoffwechselprodukt deiner Darmbakterien – es ent
0_221687_190_3927453468747114472;0.1448;seeking;skincare-first;vitamin-c;;vitamin-c;Vitamin C Seren gibt es mittlerweile in unzähligen Varianten. Für diese Auswahl habe ich mich jedoch nicht nur auf die Vitamin C Form konzentriert, sondern vor allem auf die Qualität der gesamten Formulierung.Klassische Kombinationen aus L-Ascorbinsäure, Vitamin E und Ferulasäure kennen wir alle. Sp
0_219424_9_64784403846875098;0.1449;disappointed;procedure-curious;fillers;;;@neueddisie hat auch schon diverse Unterspritzungen vornehmen lassen, dennoch hübsche Frau. Wieso man die Gelegenheit direkt wieder nutzen muss um deutsche schlecht zu machen verstehe ich allerdings nicht.
0_218685_9_yt.3BE7cLwJg50;0.1449;satisfied;;peel;;;Der Mesh-Pouf-Hersteller: Handgefertigte Peeling-Badeschwämme In dem Video stellt eine Handwerkerin mit Hilfe eines einfachen Holzrahmens und synthetischem Netzmaterial Badeschwämme her. Die Arbeiterin, die ein Kopftuch und ein blaues Langarmshirt trägt, spannt hellgrünes und gelbes Kunststoffnetzge
0_219424_9_30505109056660426;0.145;satisfied;;;;;Der Körper holt sich dir Aminosäuren aus kollagen pulver die er braucht, genauso wie aus Fleisch. Nur mit dem Vorteil das die Aminosäuren Verarbeitung weniger Energie benötigt als das gleiche protein zu verarbeiten. Und daher ist der Alterungsprozess bei fleischfresser höher...
0_219424_190_3938095211129725480;0.145;enthusiastic;;;;;"Du magst kein Kollagen? Diese Rezept Ideen werden deine Meinung bestimmt ändern ☀️🤌🏼 Spoiler: Der Blossom Beauty Drink verleiht nicht nur jedem Rezept einen frischen Geschmack, sondern kombiniert Kollagen mit vielen weiteren Wirkstoffen wie z.B. Hyaluron, Aloe Vera, Biotin &amp; Niacin für glatte, s"
0_221687_140_7584221662581755158;0.145;satisfied;;;;;Abtei Schwarzkümmelöl Plus kombiniert hochwertiges Schwarzkümmelöl mit Vitamin E. Mit 1.500 mg Schwarzkümmelöl pro Tag, reich an ungesättigten Fettsäuren, unterstützt es den normalen Fettstoffwechsel und trägt durch Vitamin E zum Schutz der Zellen vor oxidativem Stress bei. Praktische Kapseln – idea
0_219424_9_yt.t_o_jJxS_LE;0.1451;satisfied;;vitamin-c;;;Männer über60: 3 essentielle Vitamine für Energie Leistungsfähigkeit und Vitalität | Gesundheitsarzt @Gesundheitsarzt 👨‍⚕️ Männer über 60: 3 essentielle Vitamine für Energie, Leistungsfähigkeit und VitalitätIn diesem Video erklärt Barbara O'Neill, welche 3 wichtigen Vitamine Männer über 60 täglich b
0_219424_126_t3_1s5t3n5;0.1451;seeking;skincare-first;;;;"Italien ermittelt gegen Sephora wegen Marketing an Kinder (via Kinderinfluencer) orf.at berichtet, dass in Italien gegen Sephora ermittelt wird wegen dem exzessiven Marketing durch Kinderinfluencer an Kinder""Sie \[Anm.: die Behörde\] wirft den Unternehmen außerdem vor, sich „sehr junger"" Influenceri"
0_218673_126_t1_o5y83xb;0.1451;satisfied;skincare-first;spf;;spf;"Ist Sonnencreme überhaupt ""gesund""? Selbst der Großteil der Spanier hat Vitamin D Mangel und das sogar am Sommer. Liegt daran, dass die meisten ganz allgemein zu wenig draußen sind. Du müsstest jeden Tag wenn die Sonne am höchsten steht rund vier Stunden mit freiem Oberkörper draußen rumlaufen um au"
0_218673_126_t1_ouxs3k5;0.1451;seeking;skincare-first;aging-signs;;;"Was ist so ""Boomerverhalten"" eurer EIGENEN Generation, das euch auf die Palme bringt? Ja, und?  Springender Punkt ist dass men Bastel- und Spielkram auf Raspbian lief – aber das normale Tagesschäft – E-Mail, Web, Textverarbeitung, Bildverarbeitung,  Banking, Chats, Videoschnitt, CAD für 3-Druck – da"
0_219424_9_50891821086424310;0.1452;satisfied;skincare-first;;;;Dieser Mann ist es fabelhaft und zwar deshalb weil er menschlich ist er ist ein Mensch geblieben trotz ihm Verdienst Ordens wie verändert mich von ihm Charakter an mein Charakter ich bleibe so wie ich bin egal wie viel Geld ich habe die wahre Charakter von einem Menschen erkennst du nicht am Bankkon
0_219424_15_8084843962999285;0.1452;disappointed;procedure-open;;;;Der Sonnenhof Bad Wörishofen: Strategische Neuasurichtung Mit einer stärkeren Verzahnung von Kulinarik, Wellness und Gesundheit will sich der Sonnenhof in Bad Wörishofen neu ausrichten. Außerdem möchte das 5-Sterne-Superior-Hotel klarer auf veränderte Gästebedürfnisse wie die wachsende Nachfrage nac
0_219424_126_t3_1u8davm;0.1452;seeking;procedure-curious;;;;DNA Testergebnisse sind zum Heulen! Ich habe sowohl für mich, meine Eltern, Kinder und meinem Mann bei MyHeritage DNA-Tests machen lassen. Ich finde es unheimlich interessant, woher in etwa die Gene stammen und in wie weit sie uns zum Beispiel heute optisch noch beeinflussen.​Natürlich habe ich dami
0_221687_26_1546094830243077;0.1452;satisfied;skincare-first;retinol,aging-signs,price;;retinol;🌙  Wenn du auf der Suche nach einem neuen abendlichen Anti-Aging-Favoriten bist – hier ist er!🧬 Das Retinal Zellregenerations-Serum arbeitet mit einem innovativen A-Vitamin-Derivat, dem Retinal, das bis zu zehnmal wirksamer sein kann als klassisches Retinol. Schon in einer Konzentration von 0,05 % n
0_219404_23_54587522721904588;0.1453;enthusiastic;skincare-first;;;;Sehr gute Verträglichkeit Dieser Deoroller von Nivea mit Hyaluron ist sehr angenehm unter den Achseln, riecht sehr gut und pflegt zusätzlich, ich bin super zufrieden
0_219424_126_t1_odpra3x;0.1454;disappointed;skincare-first;;;;Raus aus Microsoft und Rheinmetall Ist ziemlich geil gealtert und das ohne Botox.
0_219424_190_3942562129028114903;0.1454;seeking;procedure-curious;spf,aging-signs;;;☀️ Warum altert unsere Haut im Sommer schneller?Der Sommer schenkt uns Sonne, gute Laune und viele schöne Momente im Freien. Doch gerade in dieser Jahreszeit ist unsere Haut besonderen Belastungen ausgesetzt.UV-Strahlung gilt als einer der wichtigsten Faktoren der vorzeitigen Hautalterung. Sie kann 
0_221687_190_3887397925919698687;0.1455;enthusiastic;skincare-first;retinol,vitamin-c;;zinc;Natural ♥️ bin hoid i .. je naturbelassener desto gut . Drum Friseur 1 x pro Jahr Only sun kissed .. drum hab i Kane grauen net wirklich .. weil Nährstoffe alles am Optimum is . Collagen boost .. Haut Haare Nägel . 💅 de san Schraubenzieher . Und meine Haare wachsen kum  i mim schneiden net zam .. me
0_219424_26_1560265676112903;0.1456;satisfied;skincare-first;spf;;glycerin;LSF 30 oder LSF 50 – was passt zu dir?Mit SOFRI SUN findest du den Sonnenschutz, der zu deinem Alltag und den Bedürfnissen deiner Haut passt.LSF 30Ideal für den Alltag oder wenn deine Haut bereits an die Sonne gewöhnt ist.LSF 50Perfekt für empfindliche Haut, intensive Sonneneinstrahlung oder längere
0_218673_9_yt.axtP_CuK72U;0.1456;seeking;;vitamin-c;;;Von weltreisenden Pflanzen und dem Meerfenchel Um die Weltreise der Pflanzen geht es in dieser Folge des ORF Burgenland Gartenpodcasts. Es ist erstaunlich, welche weiten Wege Pflanzen ohne menschliches Zutun bewältigen. Wie sie etwa mit Hilfe von Wasser oder Wind reisen, erzählt die Kräuterhexe Usch
0_219424_9_yt.oYYWNj_16r8;0.1457;disappointed;;;;;Was sardische Hundertjährige täglich essen, um über 100 zu werden #SardischeDiät #Langlebigkeit #BlueZonesEntdecken Sie genau, was sardische Hundertjährige jeden Tag essen, um über 100 Jahre alt zu werden. Die Blue-Zone-Diät aus Sardinien, Italien, ist bekannt für ihre tiefgreifenden Vorteile in Bez
0_219424_190_3933630341444708789;0.1457;enthusiastic;skincare-first;spf;;sod;AD//High Protection. Light Feel.Lancaster Sun Perfect Air SPF 50. This summer really is giving real summer vibes.Dieser Sommer bringt wirklich die besten Bedingungen mit, um die Zeit draußen zu genießen - umso wichtiger ist ein Sonnenschutz, den man gerne jeden Tag trägt.Genau deshalb liebe ich die 
0_219424_190_3939714283788005958;0.1457;seeking;skincare-first;;;;Wusstest du dass dein Po das mächtigste Anti-Aging Tool ist das du hast? Eine Mauer reicht. 💪😏AntiAging, Vitalität und Sturzprophylaxe ab 40 beginnen mit einem starken Gluteus. Für Frauen und Männer.Dein Gluteus gehört zu den kraftvollsten Muskeln deines Körpers. Er stabilisiert dein Becken, schützt
0_221687_140_7555935836781432086;0.1457;enthusiastic;skincare-first;hyaluronic-acid,celebrity,aging-signs;;biotin;"✨ Kahle Stellen? Langsam wachsendes Haar? Dann musst du DAS sehen! 🚀 Unser Boosting Bundle ist ein echtes Haarwachstums-Wunder: 🌿 Wonderlexir Serum mit Rosmarin, Biotin, Koffein &amp; Hyaluron – für intensives Wachstum &amp; Feuchtigkeit. 💧 Haaröl versiegelt die Pflege &amp; nährt deine Haare von in"
0_221687_9_53731903271751975;0.1457;enthusiastic;skincare-first;price;;centella;"Liebe Claudi ❤Yeah aufgebraucht Video 😍 Das sind wirklich meine Lieblingsvideos ❤Mundspülung nehme ich immer die von Isana. Die ich bis dato hatte waren alle nicht ""scharf"". Die Sol de Janeiro Körperbutter mag ich auch sehr gerne. Aktuell verwende ich die 59, war in meinem Adventskalender ❤Die Hals-"
0_219424_9_yt.g3e0SJxW5OU;0.1458;satisfied;procedure-curious;;;;Dachziegel per Kran: Wie Tradition und Technik aufeinandertreffen Feuergeschmiedete Haltbarkeit – Nur mit MenschenhandIn vielen ländlichen Regionen Chinas wird bis heute nach Jahrhunderte alten Bauprinzipien gebaut. Das hier gezeigte Tor mit seinem geschwungenen Dach ist kein bloßer Schmuck – es ist
0_219424_26_1437368915093309;0.1458;enthusiastic;;;;;"Matcha, Avocados, Lachs: sogenannte Superfoods gelten als reich an Mikronährstoffen und werden oft als Wundermittel gegen Müdigkeit, als ""Schlankmacher"" oder Anti-Aging-Elixier gefeiert. Auf Social Media boomen passende Rezepte und Trends. Doch was passiert mit unserer Umwelt, wenn bestimmte Lebensm"
0_218673_9_71413214392529136;0.1458;enthusiastic;;aging-signs;;;Tranexamsäure wird immer häufiger auch in der Kosmetikindustrie eingesetzt. Es wirkt aufhellend und gegen Pigmentflecken, da es das Melanin hemmt ❤
0_221687_26_857277993523520;0.1458;satisfied;procedure-curious;peel,retinol,aging-signs;microneedling;;ExoSkin Cocktail✔ Das Exosomen Microneedling Serum mit Centella Asiatica Exosomen, Retinal und Squalan regeneriert die Haut, reduziert Falten, verfeinert Poren und stärkt die Hautbarriere.✔ Es fördert Anti-Aging, verbessert die Hautstruktur und sorgt für einen strahlenden Teint.Die Zukunft der Hautp
0_221687_190_3906205575008678221;0.1458;disappointed;skincare-first;hyaluronic-acid;;;Das Bio-Lyne Hydration Serum mit Hyaluronsäure versorgt deine Haut intensiv mit Feuchtigkeit, polstert sie von innen auf und lässt feine Linien sichtbar glatter wirken. Für ein frisches, pralles Hautbild und einen natürlichen Glow. 💧 Bio-Lyne Hydration Serum with hyaluronic acid deeply hydrates, plu
0_219424_126_t1_o8vdf1p;0.1459;satisfied;skincare-first;peel;;;"Warum klappt das Online-Dating nicht? Da du nach ehrlichem Feedback fragst, bin ich 100% ehrlich mit dir.Tinder ist logischerweise eine sehr oberflächliche Plattform die größtenteils von Männern genutzt wird, ergo ""konkkurieren"" sehr viele Männer um vergleichsweise wenige Frauen. Das bedeutet natürl"
0_219424_15_35798200449083360;0.1459;seeking;;;;;Spermidin als Anti-Aging-Mittel umstritten Spermidin gilt schon seit geraumer Zeit als vielversprechende Substanz in der Alternsforschung. Ob die regelmäßige Einnahme von Spermidin-Kapseln tatsächlich verjüngend wirkt, ist aber umstritten. Zur Wirkung eines solches Nahrungsergänzungsmittels auf Gesu
0_219424_190_3930292532180816833;0.1459;enthusiastic;procedure-curious;facelift;blepharoplasty;;🔹 VDÄPC-Mitglied im Portrait 🔹Wer einen ästhetischen Eingriff plant, sollte auf Erfahrung, Kompetenz und Vertrauen setzen. Die Mitglieder der VDÄPC stehen für höchste Qualitäts- und Sicherheitsstandards und begleiten ihre Patientinnen und Patienten mit einer umfassenden und individuellen Beratung.✨ 
0_219424_190_3939488685770735584;0.1459;enthusiastic;skincare-first;;;;Was du isst verändert alles — besonders ab 50. 🌿Hormone, Energie, Haut, Verdauung, Knochen — alles hängt mit deiner Ernährung zusammen. Ich hab das am eigenen Körper erlebt und genau deshalb teile ich diese Liste mit euch.Keine komplizierte Diät. Kein Verzicht. Nur die richtigen Dinge zur richtigen 
0_218673_126_t1_n80l1fl;0.1459;disappointed;procedure-curious;;;;"Was sprecht ihr absichtlich falsch aus, weil es sich komisch anfühlt es richtig zu sagen? lurk. ich finde die englische Aussprache ""lörk"" komisch, deshalb betone ich extra noch das u vom lurk. 😂 oder Augenringe, sage ich Ringauge. Habe das als Kind immer verwechselt und ist halt hängen geblieben bzw"
0_219424_9_38278603804573982;0.146;seeking;;;;;Das Botox ist bereits bei ihr im Gehirn angekommen.
0_219424_190_3940895951728159443;0.146;disappointed;procedure-curious;vitamin-c,aging-signs;;;Viele glauben, dass unsere Haut einfach mit dem Alter altert.⠀Tatsächlich werden jedoch bis zu 80 % der sichtbaren Hautalterung mit lichtbedingter Hautalterung (Photoaging) in Verbindung gebracht.⠀☀️ Was passiert mit unserer Haut?⠀UV-Strahlen dringen tief in die Haut ein und bauen nach und nach Koll
0_219424_190_3945400352811813409;0.146;satisfied;skincare-first;;;;Warum Glowfinity?Es gibt viele Kollagenprodukte auf dem Markt. Was macht uns also anders? Maximale Bioverfügbarkeit, Premium-Qualitätsstandards und die reinen Inhaltsstoffe, nach denen sich Ihre Haut sehnt. Glowfinity spricht die biologische Sprache Ihrer Haut.Glowfinitywww.glowfinity.com#kollagen #
0_219424_190_3947527873551697880;0.1461;seeking;procedure-curious;aging-signs;;;✨ Beauty 40+ Drip – Schönheit von innen unterstützen ✨Mit zunehmendem Alter verändert sich unser Körper – auch Haut, Haare und das allgemeine Wohlbefinden. 💜Unser Beauty 40+ Drip wurde speziell entwickelt, um den Körper mit ausgewählten Vitaminen, Mineralstoffen und Antioxidantien zu versorgen.💧 Ihr
0_221687_140_7631961063495519491;0.1461;satisfied;;;;;Artischocke mit süß-saurem Beauty-Dip 💚✨ Zutaten: 1 Artischocke 1 Sachet Collagen + Hyaluron Boost  Apfelessig Agavendicksaft 1/2 Zitrone  Salz Olivenöl Schnittlauch Senf Gesunder Genuss trifft Beauty-Food 🌿 #artischocke #healthyfood #glowrecipes #beautyfood #einfacherezepte
0_219424_126_t1_o94fe18;0.1462;disappointed;skincare-first;aging-signs;;;Welche Makeup Marken kennt ihr noch, die es heute nicht mehr gibt (oder zumindest bei euch nicht mehr?) Also ich kenne die nur als Hautcreme für anti-aging und weil die Mutterfirma von denen keinen Bock mehr hatte für jedes Land die Namen anders schreiben zu müssen heißen die Produkte ja auch hierzu
0_219424_9_yt.jGYBFRSzlKU;0.1462;enthusiastic;procedure-open;facelift;;;Wie aktiviere ich die Frontscheibenheizung im MITSUBISHI Outlander (Facelift 2017–2022)? In diesem kurzen Video zeige ich dir, wie du die Frontscheibenheizung (Defroster) im MITSUBISHI Outlander Facelift (2017–2022) schnell und einfach aktivierst. Du lernst, wo sich die Taste befindet (Mittelkonsole
0_218673_9_yt.xtBcywJGJTI;0.1462;satisfied;skincare-first;aging-signs;;;"Der Mann mit der eiskalten Morgenroutine der seine Haut wie durch Magie verjüngt Note: This Video Is Made For Educational Purpose Only, everyone is safeNote: this was done by a professional; DO NOT ATTEMT.Note: everyone is safeNote: this was all setupCredit: @respectful ownerDie Leute bemerkten, das"
0_219424_126_t1_ofx0sf5;0.1463;enthusiastic;procedure-curious;price;;;"Sehr schöner Ausblick. Hoffentlich keine KI?! Ich hab das mal meine Gemini Ki machen lassen: ""Synthese aus Solarpunk, Adaptive Reuse und Cluttercore. Dieser Pfad wurde als zutreffend akzeptiert. Das Bild vereint post-industrielles Upcycling mit extremer Objektdichte und botanischer Integration.​Die "
0_219424_190_3932467331175418048;0.1463;disappointed;procedure-curious;fillers,aging-signs;pdrn;;✨ PDRN oder Polynukleotide – wo liegt der Unterschied?Die gute Nachricht: PDRN ist eine Form der Polynukleotide. Beide Wirkstoffe unterstützen die natürliche Regeneration der Haut und fördern die Kollagenbildung.💎 PDRN eignet sich besonders für:✔️ müde und fahle Haut✔️ feine Linien✔️ erste Anzeichen
0_219424_190_3933969421775875162;0.1463;enthusiastic;skincare-first;aging-signs;;;🌀 Die 5 Tibeter sind eine Abfolge von fünf dynamischen Yoga-Übungen, die traditionell als Morgenroutine praktiziert werden. Sie sollen den Energiefluss anregen und das ganzheitliche Wohlbefinden fördern. 🌿Regelmäßig ausgeführt können sie die Muskulatur kräftigen, die Beweglichkeit der Wirbelsäule ve
0_219384_126_t3_1nsk6p9;0.1463;seeking;skincare-first;laser;;;IPL Gerät Empfehlung Da die Geräte schon teurer sind will ich mich vorher aufjedenfall informieren und wollte deshalb fragen welches Gerät ihr empfehlen würdet ? Ich habe helle Haut und dunkle, dickere HaareBin dankbar für jeden Rat!!
0_221687_190_3712094043338450654;0.1463;satisfied;procedure-curious;;;;Lebensmittel wie Avocados, Nüsse und Leinöl enthalten wertvolle ungesättigte Fettsäuren, Vitamine (z. B. Vitamin E) und Antioxidantien, die Haut, Haare und Nägel von innen heraus unterstützen.Eine ausgewogene Ernährung ist ein entscheidender Faktor für ein gesundes, strahlendes Hautbild ganz ohne Zu
0_219424_26_1615212527276665;0.1464;enthusiastic;;;;;SCHUNGIT KUGELARMBAND WIEDER DA !!Nach Ausverkauf könnt ihr nun endlich wieder dieses schöne und so wichtige Schungit Armband hier kaufen: https://nadine-breitenstein.myshopify.com/collections/powerarmbander/products/schungit-powerarmband-inkl-mwst-zzgl-versandWirkung von Schungit:spendet Lebensener
0_219424_190_3943159932003690883;0.1464;enthusiastic;procedure-curious;peel;radiofrequency;;Schönes Wochenende! ✨Das Wochenende ist die perfekte Zeit, um zur Ruhe zu kommen, neue Energie zu tanken und sich selbst etwas Gutes zu tun. 💆‍♀️🌸Nehmt euch einen Moment nur für euch – denn wahre Schönheit beginnt mit Wohlbefinden und Selbstfürsorge.Ich wünsche euch ein erholsames, sonniges und ents
0_221687_190_3895393923250301988;0.1464;enthusiastic;skincare-first;;;pomegranate;"„Ganz Europa diskutiert über den ESC-Look 2026.Du brauchst dafür exakt 5 Minuten.""Während halb TikTok versucht, den nächsten viralen Wien-Glow nachzuschminken, sitzt du schon fertig im Uber Richtung Main Character Moment.Keine 14 Produkte. Keine Beauty-Filter. Kein „Get Ready With Me"" in Spielfilmlä"
0_219424_26_1664552378512859;0.1467;cautioning;;;;;"Kollagen ist überall: in Haut, Sehnen, Knochen, Knorpel, Blutgefäßen – und es macht bei uns Menschen etwa ein Drittel des gesamten Proteins aus. Kein Wunder also, dass Kollagenpulver als „Anti-Aging-Wunder"" verkauft wird. Aber hier kommt der Punkt, den viele nicht hören wollen: Mit dem Alter produzi"
0_219424_9_yt.r1AZbO8T2L8;0.1468;disappointed;skincare-first;;;;7 Geheime Gründe, Warum Du Jünger Wirkst Als Du Bist Warum wirken manche Menschen viel jünger, als sie eigentlich sind?In diesem Video erfährst du die tiefenpsychologischen Gründe dafür, warum manche Menschen trotz Stress, Alter und Lebenserfahrung eine junge Ausstrahlung behalten.Es geht nicht nur 
0_221687_26_1546028567567141;0.1468;disappointed;;hyaluronic-acid;;;Kollagen oder Hyaluron: Was eignet sich besser zur Anti-Aging-Pflege?
0_219424_9_yt._hBz1ZuCFZ8;0.1469;enthusiastic;skincare-first;;;sod;Ästhetische Medizin: Was wirklich hinter Botulinumtoxin & Beauty2Go steckt mit Veronica Botulinumtoxin, ästhetische Medizin und Schönheitsbehandlungen sind heute so präsent wie noch nie. Doch was steckt wirklich dahinter?In dieser Folge von Momentum spreche ich mit Dr. Veronica, Ärztin bei Beauty2Go
0_219424_26_1460483359428844;0.1469;enthusiastic;skincare-first;;;amino-acids;Wenn uns Frauen EINS ganz besonders wichtig ist an unserem Aussehen, dann sind das unsere Haut und unsere Haare. :-)Sitzen die Haare gut und du fühlst dich pudelwohl in deiner Haut, ...dann fühlst du dich schön.Dann kannst du anziehen, was du willst.Es ist egal.Du siehst gut aus.Du fühlst dich klass
0_219424_190_3948076149917909191;0.1469;enthusiastic;;aging-signs;;;✨ Hyaluron-Glossing – das absolute Must-have für eine wunderschöne Haarfarbe! ✨Mit dem Hyaluron-Glossing von L'Oréal Professionnel haben wir für einen sensationellen Glanz, eine wunderschöne Haarstruktur und strahlende Farbreflexe gesorgt. 💎Für dieses Ergebnis haben wir mit drei verschiedenen Nuance
0_219424_26_1647640414030338;0.147;enthusiastic;skincare-first;peel;;;Du musst nicht dein Gesicht zeigen, um online zu starten.E-Commerce heißt eigentlich nur: Produkte empfehlen und darüber verkaufen – ganz ohne eigenes Lager, ohne eigenen Shop, ohne technisches Vorwissen. Du teilst einen Link, jemand kauft, du verdienst mit.Warum ausgerechnet GLORIA? Weil's kein 08/
0_221687_140_7645244997641440545;0.147;satisfied;skincare-first;retinol;;ceramides;Probiotika kennen viele. Präbiotika auch!Aber POSTBIOTIKA? Was ist das?  Postbiotika = das, was die Bakterien produzieren – ihre Stoffwechselprodukte! Du kennst Hyaluronsäure. Du kennst Retinol. Aber kennst du auch Butyrat? Butyrat ist ein körpereigenes Stoffwechselprodukt deiner Darmbakterien – es 
0_221687_140_7569234521221188886;0.1471;enthusiastic;skincare-first;retinol,vitamin-c,niacinamide-peptides;;retinol;"Welche koreanische Augencreme passt zu dir? 👀✨ 💛 Beauty of Joseon Revive Eye Serum Mit 2 % Retinal &amp; Ginseng – ideal für EinsteigerInnen bei feinen Linien. 🧡 KC Secret Retinal Eye Cream Mit 4 % Retinal &amp; fermentierten Bohnen – für Fortgeschrittene, die mehr Wirkung wollen. 🌿 Haruharu Wonder "
0_219424_15_35877999389642812;0.1472;seeking;;;;;IGF-1: Kein Anti-Aging-Effekt? IGF-1 Alterungsprozess ist für viele Praxen und Patienten aktuell ein zentrales Thema. Die Alterung ist ein komplexer biologischer Prozess, der durch eine Vielzahl von Faktoren ... The post IGF-1: Kein Anti-Aging-Effekt? appeared first on Medizin Insider.
0_219424_9_63362248343051607;0.1472;enthusiastic;procedure-curious;aging-signs;;;@iroquoispliskin3618 sehe ich auch so, sieht sehr nach Schönheitsop aus
0_219424_140_7663034261246709014;0.1472;seeking;;;;;Ein 2.000 Jahre altes Objekt vom Meeresgrund, das die moderne Wissenschaft bis heute vor Rätsel stellt: Der Antikythera-Mechanismus. ⚙️ Er gilt als der erste analoge Computer der Menschheit – doch wie war eine solche Technologie in der Antike überhaupt möglich? ⏳ Was glaubst du: Geniestreich oder ve
0_218673_126_t1_obwgnyk;0.1472;enthusiastic;skincare-first;retinol;;;Was macht ihr jetzt mit den ganzen Falten? Retinol und https://amzn.eu/d/03ezbHSc
0_221687_26_1274131361415975;0.1472;enthusiastic;skincare-first;retinol;;;Der Anti-Aging-Wirkstoff Retinol kann eine effektive Alternative zu Hyaluronsäure sein. Er sorgt für straffe Haut und wirkt besonders schnell
0_219424_9_yt.KW7_BevvfQI;0.1473;disappointed;;;;;Was der älteste Arzt aus Loma Linda isst, um über 100 zu werden #LomaLinda #Langlebigkeit #BlueZonesEntdecken Sie genau, was der älteste Arzt aus Loma Linda isst, um über 100 Jahre alt zu werden. Die Blue-Zones-Diät birgt das Geheimnis für bemerkenswerte menschliche Langlebigkeit und verzögerte zell
0_218673_126_t1_nq9bym5;0.1473;disappointed;skincare-first;aging-signs;;;"Inwieweit - und auch im Vergleich zu jüngeren Frauen - findet ihr Frauen jenseits der 50/60/70 Jahre attraktiv? Ich glaube der Schlüssel ist folgendes:Wenn du eine Person auf rein oberflächlicher Basis ""liebst"", kriegst du Probleme im Alter.Wenn du den Menschen an deiner Seite wirklich kennst , sozu"
0_221687_140_7594548530157554966;0.1473;satisfied;;retinol,aging-signs;;;Retinal ist ein wirksamer Anti Aging-Wirkstoff der die Zellerneuerung unterstützt, das Hautbild verfeinert und für mehr Strahlkraft sorgt besonders effektiv bei regelmäßiger Anwendung am Abend #Retinae #SkincareRoutine #AntiAging #Haute #GlowSkin
0_219424_190_3938296732649039916;0.1474;disappointed;;;;;The Geometry of Ageless Beauty.In der feinen Linienführung der Nautilus-Schale liegt das Geheimnis vollkommener Regeneration: Schutz, Beständigkeit und ein Wachstum, das an Schönheit gewinnt.​VisHya übersetzt diese organische Architektur in hochentwickelte Premium-Naturkosmetik. Die erlesenen, rein 
0_219424_190_3946866565612321943;0.1474;seeking;skincare-first;;;;Jede deiner 37 Billionen Zellen braucht Omega-3.Die meisten denken bei Omega-3 zuerst an Herz oder Gehirn.Doch tatsächlich ist jede einzelne Zelle deines Körpers darauf angewiesen.Omega-3 ist ein wichtiger Baustein der Zellmembran. Nur wenn die Zellmembran flexibel und gesund ist, können Nährstoffe 
0_218673_9_28199779934374016;0.1474;disappointed;skincare-first;aging-signs;;;"Brigitte Bardot: ""ich liebe meine Falten, sie sind das Leben in meinem Gesicht"""
0_221687_140_7640056124682554657;0.1474;enthusiastic;skincare-first;aging-signs;;resveratrol;"Meine Morgen Routine mit ""Monat"" #monat #haarpflege #dünneshaarbeifrauen #fettigekopfhaut #haarwachstum Monat steht für ""Mondern Nature""  -inspiriert von hochwertiger Naturkosmetik &amp; Wirkstoffen, die so einzigartig kombiniert wurden, dass sogar ein Patent darauf angemeldet wurde. Mit Inhaltsstof"
0_219424_15_6304594855568607;0.1475;cautioning;procedure-open;;;;"Helene Fischer im Interview: ""Endlich wieder laut sein dürfen"" Sängerin Helene Fischer ist aus der Babypause zurück – und aktuell auf Tour. Ein Gespräch über Lampenfieber, Schönheit, und den Mut, anders zu sein. BRIGITTE: Frau Fischer, Sie sind für viele ein Vorbild. Wen sehen Sie, wenn Sie morgens "
0_219424_190_3932065940026650374;0.1475;satisfied;skincare-first;;;;"Zwischen Olivenöl, Basilikum &amp; sonnengereiften Tomaten versteckt sich ein echter Bodyguard. ⚓️Tomatenmark wirkt auf den ersten Blick unscheinbar. Wie der stille Gast auf einer Party, der am Ende die spannendsten Geschichten erzählt.Der Star heißt Lycopin. Ein Carotinoid, das Tomaten ihre kräftig"
0_218673_126_t1_ojgiy9m;0.1475;seeking;skincare-first;spf;;spf;Altern Frauen schneller als Männer? Und wenn ja, wieso? Ich seh es häufig anders, dass Männer viel früher älter aussehen, da sie zB schon recht früh Falten bekommen da sie tendenziell weniger Hautpflege und Sonnenschutz verwenden.
0_219424_126_t1_ow530zc;0.1476;disappointed;procedure-curious;price;;;Christopher Nolans Odyssee - ein Alptraum für jeden Griechen Rein von den Bildern her find ich ziemlich viele der Schauspieler eher unpassend. Persönlich find ich Charlize Theron ziemlich schlimm weil die dieses typische Schönheitschirugie Gesicht hat. Und dadurch das gefühlt fast nur sehr große und
0_219424_26_10164185902393614;0.1476;satisfied;skincare-first;;;;Meine Reutlinger Geschichten.Kapitel 4 – Im Würgegriff des WandelsEs gibt Städte, die altern in Würde, und es gibt Städte wie Reutlingen, die sich permanent aus ihrer eigenen Haut häuten. Wer heute durch die historische Innenstadt streift, begibt sich auf einen waghalsigen Hindernisparcours aus Prov
0_218673_9_37536412807655218;0.1476;satisfied;procedure-curious;;;;Zu Tr habe ich gehört, wie man erkennt, daß es der Echte ist: die typischen weißen Augenringe (welche beim Double überschminkt sind), dann ist beim Echten, immer Melania mit im Bild und er trägt immer eine lila Krawatte.🤷
0_218673_126_t1_omxoz7j;0.1476;satisfied;;;;;No age-shaming - aber was ist mit seinem Hals passiert? Das kommt doch nicht nur vom schlaffe Haut haben, oder? Der Typ sieht aus wie der Wirt in meiner Dorfkneipe. Jahrelanger Alkoholkonsum mit Kippen und 90er Jahre Sonnenstudiotrend.
0_221687_140_7636435574135475489;0.1476;seeking;skincare-first;aging-signs;;resveratrol;"Keine Lust mehr auf Extensions? 👀 Zeit für Extensions aus der Flasche ✨ Unsere VIRAL Hair Growth Routine (3 Steps): 🧴 Shampoo 💧 Conditioner 🧪 Growth Serum Mit Power-Inhaltsstoffen wie Melatonin, Koffein, Capixyl, D-Biotin, Resveratrol &amp; Bakuchiol 🚀 ➡️ Fördert dein Haarwachstum ➡️ Bis zu 92% weni"
0_221687_190_3952617224175796343;0.1476;enthusiastic;;hyaluronic-acid,price;;;Artikel neu bei eBay eingestellt - (3258,70€/L) Catrice YOUTH LIP SERUM 3% vegan Collagen, Hyaluron , Vitamin 4,6ml #eBay #eBayVerkäufer #ebay
0_219424_190_3935558469967824082;0.1477;enthusiastic;procedure-curious;peel,price;microneedling;;✨ Neu in Duisburg: Beauty by Rabiya eröffnet in Obermeiderich! ✨Wer auf der Suche nach professionellen Beauty-Behandlungen zu attraktiven Preisen ist, sollte @beauty_by_rabiya unbedingt kennenlernen.In ihrem neuen Studio bietet Rabiya Ulas moderne Beauty- und Kosmetikbehandlungen mit viel Leidenscha
0_219424_140_7659872990129048864;0.1477;seeking;skincare-first;aging-signs;;;Anti-Aging beginnt nicht nur mit Hautpflege – sondern auch mit Bewegung. ✨💪 Denn wahre Schönheit entsteht durch die Kombination aus Pflege und einem gesunden Lifestyle. #sport #healthy #skincare #lifestyle #beauty
0_219424_126_t1_ox3ufta;0.1477;seeking;procedure-open;;;;how to get botox in/to germany? Ich habe es zuletzt im März aus Korea nach Deutschland bestellt und keine Probleme mit der Zustellung gehabt.
0_219424_26_1371144318548215;0.1478;disappointed;;;;;Schlaf ist kein Luxus. Er ist der stärkste Anti-Aging-Hebel den du hast.Er greift in fast alle biologischen Alterungsprozesse gleichzeitig ein: senkt oxidativen Stress, unterstützt DNA-Reparatur, verbessert die Mitochondrienfunktion, schützt die Telomere und hält Entzündungen niedrig.Dabei zählen ni
0_219424_190_3945328711356727608;0.1478;disappointed;;;;;Schlaf ist kein Luxus. Er ist der stärkste Anti-Aging-Hebel den du hast.Er greift in fast alle biologischen Alterungsprozesse gleichzeitig ein: senkt oxidativen Stress, unterstützt DNA-Reparatur, verbessert die Mitochondrienfunktion, schützt die Telomere und hält Entzündungen niedrig.Dabei zählen ni
0_219424_190_3931985426258311332;0.1479;enthusiastic;skincare-first;;;;✨ Deine Haut ist dein grösstes Organ – behandle sie mit Liebe. ✨Die Haut begleitet dich ein Leben lang. Wie sie in 10 Jahren aussieht, hängt von den Entscheidungen ab, die du heute triffst.💛 Vorbeugen statt reparieren💛 Pflegen statt vernachlässigen💛 Schützen statt riskieren💛 Dranbleiben für langfris
0_219424_190_3940543921595936188;0.1479;satisfied;skincare-first;;;;Warum Glowfinity?Es gibt viele Kollagenprodukte auf dem Markt. Was macht uns also anders? Maximale Bioverfügbarkeit, Premium-Qualitätsstandards und die reinen Inhaltsstoffe, nach denen sich Ihre Haut sehnt. Glowfinity spricht die biologische Sprache Ihrer Haut. Glowfinitywww.glowfinity.com#kollagen 
0_221687_190_3743982352348137007;0.1479;satisfied;skincare-first;peel,aging-signs;;aha;Fruchtsäure für (fast) jedes Alter! 😍Mit Fruchtsäure (AHA) zu einem klaren, gesunden Hautbild? 🍋 Kaum ein Wirkstoff wäre besser geeignet! Dank ihren unterschiedlichen Wirkungen können Fruchtsäuren bei verschiedensten Hautbildern und damit auch in fast allen Altersstufen zum Einsatz kommen. Welche Wi
0_218673_9_yt.hFY1U7kb-4A;0.1479;disappointed;skincare-first;;;;Faltenlos gibt's mich nicht. Nur mit Falten im Gesicht. #funny #comedy
0_219424_26_1453378806811749;0.148;seeking;skincare-first;spf,aging-signs;;spf;☀️ Was Sie über den Lichtschutzfaktor (LSF) wissen solltenDer LSF schützt vor UVB-Strahlen, die Sonnenbrand verursachen. Doch ein hoher LSF allein reicht nicht aus.✔️ LSF 30 filtert ca. 97 % der UVB-Strahlen✔️ LSF 50 filtert ca. 98 %✔️ Achten Sie zusätzlich auf das UVA-Symbol im Kreis, es schützt vo
0_218673_9_14237414077912941;0.148;enthusiastic;skincare-first;aging-signs;;;das traurigste am ganzen: habt ihr mal die schauspielerin gesehen, nach dem die alte gemodelt ist???? die sieht gut 20 jahre jünger aus im real life! lasst mich bitte das model neu machen! ich liefer 10 mal besser ab! und auch 10 mal attracktiver. keiner will mama merkel falten in dem gesicht der pr
0_221687_190_3753953797388724974;0.148;enthusiastic;skincare-first;retinol,aging-signs;;;"Retinol – der „All-Time Champion"" der Anti-Aging-Wirkstoffe – jetzt in unserem Retinol+ Set erhältlich.NEU: Die Retinol+ Serie wächst um 2 neue Produkte: Die Retinol+ Creme und Retinol+ Creme Light. Beide neuen Cremes enthalten den ‚Pro-Retinol Compound', eine Symbiose aus drei verschiedenen Retinoi"
0_221687_26_1246656990832151;0.148;enthusiastic;skincare-first;retinol,aging-signs;;;"Retinol – der „All-Time Champion"" der Anti-Aging-Wirkstoffe – jetzt in unserem Retinol+ Set erhältlich.NEU: Die Retinol+ Serie wächst um 2 neue Produkte: Die Retinol+ Creme und Retinol+ Creme Light. Beide neuen Cremes enthalten den ‚Pro-Retinol Compound', eine Symbiose aus drei verschiedenen Retinoi"
0_219424_190_3936150000234641141;0.1481;seeking;procedure-curious;peel,aging-signs;radiofrequency;;"💪🏻😍 𝗦𝗼𝗻𝗱𝗲𝗿𝗽𝗿𝗲𝗶𝘀𝗲 𝗯𝗶𝘀 𝟭𝟳. 𝗝𝘂𝗹𝗶Die innovativste Kombination aus 𝘿𝙚𝙚𝙥-𝙉𝙚𝙚𝙙𝙡𝙞𝙣𝙜 und 𝙍𝙖𝙙𝙞𝙤𝙛𝙧𝙚𝙦𝙪𝙚𝙣𝙯-𝙀𝙣𝙚𝙧𝙜𝙞𝙚 steckt im 𝗠𝗼𝗿𝗽𝗵𝗲𝘂𝘀𝟴™Typische Anwendungen:✔️ Haut- &amp; Gewebestraffung✔️ Kollagen- und Bindegewebs-Aufbau✔️ Faltenbehandlung✔️ Dehnungsstreifen✔️ CellulitisBei dem sogenannten Deep Needling mit Mor"
0_218673_126_t1_o3ee2nd;0.1481;disappointed;skincare-first;;;;Pigmentflecken Ich würde vielleicht auch noch ein anderes Produkt mit Thiamidol ausprobieren. Gibt ja verschiedene Seren mit dem Stoff, z.B. auch von Nivea. Wer weiß, welchen Inhaltsstoff du davon nicht vertragen hast.
0_218673_8_2065778029305962919;0.1481;seeking;skincare-first;spf,aging-signs;;spf;Garnier Anti-Aging Sonnencreme mit LSF 50, Sonnenschutz mit Hyaluron und Vitamin B gegen Falten und Trockenheit, Ambre Solaire, 1 x 50 ml https://t.co/vqyYnAyB3b
0_219424_9_61252597532363169;0.1482;disappointed;skincare-first;;;;​@danielkirmes Diese armen Milliardäre, sie tun mir so leid, denn sie haben sich Schätze angehäuft die materiell verderblich sind im wahrsten Sinne des Wortes. Auch sie müssen sterben, mit oder ohne Botox. Ihre Schätze und Macht zählen vor GOTT nichts. Sie stehen vor ihrem SCHÖPFER, armselig, blind 
0_219424_126_t1_olpi4jn;0.1482;cautioning;;;;;Honig ist nicht wirklich gesünder als irgendeine andere Zuckerpampe Und enthält (wenig) Botox, deswegen dürfen Kinder unter 2 auch keinen Honig bekommen
0_218673_126_t1_nxpq4ox;0.1482;enthusiastic;procedure-curious;;;;Ich bin wohl hässlich. 95kg - 178cm - Glatze - Wampe - Augenringe des Todes und komisches Seitenprofil. Was muss ich tun um lächerlich sexy auszusehen, dass ich modeln könnte? Wo fange ich an? Helft mir bei der Projektplanungsphase. 75kg bei 1,78m ist sogar eher an der oberen Grenze vom Normalgewich
0_219424_23_42282661918827935;0.1483;satisfied;skincare-first;hyaluronic-acid;;pha;medipharma cosmetics Hyaluron Anti-Aging Serum 30 ml ist eine gute Wahl! Ich habe das Produkt gekauft, weil ich es seit Jahren benutze und sehr zufrieden bin.
0_219424_26_1405517294961771;0.1483;seeking;skincare-first;;;;Das hätt ich NIEMALS gedacht 🤯Dein Hund ist Anti-Aging auf vier Pfoten. 🐾 Eine Studie mit 3,4 Mio. Menschen zeigt: Hundehalter leben im Schnitt länger besonders, wenn sie alleine leben. Der Grund: mehr Bewegung, weniger Einsamkeit, weniger Stress.*Zusammenhang aus einer Beobachtungsstudie, keine ind
0_218673_126_t1_nf4ierh;0.1484;enthusiastic;procedure-curious;aging-signs;;;Pigmentflecken im Auge Mir ist auch aufgefallen, dass Miezen, werden sie älter, braune Flecken entwickeln. Dass das hier aber nur vermehrt in einem Auge vorkommt, macht das eher unwahrscheinlich. Vor allem, weil das andere vollkommen normal pigmentiert ist. Auf alle Fälle deiner Miez alles Gute!
0_218673_126_t3_1otci4x;0.1484;seeking;skincare-first;;;;Habt ihr Empfehlungen für ein Kosmetikstudio in Graz? Kennt jemand in Graz eine Kosmetikerin mit langjähriger Erfahrung, die sich ausschließlich auf Hautbehandlungen spezialisiert hat? Die mir Tipps geben kann für Nahrungsergänzungsmittel, Ernährung und alles was dazu gehört?Ich möchte gerne meine P
0_221687_140_7661738891614948640;0.1484;satisfied;;hyaluronic-acid,niacinamide-peptides;;;Schon mal weissen Trüffel im Gesucht gehabt? Das D'Alba White Truffle Serum mit weissem Trüffel ist nicht ohne Grund so beliebt. ✨ Enthalten sind unter anderem weißer Trüffelextrakt, Niacinamid, Vitamin E, Hyaluronsäure sowie eine Mischung aus Avocado-, Sonnenblumen- und weiteren Pflanzenölen. Dazu 
0_219424_126_t1_ogxg2yk;0.1485;enthusiastic;skincare-first;;;;Wie nehmt ihr trans Personen wahr? Nochmal bisschen ausführlicher..ich empfinde dieses extrem auf süßes Girlie/Weibchen als sexistisch.... von Männern aufgedrückt weil wer kann sich sozialen Themen widmen wenn erstmal 2 Stunden skin Routine sein muss. Vielleicht bin ich zu Gen X aber Frauen sind doc
0_218673_8_2016440489386344865;0.1485;satisfied;procedure-curious;aging-signs;;;@MedienfuzziShow Hatte Lang eine Gesichts OP? Denn die sieht anders aus. Hätte sie in der kurzen Zeit von alleine so viel  Gewicht verloren, gäbe es im Gesicht sicher Falten, aber von dem vielen Steuergeld, das sie bekommt, könnte sie sich solche großen Sprünge schon leisten.
0_218673_9_22542637531601688;0.1486;disappointed;procedure-curious;aging-signs;;;Hier mein Zeuggnis für euch lieben ❤ Bin ein lebendiges Zeugnis vom Herrn auf zwei Beinen, ... War vor ca. 9 Jahren für ca 8 Sekunden in der Hölle, weil ich den Herrn darum gebeten habe ! Mein schlimmster tag auf diesem Planeten! !!! Oder unter dem planeten ! Musste die nexten tage arbeiten, konnte 
0_218673_9_yt.VnVSmJfiSmU;0.1486;enthusiastic;procedure-curious;;;;Aufbringen eines dekorativen Abziehbilds auf eine handgefertigte Tasse in Blumenform Das Video zeigt eine Kunsthandwerkerin, die in einer Töpferwerkstatt akribisch ein dekoratives Abziehbild auf eine handgefertigte Keramiktasse aufbringt. Mit Schutzhandschuhen positioniert sie sorgfältig eine gelbe 
0_219384_9_yt.3Bcgvl2qZKg;0.1486;enthusiastic;;;;;😱 Die 5 tödlichsten Raubtiere der Erde und die Feinde, die sie besiegen können | Tierdoku Was passiert, wenn der König des Dschungels gar nicht der ist, der wirklich das Sagen hat? Oder noch schlimmer… welches Tier ist in der Lage, einen Großen Weißen Hai allein durch seinen Geruch in die Flucht zu 
0_221687_190_3755529024986844423;0.1486;enthusiastic;skincare-first;retinol,niacinamide-peptides;;niacinamide;"What's coming in November by KLAPP 💫Ein kleiner Vorgeschmack auf das, was euch diesen Monat erwartet:✨ Wirkstoffkosmetik für strahlende Haut🎁 Adventskalender &amp; Weihnachtssets💙 Einsatz für Männergesundheit – #Movember…und das ist erst der Anfang. 😉Bleibt gespannt – mehr Highlights folgen! ✨ What'"
0_221687_190_3873605742045818226;0.1486;enthusiastic;;aging-signs;;;Warum deine Haut das braucht?Weil echte Hautveränderung auf Zellebene beginnt.Q10 liefert Energie.Pflanzliche Stammzellen stärken deine Hautstruktur.Cell Recovery Cream – sichtbar mehr Stärke. sichtbar mehr Glow.👉 Hol dir deine Zellpower über den Linkhttps://www.dermatude-deutschland.de/produkt/derm
0_219424_140_7660825284605644064;0.1487;seeking;;price;;;Das Dr. Melaxin Anti-Aging-Bundle enthält alle viralen Produkte, inklusive den beliebten Calcium Stick – und kostet aktuell kaum mehr als ein Produkt allein.
0_218673_126_t1_oarq8l7;0.1487;cautioning;procedure-curious;retinol,aging-signs;;;"👀 Gossip https://preview.redd.it/0am534iujfpg1.jpeg?width=653&amp;format=pjpg&amp;auto=webp&amp;s=a169c8521d5577c60f4c7b53b3546f76061f1f32Also nochmal zum Thema „mein Account ist ein Safe Space"".Ein Safe Space wäre ein Ort, an dem man auch mal Kritik äußern darf, ohne direkt vor Hunderttausenden -me"
0_221687_26_1330677808858430;0.1487;enthusiastic;;;;;✨ Entdecke die Top 3 DeLixir Favoriten für Gesundheit und Schönheit! ✨💥 DeLixir Multi-Energy — Reine Vitaminenergie!Versorgt dich mit einer starken Mischung aus Vitaminen, Mineralstoffen, Coenzym Q10, Selen und Lutein.Perfekt für alle, die aktiv bleiben, ihr Immunsystem stärken und Müdigkeit reduzie
0_221687_190_3815653882396323229;0.1487;disappointed;skincare-first;aging-signs;;;Pure clarity. Pure skin.VisHya Hyaluronic Acid 0.36% Serum med - Anti-Aging in seiner pursten Form.Kristallklare Texturen, inspiriert von der Reinheit alpinen Quellwassers.Reduziert auf das Wesentliche – für Haut, die sichtbar klarer wirkt.#VisHya #HyaluronicAcid #CleanBeauty #NaturalCosmetics #Pure
0_219424_9_yt.4jjS7VH8_qk;0.1488;cautioning;;;;;Männer über 50: 4 Früchte, die den Testosteronspiegel steigern – und 4, die ihn senken 💪🍎 Männer über 50: Wussten Sie, dass bestimmte Früchte Ihren Testosteronspiegel unterstützen können, während andere Ihren Hormonhaushalt möglicherweise negativ beeinflussen? In diesem Video erfahren Sie, welche 4 
0_221687_190_3829606260429961548;0.1489;disappointed;;laser,hyaluronic-acid;;;🖤Geschenkideen zum Valentinstag für Ihn🖤Du suchst noch das perfekte Geschenk? Hier sind unsere Favoriten für einen unvergesslichen Valentinstag:✨ Düfte mit Charakter• Tom Ford – Ombré Leather• YSL – MYSLF• Prada – Paradigme• Paco Rabanne – Invictus Parfum• Giorgio Armani – Acqua di Giò Profondo🧴 Pfl
0_219424_9_64745018088011682;0.149;satisfied;;;;;Donald ist älter als Botox Wladi, ist älter,hat jedoch goldene Haare
0_221687_190_3759191957747271881;0.149;satisfied;skincare-first;;;aloe;Warum wirkt dieses Duo stärker als jede Anti-Aging-Creme? 🧐 Weil Aloe Vera und Kaktusfeigenkernöl sich perfekt ergänzen:  Aloe Vera bringt tiefe Feuchtigkeit, einen Straffungseffekt und unterstützt die natürliche Regeneration. Das Öl versorgt dich mit Vitamin E, C und K und wird durch das Gel noch t
0_219424_9_24468897190785190;0.1491;cautioning;;botox;;;Den meisten von denen haben sie das Botox direkt ins Hirn gespritzt.
0_219424_126_t1_ou68isx;0.1491;satisfied;procedure-open;price;;;"Haben wir noch eine freiheitlich demokratische Grundordnung, wenn uns das Jobcenter befehligen und bestrafen kann, wie es Lust hat? Da fängt das Problem ja schon an: Arbeitsfähige...Was ein Großteil der Bezieher nicht sind. Und ich meine nichtmal die mit ""zeitlich auffällig günstigen vorübergehenden"
0_218673_8_2019866821613310171;0.1491;satisfied;;botox,aging-signs;;;#Sonja muss wohl spätestens nächstes Jahr zu #ibes einen Rollkragen oder Schal tragen,denn der Unterschied von ihrem #Botox-Gesicht und ihrem unbehandelten,natürlichem,Falten-Hals ist schon sehr krass!!#ibes206 #dschungelcamp
0_218673_126_t1_ngzzlj9;0.1493;satisfied;procedure-open;;;;Warum glauben meine verdammten Nachbarn, dass nachts um 1 Uhr Möbelrücken ein Hobby ist Ich hab letztens mal hoch gebrüllt und gefragt, ob die Scheisse um halb 2 sein muss, im Gegensatz zu denen müssen wir morgens zur Arbeit. Da war's mal ne zeitlang gut. Mittlerweile hat es wieder angefangen. Aber 
0_221687_140_7615649454334643458;0.1493;enthusiastic;skincare-first;retinol,vitamin-c;;retinol;"Nach meinem Video über ANfängerprodukte habe ich ganz viele Fragen dazu bekommen, welche Vitamin-A-Produkte ich denn aktuell benutze und hier sind drei meiner liebsten Retinol/Retinal Produkte. Links findet ihr wie immer in der Bio in meinem LTK &lt;3 #skincare #retinol #antiaging"
0_219424_9_36888449965957950;0.1494;disappointed;skincare-first;fillers;;;Ich schreibe es nochmal, Ceddo.Sie ist ein Püppchen, das sich nicht gerne dreckig macht und sich auf dem Beifahrersitz eines Luxusautos am wohlsten fühlt.Sie ist viel zu doll geschminkt und hat schon Unterspritzungen in ihrem jungen Alter.
0_219424_190_3941598957049835867;0.1494;seeking;procedure-curious;fillers,aging-signs;;;Was bedeutet eigentlich Regeneration auf Zellebene? ✨Bei einer Exosomen-Behandlung werden hochspezialisierte Botenstoffe gezielt in die Haut eingebracht. Diese unterstützen die Kommunikation zwischen den Hautzellen. Im Unterschied zu klassischen Unterspritzungen steht dabei nicht Volumen im Vordergr
0_218685_8_2056376850117460031;0.1494;cautioning;;hyaluronic-acid,celebrity;;;Noch bis zum 23. Mai bringen die Stars bei den Filmfestspielen in Cannes jede Menge Glamour an die Côte d'Azur. Wir kennen das Make-up-Geheimnis der Promi-Ladies: Sie schwören auf eine Creme-Foundation aus der Drogerie, die die Haut wie ein Hyaluron-Seru… https://t.co/YQ0VeUWq5t https://t.co/QVWGZoQ
0_221687_9_yt.w30NwbAS6eM;0.1494;seeking;skincare-first;retinol,spf;;retinol;Retinol oder Retinal? Der komplette Guide 2025 – Wirkung, Anwendung & wichtige EU-Änderung Retinol, Retinal, Vitamin A – was wirkt wirklich?In diesem Video erkläre ich Dir leicht verständlich, was der Unterschied zwischen Retinol und Retinal ist, warum so viele Hersteller ihre Produkte 2023/2024 anp
0_219424_9_yt.Z2cB7wUEpzY;0.1495;cautioning;skincare-first;;;;Ich bin 73, sehe aus wie 30 🥬 Was Chef Babette Davis isst #ChefBabette #AntiAgingErnährung #VeganerLebensstilIch bin 73, sehe aber aus wie 30 – erfahren Sie, was Chef Babette Davis jeden Tag isst, um jünger auszusehen.Entdecken Sie die Geheimnisse der pflanzlichen Ernährung und der ganzheitlichen Ge
0_219424_190_3931587750654732725;0.1496;seeking;procedure-curious;laser,celebrity;laser;;Sie gilt seit Jahren als Sport-Vorbild mit Waschbrettbauch und eisernen Trainingsroutinen. Nun überrascht Fitness-Influencerin Pamela Reif (28) mit einem ungewöhnlich persönlichen Einblick: Die Unternehmerin hat in den letzten Monaten gezielt zugenommen und fühlt sich damit wohler denn je.Im Podcast
0_219424_190_3941979697457101707;0.1496;satisfied;skincare-first;aging-signs;;coq10;"✨ Q10 Power für Haut, Körper &amp; Haare! ✨„Die Anti-Aging-Wunderwaffe! Für strahlende Haut, geschmeidigen Körper und glänzendes Haar! 💖🌿""Q10, oder Coenzym Q10, ist eine fettlösliche Substanz, die in allen Zellen vorkommt. Hier sind die wichtigsten Punkte:✨Energieproduktion: Q10 ist entscheidend für"
0_218673_9_39934744150578339;0.1496;enthusiastic;procedure-curious;;;;"Oha! Cosmo ""singt"" wieder nachts! Bewundernswertwie ihr das geduldig mitmacht! Ich hätte Augenringe bis zu den Knien! Ich mag eure Videos!"
0_219424_26_1056685703551338;0.1497;enthusiastic;skincare-first;peel;;;Landschönheit goes Longevity!Liebe Landschönheiten, es stehen Veränderungen in der Landschönheit an. Als erstes ist endlich das wunderschöne Gucci Bild mit echten Swarovski Steinen aus der Küche an die Fensterfront gezogen! Und das ist erst der Anfang! Darüber freue ich mich sehr! Manchmal braucht e
0_219424_140_7663487045859396896;0.1498;enthusiastic;;;;;"Selbstgemachter Eistee für mit Benefits für deine Haut?🍹🍋🍑 Easy mit unserem Blossom Beauty Drink! Blossom Beauty enthält u.a. Kollagen, Biotin, Zink, Aloe Vera &amp; Hyaluron und sorgt so für straffe, glatte, reinere Haut – perfekt für jeden Drink oder einfach pur ✨  Das Rezept findest du hier:  Tee"
0_218673_126_t3_1qgerpg;0.1498;satisfied;procedure-curious;aging-signs,price;;;Wolfgang M. Schmitts Weisheiten über Anzüge (Zusammenfassung, Stream 14.01.26) Beim Thema Anzüge ist Wolfgang eine Instanz. Hatte mir deshalb Wolfgangs Aussagen vom Stream letzte Woche von KI zusammenfassen lassen und manuell aufbereitet. Vielleicht ja für jemanden interessant.•**Hosenlänge**•Die Ho
0_219424_126_t1_oo4kvoi;0.1499;cautioning;;botox;;;tja Bei der CDU haben die lustigerweise alle den fiese Hexe Look. Die damals mit ihrer Lifestyleteilzeit sieht ganz genau so aus. Schwarz gefärbte Haare, Botox im Gesicht, Lifting an allen Ecken. Da scheint die Optik schon über das Innere aufzuklären.😁
0_218673_9_yt.cfVzAy6vurY;0.1499;cautioning;procedure-curious;retinol,aging-signs;;;Isle of Beauty Inh. Tatjana Wiebe Isle of Beauty Inh. Tatjana Wiebe in Kleve: Erfahre mehr über uns in diesem überblicksartigen Imagefilm. Finde heraus, wie du mit uns in Kontakt treten kannst, wann wir für dich geöffnet haben oder verschaffe dir einige Eindrücke unseres Betriebs. Mehr erfährst du z
0_221687_140_7603420468028132630;0.1499;enthusiastic;skincare-first;laser,peel,spf;;aha;"GLOW-PEELINGS IM VERGLEICH // AHA/BHA Glow Refiner und Refining Night Liquid ✨⁠ ⁠ ➕️ Mix &amp; Match: AHA/BHA Glow Refiner – Chemisches Peeling Serum 💗⁠ Unser natürliches Peeling-Serum mit Glow-Effekt.⁠ Ein AHA/BHA-Komplex aus Sommerfrüchten &amp; Weidenrinde wirkt peelend, klärend und spendet gleic"
0_221687_140_7611946051389394198;0.1499;seeking;;retinol;;;🧬 Warum ein Vitamin B12 Mangel deine Haare grau machen kann Graue Haare gelten als Zeichen des Alters. Doch manchmal steckt Biochemie dahinter. Ein Vitamin B12 Mangel kann tatsächlich dazu beitragen, dass Haare früher grau werden. Warum? 1️⃣ Was B12 mit Haarfarbe zu tun hat Vitamin B12 ist entscheid
0_219424_190_3936224165395617713;0.15;enthusiastic;procedure-curious;peel;microneedling;;Aus einer Baustelle wurde ein Ort, an dem sich Menschen wohlfühlen dürfen. 🦋Jede Farbe an der Wand, jede Entscheidung und jede Stunde Arbeit hatte ein Ziel: einen Ort zu schaffen, an dem Schönheit, Vertrauen und Wohlbefinden im Mittelpunkt stehen.Heute öffne ich voller Stolz die Tür zu meinem neuen 
0_219424_9_yt.fqaGnfUli2Q;0.1501;enthusiastic;;;;;Wollen Sie selbst mit 90 noch STÄRKERE Beine? Essen Sie DAS jeden Tag! 💪🦵| Gesundheitsarzt @Gesundheitsarzt 💪🦵 Starke Beine – selbst mit 90? Ja, das ist möglich!Viele Menschen verlieren mit dem Alter Muskelkraft – doch die richtige Ernährung kann einen enormen Unterschied machen. In diesem Video erf
0_219424_26_1622806416101315;0.1501;cautioning;procedure-curious;aging-signs;;;"Die Zunge ist viel mehr als ein Muskel zum Sprechen oder Schlucken.""Die Zunge besteht aus acht einzelnen Muskeln und ist eines der wichtigsten Muskelorgane unseres Körpers.""In ihrer Ruheposition sollte sie am Gaumen liegen. Ist das nicht der Fall, wird häufig durch den Mund geatmet. Das kann Auswirk"
0_218673_126_t1_n9s6bmz;0.1501;disappointed;procedure-curious;;;;Freund schaut Pornos Wie kommst du drauf dass Pornos zu Problemen führen können bei echter Intimität? Ich meine du hast ja anscheinend 0 Ahnung von Porno Konsum, woher also dann diese Annahme?Ich könnte mir 2x einen buttern und es dann meiner Freundin trotzdem wie Rocco Siffredi besorgen. Also da is
0_218685_23_9227628806535283;0.1501;disappointed;skincare-first;peel;;;Sehr schön und erfrischend [Diese Bewertung wurde im Rahmen einer Werbeaktion gesammelt.] Dieses Duschgel riecht soo schön und erfrischend. Ich mag die kleine Kügelchen und den Peeling Effekt sehr! Das Geruch bleibt auch an der Haut lange dach dem Duschen ! 10/10!
0_218685_9_yt.9gtIk8zJVgk;0.1501;seeking;;;;;"Digitale Freiheit und Sicherheit: MibitLabs ebnet den Weg zur neuen Privatsphäre - FREIGEIST Crypto-Handy, Laptop &amp; Softwarelösungen von MiBitLabs: https://mibitlabs.com/mib/317/ Du willst Partner von MiBitLabs werden: https://shortbee.io/MiBitRefKDF🔍 Du willst mehr über die Speaker und ihre Vis"
0_219424_9_64700861686709761;0.1502;enthusiastic;skincare-first;;;;Ich Boomer finde es so krass, wieviele junge Frauen in der heutigen Zeit, ganz übel über Ü 50ig Frauen sprechen!!! Geh mit dir gar nicht konform und Neid ist sicherlich kein Generationsproblem, kann ich dir aus meiner psychologischen Berufserfahrung mitteilen. Außerdem hab ich Ariel im Dschungel tol
0_219424_190_3941227050734589965;0.1502;enthusiastic;procedure-curious;price;;;"Selbstständigkeit ist die beste Entscheidung, die ich getroffen habe — aber niemand sagt dir, wie teuer manche Lektionen sein können. Ich habe schon viel „Lehrgeld"" gezahlt. Heute nehme ich euch mit und zeige, was ich anders machen würde – damit euch das nicht passiert. #lipfiller #leipzig #hyaluron"
0_218685_9_yt.bSkJ_QMWvII;0.1502;cautioning;skincare-first;retinol,vitamin-c;;shea-butter;BEWERTUNG (2025): Valitic Kojic Acid Seife. WESENTLICHE Einzelheiten Dies ist Ihre schnelle Zusammenfassung von Valitic Kojic Acid Seife.👉 Auf Amazon ansehen: https://www.amazon.de/dp/B09MFMCTRK/?tag=16w9h-20 (Affiliate-Link)Entdecken Sie die Valitic Kojic Acid Seife, eine innovative Lösung zur effe
0_219424_9_yt.Dq9cTzY2GYI;0.1503;enthusiastic;procedure-open;facelift;;;MITSUBISHI Outlander Facelift (2017–2022): Wo ist der SD‑Karten‑Steckplatz für die Navigationskarte? In diesem Video zeige ich dir Schritt für Schritt, wo sich der SD‑Karten‑Steckplatz (Map‑SD) beim MITSUBISHI Outlander Facelift (2017–2022) befindet. Du erfährst, wie du das Display prüfst, die Taste
0_219424_9_70404802744586249;0.1503;satisfied;skincare-first;botox;;;Der Typ dem die Nase gebrochen wurde, sollte sich sich, wenn nicht schon geschehen, von solch einer Freundin trennen. Diese Frau hat ja sehr patriarchale Ansichten. Mich interessiert, ob sich diese Dame als woke und progressiv identifiziert und ob sie sich jemals über toxische Männlichkeit aufgeregt
0_221687_190_3948873171363576848;0.1503;enthusiastic;skincare-first;;;;💪🏼 Muskelaufbau ist Anti-AgingViele verbinden Krafttraining vor allem mit Fitness.Dabei ist Muskulatur viel mehr als nur ein ästhetischer Faktor.✨ Sie ist eines der wichtigsten Organe für ein gesundes und langes Leben.Warum?🌿 Muskeln unterstützen deinen   Stoffwechsel.🌿 Sie stabilisieren Gelenke und
0_219424_9_yt.AanXgBv4NYw;0.1504;seeking;;aging-signs;;;Artistry™ Derma-Architect™ Artistry Derma-Architect™ ist ein neues hochentwickeltes Hautpflegegerät für gesund aussehende straffere, glattere Haut. Es stimuliert die Kollagenbildung und fördert die Aufnahme von Artistry™ Pflanzenmikronährstoffen*. * Pflanzenmikronährstoffe aus den Artistry Skin Nutr
0_219424_126_t3_1u6omeb;0.1504;enthusiastic;procedure-curious;;;;"""Wie wilde Tiere"" - Was für ein unglaublich spannender Film! 10/10 Der Film hat mich komplett geflashed. Habe ihn gestern zufällig entdeckt, lässt sich gerade in der Arte Mediathek streamen. Ich schaue momentan leider selten Filme und stehe auf Slow Burn und dichte Atmosphäre voller Spannung und Ung"
0_219424_190_3939016158100898113;0.1504;seeking;procedure-curious;peel,aging-signs;microneedling;;"PhilArt Hair + Microneedling = ein neues Niveau der Haarregeneration ✨Schönes, kräftiges Haar beginnt mit einer gesunden Kopfhaut.PhilArt Hair von Croma ist ein innovatives Präparat auf Basis von Polynukleotiden, das dabei hilft:• das Wachstum neuer Haare anzuregen;• Haarausfall zu reduzieren;• die "
0_219424_190_3941692372256415865;0.1504;enthusiastic;skincare-first;;;;Weil ich es mir wert bin 🧖‍♀️👑Fotos: @foto_grafiertes 🫶🏼#feminismus #satire #hochzeit #hautpflege #botox
0_218673_9_yt.QAWC_XOi9TM;0.1504;enthusiastic;procedure-curious;aging-signs;;;Präzisionsfaltmethoden für professionelle Bekleidungskonstruktion Willkommen in der akribischen Welt der Bekleidungskonstruktion, wo geschickte Hände flachen Stoff in strukturierte, professionell verarbeitete Kleidungsstücke verwandeln. Dieses Video bietet einen exklusiven Einblick in den Prozess de
0_219424_9_30606576057292062;0.1505;satisfied;;;;;Er nimmt Anti Aging Mittel.Dabei ist Testosteron und extrem viel Training sehr schlecht für's Altern.Lächerlich
0_221687_140_7583966773800602902;0.1505;satisfied;;price;;;"Wusstest du, dass unser Körper mit zunehmendem Alter immer schlechter darin wird, beschädigte Zellbestandteile „aufzuräumen""? 🧐 Dieser natürliche Reinigungsprozess heißt Autophagie und er ist entscheidend für Energie, Regeneration und gesundes Altern. Bleiben alte oder beschädigte Zellbestandteile z"
0_219424_9_12283689836038103;0.1506;satisfied;skincare-first;;;;"Schauspieler Stephen Dürr hat in Reality-TV-Formaten (wie ""Kampf der Realitystars"" 2025) enthüllt, dass er sein Gesicht zur Hautpflege und als Anti-Aging-Maßnahme mindestens zweimal wöchentlich mit eigenem Sperma einreibt. Er bezeichnet dies als Eigensperma-Therapie, die Feuchtigkeit spenden und die"
0_221687_126_t3_1qwg380;0.1506;seeking;;vitamin-c;;;"Geek & Gorgeous Wie findet ihr die Produkte von geek &amp; gorgeous?  Die benutzen ja schon teilweise hochprozentige Dosierungen, 15% beim Vitamin C Serum, 20% bei Azelainsäure."
0_219424_126_t1_o2h5bva;0.1507;seeking;procedure-curious;;;;Nehmen wir an ihr dürftet eine kostenlose SchönheitsOP bekommen, was würdet ihr an euch verändern? Ich trinke zwar kein Bier aber da wäre Bier aber da wäre ich auch dabei.
0_219424_126_t3_1rg8pxj;0.1507;disappointed;skincare-first;vitamin-c;;resveratrol;Anti aging Antioxidantien piezo cycle phononen Kristalle Ampere usw. Absolut. Anti-Aging ist die perfekte Anwendung für dein System. Denn Altern ist im Kern nichts anderes als ein Verlust der elektrochemischen Regulationsfähigkeit des Körpers. Und genau hier setzt deine Technologie an.🧬 Die Wissensc
0_218685_15_21731046779382606;0.1507;enthusiastic;procedure-open;peel,spf,aging-signs;peeling;;Klettenwurzel-Haaröl : So wendest du das Öl für gesunde Kopfhaut und schönes Haar an Klettenwurzel-Haaröl ist ein altbewährtes Mittel für gesundes und glänzendes Haar. Es kann bei Haarausfall, trockener Kopfhaut und Schuppen helfen.  Klettenwurzel-Haaröl klingt vielleicht im ersten Moment etwas vers
0_221687_26_1587157066754189;0.1507;satisfied;skincare-first;hyaluronic-acid;;;Haut, die sich von innen heraus verjüngt? Skin Longevity macht es möglich. Zombiezellen im Gewebe bremsen den natürlichen Erneuerungsprozess der Haut und lassen sie schneller altern. Genau hier setzen unsere beiden EterCell Produkte an: Das HYA 4 EterCell Longevity Serum und das EterCell Nahrungserg
0_219424_26_1542755393972562;0.1508;enthusiastic;;;;;Nach der Schönheitsoperation zeigt Davina Geiss bei Instagram ihr neues Selbstbewusstsein. Im Bikini, Arm in Arm mit Mutter Carmen im Beach-Club und gemeinsam mit ihren Freunden genießt die Geissens-Tochter den Sommer. Doch Fans zeigen sich alarmiert beim Anblick dieser Bilder.
0_218673_8_2009315167528521886;0.1508;satisfied;;aging-signs;;;Bei Pigmentflecken gibt es natürliche Wirkstoffe, die effizient Farbstörungen auf der Haut korrigieren, mit Aloe Vera, Immortelle Öl oder Jasmin Öl. https://t.co/1ygEMGX38r
0_219424_126_t1_obp57ye;0.1509;disappointed;;;;;She was live for 40mins after court. She was feral on feral Friday! A literal Botox fairy.
0_219424_9_yt.SIVFdWRDrV8;0.1509;seeking;;;;;Loma Lindas veganer Arzt: Essen Sie DIES jeden Tag und Ihr Körper altert 10 Jahre langsamer #LomaLinda #VeganerArzt #AntiAgingEntdecken Sie die Geheimnisse des veganen Arztes aus Loma Linda, um Ihren Alterungsprozess zu verlangsamen. Wenn Sie dieses spezielle Lebensmittel in Ihre tägliche Ernährung 
0_219424_126_t1_oup79k7;0.1509;satisfied;skincare-first;;;;Juni 2026 - Social Media-Thread über Christian Wolf & Co Habe gerade Zeit und mal auf ihrem Profil geschaut - kann es sein, dass sie an ihren Zähnen was machen lassen hat? Die sehen auf alten Bildern ganz anders aus? Viel kleiner und mit leichter Zahnlücke vorne. Sie hatte wohl auch mal Lipfiller dr
0_219424_140_7663047269100293398;0.1509;cautioning;;;;;"Einfach Nein und nochmals Nein.. Podcast-Ausschnitt von Folge 40 «Badetuch &amp; Botox» «Kuss&amp;Krise» jetzt bei Spotify und Apple Podcasts hören. #schweiz #podcastclips #schweizerdeutsch #Komödie"
0_218673_126_t1_o18xgik;0.1509;seeking;skincare-first;;;;Frage an unter 30 Jährige aus DE, hat jemand von euch mal ein Auslandsjahr oder Work&Travel in Japan gemacht und wie war es? Lol, habe logisches Denken in der Schule übersprungen. Sorry, kannst natürlich antworten wenn du das gemacht hast und jetzt über 30 bist und Falten im Gesicht hast(oder keine 
0_221687_190_3728061953675992164;0.1509;enthusiastic;;;;;HYDROLIPID, YOUTH POWER CONCEPT oder ANTI AGE HYALURON LIFT – welche Serie ist dein Favorit? 😍Kommentiere mit dem passenden Emoji, wir sind gespannt! 👇#Freiöl #Freioel #FreiMoment #Skincare #Favorite
0_221687_140_7613098625316506902;0.151;satisfied;;;;;Oildem Beef Tallow Creme mit Rindertalg , Olivenöl ,Bienenwachs und Vitamin-E , mit Rindertalg aus Weidehaltung , für Gesicht und Körper #skincare #creme #tallow #rindertalg #beef
0_219424_9_54715520376802836;0.1511;disappointed;skincare-first;;;;Hmm - ich habe Fotos von ihr gegoogelt. Ob sie mit Hyaluron nachhilft? Es gibt Fotos, auf denen sie viel älter etc. aussieht. Und diese winzigen dunklen Stellen in der Tränenrinne...
0_219424_9_3997338846550072;0.1511;satisfied;procedure-curious;;;;Eigentlich müssten die Führungsköpfe Riera noch heute freistellen und Fießer bis zum Ende der Saison die drei Spiele machen lassen. Die Journalisten tun mir leid. Keine PK hat seit Beginn seiner Amtszeit irgendwas gebracht. Riera haut einen Spruch nach dem Anderen raus. Beantwortet keine Fragen und 
0_219424_15_11479237980513783;0.1511;enthusiastic;;vitamin-c,hyaluronic-acid,spf,price;;;"☀️ Nivea Sun Schutz & Pflege Spray 200ml LSF 30 ab 6,39€ (statt 11€) 3er Pack 13,77€ 💥 Ein Must-have für diesen Sommer! Amazon hat in den aktuellen Angeboten schon was für den Sommer. Hier gibt es gerade das Nivea Sun Sonnenschutz &amp; Pflegespray ☀️☀️ mit Lichtschutzfaktor 30 für nur 6,39 mit Prim"
0_218673_9_3163036511641227;0.1511;enthusiastic;skincare-first;;;;Ü30 Grace nach einer gescheiterten Schauspielerkarriere, zu viel Make-Up und Augenringe ist doch top? Ich würde gerne mal sehen, was bei Dragon Age The Veilguard passieren würde.... Oder bei Star Wars Outlaws xD
0_218685_8_2072729414173896759;0.1511;seeking;skincare-first;threads;;;Ich habe das hier gerade auf AliExpress gefunden: Neue 3.0 Version MVS Anti-Aging-Maschine mit 15RS 30RS Handstücken RF EMS HIFU für Schichtweise Lifting und Straffunghttps://t.co/wvCx4SRnun
0_219384_8_1996989263636770958;0.1511;seeking;;laser;;;Jemand Erfahrung mit CO2 laser für Die haut?
0_219384_9_yt.EKv6_e1EvfM;0.1511;satisfied;procedure-curious;price;;;Betonrohr balancieren: Wie Bauarbeiter mit Muskelkraft und Präzision Fundamente setzen Feuergeschmiedete Haltbarkeit – oder doch nur Beton und Mut?Vor Jahrhunderten entdeckten Handwerker, dass Stabilität nicht aus Luxus, sondern aus Disziplin entsteht. Heute, im Zeitalter von Maschinen und Algorithm
0_219424_126_t1_nxmy1zo;0.1512;seeking;;;;;Real BOTOX Weib auf der CES2026 und in 20 Jahren kauft jeder Roboter sich selbst einen sex Roboter. 200x Profit
0_219424_126_t1_o38oks4;0.1512;seeking;procedure-curious;;;;Nehmen wir an ihr dürftet eine kostenlose SchönheitsOP bekommen, was würdet ihr an euch verändern? Doch du schuldest es uns.Uns Menschen die Menschen mit Vorhauttaschenerfahrung nicht verurteilen, sondern sie akzeptieren so wie sie sind.Du schuldest es den traditionellen Naturvölkern, die die Kunst 
0_219424_9_yt.b6JJbyIj5Xg;0.1512;enthusiastic;procedure-open;peel;microneedling;;Das meine Kundenbewertungen und wann buchst du dein Termin😅🫶? 📱 0179 Das meine Kundenbewertungen und wann buchst du dein Termin😅🫶? 📱 0179 6964209#Kundenliebe#frankfurt #kundenbewertung #kundenbewertungen⭐️⭐️⭐️⭐️⭐️ #beauty #kosmetik #kosmetikstudio #frankfurtbeauty #aquafacial #microneedling #diodenl
0_218673_15_23319571696469722;0.1512;seeking;skincare-first;price;;;🪒🪒Philips S8697/35 Shaver Series 8000 Herren Elektrorasierer für 105,90€ (statt 159€) Der Philips S8697/35 ist ein noch relativ neues Herrenrasierer Modell aus der Shaver Series 8000 und ist schon bei iBOOD heute zu Gast, zum Preis von 105,90€ mit Versand. Auch könnt ihr, wie schon beim Vorgängermod
0_218673_9_yt.m8VIN3AU13s;0.1512;seeking;procedure-curious;aging-signs;;;BEWERTUNG (2025): NuFACE FIX MicroWand - Mikrostromgerät. WESENTLICHE Einzelheiten Eine schnelle und einfache Anleitung zu den herausragenden Merkmalen von NuFACE FIX MicroWand - Mikrostromgerät.👉 Auf Amazon ansehen: https://www.amazon.de/dp/B0CZ7PDMKY/?tag=16w9h-20 (Affiliate-Link)Entdecken Sie das
0_218673_15_33375537604287122;0.1512;cautioning;skincare-first;retinol,vitamin-c,niacinamide-peptides,spf,aging-signs,price;;retinol;Bestes Retinol-Serum: Wundermittel Vitamin A – diese 7 Produkte helfen wirklich Vitamin A ist ein Mittel gegen Falten, Pigmentflecken und Akne. Wir klären, was das beste Retinol-Serum ist und wie du es effektiv anwendest, damit es dir bei Hautproblemen hilft. Retinol-Seren sind der heimliche Superst
0_218673_9_yt.0MWPrPQfFlU;0.1512;enthusiastic;skincare-first;aging-signs;;;DU wirst das lieben! Lerne, wie du ganz einfach einen süßen Marienkäfer aus Papier basteln kannst 🐞✨Perfekt für Kinder, Bastelanfänger und alle, die kreative DIY-Ideen lieben!In diesem Tutorial zeige ich dir Schritt für Schritt, wie du diesen niedlichen Marienkäfer selber machen kannst – schnell, ei
0_219424_190_3943003301402135434;0.1513;disappointed;procedure-open;;;;Sommer, Sonne, Strand… und deine Beine nehmen dir die ganze Leichtigkeit.Du hast deinen Urlaub gebucht und eigentlich sollte jetzt Vorfreude da sein, doch stattdessen liegst du abends im Bett und genau dieser Gedanke kommt: deine Beine mit so vielen Celluliten, der Bikini, der Moment am Strand und d
0_221687_190_3854793286519456318;0.1513;enthusiastic;;aging-signs;;;Ad | ✨Regeneration für eine sichtbar frischere Augenpartie✨Plinest Eye ist ein injizierbares Polynukleotid-Gel zur gezielten Revitalisierung der empfindlichen Haut rund um die Augen. Die Formulierung unterstützt Zellregeneration sowie Kollagenbildung und trägt zu einer verbesserten Hautstruktur im p
0_218673_15_15321672185108638;0.1514;enthusiastic;procedure-curious;aging-signs,price;;;"Benefit Highlighter – Die 15 besten Produkte im Vergleich Empfohlene Produkte im Bereich „Benefit Highlighter"" Wir haben Produkte im Bereich „Benefit Highlighter"" miteinander verglichen und Empfehlungen für Dich zusammengestellt. Hier findest Du die Top 15 im Bereich „Benefit Highlighter"". Empfehlun"
0_218673_15_45341044404988303;0.1514;satisfied;procedure-open;price;;;How to: Stilsichere Garderobe für den modernen Gentleman Die Kunst des gepflegten Auftritts beginnt nicht erst bei der Gelegenheit selbst – sie entwickelt sich bereits vor dem Kleiderschrank. Während manche Männer ihre Garderobe dem Zufall überlassen, verstehen andere die subtile Macht einer durchda
0_219424_126_t1_o0gufur;0.1515;disappointed;skincare-first;hyaluronic-acid,price;;aloe;"Gibt es einen guten Ersatz hierfür? Also ich find die dm Eigenmarken Produkte immer ganz nice, hab aber nicht so die leave-in Erfahrung. Wäre da es dm Eigenmarken sind aber auch nicht teuer auszuprobieren ;)Btw sind alle Eigenmarken von dm komplett [tierversuchsfrei](https://www.kosmetik-vegan.de/er"
0_218673_8_2038668149734715481;0.1515;satisfied;;niacinamide-peptides;;;'The Peptide Collagen Hydrogel #EyePatch' von #COSRX besteht aus 4 Peptiden, Kollagen, Koffein ☕ und Hyaluronsäure. Die #Augenpads stärken die zarte Haut unter den Augen, mildern Schwellungen, glätten feine Linien und hellen Augenringe sanft auf. https://t.co/46Rtak3WeO https://t.co/PGdf8qgcvy
0_221687_140_7580106940089470230;0.1515;enthusiastic;;aging-signs;;;"Das neue ADVANCED OMEGA BLEND – unsere Weltneuheit. Ein Produkt, das nicht „ein bisschen besser"" ist. Sondern eines, das eine ganz neue Liga eröffnet. Warum? Weil hier drei Power-Wirkstoffe zusammenkommen, die man sonst nie in dieser Kombination findet: 💥 Omega-3 (EPA + DHA in High-Dose) → für Gehir"
0_218673_9_41548109286958377;0.1516;seeking;;aging-signs;;;"Einfache Brötchen😍 Zum Rezept geht es hier.👇🏻Für sechs Brötchen benötigst du:•500g Weizenmehl Type 00 z.B. Teichners' Beste•12g feines Meersalz •310g Wasser•7g Honig•1,5g frische Hefe oder 0,5g trockene 1️⃣Teig kneten: Mehl, Wasser, Salz, Hefe &amp; Honig in eine Schüssel geben und für  10–12 Minute"
0_221687_140_7595678500707716374;0.1516;enthusiastic;;aging-signs;;;"Haar Serum Wachstum und Pflege - PREMIUM Rosmarin+ Haaröl - Bio-zertifiziert, vegan - für gesunden Haar Wuchs mit Jojoba, Argan, Rosmarin &amp; Minze + VITAMIN E - Kopfhautpflege für Frauen &amp; Männer - Made in Germany #tiktokmademebuyit #rosmarinminzöl #hairgrowth #donquiffoficial #selfcare"
0_221687_140_7610487966862937366;0.1516;enthusiastic;;vitamin-c,niacinamide-peptides;;;"NaturElan Kollagen Kapseln - 2000mg Kollagenhydrolysat Peptide Typ I &amp; III mit Hyaluronsäure 400mg, CoQ10 &amp; Vitamin C, 90/180 Kapseln, Ohne Zusätze, Hyaluronsäure Collagen Komplex Hochdosiert"
0_221687_140_7626715636655328544;0.1516;seeking;;vitamin-c,niacinamide-peptides;;;"„What I eat in a Day - ohne Training &amp; Oster Edition 🤤🐣"" *Supplemente direkt nach dem Aufstehen:  - 10g Glutamin - 5g Creatinin  1. Protein Porridge:  - 40g Haferflocken (mit Wasser, über Nacht ziehen lassen) - 15g Designer Whey Lions Cereal 15g  - 1 Ei - 1 Stk. Lindt Zartbitter Zuckerfrei  - 1 "
0_221687_190_3902793388621577528;0.1516;enthusiastic;procedure-curious;retinol,spf,aging-signs;;;"Retinol während eines HydraFacials? Ja — aber professionell formuliert ✨Der Murad Retinol Booster wurde speziell für die Anwendung mit HydraFacial entwickelt und kombiniert moderne Retinol-Technologie mit hydratisierenden &amp; glättenden Wirkstoffen.✨ Unterstützt die Hauterneuerung✨ Fördert einen e"
0_219424_9_yt.I2dYfst60PM;0.1517;enthusiastic;;;;;3 Anti-Aging-Bewegungen, die deinen Körper stärken und deine Energie zurückbringen. ✨💪#Healing #StrokeRecovery #WeightLoss #FatLoss #Beauty #Wellness #Gesundheit #Motivation #TaiChi #AntiAging #JüngerAusSehen #Gewichtsverlust #Yoga #Beckenboden
0_219424_9_10164861086048340;0.1517;enthusiastic;skincare-first;;;;Tiere brauchen kein Botox 😂, ihre Falten sind wunderschön 🤩 Schönes Video liebe Edna ❤🎉😂🙏🏻❤️😻🐈😍🫠
0_218673_9_18472521714587473;0.1517;satisfied;;aging-signs;;;Der färbt seine Haare und benutzt anti falten Creme 😂
0_218673_126_t1_nxpfjsa;0.1517;satisfied;;;;;Anfänge einer Mangelerscheinung? Sind die Pigmentflecken nur auf der einen pflanze? Kann auch Genetik sein und nicht weiter relevant.
0_218673_126_t1_otsuu52;0.1517;seeking;procedure-curious;price;;;These alternate kits are a travesty. Why mess with global brand icons? ModusAlleGenaue ÜbereinstimmungenVisuelle ÜbereinstimmungenEs ist schwer, definitiv zu sagen, ob dieses Bild von einer KI generiert oder modifiziert wurde.Bei genauerer Betrachtung der Bilddetails und des aktuellen Online-Kontext
0_219424_9_yt.I7hsYkNP6Yk;0.1518;enthusiastic;;;;;Wachstumshormon: Der Jungbrunnen durch Fasten erklärt! #shorts Fasten kann Wachstumshormone um bis zu 2000% steigern! Dieses körpereigene 'Anti-Aging'-Hormon regeneriert Knochen, stärkt den Körper und beugt Frakturen vor. Entdecke die Kraft des Fastens für mehr Widerstandsfähigkeit. ##ernährung #ges
0_218673_8_2038730962440159584;0.1518;satisfied;;;;;"@BMG_Bund @ninawarken Die hat ja dieselben ""seriösen"" dunklen Augenringe wie der Herr Wieler. Gibts da wohl noch mehr Gemeinsamkeiten? 🤔"
0_218673_126_t1_odocq1p;0.1518;cautioning;;;;;Was ist euer liebstes Auto? Ok bisschen off topic aber was machen gehen Augenringe die sehen so ein bisschen ähnlich aus und relativ dunkel
0_218673_126_t1_oiggksc;0.1518;disappointed;procedure-curious;;;;Pigmentflecken entfernen lassen? [Pigmentflecken lasern](https://www.plastica.ch/schoenheitsbehandlungen/entfernung-von-pigmentflecken-und-hautroetungen/)Pigmentflecken entfernen wir häufig mithilfe der VPL-Lasermethode (Variable Pulsed Light). Dabei werden kurze, kontrollierte Lichtimpulse eines be
0_221687_190_3865657979614039407;0.1518;disappointed;skincare-first;retinol,vitamin-c,hyaluronic-acid;;aloe;"Looking for a special gift?✨Our Anti-Aging Booster Set combines retinol, hyaluronic acid &amp; vitamin C in a luxurious gift box – formulated with organic aloe vera for intensive care.Vegan, clean beauty certified and free from microplastics, parabens, silicones &amp; mineral oils. One of the most b"
0_218673_8_2078721104747626777;0.1519;disappointed;;;;;"8-Uhr-Vorstellung von ""Die Odyssee""aka""Popcorn und Augenringe"" 🫩 https://t.co/h5OvA9GxjM"
0_219424_126_t3_1tsyfmd;0.152;enthusiastic;;facelift;;;"Der Beautywandel von Harald Glöckler Harald Glöckler ist der selbsternannte ""Prince of Pompöös"". Über die Jahre hat der deutsche Modedesigner sich ganz schön verändert: von Gesichtsstraffungen über Hyaluron-Filler bis hin zu Lippenkorrekturen. In diesem Jahr feiert der Modeschöpfer seinen 60. Geburt"
0_219424_190_3930796895527721518;0.152;disappointed;skincare-first;;;;💫Es gab eine Zeit in meinem Leben, da dachte ich, ich müsste einfach nur noch weniger essen.Ich kannte jede Kalorie.Ich wusste genau, was ich essen durfte und was nicht.Ich habe Mahlzeiten ausgelassen, ständig auf etwas verzichtet und versucht, meinen Körper unter Kontrolle zu bekommen.Doch anstatt 
0_221687_190_3882594352086569267;0.152;satisfied;skincare-first;niacinamide-peptides,aging-signs;;amino-acids;"✨ Nano Needling mit Silikon-Hohlspitznadeln &amp; Nexosomen ✨Sanft. Innovativ. Tiefenwirksam. 💧Beim Nano Needling arbeiten wir mit feinen Silikon-Hohlspitznadeln, die besonders schonend zur Haut sind und gleichzeitig die Aufnahme hochwirksamer Wirkstoffe deutlich verbessern.🔬 Was bedeutet TDDS?TDDS "
0_219424_9_yt.kSAkqSAmS3o;0.1521;seeking;;;;;Senioren: Essen Sie Heidelbeeren NIEMALS mit diesen 3 Lebensmitteln! | Gesundheitsarzt @Gesundheitsarzt 🫐 Achtung Senioren! Wussten Sie, dass Heidelbeeren in Kombination mit bestimmten Lebensmitteln gesundheitliche Probleme verursachen können?In diesem Video erfahren Sie, welche 3 Lebensmittel Sie n
0_219424_26_1688063579992220;0.1521;enthusiastic;;aging-signs,hyaluronic-acid;;;🫧 HYALURON BODY: Hyaluron für den Körper:  Hyaluron Body  ist eine Hyaluron Bodylotion mit leichter Textur, die der Haut einen intensiven Feuchtigkeits-Kick schenkt.💦 CAPS- Der Feuchtigkeitsboost für durstige Haut. Die Feuchtigkeitskapseln polstern trockenheitsbedingte Fältchen von innen auf und ver
0_219424_190_3943365441767146018;0.1521;enthusiastic;skincare-first;;;aloe;Trockene Haut? Nicht mit uns. 🤍Unser Calu N° 3c Cell Repair Wirkstofföl ist der Pflegebooster für trockene und anspruchsvolle Haut. Wertvolle Naturöle, hochdosiertes Vitamin E und Bio-Aloe Vera pflegen intensiv, unterstützen den Zellschutz und sorgen für ein sichtbar glatteres, entspanntes Hautbild.
0_218673_9_yt.iolcXqNiCqY;0.1521;disappointed;skincare-first;retinol,spf,aging-signs,price;;spf;Ich Rieb Dieses ÖL Jeden Abend ins Gesicht und Sehe 20 JAHRE Jünger Aus (Bin 78) Ich Rieb Dieses ÖL Jeden Abend ins Gesicht und Sehe 20 JAHRE Jünger Aus (Bin 78)Description: WAHRE VERWANDLUNG MIT 78 JAHREN! Dieses natürliche Öl reduzierte 43% meiner Falten in nur 8 Wochen - und kostet weniger als ei
0_221687_190_3910463850600575752;0.1522;satisfied;;vitamin-c,aging-signs;;;✨ TRINKE DEINE HYDRATION-GLOW-POWER ✨Strahlende, hydratisierte und gesunde Haut beginnt auch von innen 💖🥤Dieser cremige Beauty-Shake kombiniert antioxidantienreiche Früchte, gesunde Fette und feuchtigkeitsspendende Zutaten, die deine Haut von innen unterstützen und ihr einen natürlichen Glow verleih
0_218673_126_t1_oyxh0pq;0.1523;satisfied;procedure-curious;;;;Jeder, der Fleisch und Wurst isst, sollte einmal in seinem Leben sehen, wie die Tiere gehalten und getötet werden Ich war im schlachthof (lebensmittelbezogener job), perfiderweise gings von den abgepackten steaks rückwärts zu den lebenden tieren. Bei der ersten kuh, die frisch getötet die ca. 4m lan
0_221687_126_t1_o0kqged;0.1523;seeking;;vitamin-c;;;Looking for another vitamin c serum RoC
0_221687_140_7637536144049065248;0.1523;enthusiastic;;spf,celebrity;;;Mailand war gestern ganz klar in seiner Gold Era. ✨ 50 Influencer*innen aus ganz Europa kamen zum Anti-Age-Gold Event zusammen, um mit uns eine neue Ära von Anti-Age zu feiern. Für Eucerin Deutschland mit dabei: @valentinapahde und @lauranoltemeyer. 🤍 Von goldenem Entrance über Skin Science bis zu D
0_219424_126_t3_1rdg6az;0.1524;cautioning;procedure-curious;;microcurrent;;Bauplan: Programmierbarer Kr-85-Kauterisator/Galvanisator (PKG) Basierend auf unserer gesamten Diskussion – von Ionengattern über Krypton-85 bis zur medizinischen Anwendung – hier der vollständige technische Bauplan. 🏗️ Systemarchitektur ``` ╔═════════════════════════════════════════════════════════
0_219424_9_yt.NQESbxj4gms;0.1524;disappointed;;;;;9 schöne deutsche Sängerinnen, die von Schönheitsoperationen besessen sind 9 berühmte deutsche Sängerinnen, deren Schönheit durch plastische Eingriffe drastisch verändert wurde – dieses Video enthüllt die schockierende Wahrheit hinter dem Kampf gegen das Altern im Rampenlicht. Von Nina Hagen bis Kat
0_219424_9_20577438094707779;0.1524;enthusiastic;;;;;Bro hed Profilbild mitere Tante wo Botox ide Schnore hed wie kei Ahnig was und labered 😂😂😂
0_219424_8_2081468054710665506;0.1524;seeking;skincare-first;spf,aging-signs;;spf;Garnier Anti-Aging Sonnencreme mit LSF 50, Sonnenschutz mit Hyaluron und Vitamin B gegen Falten und Trockenheit, Ambre Solaire, 1 x 50 ml https://t.co/vqyYnAz8SJ
0_218673_126_t1_ospw0zn;0.1524;cautioning;skincare-first;;;;Is there any age standards to be called a twink? Ich bin 53, schlank Ganzkörper rassiert und habe eine sehr glatte Haut,keine falten und nieman würde denken ich bin 53,bin sehr jung gehalten und würde mich als ältern junggehalten Twink sehen. Ich habe schon viele jüngere unter 30 gesehen vom körperl
0_221687_9_12971938757569169;0.1524;enthusiastic;skincare-first;vitamin-c;;;Tolles Video u.ich liebe auch die K.Beauty.Könntest du mal ein schönes K Beauty Vitamin C  Serum empfehlen??? LG
0_219424_126_t1_o3ekw3a;0.1525;enthusiastic;;;;;Komischer Emoji?? Sieht nach Botox-Emoji aus 🤣 wtf
0_219424_9_20075886570217119;0.1525;disappointed;;;;;Dazu noch 2 Kilo schminke, hyaloron, Botox und silikon 😂
0_219424_126_t1_ohf9lsq;0.1525;disappointed;procedure-curious;botox;;;GKV Irrsinn und Unternehmertum Ach ja, unternehmerische Freiheit im Gesundheitswesen, da sieht man ja an anderern Ländern, wie toll das funktioniert.Menschen mit Krankheiten, die nicht soviel Geld bringen, können halt schaun wo sie bleiben, genauso wie Menschen, die arm sind.Krankenversicherungen gä
0_219424_26_1585871539765158;0.1525;enthusiastic;procedure-curious;;;;🎶 Entdecke die Heilkraft deiner eigenen Stimme! Singen ist weit mehr als nur musikalischer Ausdruck – es ist eine kraftvolle Medizin für Körper, Geist und Seele. Hier sind 7 faszinierende Gründe, warum du jeden Tag singen solltest:🌟 Pure Lebensenergie: Gesang erzeugt tiefgreifende Schwingungen im Kö
0_219404_8_2056388489785073975;0.1525;satisfied;procedure-curious;botox,price;;;🔬 SCIENCE :Biotech-Innovationen in der Ästhetik und Onkologie sowie neue Erkenntnisse zu Mikroplastik-Entfernung und Stoffwechsel. Ipsen präsentiert Phase-2-Daten zu einem langwirksamen Neurotoxin als Botox-Alternative. Regeneron scheitert mit LAG-3/PD-1-Kombi gegen Keytruda beim Melanom. Ein kimchi
0_221687_9_yt.CXfXOuKy7wE;0.1525;enthusiastic;skincare-first;retinol,vitamin-c;;;"Die Wahrheit über Anti-Aging: Monika Gruber & Judith Williams | Die Gruaberin ℹ️ Die ganze Folge neu bei ServusTV On: https://www.servustv.com/unterhaltung/v/aahy91dzf07kq941q6j4/?utm_source=youtube&amp;utm_medium=organic_sm&amp;utm_campaign=calltoaction&amp;utm_content=YT-Textℹ️ UND überall dort, w"
0_219424_15_56718272359305544;0.1526;seeking;;;;;Anti-Aging fürs Gehirn: Diese Ernährungsform hält dich länger fit Was wir essen, beeinflusst nicht nur unseren Körper, sondern auch unser Gehirn. Eine neue Studie legt nahe, dass die richtige Ernährung den Alterungsprozess im Kopf deutlich verlangsamen kann. Doch welche Ernährungsweise steckt dahint
0_219424_9_yt.j1SdLnLjnh4;0.1526;seeking;procedure-curious;;;;Warum Looksmaxxing eine Lüge ist (Abturn!) Du bist im Job erfolgreich, aber im Dating läuft es nicht so, wie du willst?Dann hol dir ein kostenloses und ehrliches 1:1-Feedback zu deiner Situation.Wir schauen uns gemeinsam an, woran es wirklich liegt und was du konkret verändern kannst.Wenn du bereit 
0_218673_9_46979450309711456;0.1526;satisfied;procedure-curious;;;;"Alex, du siehst gut aus 😅   mal sind es die Augenringe, dann sind es die zerzausten Haare und am nächsten Tag sind es die vielen Kippen oder was 😅 ??  Mir ist das Latte !!!  Du machst deinen Job gut bei YouTube &amp; bist ein cooler Typ. Und falls es dir mal nicht so gut gehen sollte, ist das wohl M"
0_218673_15_4437796138236340;0.1526;seeking;;aging-signs,celebrity;;;Oh oh Sonne: Was tun bei Pigmentflecken? Wutha-Farnroda, 08.07.2026 (lifePR) – Kennen Sie das? Sie genießen einen schönen Sonnentag und statt eines gleichmäßigen, gesunden Teints kommen eher braune, unregelmäßige Flecken zum Vorschein? Das können Pigmentflecken sein. An sich ist die Braunfärbung der
0_219384_126_t1_oj4aijd;0.1526;seeking;procedure-curious;laser;laser;;Haare Lasern - Erfahrungen Ich mach das seit Jahren mit einem IPL Gerät zu Hause alleine und die Ausgabe hat sich schon lange amortisiert. Das funktioniert bei mir aber auch nur so gut, weil ich dunkle Haare und helle Haut habe. Auch beim professionellen Lasern hält das nicht für ein ganzes Leben. I
0_221687_140_7584132758629354784;0.1526;enthusiastic;skincare-first;;;aha;🖤 Ich habe die Garnier SkinActive AHA+BHA mit Kohle 3in1 Mattierende Air Cream zum Testen erhalten ✨ 🌿 Die leichte, gelartige Textur zieht super schnell ein und klebt überhaupt nicht 🖤 Trotz der schwarzen Farbe hinterlässt die Creme keine Rückstände ✨ Die Haut fühlt sich nach der Anwendung sofort gl
0_221687_190_3820669284217858826;0.1526;enthusiastic;skincare-first;hyaluronic-acid,aging-signs;;;"HIGH-DRATE - Der Glowmaker 💧💧 Leichte Feuchtigkeit. Starker Glow. ✨Unsere innovative Feuchtigkeitspflege basiert auf dem Well-Aging-Prinzip und unterstützt die Haut genau dort, wo sie es braucht:Sie baut die Hydro-Elastic-Matrix 🧬 auf und erhöht den Feuchtigkeitsspeicher – mit Hyaluron &amp; wertvol"
0_219424_126_t3_1r7yj68;0.1527;seeking;procedure-open;;;;30mm EPS Fußbodenheizung und Fermacell 2E22 federt am Rand Morgen,wir sanieren einen Altbau und haben den Fußboden rausgerissen und mittlerweile neu aufgebaut(Perlite 15mm bis 40mm und verdichtet, alukaschierte PUR Platten 80mm, 22mm ESP Platten (OSB in gesund)). Das ganze wurde in den letzten Tagen
0_219424_190_3936560841279205600;0.1527;enthusiastic;procedure-curious;peel;microneedling;;Bei Fragen | Interesse melde dich gerne per DM bei mir. Vielen Dank! Deine Lena🤍#stuttgart#leonberg#böblingen#ludwigsburg#microneedling
0_218673_126_t1_npaa1nr;0.1527;disappointed;procedure-curious;price;;;Montagmorgenfaden - Augenringe-Edition War der völlige Abriss. Band geil, Show geil, Publikum geil. Wir waren relativ grade zur Bühne, da war der Sound super, die Logen / Seiten hatten wohl Probleme.Obligatorisch für alle, die demnächst ihr erstes Konzert haben: Investiert ein paar Euro in Konzertoh
0_219424_126_t1_nzx3ki4;0.1528;satisfied;procedure-open;;;;Liegt es an mir oder werden kaum noch gute Filme produziert? Die synchronisation wird auch immer beschissener, und die farben, der turboschnitt, Wackelkamera und grottiges soundmixing. Gedudel filmmusik. Keine charakterentwicklung. Gesichter alle Botox. Dumpfbacken humor während dramascene.Die cgi s
0_221687_26_1016873047523328;0.1528;enthusiastic;;vitamin-c;;;🍇 Traubenkernextrakt (OPC) (https://tinyurl.com/exbj7ab7) – starke AntioxidantienTraubenkernextrakt ist eines der wirksamsten natürlichen Antioxidantien. Bis zu 50-mal stärker als Vitamin C und 20-mal stärker als Vitamin E.🔣 Starker Zellschutz gegen freie Radikale🔣 Schützt Herz und Gefäße, verbesser
0_219424_126_t1_ouds905;0.1529;disappointed;;;;;ich_iel Nehmen wir mal den arabischen Raum und Ostasien als Vergleich. Im arabischen Raum hast du es tagsüber viel mit trockener Hitze zu tun, abends kühlt es aber ab. In Wüsten ist halt buchstäblich nichts, was Temperatur hält. Ein Tee, abends gekocht ist angenehm, der kann auch tagsüber noch lulli
0_221687_26_1461867125304429;0.1529;enthusiastic;skincare-first;vitamin-c;;;"💫✨STORYTELLING 💫✨Erlebe diese Lady heute Abend live in unserem Masterclass Zoom: BODY AND GLOW um 20.30 Uhr Zitat: Ich bin Pierina, 39 Jahre alt,Mama von zwei kleinen Wirbelwinden (fast 4 &amp; fast 2) 👶🏼👧🏼und arbeite Teilzeit im Büro als Direktionsassistentin.Lange Zeit war mein Körper am absoluten"
0_219424_9_yt.N43O4cEU11Q;0.153;seeking;;;;;Große Heidelbeeren – Das Nr. 1 Superfood für dein Gehirn! 😱💙 Frische  – So gesund sind sie wirklich! Schaut euch diese wunderschönen, großen Heidelbeeren an! 🫐💙Prall, dunkelblau, glänzend – eine ganze Schachtel voller Gesundheit! Heidelbeeren gehören zu den gesündesten Früchten der Welt. #Heidelbeer
0_219424_9_yt.5kfv4rSeqyE;0.153;seeking;;;;;Japans ältester Arzt: Essen Sie diese Lebensmittel jeden Tag – und Sie könnten 100 Jahre alt werden 🍎 Japans ältester Arzt verrät: Welche Lebensmittel sollten Sie jeden Tag essen, um länger, gesünder und vitaler zu leben? In diesem Video erfahren Sie die einfachen Ernährungsgewohnheiten, die mit Lan
0_219424_140_7660231706821037344;0.153;enthusiastic;procedure-curious;fillers,aging-signs;pdrn;;✨ PDRN oder Polynukleotide – wo liegt der Unterschied? Die gute Nachricht: PDRN ist eine Form der Polynukleotide. Beide Wirkstoffe unterstützen die natürliche Regeneration der Haut und fördern die Kollagenbildung. 💎 PDRN eignet sich besonders für: ✔️ müde und fahle Haut ✔️ feine Linien ✔️ erste Anze
0_221687_190_3759780287208079847;0.153;satisfied;skincare-first;;;ceramides;💜💜💜 Haruharu Wonder💜Ohmybeloved💜💜💜 @haruharuwonder_official @haruharuwonderinfluencers @ohmybeloved_influencers @ohmybeloved_official💜Black Rice Probiotics Barrier EssenceSie kombiniert Inhaltsstoffe wie einen 5-Ceramid-Komplex, einen 5-Fettsäuren-Komplex, Galactomyces-Ferment-Filtrat und Schwarzrei
0_221687_140_7648303846074141984;0.153;satisfied;skincare-first;retinol,aging-signs;;retinol;Beauty of Joseon Revive Eye Serum: Ginseng + Retinal mit seiner reichhaltigen Formel aus Ginseng und Retinal hilft, feine Linien und Fältchen rund um die Augen zu reduzieren und verleiht der Haut ein glatteres und vitaleres Aussehen.
0_219424_9_26978816363891980;0.1531;enthusiastic;;;;;In die Steinzeit....?!😱😱Wieder ugaaaah, ugahhhh, statt Tik Tok, Smartphone und Drohnen! Mal schauen wie das wird..vielleicht sind die Frauen dann endlich wieder natürlicher, ohne Silikon und Botox!🤣😉
0_221687_190_3879601397079598755;0.1531;enthusiastic;skincare-first;hyaluronic-acid;;biotin;✨ Heute habe ich eine Überraschung für dich, die du dir nicht entgehen lassen solltest 🎉Vom 20.04. – 23.04. gibt es die QUADRA Mascara als 🎁 Geschenk, wenn du 3 Produkte bestellst 💕Und ich kann dir sagen… die ist wirklich etwas ganz Besonderes 👀💡 Was macht die QUADRA so besonders?Sie ist ein echtes 
0_221687_126_t1_okaru9u;0.1532;seeking;skincare-first;retinol,niacinamide-peptides,spf,price;;niacinamide;Welches Beauty-Produkt hast du nachgekauft, obwohl es teuer ist? Eigentlich meine komplette Skincare.Paulas Choice BHA, Beauty of Joseon Augencreme und Sonnencreme, the Ordinary Niacinamide, Hyaloron und Retinol Serum. Zu diesen Dingen habe ich noch nichts vergleichbares gefunden.Lediglich meine Tag
0_219424_126_t1_oekb706;0.1533;satisfied;;peel;;;MICRONEEDLING AT HOME ![gif](giphy|ZeiZdsBk9KCBK9PJ7r)
0_218673_9_39100700023225646;0.1533;disappointed;procedure-curious;;;;Oh man , mir geht EDITH richtig auf die TränenSäcke 🙄🙄🙄🙄
0_221687_190_3860640685749993989;0.1533;seeking;;;;;"Einladung zum Live-Stream „Zellenergie und Herzgesundheit - Coenzym Q10""!❤️⚡Was verbindet Herz, Jugendlichkeit und Energie?⚡Im Live-Stream mit Ljudmila Seledzowa gehen wir der reinen Energiequelle auf den Grund: Warum Coenzym Q10 so wichtig ist, wer besonders darauf achten sollte und wie man den max"
0_218673_9_25421887261444942;0.1534;satisfied;skincare-first;;;;Leo ist richtig hübsch geworden ☺️ Sogar seine schwarzen Augenringe, die wohl zu seiner Rasse (Owtscharka ?) gehören, sind nicht mehr so ausgeprägt. Kein Wunder, wenn man nach so einer Käfigzeit jetzt das richtige Leben genießen kann. Hoffe, er wird auch anderen gegenüber verträglicher und will nich
0_218685_126_t1_o66uf5a;0.1534;seeking;;price;;;Gleitgel mit Glycol und saurem PH-Wert? Bodylube Aquafun (gelbes Label) gibts den Liter ab 12€, enthält auch Milchsäure und hat sonst gute Inhaltsstoffe, kein Gedöns. Preiswert und tut was es soll.Solltest du einen saureren PH Wert brauchen als handelsübliche Gleitmittel dir bieten kannst du das sel
0_221687_26_1438812298146695;0.1534;seeking;;;;;"Longevity: Die 12 Merkmale des Alterns (Teil 4)Dr. med. Markus Zillgens | Praxis für Ganzheitliche Medizin Düsseldorf💥 7. Mitochondriale DysfunktionUnsere Mitochondrien sind die Kraftwerke der Zellen – sie liefern 90 % der Energie, die Herz, Gehirn &amp; Muskeln brauchen. Mit dem Alter sinkt ihre Le"
0_221687_190_3757143423853820432;0.1534;seeking;;;;;"Longevity: Die 12 Merkmale des Alterns (Teil 4)Dr. med. Markus Zillgens | Praxis für Ganzheitliche Medizin Düsseldorf💥 7. Mitochondriale DysfunktionUnsere Mitochondrien sind die Kraftwerke der Zellen – sie liefern 90 % der Energie, die Herz, Gehirn &amp; Muskeln brauchen. Mit dem Alter sinkt ihre Le"
0_221687_140_7585496482510294294;0.1534;enthusiastic;;vitamin-c,niacinamide-peptides;;;"NaturElan Kollagen Kapseln - 2000mg Kollagenhydrolysat Peptide Typ I &amp; III mit Hyaluronsäure 400mg, CoQ10 &amp; Vitamin C, 90/180 Kapseln, Ohne Zusätze, Hyaluronsäure Collagen Komplex Hochdosiert #fyp #kollagen #NaturElan #collagen #supplements"
0_218673_23_45397810613850648;0.1535;disappointed;skincare-first;aging-signs;;;Anti-Aging-Power Sag Falten den Kampf an.Mehr Elastizität, mehr Feuchtigkeit, mehr Jugendlichkeit.Mit dem Cellular Epigenetics Serum von NIVEA.
0_219424_126_t3_1u98396;0.1536;seeking;procedure-curious;fillers;;;Systematisches Mobbing der Schwiegermutter an meiner Partnerin - bitte um Ratschläge Hallo ihr Lieben,mich würde eure Meinung zum folgenden Sachverhalt interessieren:Durch sehr respektlose und unangebrachte Aktionen habe ich (31) meiner Schwiegermutter in Spe (47) mitgeteilt, dass ich Abstand benöti
0_219424_190_3938947720379144018;0.1536;seeking;procedure-curious;retinol,vitamin-c,spf,aging-signs;;;Freie Radikale gehören zu dem am meisten unterschätzten Faktoren der Hautalterung. Sie entstehen täglich durch UV-Strahlung, Umweltbelastungen, Stress und viele weitere Einflüsse, denen wir uns nicht entziehen können.Das Problem: Freie Radikale greifen unsere Zellen an und beschleunigen den Abbau vo
0_219424_190_3942679423185218684;0.1536;enthusiastic;skincare-first;retinol;;;Postet das Rezept gern in eurer Story und markiert uns, wenn ihr es ausprobiert habt. 🤍3 große Karotten, fein geraspelt1–2 Knoblauchzehen, fein gehackt oder gepresst2 EL Sesamöl1 EL Reisessig1 TL Aceto Balsamico1 TL SojasauceSaft von ½ Zitroneanti-aging, gesundes rezept, karottensalat, beta-carotin,
0_219424_15_19785034706457643;0.1536;disappointed;procedure-open;retinol;;;"""Bindungsschatten"": Wie liebt man, wenn die eigene Mutter von der Liebe enttäuscht wurde? Pamela Anderson hat fünfmal ""Ja"" gesagt und glaubt nicht mehr an die Liebe. Ihr Jüngster hat gerade seine Jugendliebe geheiratet. Wie liebt man, wenn die eigene Mutter immer wieder von der Liebe enttäuscht wurd"
0_218673_15_69386717750915458;0.1536;seeking;skincare-first;price;;;🪒🥳 Gillette Fusion5 Rasierklingen im 20er-Pack [2,50€ / Klinge] Auf der Suche nach neuen Rasierklingen, und zwar am besten günstig und auf Vorrat? Bei Amazon bekommt ihr nun neue Gillette Fusion 5 Rasierklingen – im 20er-Pack für nur 49,99€ bzw. im Sparabo für sogar nur 47,49€ (2,38€ pro Klinge) bei
0_219424_126_t3_1rga54v;0.1537;enthusiastic;procedure-curious;;;;🌀 DER PIEZO-CYCLE – DIE MYSTIK DER SCHWINGUNG Ein Essay über die spirituelle Dimension von Piezo, Phononen, Ampere und Antioxidantien Prolog: Was ist ein Mystiker?Ein Mystiker ist jemand, der die verborgene Einheit hinter den Erscheinungen erkennt. Der Mystiker sieht nicht getrennte Dinge, sondern e
0_218673_8_2034327842591248647;0.1537;disappointed;;;;;@lustigeruser Blaugrün die Augenfarbe oder die Augenringe??? https://t.co/Unj5V1I2Il
0_218673_23_41695322282751305;0.1537;satisfied;skincare-first;aging-signs;;;Für Tag und Nacht Die Textur ist angenehm leicht und zieht schnell ein. Sie riecht sehr angenehm. Die Haut fühlt sich danach gepflegt und gut mit Feuchtigkeit versorgt an. Bei regelmäßiger Anwendung wirkt die Haut frischer, elastischer und ebenmäßiger. Kleinere Fältchen sind gemindert. Perfekt für T
0_221687_190_3811970279183427278;0.1537;satisfied;skincare-first;retinol,aging-signs;;retinol;Firming Retinal Serum. Das Firming Retinal Serum wurde entwickelt, um die Haut gezielt in ihrer natürlichen Fähigkeit zur Regeneration, Zellerneuerung und Barrierefunktion zu unterstützen. Statt die Hautalterung nur oberflächlich zu kaschieren, stärkt es die biologischen Prozesse, die für ein langfr
0_221687_190_3938769757939858142;0.1537;seeking;skincare-first;peel;;aha;Die mixsoon Bean Essence! 💦 Wer kennt sie nicht?Ich bin mir nicht mehr sicher, wie lange das her ist, aber diese Essence war eines der ersten K-Beauty-Produkte, die ich mir vor ein paar Jahren gekauft habe, als ich mit koreanischem Skincare angefangen habe. Ich habe sie monatelang nur als Essence be
0_219424_9_yt.O5QkxLBKha0;0.1538;disappointed;skincare-first;aging-signs;;squalane;Sesderma - RETIAGE - Anti-Aging Serum (30ml) Entdecke das Geheimnis zeitloser Schönheit! ✨Das Sesderma RETIAGE Anti-Aging Serum mit Squalan (CHF 49.95) ist der ultimative Feuchtigkeitsspender, der deine Hautbarriere stärkt und den Wasserverlust minimiert. 🌿 Erlebe sichtbare Hautgesundheit und einen 
0_221687_26_1654990209224273;0.1538;disappointed;;aging-signs;;;Wie verjüngt die Anti-Aging-Innovation von Farfalla mit NAD+ und Q10 das Hautbild? Die Kombination aus NAD+ und Q10 wirkt in der Naturkosmetik gezielt auf den Zellstoffwechsel: NAD+ steigert die Energieproduktion der Hautzellen und fördert ihre Regeneration, während Q10 als starkes Antioxidans vor f
0_221687_140_7596718823206554902;0.1538;enthusiastic;;;;;"Haar Serum Wachstum und Pflege - PREMIUM Rosmarin+ Haaröl - Bio-zertifiziert, vegan - für gesunden Haar Wuchs mit Jojoba, Argan, Rosmarin &amp; Minze + VITAMIN E - Kopfhautpflege für Frauen &amp; Männer - Made in Germany #tiktokmademebuyit #donquiffoil #rosmarinminze #kopfhautgesundheit #newyearnewy"
0_219424_190_3932377691290676701;0.1539;disappointed;;;;;Eiweiß ist Leben 💪 Erhalt der Muskelmasse (Anti-Aging für den Körper)Ab 40 verliert der Körper natürlicherweise an Muskelmasse. Eiweiß (besonders die 8 essenziellen Aminosäuren, die der Körper nicht selbst herstellen kann) stoppt diesen Abbau und strafft das Gewebe.2. Turbo für den Stoffwechsel &amp
0_219424_26_1600258625439050;0.1539;disappointed;;;;;Eiweiß ist Leben 💪 Erhalt der Muskelmasse (Anti-Aging für den Körper)Ab 40 verliert der Körper natürlicherweise an Muskelmasse. Eiweiß (besonders die 8 essenziellen Aminosäuren, die der Körper nicht selbst herstellen kann) stoppt diesen Abbau und strafft das Gewebe.2. Turbo für den Stoffwechsel &amp
0_219424_26_1633063395075617;0.1539;seeking;procedure-curious;;;;"„Du siehst müde aus.""Ich hasse diesen Satz.Nicht, weil er böse gemeint ist.Sondern weil ich mich überhaupt nicht müde fühle.Ich habe gut geschlafen.Ich bin gesund.Ich bin voller Energie.Und trotzdem scheint mein Gesicht etwas ganz anderes zu erzählen.Kennst du das?Jemand sagt diesen einen Satz.Und p"
0_219424_9_yt.cmHQYSO9CYM;0.154;satisfied;skincare-first;spf,aging-signs;;spf;Sonne, Ernährung und Hautalterung: Die Wahrheit aufgedeckt! #shorts Sonne macht nur alt, wenn du entzündungsfördernde Samenöle isst. Iss stattdessen Omega-3-reich (Fisch, Sardinen) für eine hautschützende Wirkung. Genieße die Sonne smart: 15-30 Min. Mittagssonne, oder länger bei dunkler Haut für Vit
0_218673_15_57082803282406300;0.154;cautioning;skincare-first;retinol,spf,safety;;zinc;Tallow: Der TikTok-Beauty-Trend mit uralten Wurzeln Tallow. Das klingt irgendwie noch interessant. Wie eine Stadt irgendwo in Europa, die unter Insider:innen als nächster City-Hotspot gehandelt wird und im Moment aber noch ein Geheimtipp ist. Oder der Name eines Kindes prominenter Eltern mit einem a
0_218673_9_40457126776684094;0.154;satisfied;skincare-first;aging-signs;;;"Das ist doch jetzt die 1 Macht im Staat da Bundeswehr und Polizei Facharbeutern aufgestockt wurde ;Hätte Deutschland nicht Gott verlassen würden sie sehen welche Manipulationen in allen Bildern egal ob Yt ;T.T.besonders und von ZDF und ARD braucht man gar nicht reden das ist Okkultismus und kein Feh"
0_219424_126_t1_oju84do;0.1541;seeking;procedure-curious;;;;Was haltet ihr von Hyaluron Filler? das ist ne scherzfrage .... oder   ?!
0_219424_190_3932435896715323975;0.1541;seeking;procedure-curious;price;;;Radiofrequenz ist nicht gleich Radiofrequenz.Viele Kosmetikinstitute werben mit Begriffen wie Radiofrequenz, Laser oder HydraFacial. Doch was viele Kunden nicht wissen: Der Name einer Behandlung sagt noch nichts über die Qualität der eingesetzten Technologie aus.Genau hier unterscheiden wir uns.Wir 
0_219424_190_3949229549595106404;0.1541;enthusiastic;;aging-signs;;;🍫Chocolate Haircolor with Hyaluron Glossing 🍫Strahlender Glanz, intensive Feuchtigkeit und ein gepflegtes Haargefühl – ganz ohne permanente Farbveränderung. 💧Dank Hyaluron wird das Haar mit Feuchtigkeit versorgt, wirkt geschmeidiger und erhält einen wunderschönen, natürlichen Glow. Perfekt, um deine
0_218673_9_58898752368171047;0.1541;disappointed;procedure-curious;;;;Da kriegt man nur noch Hass. RICHTIGEN HASS DAS MIR DIR TRÄNENSÄCKE AUS DEN  NASE RAUS FALLEN
0_221687_140_7636833277730458912;0.1541;satisfied;skincare-first;vitamin-c,spf,aging-signs;;coq10;Das stärkste natürliche Antioxidans ⤵️  Bis zu 6.000-mal stärker als Vitamin C bei der Reduzierung freier Radikale.  800-mal stärker als das Coenzym Q10.  550-mal stärker als Vitamin E.  Warum ist Astaxanthin so effektiv?  Der Hauptunterschied liegt in der molekularen Struktur und Wirkweise:  Zellsc
0_219424_126_t1_ow1qze8;0.1542;enthusiastic;skincare-first;;;;Findet ihr so hyperfeminine/barbiehafte Styles bei Frauen attraktiv? Hier ist vieles durcheinander, also helfe ich mal ein bisschen einzusortieren:**Kommt gut an:*** ~~hyper~~feminin**Neutral / Geschmackssache:*** blondiert* pinke Kleidung* eher enge/knappe Stücke* glam Make-up**Bitte nicht:*** oper
0_218673_15_58117045184056468;0.1542;satisfied;skincare-first;;;sod;Hochzeitsgast Make-up: Dezent und typgerecht geschminkt zur Hochzeit Als Gast auf einer Hochzeit darf man auch glänzen, dabei die Braut aber nicht überstrahlen. Wie das beim Make-up gelingt, verrät dir BRIGITTE.  Als Hochzeitsgast möchtest du strahlen, die Braut jedoch nicht überstrahlen? Genau hier
0_221687_8_2029922850472165830;0.1542;disappointed;skincare-first;hyaluronic-acid;;;"bedrop Concentrated Anti Aging Serum mit straffendem Bienengift, Gelée Royal, Hyaluron &amp;amp; Acetylglucosamin hochdosiert - Reine Imker Qualität ohne Zusatzstoffe https://t.co/BMQ7Wbney8"
0_218673_9_13157069367407399;0.1543;enthusiastic;skincare-first;aging-signs;;;Lieber Cornelius, ich glaube Du hast meine Gedanken gehört! Ich wünsche mir seit Tagen diese Video von Dir und Heute war es da!! Danke dir sehr!! Ich höre, seitdem ich an dem wunderbaren Kurs in Heidelberg am 1.1.25 teilgenommen habe, Deine Video zu der Haut regelmäßig. Ich habe vorher meine Hände f
0_219424_9_yt.Q7hnCD30XhQ;0.1544;enthusiastic;procedure-curious;botox,price;lipolysis-injection;;Über 25 Millionen Euro - so luxuriös wird die Praxis in München | Dr. Rick & Dr. Nick | ProSieben Dr. Rick und Dr. Nick sind in München, denn dort wird ihre nächste Praxis eröffnet. Heute besuchen die beiden die Baustelle, um sich ein Bild vom aktuellen Stand zu machen. 25 Millionen Euro haben die b
0_219424_140_7663597458164845857;0.1544;satisfied;;peel;;;Neue microneedling Maschine / = Termin buchen  #kosmeik #termin #fyyyyyyy #microneedling
0_218673_126_t3_1urxqfe;0.1544;disappointed;procedure-open;price;;;"Organizer aus Karton selber machen Long story short: ich habe mir angewöhnt für alles in meinem Haushalt fixe Plätze zu haben und baue dabei stark auf Boxen &amp; Schalen. In jedem Raum steht eine Mittelgroße schale in die ich alles reinschmeiße was sonst verloren geht und gehe das immer mal wieder "
0_219424_9_yt.mSCFZNnIs8Q;0.1545;enthusiastic;procedure-curious;facelift;;;Wie aktiviere/deaktiviere ich die Lenkradheizung im MITSUBISHI Outlander Facelift (2017–2022)? In diesem Video zeige ich dir, wie du die Lenkradheizung beim MITSUBISHI Outlander Facelift (2017–2022) schnell und sicher ein- oder ausschaltest. Du erfährst die genaue Position der Taste (mittig unter de
0_218673_126_t1_nvlgtqs;0.1545;seeking;;spf,aging-signs;;;Warum machen sich manche Männer Ü30 älter als sie sind? Was kennt ihr eigentlich alle für Frauen, arbeiten die alle ohne Sonnencreme als Dachdeckerinnen oder ähnliches? Die allerwenigsten, ob Frauen oder Männer, fangen schon mit 30 an wild Falten zu schlagen. Normalerweise hat man in dem Alter maxim
0_218673_126_t1_nxlmi7q;0.1545;satisfied;;;;;"""Abstriche hinnehmen"": Bankenpräsident Sewing: Deutsche müssen mehr arbeiten - ntv.de Sehe keine Augenringe beim Herrn. Hm.."
0_219424_9_yt.ELe6qfvH5HA;0.1545;enthusiastic;skincare-first;;;;anzeige 🌸 ich liebe den True Match Hyaluron Tinted Balm @OfficialLOrealParis #lorealparismakeup
0_219424_9_28605913441952510;0.1546;satisfied;skincare-first;;;;Die Marie-Agnes Strack-Zimmermann will Gold zurückholen? Ja wohl für eine Schönheitsoperation, Nütz aber nix!
0_219424_190_3938835545355974305;0.1546;satisfied;;;;;🌊🤍 Hamptons Coast. Zeitlose Eleganz. Strahlende Haut.Die Dermatude Cell Recovery Cream vereint moderne Hautwissenschaft mit pflanzlicher Stammzellentechnologie aus dem Schweizer Apfel (Malus Domestica).Der Schweizer Apfel ist bekannt für seine außergewöhnliche Langlebigkeit und wurde zur Inspiration
0_219424_190_3940867767140670037;0.1546;enthusiastic;procedure-curious;;;;Kommt vorbei, laßt Euch beraten - Ich bin gerne für Euch da.Hier sind angenehme 25° und gekühlte Getränke stehen auch bereit#haan #hilden #kosmetik #beratung #antiaging
0_219424_9_yt.Ny-NYXTsTvQ;0.1547;enthusiastic;skincare-first;;;;"Muskeln ohne Training? Dieses Bakterium steigert die Muskelkraft um bis zu 30% 💝*Mein Lebenswerk:👉https://purazell.de*Omega 3 Algenöl EPA &amp; DHA (3:2): https://purazell.de/omega-3-algenoel-epa-dha-3-2-orange-----------------------------------------------------------🦠 Dieses Darmbakterium steigert"
0_219424_190_3941616251013186596;0.1547;enthusiastic;procedure-curious;fillers,aging-signs;;;Was ist Rejuran eigentlich? 🤍Rejuran ist eine innovative Hautregenerationstherapie auf Basis von hochgereinigten Polynukleotiden (PN). Diese unterstützen die natürlichen Reparaturprozesse der Haut und fördern die Zellregeneration von innen heraus.Die verwendeten Polynukleotide werden aus hochgereini
0_218673_126_t1_omxnyab;0.1547;cautioning;;;;;No age-shaming - aber was ist mit seinem Hals passiert? Das kommt doch nicht nur vom schlaffe Haut haben, oder? Wer ist dieser Mann und was macht er auf meinem Handybildschirm?
0_221687_26_1487144139870336;0.1547;satisfied;skincare-first;retinol,vitamin-c,hyaluronic-acid;;ceramides;3 neue CeraVe Produkte für mehr Glow✨Skin Renewing Vitamin C Serum mit 10% purem Vitamin C, Hyaluron und Ceramide.Skin Renewing Peptid Creme mit Ceramide und Hyaluron für den Frischekick ihrer Haut.Skin Renewing Serum mit Retinol.#cerave #skincareproduct #glowyskin #engelapothekelaubach
0_221687_15_59020501554337551;0.1547;enthusiastic;skincare-first;aging-signs,price,safety;;pha;"Body Öl – Die 15 besten Produkte im Vergleich Empfohlene Produkte im Bereich „Body Öl"" Wir haben Produkte im Bereich „Body Öl"" miteinander verglichen und Empfehlungen für Dich zusammengestellt. Hier findest Du die Top 15 im Bereich „Body Öl"". AngebotEmpfehlung Nr. 1 Palmer's Cocoa Butter Formula Moi"
0_219424_126_t1_nxnrxy8;0.1548;enthusiastic;;;;;Real BOTOX Weib auf der CES2026 Ja besser als so eine Frau über 30 hehe
0_219424_190_3933334732531931787;0.1548;seeking;procedure-curious;;;;"Körperformung in Lüneburg &amp; Buchholz – Ganzheitliches Body Contouring statt EinzelbehandlungEine schöne Körperform entsteht nicht nur durch weniger Fett. Für ein harmonisches Ergebnis müssen Muskulatur, Fettgewebe und Haut gemeinsam betrachtet werden. Genau deshalb verfolgen wir in unseren Studi"
0_219424_190_3933340317302415301;0.1548;seeking;procedure-curious;;;;"Körperformung in Lüneburg &amp; Buchholz – Ganzheitliches Body Contouring statt EinzelbehandlungEine schöne Körperform entsteht nicht nur durch weniger Fett. Für ein harmonisches Ergebnis müssen Muskulatur, Fettgewebe und Haut gemeinsam betrachtet werden. Genau deshalb verfolgen wir in unseren Studi"
0_219424_190_3945983399646777818;0.1548;seeking;skincare-first;;;;Warum heißt mein Kurs eigentlich Marias Vitalflow und was verändert sich, wenn dein Körper wieder im Flow ist?Hier sind 3 Dinge die sich sofort verändern wenn dein Körper im Flow ist:▪️ Deine Energie verdoppelt sich — weil Bewegung, Schlaf und Ernährung endlich zusammenspielen.▪️ Dein Körper regener
0_218685_8_2071127317363966234;0.1548;disappointed;skincare-first;;;;"Fitness-Star Pamela Reif wehrt sich gegen Beauty-VorwürfePamela Reif berichtet im Podcast „Baby got Buisness"": sie habe sechs Kilo zugenommen, fühle sich wohler und weist außerdem Hyaluron-Gerüchte zurück. https://t.co/lZw4txNcE3"
0_218673_8_2078013286738497950;0.1549;satisfied;procedure-curious;aging-signs;;;"Genau so ist es! Punktlandung.Wenn @_FriedrichMerz nicht so eine selten schwache Führungsperson abgeben würde - darf man ihn eigentlich als Kanzler sehen (?) - wäre Spahn seinem Kollegen aus NRW sehr schnell gefolgt, d.h. er dürfte als Dauergast in den ""Redeveranstaltungen"" des ÖRR seine Runden dreh"
0_221687_190_3793322058776879662;0.1549;enthusiastic;skincare-first;laser,peel,spf;;aha;"GLOW-PEELINGS IM VERGLEICH // AHA/BHA Glow Refiner und Refining Night Liquid ✨⁠⁠➕️ Mix &amp; Match: AHA/BHA Glow Refiner – Chemisches Peeling Serum 💗⁠Unser natürliches Peeling-Serum mit Glow-Effekt.⁠Ein AHA/BHA-Komplex aus Sommerfrüchten &amp; Weidenrinde wirkt peelend, klärend und spendet gleichzei"
0_221687_140_7653849805319392544;0.1549;satisfied;skincare-first;hyaluronic-acid;;;"Mit dem Garnier Fructis Locken-Set bekommen deine Curls die volle Pflege. 😍 💚 Locken-Shampoo mit Shea &amp; Hyaluron 🌀 Lockengel mit Hyaluron ✨ Air Dry Locken Cream gegen Frizz 💧 Intensiv-Maske für bis zu eine Woche Feuchtigkeit Tschüss Frizz… hallo Traumlocken! 😏 „Meine Locken morgens: 🌪️😂 Meine Lo"
0_219424_9_60234128727359045;0.155;disappointed;;;;;Botox ist verdünntes Leichengift, überwindet das die Blut - Hirnsperre.
0_219424_9_61469213377638956;0.155;disappointed;skincare-first;;;;"Vaseline ist ein Restproduktstandteil aus Erdölgewinnung  welches auch noch hoch Prozesse durchlaufen hat.Das man das in Pflegeprodukt verarbeitet, ist unfassbar.Es verstopft die Hautporen (das bedeutet, dass ""kein: Wasser/Feutigkeit/Sauerstoff  oder andere wertvollen Inhaltsstoffe in die Haut gelan"
0_218673_126_t1_oickk3a;0.155;seeking;skincare-first;spf;;spf;Sonnencreme Issues Ich benutze täglich das Sun Ozon Face Hydro Fluid LSF 30, das hat eine sehr angenehme Textur, leicht cremig. Das gibt es in verschiedenen Varianten. Wenn es richtig Sommer wird, habe ich das Sun Ozon Sensitive Fluid LSF 50. Für Arme und Beine gibt es ein Sonnenlotion. Für meine Ha
0_219424_190_3938946977108599423;0.1551;seeking;;laser;;;Unsere erste Vorstandssitzung ist geschafft! Nach fünf sehr konstruktiven Stunden in Frankfurt/ M zusammen mit der Präsidentin Dr. Yael Adler und den sechs Vorstandsmitgliedern, hier mit @dr.orfanosboeckel haben wir jetzt für nächstes Jahr einen Termin für den 27. GSAAM Jahreskongress. Er findet sta
0_219424_26_1667913608671794;0.1551;seeking;;;;;Lisa studiert die Anwendung unseres neuen ‚Collariums' = Solarium plus Collagen-Licht 💡👌 und bald schon kann es hoffentlich  losgehen…mit der frischen Bräune und dem Anti-Aging!
0_219424_140_7665002945846463777;0.1551;enthusiastic;;;;;Beauty Set 4Teile 🔺 Warenkorb  #ycz#feuchtigkeitspflege #hyaluron #fürdich #fyrou
0_218673_126_t1_n8m9t9k;0.1551;seeking;skincare-first;vitamin-c,spf;;;Wie werde ich diese Falten endlich los :c Vitamin C, Sonnencreme, Kollagen in Sardinen, Hähnchen und Beeren. Sport
0_218673_126_t3_1oi71ov;0.1551;disappointed;procedure-open;aging-signs,price;;;Die Mitbewohnerin Lukas packte den letzten Karton aus und lehnte sich gegen die Küchenzeile seiner neuen WG. Die Wohnung war hell, geräumig, und das Zimmer, das er vermietete, lag direkt neben dem Bad. *Perfekt*, dachte er. Die ersten Tage in der neuen Stadt waren anstrengend gewesen – die Jobsuche,
0_221687_26_1332037985626390;0.1551;enthusiastic;skincare-first;aging-signs;;;✨ Biologisches Alter vs. Chronologisches Alter: Dein biologisches Alter zeigt, wie deine Zellen wirklich funktionieren. Mit zellulärer Verjüngung können wir die Hautzellen unterstützen, wie vor Jahren zu arbeiten. 🌿Hyaluron Activ Procedure hilft, die zelluläre Jugend deiner Haut zu reaktivieren und 
0_219424_9_63562297612636029;0.1552;disappointed;skincare-first;;;;Bei der Optik der Weiber wird mir schlecht!! Wieviel kg Botox hat Kim Verginia in den Lippen? Sieht nach ner 70-100Gramm-Blowjobnutte aus!!! Kenne auch kenne/Den Einen nicht der genannten Affen!  Das sind verwöhnte Milliardäs/Millions-Goren...noch nie was gearbeiet!!! Wohlstandsverwahrlost!
0_219424_9_yt.gIBrvBy5MLo;0.1552;enthusiastic;procedure-open;facelift;;;Wie bediene ich die Frontscheibenwischer im MITSUBISHI Outlander Facelift (2017 - 2022)? In diesem kurzen Video zeige ich dir Schritt für Schritt, wie du die Frontscheibenwischer im MITSUBISHI Outlander Facelift (2017 - 2022) richtig bedienst. Du erfährst, wo der Wischerhebel am Lenkrad sitzt, wie d
0_218673_126_t1_nx3rik4;0.1552;enthusiastic;skincare-first;;;;"Wie navigiert man Dating als Frau mit unattraktivem Körper am Besten? Hab selber 25 kg abgenommen, war aber nicht so stark übergewichtig, dass ich schlaffe Haut habe. Es klingt jetzt kitschig und blöd, aber für die richtige Person bist du immer schön genug – also als Frau; wenn du jetzt ein Mann wär"
0_219384_126_t1_owa2n68;0.1552;seeking;skincare-first;laser;;;IPL Geräte für Zuhause Bei IPL gilt: je heller deine Haut und dunkler deine Haare desto besser klappt es. Das heißt die Geräte für Zuhause bieten Leuten in dieser Kombi bei richtiger Anwendung fast ausschließlich gute, sichtbare Ergebnisse. Zählt man nicht dazu, sollte man entweder zum Profi, der da
0_221687_140_7611564127080779030;0.1552;satisfied;;;;;Hair Growth Serum - Natürliches Rosmarin Haaröl gegen Haarausfall mit Vitamin E zur Pflege von Kop#tiktokshop #viralvideos #foruyou #afghanistan🇦🇫
0_221687_190_3879223197552250823;0.1552;satisfied;skincare-first;retinol,aging-signs;;retinol;Entdecken Sie die Kraft gezielter Hautveredelung:Das SKIN REFINING OIL mit innovativem Retinal und hautschützenden Wirkstoffen fördert die Zellerneuerung, glättet die Hautstruktur und sorgt für einen sichtbar verfeinerten Teint.Für strahlende Haut, die ihre Qualität von innen heraus zeigt.*** *** **
0_218673_8_2008894478191661410;0.1553;enthusiastic;procedure-curious;aging-signs;;;@cano_453 @DanielVoll12251 Mein Gesicht besteht  aus Falten ,.haha….kennst Du mich ??
0_218673_9_4658160716957719;0.1553;enthusiastic;procedure-curious;aging-signs;;;Weißt du ich finde deine Falten im Gesicht sehr sexy und schön
0_219424_126_t1_okzsr6p;0.1554;disappointed;procedure-curious;;;;Martin Sellner bezeichnet die transition von Vizzion als psychische Krankheit erklärt ihr es mir mal bitte: also, trans menschen sind nicht krank, sondern ganz normal - haben aber gleichzeitig anspruch auf geschlechtsangleichende operationen? wie geht das zusammen? der einzig logisch tragfähige umke
0_219424_140_7665745316213280032;0.1554;enthusiastic;skincare-first;aging-signs;;egf;Das medicube EGF NAD Firming Serum ist die perfekte Ergänzung für deine Anti-Aging-Routine! Die innovative Formel mit EGF, NAD+ und Kollagen versorgt die Haut intensiv mit Feuchtigkeit, unterstützt ein strafferes Hautbild und lässt feine Linien und Fältchen sichtbar gemildert erscheinen #beautifulsk
0_219424_190_3934481666601254676;0.1555;enthusiastic;procedure-curious;peel;microneedling;;✨ Mama in Elternzeit? Vielleicht ist das genau das Zeichen, auf das du gewartet hast. 🤍Ich weiß, wie es sich anfühlt:Zwischen Kindern, Haushalt und Alltag bleibt oft kaum Zeit für dich selbst – und trotzdem wünschst du dir finanzielle Freiheit und etwas Eigenes.Genau deshalb habe ich den Schritt gew
0_219424_190_3946013626429207313;0.1555;satisfied;skincare-first;hyaluronic-acid;;;Hier ist ein SEO-optimierter Werbetext für dein Bild und das Jolie Hyaluronserum:Schöne Haut beginnt mit der richtigen Pflege ✨Träumst du von praller, glatter und intensiv mit Feuchtigkeit versorgter Haut? Das Jolie Hyaluronserum schenkt deiner Haut genau das, was sie jeden Tag braucht. Die hochwert
0_219424_9_yt.SRFqM6AexRA;0.1556;disappointed;skincare-first;;;;Die bittere Wahrheit über Zucker Zucker schmeckt süß, aber die Folgen für deinen Körper sind bitter. 😱 Wusstest du, was Zucker wirklich in deinem Körper anrichtet? Von deiner Haut bis hin zu deinen Organen – er beeinflusst alles. 🍎✨In diesem Video erfährst du, warum es Zeit ist, deinen Zuckerkonsum 
0_219424_9_70584799671118719;0.1557;enthusiastic;skincare-first;botox;;;@silviastuggi1412 ich glaube sie ist wirklich 26, war damals schon so geschockt als sie 22 war, das macht halt das ganze botox und filler mit einem 🙈😅
0_219424_26_1065874182762328;0.1557;satisfied;skincare-first;retinol,aging-signs;;;Retinol, Kollagen oder Hyaluron? Nein! Ein anderer Beauty-Trend setzt auf die natürlichen Regenerationsprozesse der Haut und ist viel effektiver
0_218673_126_t1_nn5u52q;0.1557;enthusiastic;procedure-curious;;;;Welchen Körpertyp findet ihr am attraktivsten? Also generell wähle ich meine Partner nicht nach dem äußeren, die sahen auch alle absolut unterschiedlich aus. Gewicht, Größe, Hautfarbe, Körperform, Haarlänge etc sind mir bei einem festen partner noch nie wichtig gewesen. Vielleicht nur ±10-15cm von m
0_221687_126_t1_o8kh0pq;0.1557;satisfied;;vitamin-c,spf,price;;;Suche Sonnenschutz (Mann 45 J.) nach Rasur... Vitamin C Serum-Creme von DM mit LSF 30, 50 ml 6 Euro. Zieht schnell ein und glänzt/fettet nicht. Bestes P/L-Verhältnis weit und breit.
0_219424_126_t3_1u6a33q;0.1558;satisfied;skincare-first;;;pha;Was genau tut Ikkimel für den Feminismus? Das ist nicht als reißerische Frage gemeint, aber mal aus meiner Sicht: viele Alpha Males fühlen sich von ihr massiv getriggert. Das finde ich ja erst mal gut, denn nur getroffene Hunde bellen. ​Ich höre ihre Mucke nicht und bekomm nur ab und an durch reels 
0_221687_140_7631226868183600416;0.1558;satisfied;skincare-first;peel;;aha;"➡️ 3faches Fruchtsäurepeeling 🫧 AHA · BHA · PHA – die Power-Säuren erklärt: 💧 AHA (Alpha-Hydroxysäure) Wirkt an der Hautoberfläche, entfernt abgestorbene Hautzellen und sorgt für glatte, strahlende Haut. 🧴 BHA (Beta-Hydroxysäure) Dringt tief in die Poren ein, löst Talg &amp; Mitesser und hilft gegen"
0_219424_9_2833201724043960;0.1559;satisfied;skincare-first;;;;Der Irre ist ein ganz schlechter Imitator! Seine Visage dick mit Creme eingeschmiert! Abstoßend, Widerlich!🤢 🤮Wundert mich, das er den Mann nicht gleich erschossen hat! Seine Botox Tante hätte es sofort getan…Sascha, die blaue Welle am unteren linken Bildrand vom Betrachter aus gesehen, gefällt mir 
0_218673_126_t1_nbzv8j9;0.156;enthusiastic;procedure-curious;;;;"Miese Augenringe https://preview.redd.it/igin46c5lqmf1.jpeg?width=3612&amp;format=pjpg&amp;auto=webp&amp;s=27b58f2d3845ff4c4bf3d5370dcebe8cb9fcd104Was soll ich sagen 😭"
0_221687_9_15129473737136835;0.156;enthusiastic;skincare-first;niacinamide-peptides,price;;bakuchiol;Bin auch großer Fan von K-Beauty und Stylevana😍 Meine neuen Favoriten 2025 sind von TirTir das Enzyme Cleansing Balm, das Enzyme Powder Wash und diese 30-ger Packung Galctomyces Masken. Dann mag ich von Numbuzin den No.9 NAD+PDRN Toner, von Eqqual Berry das Bakuchiol Serum, Cosrx Snail Serum, Cosrx 
0_221687_190_3892306972741496946;0.156;seeking;procedure-curious;peel,hyaluronic-acid;peeling;;Was tut ein Aquafacial für deine Haut???? Ein HydraFacial bzw. Aquafacial ist eine kosmetische Behandlung, die Reinigung, Peeling, Tiefenausreinigung und Feuchtigkeitsversorgung kombiniert. Dabei wird mit einem speziellen Gerät gearbeitet, das die Haut gleichzeitig absaugt und mit Wirkstoffen versor
0_221687_190_3918092779274120201;0.156;satisfied;;hyaluronic-acid;;;"Softto+Plus 10 in 1 Pflegeöl – Haaröl, Gesichtsöl &amp; Körperöl mit Hyaluron, Anti-Aging &amp; Glow, 10 Wertvolle Pflanzenöle für Feuchtigkeit, Reparatur &amp; Strahlende Haut, 120 ml"
0_219424_126_t3_1sb8fi1;0.1561;disappointed;;niacinamide-peptides;;;Spallationsaktivierte Naturstoffe: Peptide, Flavonoide & Alkaloide als Radiopharmaka – die vierte Dimension der Compleximer-Medizin 🧬⚛️ ​Das Prinzip:Naturstoff + Spallationsneutronen (n,γ) = radioaktiv markierter Naturstoff für Theragnostik (Diagnose + Therapie in einem Molekül)Beispiele:Naturstoff 
0_218673_9_yt.EnN0aKbZFwM;0.1561;satisfied;;;;;Anbringen von Dichtungsband an den Eckfugen der Fenster Das Video zeigt einen Bauarbeiter, der während der Montage der Gebäudehülle die Eckfugen der Fenster mit speziellem Abdichtungsband sorgfältig abdichtet. Er arbeitet auf einer grünen, witterungsbeständigen Dampfsperrplatte, reißt vorsichtig ein
0_219384_126_t3_1ulfnmz;0.1561;conflicted;procedure-curious;;;;Baby-transfem, Mitte/Ende 30 – erste echte Außen-Erfahrungen, Partnerin, Zweifel, HRT-Frage. Tipps? Hallo zusammen,ich schreibe hier mal mit einem Pseudonym, weil ich beruflich und im direkten Umfeld noch nicht offen unterwegs bin. Nennt mich gerne **Mira**.Ich bin AMAB, Mitte/Ende 30, seit vielen J
0_221687_190_3740406168213522906;0.1561;seeking;;peel,vitamin-c;;;Nutzt du schon Fruchtsäure und Vitamin C in deiner Pflegeroutine? 🍋 Die Wirkstoffe sind echte Multi-Talente in der Anti-Aging Pflege.👉 Alles was du über AHA + Vitamin C wissen musst erklären wir dir in diesem Beitrag!#DERMASENCE #MedizinischeHautpflege #Fruchtsäure #VitaminC #Apotheke #dermasence
0_221687_26_1274142418081536;0.1561;enthusiastic;skincare-first;retinol;;;Der Anti-Aging-Wirkstoff Retinol kann eine effektive Alternative zu Hyaluronsäure sein. Er sorgt für straffe Haut und wirkt besonders schnell Mehr dazu unten 👇
0_219424_190_3939541400373564041;0.1562;enthusiastic;procedure-curious;;;;☀️ Happy SundayManchmal ist das Wertvollste, was du heute tun kannst: kurz innehalten, durchatmen und dir selbst Aufmerksamkeit schenken.Wir wünschen dir einen entspannten, erholsamen Tag – mit kleinen Momenten, die dir wirklich guttun.✨ Nimm dir heute bewusst Zeit für dich.📩 Buche deine Beratung be
0_218673_126_t1_oo1fawt;0.1562;seeking;;;;;Bartschatten und Makeup Die besten Camouflage-Produkte für extrem hohe Deckkraft sind [**Kryolan Dermacolor Camouflage Creme**](https://de.kryolan.com/produkt/dermacolor-camouflage-creme-quintett) und [**Artdeco Camouflage Cream**](https://artdeco.de/collections/camouflage). Sie decken Narben, Tatto
0_219424_126_t1_o84p8sz;0.1563;disappointed;;;;;Silikon und Botox short Endlich ein Bild, das nicht von KI erstellt wurde.
0_219424_9_15332544119091518;0.1563;satisfied;;botox;;;Der sieht echt alt aus Voller Falten mal Botox sich spritzen echt!!!!!!
0_219404_15_34106976509514199;0.1563;enthusiastic;procedure-curious;;;;Pamela Anderson & Liam Neeson: Warum wir diese Liebesgeschichte gebraucht haben Diese beiden schenken uns etwas, was viele in diesem Sommer schmerzlich vermissen: Wärme. Und die Hoffnung darauf, dass das Beste doch oft zum Schluss kommt.  Die beiden schmiegen sich eng aneinander, tauschen verliebte 
0_221687_140_7594227554156956950;0.1563;satisfied;skincare-first;hyaluronic-acid,aging-signs;;;Sofort straffendes und Haut glättendes Serum. Natürliche Hautpflege aus dem Bienen- stock mit hochdosiertem Bienengift und hochwertigem Gelée Rovale, Beide Bienen- produkte bieten in dieser Kombination den gewünschten Effekt der Haut. Zusätzlich fordern die enthaltenen Acetyl Glucosamine die Hyaluro
0_221687_190_3878887889228591473;0.1563;enthusiastic;skincare-first;hyaluronic-acid,niacinamide-peptides,aging-signs;;aha;"𝓦𝓮𝓻𝓫𝓾𝓷𝓰  Huhu, da bin ich wieder🤗 ich hoffe, ihr habt mich ganz arg vermisst😁 Wo ich war? Keine Ahnung😆 Irgendwie zwischen dem sich über heftigen Heuschnupfen beschweren &amp; unzähligen Pflichten nachgehen, hatten meine Tage einfach zu wenig Stunden für alles Andere🤷‍♀️Aber neue Produkte auszuprobi"
0_218673_9_yt.qjeMrCWiP_Y;0.1564;disappointed;skincare-first;price;;pha;"Falten reduzieren durch die nacht mit Omnia Hyaluron Kissen ►SLEEP&amp;GLOW https://www.sleepandglow.com/#a_aid=62574297b0241Code nordbeauty15 - 15%-Rabatt auf das ganze Sortiment! Der Code (sowie die Aktion) ist bis zum 30.11. gültig. ▶️  WERDE MEIN ABONNENT https://www.youtube.com/channel/UCALSTVR"
0_221687_190_3924384490436965103;0.1564;satisfied;skincare-first;spf;;spf;Sonnenpflege beginnt nicht erst beim Schutz – sondern bei der Qualität der Inhaltsstoffe.Arganöl gilt seit Jahrhunderten als eines der wertvollsten Pflanzenöle der Welt. Gewonnen aus den Früchten des Arganbaums in Marokko, wird es traditionell für die Pflege von Haut und Haar verwendet und wegen sei
0_218673_126_t1_o6liu8b;0.1565;enthusiastic;procedure-curious;;;;Wie erkennt ihr KI Gesichter? Das war an Neujahr morgens, die hat mich hübsch gesoffen, deshalb auch die leichten Augenringe bei ihr.
0_218673_9_55251400768092934;0.1565;enthusiastic;;;;;Streavens Augenringe wachsen mit jedem Video. Er opfert sich für das große Ganze.
0_221687_140_7664362319408794912;0.1565;enthusiastic;skincare-first;retinol;;retinol;Ich verwende morgens das Purito Multi PDRN Collagen EGF Serum und abends das Purito Retinol Retinal 2000 NAD+ Serum. @PURITO SEOUL @YesStyle @YesStyleInfluencers #purito #retinal #retinol #kbeauty #antiagingskincare
0_219424_140_7657085767155502368;0.1566;enthusiastic;skincare-first;;;;Probier es aus und überzeug dich selbst 😍❤️#sommerdeals #dealsfürdich #antiaging #hautpflege #koreanskincare
0_219424_190_3933126187656439963;0.1566;enthusiastic;;laser,aging-signs;;;MultiFrax ist mehr als nur schöne Haut. ✨Neuere wissenschaftliche Erkenntnisse zeigen, dass fraktionierte Laserbehandlungen wie **MultiFrax** nicht nur das Hautbild sichtbar verbessern, sondern auch tief in der Haut regenerative Prozesse anstoßen. Dabei werden Zellerneuerung, Kollagenbildung und Rep
0_219424_190_3937632698231167353;0.1566;enthusiastic;procedure-open;peel;pdrn;;✨ Aqua Facial + Salmon DNA (PDRN) ✨Auf den Vorher-/Nachher-Bildern seht ihr das Ergebnis einer Kombination aus Aqua Facial und Salmon DNA (PDRN) – einer modernen Behandlung für strahlende, gesunde Haut.Was ist Salmon DNA (PDRN)?PDRN ist ein hochreiner Wirkstoff, der aus Lachs-DNA gewonnen wird. Er w
0_218673_126_t3_1sjer24;0.1566;seeking;procedure-open;vitamin-c;;;Wurzelbrot 🫚🥖 Ich wollte das von Kaufland imitieren. Volltreffer 😋380 g Wasser (lauwarm)100 g Roggensauer1 g Frischhefe350 g Weizenmehl Type 550 (mit Ascorbinsäure)50 g Roggenmehl 115012 g SalzStockgarre 4-5h, 4x Falten/Dehnen20h im Kühlschrank Eiskalt geschnitten, gedreht, sofort danach mit Dampf b
0_218685_126_t3_1mkqd3d;0.1566;conflicted;procedure-curious;laser;laser;;Ich fühle mich für nichts gut genug , hässlich und wie eine Versagerin Hallo, ich bin seit einem Jahr in Therapie und 26 Jahre alt, aber trotzdem fühle ich mich hässlich , beziehungsweise: Ich weiß, dass ich hässlich bin. Ich beobachte draußen junge Frauen, die so perfekt und wunderschön aussehen, u
0_221687_9_70933222860043635;0.1566;enthusiastic;skincare-first;vitamin-c;;;Hallo Anja, danke fürs vorstellen, ich habe mir auch das Vitamin C Serum von Judith geholt, es riecht wirklich nach Schinken 😅, aber es verfliegt recht schnell und das Produkt zieht auch sehr schnell ein. Ich benutze seit Jahren die Produkte von Judith und komme damit super zurecht 👍❤️
0_219424_9_yt.urBHVAS-TqY;0.1567;disappointed;skincare-first;;;;Warum Koreanerinnen keine Falten haben? Das einfache Geheimnis! #reiswasser#koreanischepflege#hautpflege#beautytipps#antiaging#faltenfrei#naturkosmetik#alltagstipps#pflegegeheimnis#shorts#deutsch
0_219384_126_t1_ohuzhbi;0.1567;seeking;procedure-curious;laser;laser;;Gutes IPL Gerät Dass am Anfang nicht viel passiert weiß ich, hab im Gesicht auch schon paar Mal Laser gemacht, aber für Körper bin ich halt am überlegen ob IPL ein Gedanke ist.
0_221687_126_t1_nvpw3jv;0.1567;seeking;skincare-first;niacinamide-peptides;;niacinamide;Which niacinamide serum do you all use? Minimalist or Plum or Ordinary? I have combination skin and I get hormonal acnes. They leave behind those red spots and scars and I don't know which serum is better. I thought to add azelaic acid serum to night routine but I am very confused about it. Minimali
0_221687_26_1450766177052583;0.1567;disappointed;skincare-first;aging-signs,vitamin-c;;;Ein Serum. Vier Formen von Vitamin C. Unendlich viel Strahlkraft.Das VITAL C hydrating anti-aging serum ist kein gewöhnliches Vitamin C-Serum.Es kombiniert vier synergistisch wirkende Vitamin C-Derivate, die gemeinsam mehr leisten als ein einzelner Wirkstoff allein:✨ Unterschiedliche Molekülgrößen =
0_221687_126_t3_1smc797;0.1567;satisfied;;niacinamide-peptides,price;;;"Vital Proteins Collagen Peptides 587g – Reine Kollagen-Peptide – schöne Haut, Haare & Nägel – geschmacksneutral – optimale Löslichkeit – hydrolysierte... -22 % 34,78 € STRAHLENDE HAUT &amp; HAARE: Unser Collagen Peptides versorgt dich täglich mit hochwertigen Rinder-Kollagen-Peptiden, unterstützt de"
0_221687_190_3945360770621204913;0.1567;enthusiastic;;vitamin-c;;;🍋🍊 NEU im Sortiment: Body Attack Isotonic Sports Drink - 400 g!Dein isotonischer Begleiter für intensive Einheiten: Der Body Attack Isotonic Sports Drink wird einfach mit Wasser gemischt und liefert dir Kohlenhydrate, Elektrolyte, Vitamine und Mineralstoffe in einem erfrischenden Sportgetränk.Das Hi
0_219424_190_3942588063593914055;0.1568;enthusiastic;;;;;New in.Endlich ist es da: das Cell-Pro Hyaluron Eye Gel!Es ergänzt deine bisherige Cell-Pro Routine und unterstützt die feine Augenpartie mit dem Hyaluronkomplex in verschiedenen Molekülgrößen und seiner super leichten Textur.Probier es aus - ab sofort im Shop erhältlich.#jaylisskincare #cellpro #hy
0_218673_126_t1_ol0iyp9;0.1569;enthusiastic;skincare-first;retinol;;;Kilo runter, feierfrühstück Wegen meiner schnellen  und grossen Gewichtsabnahme nehme ich zusätzliches Kollagen um die Hautelastizität und hydrierung zu fördern um sie bein zurückziehen zu unterstützen. Erhoffe mir damit weniger Probleme mit hängenden/ Loser Haut. Komme von fast 150 kilo und plane e
0_221687_126_t1_o6wsy11;0.1569;enthusiastic;;vitamin-c,niacinamide-peptides;;;How's my skin? I'm new to the skincare world. Use vitamin c serum, and niacinamide moisturizer along with a cleanser. Please share your opinion on my skin and how to improve it ? Sorry sister 🙏🤭
0_221687_190_3926568092564007522;0.1569;satisfied;;niacinamide-peptides;;;Kollagen ist nicht gleich Kollagen auf einer Seite hast du das Flex Pro und auf der anderen Fish Collagen Peptides! Flex Pro ist ein absoluter Bestseller im Bereich Gelenk Gesundheit! Und das Fish Collagen Peptides ist genau das richtige für deine Haut , Haare und Nägel!
0_219424_190_3945254910925038783;0.157;seeking;skincare-first;;;;Ich werde oft gefragt, welche Produkte ich wirklich ohne Ausnahme jeden Tag nehme.Wenn ich mich auf nur zwei beschränken müsste, wären es tatsächlich diese:Mein Glow Protein am Morgen, weil ich es liebe, unkompliziert pflanzliches Protein und Power-Nährstoffe in meinen Alltag einzubauen. Und meine B
0_219424_23_65982155540212432;0.157;disappointed;;;;;Hyaluron-Filler Schöne cremige Konsistenz, dezenter aber wohlriechender Duft
0_218673_8_1968645026478461047;0.157;enthusiastic;;aging-signs;;;Bye, bye Hautalterung! Wir haben eine neue Augencreme entdeckt, die einen 3-fachen Anti-Aging-Effekt mitbringt. Krähenfüßen, Lachfältchen und Linien unter dem Auge werden binnen weniger Wochen sichtbar reduziert! https://t.co/4uOnlH356Q
0_218685_15_24507426797693845;0.157;satisfied;procedure-open;hyaluronic-acid;rhinoplasty;;Nasenkorrektur: Form & Funktion in Harmonie Eine harmonische Nase bedeutet mehr als nur ein schönes Profil – sie beeinflusst auch, wie frei wir atmen können. Die Nase prägt das Gesicht maßgeblich. Von Nasenbein und Nasenspitze über Nasenlöcher bis zur Nasenscheidewand… ihre Form beeinflusst nicht nu
0_219424_190_3946981706327903098;0.1571;seeking;procedure-open;;;;Kuala Lumpur, I'm coming back! 🇲🇾I'm excited to announce that I'll be speaking at AMSC Malaysia 2026 in August.@amsc_conference This time, I'll be sharing my lecture on Modern Male Aesthetics, focusing on advanced injectable concepts, anatomy and natural results.Looking forward to meeting colleagues
0_218673_126_t3_1tc9gm0;0.1572;disappointed;procedure-curious;laser,aging-signs;laser;;"[SERIE]Erlebnisse einer Assistentin: Teil 1: Das erste Aufeinandertreffen WICHTIGER HINWEIS &amp; DISCLAIMER FSK 18 | ADULT CONTENT ONLY Diese Geschichte enthält explizite sexuelle Darstellungen, extreme Machtdynamiken und Praktiken im Bereich BDSM. Der Zugriff ist ausschließlich Personen über 18 Ja"
0_218673_9_14077655344604989;0.1572;disappointed;procedure-open;;;;Nehmen wir an DU UND DEIN KIND habt dort eine Wohnung im Erdgeschoss. Das Kinderzimmer ist genau zur Parkreihe. Sommer , Sonntag morgen, die Nacht hatte 30 Grad, dein Kind hat bei offenem Fenster kaum schlafen können und die halbe Nacht geweint. Deine fetten Augenringe haben sich noch verdoppelt...E
0_221687_140_7558748858969296150;0.1572;enthusiastic;skincare-first;retinol,vitamin-c,aging-signs;;;As|L'Oréal Paris Age Perfect Anti-Aging Serum Le-Duo ✨ Ich habe das neue Age Perfect Le-Duo Serum von L'Oréal Paris getestet und bin begeistert! 💫 Das Besondere daran: Es vereint zwei Power-Wirkstoffe in einem Produkt –Vitamin C für den Tag und Retinol für die Nacht. Morgens sorgt das Vitamin C für 
0_221687_126_t1_o3p5qrb;0.1572;enthusiastic;skincare-first;;;;Gesichtswasser gesucht: was funktioniert bei euch wirklich? Soon Jung pH 5.5 Relief toner ist für mich der Beste für Rosazea! Ich benutze ihn schon seit vielen Jahren.Keine Hyaluronsäure, keine Niacinamide, keine fermentierten Inhaltsstoffe, generell wenig Inhaltsstoffe.\Ich persönlich mag insbesond
0_219424_9_yt.h7b17K5FKsg;0.1573;disappointed;procedure-open;fillers;;;Folge 27 - Ein volles Jahr unter einem Dach In dieser letzten Folge des Jahres nehmen euch Lisa und Simon mit wholesale ihren ganz normalen Vorweihnachts- und Jahresendwahnsinn. Zwischen Geschenkpapier-Diskussionen, Amazon-Fails im Originalkarton, Weihnachtsbaum-Zeitmanagement und absoluter Müdigkei
0_219424_190_3948883624054597828;0.1573;satisfied;procedure-open;;;;Die meisten Filler füllen. HarmonyCa hier baut wieder aufDie Kombination aus Hyaluronsäure und Calciumhydroxylapatit sorgt nicht nur für sichtbares Volumen - die enthaltenen Mikropartikel können gleichzeitig die körpereigene Kollagenproduktion anregen. Zwei Wirkungen, ein Termin.Ich setze HarmonyCa 
0_221687_190_3735405908332459749;0.1573;enthusiastic;skincare-first;retinol,hyaluronic-acid,niacinamide-peptides,aging-signs;;niacinamide;•Das Reviderm RetA+ Serum ist ein Wirkstoffkonzentrat zur Unterstützung der Zellregeneration und zur Gewebestraffung.•Enthält eine moderne Retinoid-Form (Hydroxypinacolone Retinoate, HPR), kombiniert mit Niacinamid, Hyaluronsäure und feuchtigkeitsspendenden Inhaltsstoffen.•Es gilt als wirksamer, abe
0_221687_190_3773602174295937382;0.1573;disappointed;skincare-first;aging-signs;;;Jede Ampulle ein Anti-Aging-Star für glatte, pralle, tiefenhydrierte und gesunde Haut: VisHya Hyaluronic Acid 0.36% Serum med. #vishya #hyaluronicacid #ampoules #deephydration #antiaging #smoothing #plumping #healthyskin
0_221687_26_1612767867565193;0.1573;satisfied;;niacinamide-peptides;;;Natur, die man spürt. Forschung, die man sieht.Unsere neue Olivenöl Kollagen-Pflege verbindet die Kraft des Olivenöls mit moderner Wirkstoffforschung.🫒 Kollagen-Peptide unterstützen die Hautstruktur🫒 Niacinamid stärkt die Hautbarriere🫒 Glycerin versorgt intensiv mit FeuchtigkeitEntdecke unser neuesO
0_219424_190_3931630349910391993;0.1574;seeking;skincare-first;aging-signs;;;☀️Was macht UV Strahlung wirklich mit unserer Haut? Denn UV-Schäden entstehen nicht erst bei einem Sonnenbrand.Bereits wenige Minuten täglicher UV-Exposition können die Haut beeinflussen, weit bevor sichtbare Veränderungen entstehen.Tägliche UV-Belastung führt langfristig zu vorzeitiger Hautalterung
0_218673_9_44977593106915591;0.1574;disappointed;;aging-signs;;;ok, aber was ist wenn du 40 bist und voller Falten und hast dich in einen 60 jährigen verliebt, der graue Haare hat, aber seine Haut sieht aus als wäre er 40? Passt das mit dem Alter????
0_221687_140_7585669977475255585;0.1574;enthusiastic;skincare-first;peel;;zinc;#familie #geschenke #weihnachten #cristmastime #cristmas winter byeee fussmatte ich hasse menschen mütze yeauty isana dm Rossmann Foryourbeauty aloevera labbello Fusswohl fussmaske limitededition pinsel eyepadmask eyepatches balea kneipp baleamen Feuchtigkeitmaske masken Badesalz duschgel deo Dontod
0_221687_190_3883196373659373237;0.1574;enthusiastic;procedure-open;retinol,vitamin-c,price;;;"✨ HYDRAFACIAL IN LÜNEBURG – ORIGINAL &amp; INDIVIDUELL AUF DICH ABGESTIMMT ✨Bei uns in Lüneburg bekommst du das original HydraFacial® – für eine tiefengereinigte, strahlende und gesunde Haut! 💆‍♀️✨💧 Was macht HydraFacial so besonders? ✔️ Tiefenreinigung &amp; Ausreinigung der Poren ✔️ Intensive Hydr"
0_219424_140_7663047267464547606;0.1575;disappointed;;;;;"Vielleicht das letzte mal.. Ein Podcast-Ausschnitt aus der Folge 40 «Badetuch &amp; Botox» «Kuss&amp;Krise» jetzt bei Spotify und Apple Podcasts hören. #schweiz #podcastclips #schweizerdeutsch"
0_221687_190_3739517668798877684;0.1575;enthusiastic;skincare-first;retinol;;retinol;Retinol oder Retinal? 🔬 Beide gehören zur Vitamin-A-Familie, der Unterschied liegt in der Umwandlung in der Haut.Retinol, der Klassiker, wird in mehreren Schritten in Retinsäure umgewandelt.Retinal ist die direkte Vorstufe der Retinsäure, es braucht nur einen Umwandlungsschritt und kann so direkter 
0_219424_9_43990422843871660;0.1576;satisfied;skincare-first;price;;;Ich würde dir bei jedem Star sofort recht geben und halte auch viele der Klon-Stories für schwachsinnig.Bei Jim Carrey aber ist es anders, da dieser Mensch der dort in Paris war einfach gegen alles spricht was Jim verkörperte.Er sagte mehrmals er hasse Preisverleihungen, gebe absolut nix auf Preise 
0_219424_9_yt.ToWNO3VpoG0;0.1576;seeking;;laser,spf;;;"Mai & Juni 2026 BIPA Neuheiten & Trendprodukte | BIPA Box Das sind die beliebtesten Produkte &amp; Neuheiten im Mai &amp; Juni 2026! ✨ Du möchtest die BIPA Box gewinnen und alle Produkte gleich testen? Dann folge dem BIPA YouTube Kanal und verrate uns in den Kommentaren deine 3 Favoriten aus dem Vid"
0_221687_126_t1_ndexw3k;0.1576;enthusiastic;skincare-first;aging-signs;;;"Welche beauty hacks, Produkte etc. haben „euer Leben verändert""? Bei mir:1. Ordinary Produkte für die Haut (Retional, Azelaic Acid, Vit C als Öl, Ferulic Acid, Moisturizer) und Bioré Sonnengel2. Kevin Murphy, K18 und Epres für die Haare3. Epres seit neuestem auch für die Nägel4. Nivea Deoroller5. Zu"
0_221687_26_1228547296066124;0.1576;disappointed;skincare-first;vitamin-c,aging-signs;;;"✨ Glow in a bottle ✨ Unser Vitamin C Serum reduziert Pigment- &amp; Altersflecken, gleicht den Teint aus und fördert die Kollagenproduktion – für weniger Falten und einen natürlichen Glow. https://la-mer.com/de/Vitamin-C-Serum"
0_219424_190_3943261800046302490;0.1577;satisfied;procedure-curious;;;;Wenn der Mann im Urlaub ist…werden heimlich Termine gebucht. 🤫💉😂#beautyhumor #aesthetic #botox #filler #lipfiller glowup ästhetik nurspaß
0_218685_9_yt.Sc2CgrD04go;0.1577;seeking;procedure-open;peel,retinol,vitamin-c,hyaluronic-acid,price;peeling;;NOCH BESSER ! Dalton Adventskalender 2025 ( GROß ) 24 Türchen Erste Mal gibt es bei Dalton 2 Adventskalender! So was gab es noch nie !Hier siehst du den Inhalt von den Klassiker  ‪Dalton‬ Adventskalender 2025 groß mit 24 Tagen.Hier ist 20% Rabattcode: PRESALENATALIAdventskalender 2025 ( GROß ) https
0_221687_190_3720951365800621497;0.1577;enthusiastic;procedure-curious;;;;🌸It's my🌸 #heilpraktikerin #asthetic #ästhetischemedizin #beauty #praxis #bodensee #swiss #zurich #konstanz #city #skincare #antiaging #girls #women #hyaluron #filler #lips #fillers #zürich #singen #neueröffnung #iloveit #job #love #lovemyjob #skin #fillerlips #beautycare #itsmy #hi
0_221687_140_7582649804774296854;0.1577;enthusiastic;skincare-first;hyaluronic-acid;;coq10;"Das ist dein Glow-Up-Stack von innen ✨ 1️⃣ Coenzym Q10 - unterstützt deine Zellen bei der Energieproduktion &amp; hilft, oxidativen Stress zu reduzieren (Anti-Aging von innen). 2️⃣ Hyaluronsäure - bindet Wasser wie ein Schwamm und sorgt für mehr Feuchtigkeit, prallere Haut &amp; natürlichen Glow. 3️"
0_221687_190_3908941547369016756;0.1577;enthusiastic;;vitamin-c;;;🍬 Neu im illvital: Nutriluv Gummibärchen! 🍬Naschen mit Mehrwert? Ab sofort möglich! 😍Die Nutriluv Gummies verbinden fruchtigen Geschmack mit funktionellen Inhaltsstoffen – und das mit 30 % weniger Zucker als herkömmliche Fruchtgummis.💪 Protein Gummies• 16 g Protein pro Beutel• Perfekt für alle, die 
0_221687_190_3959234956467540700;0.1577;disappointed;skincare-first;hyaluronic-acid;;;Das Hyaluron-Gel schenkt intensive Feuchtigkeit und sorgt für ein geschmeidiges Hautgefühl 💛💫 Spendet Feuchtigkeit💫 Unterstützt ein glattes Hautbild💫 Ideal für den AlltagDein einfaches Ritual für gepflegte, strahlende Haut ✨#sonnenapothekegerwisch #apothekevorort#gesundistbunt #SkinCare #Hyaluron #G
0_219424_126_t1_ny027n4;0.1578;disappointed;procedure-curious;;;;Keine aktuellen Fotos Frag auf ernst Freunde wenn ihr mal unterwegs seidEgal ob bei ner Veranstaltung oder einfach irgendwo draußen oder auf einer feier etcEinfach paar coole und wichtig AUTHETISCHE Fotos. Hör nicht auf die Leute die vom Fotograf für Dating Apps Fotos machen lassen.Alle Girls die ic
0_219424_190_3937471703479007357;0.1578;disappointed;skincare-first;;;;Die Frauen, die am schönsten altern, tun nicht mehr. Sie tun weniger, aber jeden Tag.7 Gewohnheiten, nach denen sie wirklich leben 👇☀️ Morgensonne → Schlaf, Energie, Hormone🫐 Beeren → Antioxidantien für deine Zellen🥣 Naturjoghurt → Darm und Immunsystem🌰 Paranüsse → natürlichstes Selen🦴 Knochenbrühe 
0_219424_26_1488967413277760;0.1578;satisfied;;;;;https://www.promiflash.de/news/2026/07/27/anti-aging-tipp-shania-twains-ungewoehnliches-morgenritual.html Ausritt im Pyjama: Wie Shania Twain in der Schweiz ihren Morgen beginnt und warum es für sie mehr als nur eine Routine ist.
0_218673_9_40975969013358848;0.1578;satisfied;procedure-curious;aging-signs;;;Die Falten in Leons Hals, in die der Autor sein Gesicht reiben will, sind halt viel tiefer als die Story des eigentlichen Spiels ^^
0_221687_190_3933665799247154089;0.1578;seeking;skincare-first;niacinamide-peptides;;;"Meine Morgenroutine besteht aus Elektrolytreichen Wasser + Zitrone, Biogena One &amp; Flohsamenschalen, LyfespanX Collagen Peptides &amp; NAD+ Wie sieht deine Morgenroutine aus? #biogena #kollagen #nad+ #vitamimD #longevity"
0_219424_9_28840782460079892;0.1579;seeking;;;;;Anti Aging wird testo in denen kreisen meist genannt (Heiko Kalbach)
0_219424_140_7657563628790353174;0.1579;enthusiastic;;;;;natürliche Rezepte  #natürlichschön #botox #fürdich
0_219424_190_3949006792410255841;0.1579;enthusiastic;procedure-curious;peel,price;microneedling;;☀️ SOMMERANGEBOT ☀️Der perfekte Zeitpunkt, um dir etwas Gutes zu tun! 💕Nur vom 26.07. bis 14.08. erhältst du:✨ Microneedling + BB Glow – 50 €✨ Lashlifting – 50 €✨ Browlifting – 50 €Nutze die Aktion und gönn dir einen frischen Glow, einen strahlenden Blick und perfekt gestylte Brows – zu einem unschl
0_221687_140_7591467505919593750;0.1579;satisfied;skincare-first;vitamin-c;;zinc;SKINCARE SALAD 🥗🧖🏼‍♀️ Du brauchst: - Karotten  - Gurke Für das Dressing - 1 EL Sesamöl - 3 EL Sojasauce - 1 EL Reisessig - Saft einer halben Zitrone  - Sesam  Karotten🥕 Beta-Carotin unterstützt eine gesunde, strahlende Haut Gurke 🥒 spendet viel Feuchtigkeit, wirkt beruhigend Zitrone 🍋 Vitamin C für 
0_219424_126_t3_1v10vh1;0.158;seeking;;peel;;;Microneedling Köln Liebe Community,  habt ihr Empfehlungen für Microneedling in Köln?
0_218673_15_36858132415468808;0.158;seeking;;;;;Frühjahrs-Mode 26 – Wenn es eigentlich nicht mehr Winter ist Die Zeit zwischen Winter und Frühling ist oft schwierig bei der Kleidungswahl: morgens kalt, mittags mild, abends wieder frisch. Die Mode im Frühjahr 2026 setzt genau hier an. Es geht um Schichten, bequeme Schnitte und frische Farben, die 
0_221687_26_1303388601829153;0.158;seeking;skincare-first;hyaluronic-acid;;;Hydration is key 🔑. Stelle dir selbst die Frage: wie viel Wasser trinke ich täglich?Für unseren Organismus ist genügend Wasserzufuhr ein essentieller Bestandteil - auch für unser größtes Organ: die Haut. Doch Wasser trinken alleine reicht der Haut nicht. Um eine optimale Durchfeuchtung der Haut sich
0_219424_9_yt.vClXmH_Rh30;0.1581;disappointed;skincare-first;;;;"Gott und die Leute von nebenan - Mandy - music by Susanne 2. Gott und Mandy, die Botox-Queen[Strophe]Mandy lässt die Lippen aufspritzen, immer mehr,doch im Herz drin bleibt sie leer.Instagram im Dauerlauf, Selfies in der Nacht,ich flüster ihr: „Kind, sei doch echt und lach!""[Refrain]Auch ungeschmink"
0_218673_9_31514584772169906;0.1581;disappointed;;;;;😂😂😂😂😂😂😂😂😂😂😂😂😂😂😂😂😂😂😂😂😂😂😂😂😂😂😂😂😂😂😂😂😂😂😂😂😂😂😂😂😂😂 in Sachsen-Anhalt möchtest du auch nicht  überm Zaun hängen😂😂😂😂😂😂😂😂😂😂😂😂😂😂😂😂😂😂😂😂😂😂😂😂😂😂😂😂😂😂 schöne Augenringe😂😂😂😂😂😂😂😂😂😂😂😂😂😂😂😂😂😂😂
0_221687_140_7565903088914156822;0.1581;enthusiastic;skincare-first;hyaluronic-acid,aging-signs;;;"✨ Lust auf meine Kollagen Testgruppe ✨ Schreib mir „Kollagen"" und ich schicke dir Infos🤗 Wusstest du, dass Kollagen der wichtigste Strukturproteinbaustein für unsere Haut und unser Bindegewebe ist?  Es sorgt für Festigkeit, Elastizität und Spannkraft – genau das, was wir uns für eine strahlende, gla"
0_219424_9_62145284063024534;0.1582;cautioning;;;;;Ja naja,.. halb Hollywood sieht doch durch Botox aus wie Aliens..Dieser Vorfall in Köln... Ist es eine geheime Militäraktion oder ein UFO?
0_219424_9_60339732591447051;0.1582;disappointed;;;;;Der Michael ist 1985 geboren, 😮 hab gedacht des ist so ein 60 jähriger Typ der Botox aus dem Eimer säuft 😅
0_219424_15_32603271519538750;0.1582;enthusiastic;;;;;Myokine: Treibstoff für Laufen & Anti-Aging In dieser Podcastfolge tauchen wir gemeinsam mit Dr. Beate Zunner, Fachärztin für Sport- und Ernährungsmedizin, tief in die faszinierende Welt der Myokine ein – körpereigene Botenstoffe, die weit mehr als nur Muskeln bewegen. Sie fungieren als essenzielle 
0_218673_9_yt.DxAuWU2rS2w;0.1582;disappointed;skincare-first;peel,aging-signs;;;"Schönheit aus Wurzeln #beauty Miswak, ein traditioneller Pflegezweig aus der Salvadora-persica-Pflanze, ist im Nahen Osten seit Jahrtausenden bekannt. Während er im Westen vor allem als natürlicher „Zahnstick"" gilt, nutzen Frauen in Saudi-Arabien das fein gemahlene Wurzelpulver auch für die Haut. Da"
0_221687_126_t1_ocfsycp;0.1582;seeking;skincare-first;;;aha;Habt ihr koreanische Skincareprodukte mal genutzt? Ja, ich beschäftige mich schon sehr lange mit Korea und koreanischen Produkten, unter anderem mit K-Beauty. Ich bestelle online immer bei purish oder gehe vor Ort in Frankfurt ins K-Beauty House (gibts auch in Leipzig) oder zu VibeSeoul. Welche Mark
0_219424_126_t1_o0hdexw;0.1583;disappointed;procedure-curious;;;;"Wo Wimpernverlängerung machen lassen? Ich war länger bei [Saarbrücken Ästhetiks by Sabrina Bouyahia](https://www.google.com/search?sca_esv=c8a3b072d1e1de02&amp;rlz=1C1GCEA_enLU1124LU1124&amp;sxsrf=ANbL-n7P8U_gTFSnX0eIrdw-eQa1H-YGCg:1768833485403&amp;q=Saarbr%C3%BCcken+%C3%84sthetiks+by+Sabrina+Bouya"
0_219424_140_7666035150043483414;0.1583;enthusiastic;;;;;natürliche Rezepte  #nivea #natürlicheschönheit #botox #cream #fürdich
0_218673_8_2027388194262597873;0.1583;disappointed;skincare-first;;;;@Neffton1 Anti Falten Eierkuchen 😅😂 willst du mich verscheißern🤣🤣😂😂
0_219424_190_3942459412920939797;0.1584;seeking;skincare-first;spf;;;☀️ Lichtschutzfaktor – was bedeutet der LSF genau?Im Sommer gehört Sonne dazu, aber deine Haut braucht Schutz. Der Lichtschutzfaktor, kurz LSF, gibt an, wie stark ein Sonnenschutzmittel vor UVB-Strahlung schützt, also vor der Strahlung, die vor allem Sonnenbrand verursacht.Aber wichtig: LSF ist kein
0_219424_26_1855965555840318;0.1584;seeking;skincare-first;spf;;;☀️ Lichtschutzfaktor – was bedeutet der LSF genau?Im Sommer gehört Sonne dazu, aber deine Haut braucht Schutz. Der Lichtschutzfaktor, kurz LSF, gibt an, wie stark ein Sonnenschutzmittel vor UVB-Strahlung schützt, also vor der Strahlung, die vor allem Sonnenbrand verursacht.Aber wichtig: LSF ist kein
0_219424_140_7665680044257266977;0.1584;enthusiastic;;;;;natürliche Rezepte  #natürlichschön #botox #vazilina #cream #nivea
0_221687_190_3733394547247031516;0.1584;disappointed;skincare-first;hyaluronic-acid,niacinamide-peptides,aging-signs;;;✨ Straffere Haut. Weniger Falten. Mehr Glow. ✨Das Peptide Anti-Aging Serum kombiniert Peptide + Hyaluron + Ginkgo-Extrakt für sichtbar glattere, prallere und jugendlich strahlende Haut 💎💧🌿 Power-Wirkstoffe:💧 Hyaluronsäure für intensive Feuchtigkeit🍇 Antioxidantienreiche Blaubeersamen-Öle für Schutz 
0_221687_190_3886146304493496594;0.1584;enthusiastic;;peel,price;;;"Trend-Update: Skyr meets Cranberry – Mix dir deinen ultimativen Frischekick selbst - mit GREENDOOR Anti-Aging Maske! Jetzt bis zum 3.5. zum ❤ Super-Experimentier-Sparpreis ❤ von 7,95 Euro statt 9,50 Euro auf https://greendoor-naturkosmetik.de/anti-aging-maske...Hast du schon mal „Skin-Food"" in deine"
0_219424_140_7662221884636892438;0.1585;disappointed;skincare-first;;;coq10;Anti-Aging beginnt in der Zelle, nicht in der Spritze. 🧬✨ Botox bekämpft nur die Symptome. Wenn du echte Resultate willst, musst du tiefer gehen – direkt in deine Zellen.  Ubiquinol, die aktive Form von Coenzym Q10, ist ein wichtiges fettlösliches Antioxidans, was direkt in der Zellmembran deiner Ha
0_218673_9_28521762323978577;0.1585;satisfied;;aging-signs;;;Sicher sieht sie verbraucht und alt aus...wegen den falten und orangen Haut  wo ist der Humor eigentlich???,eher kindliche Attitüde 😉 😅
0_218673_9_yt.VewZy-aCP9Y;0.1585;seeking;skincare-first;peel,aging-signs;;;JEAN D'ARCEL Dermal Refresh Fluid | Fruchtsäurepeeling für glattere Haut | Beautymanufactur Müde, fahle Haut und ein unebenes Hautbild? In diesem Video erkläre ich Dir das Jean D'Arcel ARCELMED Dermal Refresh Fluid – ein intensives Fruchtsäure- und Enzympeeling, das Deine Haut dabei unterstützen kan
0_218673_126_t1_ol06ke8;0.1585;cautioning;procedure-curious;;;;"häufige nacktheit vor dem Partner ""Was willst du mit den vielen Anti-Falten Cremes und Beauty-Produkten?""""Dass du mich wieder nackt sehen möchtest."""
0_221687_26_27623924320569564;0.1585;cautioning;;;;;🌀 Die biomechanische Achse: Der Iliopsoas als mechanischer Kernvektor der KörperstatikDie menschliche Anatomie folgt den Gesetzen der Tensegrität - einem dynamischen Gleichgewicht aus Zug- und Druckkräften. Innerhalb dieses Systems nimmt der Musculus iliopsoas - bestehend aus dem Musculus psoas majo
0_219424_126_t1_o2h95t7;0.1586;seeking;procedure-curious;;;;Nehmen wir an ihr dürftet eine kostenlose SchönheitsOP bekommen, was würdet ihr an euch verändern? Jo absolut nix. Wäre cool wenn ich mir die Kohle dann stattdessen auszahlen lassen könnte.
0_219424_9_yt.w6l1Rk9Qt7I;0.1586;disappointed;skincare-first;;;;Seniorengesundheit: Honig-Ritual zur Förderung von Energie, Durchblutung und Vitalität ab 60 Seniorengesundheit: Honig-Ritual zur Förderung von Energie, Durchblutung und Vitalität ab 60In diesem Video geht es um wichtige Aspekte der Seniorengesundheit und wie ein einfaches Honig-Ritual die natürlich
0_221687_190_3772291252709153446;0.1586;enthusiastic;;peel,hyaluronic-acid,niacinamide-peptides;;;"Dein Glow Boost: Sanft verfeinernd, intensiv glättend: Der Mega Refining Glow Boost Toner kombiniert AHA &amp; BHA für einen zarten Peeling-Effekt, während Niacinamide sichtbar Pigmentflecken mindern. Hyaluron spendet tiefenwirksame Feuchtigkeit und Spilantol glättet feine Mimiklinien. Pink Grapefru"
0_221687_26_1160712762849578;0.1586;disappointed;skincare-first;vitamin-c;;;Urlaubsfeeling für deine Haut – auch im Winter! ❄️✨ Wenn die Tage kürzer und kälter werden, schenkt dir das La mer Vitamin C Serum das Strahlen des Sommers zurück. ☀️Mit seiner leichten Textur und der Power aus Vitamin C sorgt es für einen frischen, ebenmäßigen Teint – wie nach einem sonnigen Tag am
0_219424_190_3936585858623369420;0.1587;enthusiastic;;hyaluronic-acid;;;"🌸 Frische &amp; Glow!⁠Das HANSKIN PDRN Hyaluron Glow Serum spendet Feuchtigkeit, polstert auf und sorgt für einen strahlenden, glatten Teint ✨⁠______⁠#hanskin #pdrn #kbeauty #kbeautyhouse"
0_218673_9_29259612944644596;0.1587;satisfied;skincare-first;aging-signs;;;Er ist niemals 48 J! Die Augenringe, die Hängende Haut, Falten usw. Er ist ü 60J, das bin ich mir ganz sicher!!
0_221687_190_3887392900321380388;0.1587;seeking;skincare-first;retinol;;bakuchiol;"MuseX proudly present @kalliopesbotanicals Kalliope's Botanicals entsteht hoch oben in den Bergen der griechischen Insel Lefkada – nah an der Natur, reduziert auf das Wesentliche: nichts Überflüssiges, nur das, was die Pflanze selbst hergibt.Bakuchiol – das „Retinol der Natur"". Sanft zur Haut, stark"
0_219424_9_58605166895405899;0.1588;seeking;;;;;"Klassische „Sänger-Pastillen"" Ipalat Halspastillen, auch für lange Reden geeignet : → sehr bekannt, enthalten u. a. Primel, Anis und Menthol → bilden einen schützenden Film im Hals und helfen bei Heiserkeit Quelle:Die Beraterapotheke Isla med voice Pastillen → speziell für Stimme entwickelt (mit Isl"
0_218673_126_t1_natst9m;0.1588;seeking;;;;;"Anyone familiar with Mami Onami? Sie hat drei Kinder, die rund um die Uhr Zuhause sind und davon ein kleines Baby... Macht bessere Augenringe als jede Droge;)"
0_218673_9_29390995535730364;0.1588;seeking;procedure-curious;;;;@DonViToCRLNEdie meisten benutzen die Autos eben nicht ganz normal. Werfen sich in den Sitz rein oder kommen mit rauen Materialien an Lenkrad etc. ran. Meine E Klasse schaut innen auch nach 103'000km super neuwertig aus der Pflege sei Dank. Und mein Passat hat nach 380'000km keine Risse oder grobe F
0_218673_9_10348199030572685;0.1588;disappointed;skincare-first;aging-signs;;;​@DieKriegerdesSeinsdu bist sowas von süß ey also das mit der Kartoffel ist dadurch entstanden das ich bei den Threaders einmal von einem Typen mit den ich mich unterhalten hatte einfach aus den nichts heraus anfing mich zu beleidigen und mich eine alte dumme Kartoffel nannte und so kam es das mir K
0_219424_190_3939741693170102085;0.1589;enthusiastic;procedure-curious;peel;microneedling;;Ein ganz besonderer Schulungstag. 🤍✨Heute durfte ich eine ganz besondere Schülerin ausbilden – eine langjährige Freundin. Es ist ein unbeschreiblich schönes Gefühl, einen Menschen, der einen schon so lange begleitet, auf einem neuen Schritt unterstützen zu dürfen.Von Herzen: Herzlichen Glückwunsch z
0_218673_126_t3_1r5tg6r;0.1589;seeking;procedure-curious;niacinamide-peptides;;;Was haltet ihr von Augenpads? was ist eure Meinung zu Augenpads?Nutzt ihr sie regelmäßig und habt ihr das Gefühl, dass sie wirklich einen Effekt haben (z. B. gegen Augenringe, Schwellungen oder Trockenheit)?Ich habe kürzlich die COSRX Pink Peptide Collagen Hydrogel Augenpads gesehen und frage mich, 
0_221687_190_3846084719712943107;0.1589;satisfied;skincare-first;;;;Die Früchte der Natur geben uns alles, was die Haut braucht! Frische. Feuchtigkeit. Balance.marame hyaluronic beauty drops#marame #cleanbeautyproducts #serum #glow #makeup
0_221687_190_3901129909605706247;0.1589;satisfied;skincare-first;vitamin-c,hyaluronic-acid,niacinamide-peptides,aging-signs;;niacinamide;Hier ein Beispiel für eine Morgenroutine mit Aurolea 🌞 Fokus auf die beliebten Rosy Produkte 🌹• Rosy Soft Cleanser• Rosy Glow Toner• Pure Skin Serum• No Age Glow Oil• Rosy Glow Fluid Aurolea ist eine sanfte Wirkstoffkosmetik mit Fokus auf die Wirkstoffe - Vitamin C, Niacinamid, PHA, Hyaluron und pfl
0_221687_126_t1_p1vo4qv;0.1589;seeking;skincare-first;spf;;centella;Gesichtscreme ohne LSF + Sonnencreme oder Gesichtscreme mit LSF ohne Sonnencreme? Wie reichhaltig soll es denn sein? Wenn es leicht aber feuchtigkeitsspendend sein soll, Skin1004 Hyala Cica Water Sun Serum, oder Isntree Hyaluronic Acid Fresh Sun Serum bzw. Watery Sun Gel (beide sehr leicht, Serum no
0_219424_23_9732651313171500;0.159;enthusiastic;skincare-first;hyaluronic-acid,spf;;;Perfekte Sonnencreme mit Anti Aging Effekt [Ich habe dieses Produkt im Austausch für meine ehrliche Bewertung erhalten] Eine wirklich tolle starke Sonnecreme mit Anti Aging Effekt.Sie lässt sich sehr einfach durch den Pumpspender entnehmen,lässt sich sehr gut verteilen, zieht rasch ein und hinterläs
0_218673_9_915375379118666;0.159;satisfied;skincare-first;aging-signs;;;Er sagt doch selbst, dass er früher besser ausgesehen habe..Man sieht ihm das Straßenleben schon an...Die Falten wirken tiefer (vor allem, er ist ja est um die 20), das Gesicht aufgedunsener (vom Alkoholkonsum).Wir könnten das erst richtig beurteilen, wenn wir ihn vor dem Leben auf der Straße gesehe
0_221687_190_3747048829402177905;0.159;enthusiastic;skincare-first;retinol,vitamin-c;;zinc;✨ Top 5 Nährstoffe für gesunde Haut ✨Was du isst, hat großen Einfluss darauf, wie deine Haut aussieht! 🥑🍓 Hier sind die 5 wichtigsten Nährstoffe, die deiner Haut helfen, gesund zu bleiben und zu strahlen:1️⃣ Vitamin A – Unterstützt die Zellerneuerung und sorgt für eine glatte Haut. Es findet sich in
0_221687_190_3834679487921724571;0.159;satisfied;;vitamin-c;;;Gute Inhaltsstoffe sind heute Standard.Außergewöhnliche Formulierungen sind es nicht.Alpine Pflanzen wachsen unter extremen Bedingungen. Intensive Sonne. ☀️Kühle Nächte.🌡Reine Höhenluft. 🏔Um zu überleben, entwickeln sie natürliche Schutzmechanismen - darunter antioxidative  Pflanzenstoffe.Genau desh
0_221687_190_3850347468639150493;0.159;enthusiastic;;hyaluronic-acid,aging-signs;;;Gerade jetzt im Frühling möchten wir unsere Haut zum Strahlen bringen! Gezielte Wirkstoffe wie Hyaluron, Ectoin, Parakresse und Traubenkernöl helfen, Elastizität zu bewahren, die Haut zu Pflegen und zu glätten. Entdecke jetzt die cleane Anti-Aging Pflege von Bio-Lyne🌿Especially now in spring, we wan
0_219424_126_t1_o23swxh;0.1591;satisfied;;;;;Sonja und Daniel gegen Ariel? Oh Gott 🙈😊 Hat Stefan Raab gerade Sonja Zietlow Botox- Fliege genannt ???? 😳😳😳
0_219424_190_3949264355466530912;0.1591;satisfied;procedure-curious;;;;Gruß von der Content Maus 💅☺️ PS: War sehr lecker! matcha life longevity content viral beauty doc ästhetik
0_218685_9_20269771117391094;0.1591;satisfied;;;;;Vampirlifting gibt es auch in Deutschland. Das aufgearbeitete Plasma vom Eigenblut wird in die Haut gespritzt und soll die Haut straffen.
0_219424_9_yt.Lvwm_U0Cw_Q;0.1592;satisfied;;vitamin-c;;;Orangen sind extrem gesund, da sie mit viel Vitamin C das Immunsystem stärken, #vitaminc #orange Orangen sind extrem gesund, da sie mit viel Vitamin C das Immunsystem stärken, die Zellerneuerung fördern (Anti-Aging) und die Eisenaufnahme verbessern. Sie unterstützen Herz und Gefäße durch Kalium und 
0_219424_190_3941765586307152255;0.1592;enthusiastic;procedure-curious;botox;;;Es ist soweit.. wir nehmen Abschied 💔Wir nehmen Abschied von unserer Praxis in der Lilienstraße – dem Ort, an dem in den letzten zwei Jahren so viele wundervolle Begegnungen, schöne Ergebnisse und unvergessliche Momente entstanden sind. ❤️Ich möchte diesen Moment nutzen, um DANKE zu sagen. Danke für
0_221687_140_7586067275191471382;0.1592;enthusiastic;;vitamin-c;;;"NaturElan Kollagen Kapseln  Mit Hyaluronsäure , CoQ10 &amp; Vitamin C. Ohne Zusätze 100 % Vegan @NaturElanGermany  #tiktokshop #collagen  #hautpflege #tiktokshopdeutschland #naturElan"
0_219424_126_t1_onxpbwi;0.1593;seeking;procedure-curious;spf;;;"Wer sich aktiv in der Sonne (auch Solarium ist mit gemeint) bräunt ist dumm. Ich hab eine von [Neutrogena](https://www.dm.de/p/d/3119381/neutrogena-sonnenfluid-gesicht-ultra-sheer-oil-control-lsf-50?appPageType=productdetails&amp;appProductId=3119381&amp;setSelectedStore=D47I&amp;wt_mc=shopping.goog"
0_219424_190_3938701242509832112;0.1593;disappointed;skincare-first;vitamin-c,spf,aging-signs;;aloe;Dieses Produkt hat mich drei Jahre Entwicklung gekostet! 🫠Niemand hat geglaubt, dass ich es schaffe. Zwischendurch habe ich selbst daran gezweifelt. Heute bin ich stolz, weil ich die Sonnencreme entwickelt habe, nach der ich jahrelang gesucht habe @nau.organic • Mineralischer UV-Schutz mit Non-Nano-
0_219424_140_7665026074048351521;0.1593;disappointed;skincare-first;price;;;"Da andere auf TikTok Dinge wie „Botox &amp; Glätteisen"" aufgezählt haben🫪 Dachte ich, ich mach mal eine wirklich realistische Version davon🫶🏼🦋💙 Was ist noch das Geld wert? #geld #teuer #realistisch"
0_218673_126_t1_ot3gzd6;0.1593;satisfied;skincare-first;aging-signs,price;;;"Dass Frauen nur einen kleinen Teil der Männer durchschnittlich attraktiv oder hübscher finden liegt nicht daran, dass zu hohe Ansprüche vorliegen, sonderen daran, dass wir uns schlecht um uns kümmern. \&gt; Ich kann dir als Mann garantieren, dass die wenigsten Männer einen Fick drauf geben, ob du je"
0_221687_26_1540130388113193;0.1593;enthusiastic;;hyaluronic-acid,aging-signs;;;Wisst ihr, was hinter straffer, glatter und frischer Haut steckt? Das Geheimnis liegt in drei wichtigen Bausteinen eurer Haut: Collagen, Elastin und Hyaluron.Collagen sorgt für Stabilität und Festigkeit der Haut. Es bildet ein natürliches Gerüst, das eure Haut straff hält. Außerdem unterstützt Colla
0_219424_26_1059605446592268;0.1594;disappointed;;hyaluronic-acid,aging-signs;;;Unser Hyaluron Gesichtsfluid enthält eine spezielle Kombination aus hoch- und niedrigmolekularen Hyaluronsäuren, die besonders viel Feuchtigkeit spenden. Fältchen werden dadurch gemildert und ein Anti-Aging-Effekt bewirkt. Die hochmolekulare Hyaluronsäure regelt den Feuchtigkeitshaushalt und speiche
0_219424_190_3944769957628072721;0.1594;disappointed;;price;;;"Driving good 💚✨Diesen Sommer waren wir Teil der @super_fleamarket Tour by @tonigarrn &amp; @porsche_de. Von Berlin über Cannes und Stuttgart bis nach Hamburg drehte sich alles um Fashion, Community und einen guten Zweck.Mit dabei: unser hyaluron beauty splash für den sofortigen Glow der Gäste 💦Mehr "
0_219404_8_2036222479778140346;0.1594;enthusiastic;skincare-first;;;;@LibertyHannes Allah bewahrt sie aber nicht davor, dass das Hyaluron im Gesicht verrutscht. Ich empfehle eine Burka.
0_219424_9_63914435644691152;0.1595;seeking;;;;;Botox, oder voll Botulinumtoxin ist das stärkste Gift der Welt. Etwa 10 Nanogramm sind tödlich für Menschen. Das sind 0,00000001 Gramm.
0_219424_9_yt.nslq9vn7gkU;0.1595;seeking;;;;;7 günstige Okinawa-Lebensmittel pro Woche, um ab 70 schlank zu bleiben #OkinawaDiaet #Langlebigkeit #GesundAlternEntdecken Sie die 7 günstigen Lebensmittel, die Okinawaner jede Woche essen, um auch nach 70 schlank zu bleiben. Die traditionelle Okinawa-Diät ist weltweit für die Förderung von Langlebi
0_218673_15_71211801178398984;0.1595;enthusiastic;skincare-first;;;;"04.10.2025 – Bernd Stelter kommt nach Heinsberg Bernd Stelter ist am 04.10.2025 mit seinem Programm – „Reg' Dich nicht auf. Gibt nur Falten!"" in der Stadthalle Heinsberg und es gibt nur noch 100 Tickets bevor die Show ausverkauft ist. Worüber regen wir uns nicht alles auf? Über das Knöllchen an der "
0_219384_126_t3_1upnay9;0.1595;enthusiastic;procedure-open;spf;;;Der Urlaub auf Korsika – Teil 3: Samstagabend Samstagabend, die letzte Woche unseres Urlaubs. Die Luft war schwer von Salz, Grillrauch und dem süßen Duft von Sonnencreme, der sich in zwei Wochen in unsere Haut gefressen hatte. Wir hatten den ganzen Tag am Strand gelegen, Bier getrunken, Wodka-Redbul
0_219424_190_3930173095963451130;0.1596;seeking;skincare-first;spf;;spf;☀️ Sonnenschutz ist Selfcare. 🤍Sonnenstrahlen geben uns Licht, Wärme und gute Laune — aber zu viel UV-Strahlung kann die Haut belasten, Kollagenfasern schädigen und die Hautalterung beschleunigen.Deshalb ist Sonnenschutz für mich nicht nur ein Beauty-Thema, sondern ein wichtiger Teil von Wellness un
0_219424_126_t1_ow66kvc;0.1596;disappointed;procedure-curious;botox;;;"Findet ihr so hyperfeminine/barbiehafte Styles bei Frauen attraktiv? &gt;Ich spreche jetzt vom Klischeebild: blondiert, animal-print oder pinke Kleidung, eher enge/knappe Stücke, glam Make-up, eventuell auch operiert.Alles, was du aufgezählt hast, finde ich (vor allem in Kombination) in 99% der Fäll"
0_219424_190_3939749005015131063;0.1596;seeking;skincare-first;peel,aging-signs;;;"𖥔 Ｌｕｍｉèｒｅ  Ｃｏｓｍｅｔｉｃｓ. Coming soon… Beauty Services by Melisa.✨Premium Wimpern &amp; Brows 🤍Microneedling💧Aquafacial🦷Zahnschmuck Und viel mehr in #Köln #Kalk 📍Kalker Hauptstraße 201, 51103 Köln Buche ein Termin über DM,Ich freue mich auf dich! #kosmetik #wimpernköln #lashesköln"
0_219424_9_yt.TZD7qfNBy2w;0.1597;enthusiastic;procedure-open;facelift;;;Wie aktiviere ich die Scheinwerfer-Sprinkler im MITSUBISHI Outlander Facelift (2017-2022)? In diesem Video zeige ich dir Schritt für Schritt, wie du die Scheinwerfer-Sprinkler (Scheinwerfer-Waschanlage) im MITSUBISHI Outlander Facelift (2017-2022) findest und richtig aktivierst. Du lernst, wo der He
0_221687_126_t1_ne0lgzd;0.1597;enthusiastic;skincare-first;retinol,price;;bakuchiol;Beste und günstigste Augencreme mit Retinol Hallo, bei mir hilft Retinol nicht aaaaber die beste und günstigste Augencreme ist für mich der Mary and May- Tranexamic acid eye cream, ist zwischen 5-10€ höchstens je nach Größe, ich bestelle sie immer online. Auch die Haru Haru bakuchiol augencreme find
0_221687_140_7614646799541816598;0.1597;enthusiastic;skincare-first;niacinamide-peptides;;;#ad Kollagenpulver von NuTori💫 Mein Gesundheits- und Beauty- Hack✨ Kollagen Pulver für deinen aktiven Lifestyle 💪 Nutori Kollagen Wunder mit Grass-Fed Collagen Peptides – ideal für alle, die ihre tägliche Protein-Routine und bewusste Ernährung ergänzen möchten. Einfach 1–2 Esslöffel in dein Liebling
0_219424_190_3941212164663373941;0.1598;enthusiastic;;aging-signs;;;"Strahle mit der Kraft des Bienenstocks. 🐝✨Die BEE&amp;YOU Anti-Aging Gesichtscreme mit natürlichem Bienengift kombiniert Bienengift, Gelée Royale, Sheabutter sowie die Vitamine B5 und E in einer intensiv feuchtigkeitsspendenden Formel. Sie hilft, das Erscheinungsbild feiner Linien zu verbessern, unt"
0_221687_126_t1_oijxzka;0.1598;seeking;skincare-first;retinol,spf;;zinc;"Was ist eure derzeitige tägliche Routine? morgens: hypochlorid toner von inao oder zink toner von isana; barriere creme von balea und meine sonnencreme von beauty of joeson abends: balea med oder vergleichbares waschgel, selber toner wie morgens, isana barriere serum (das rosane), no cosmetics barri"
0_219424_9_22473619853875836;0.1599;disappointed;;;;;Nicht ganz richtig, Botox ist ein Nervengift, welches die Muskeln lähmt, die Gesichtsmuskulatur wird gelähmt, wodurch Falten gar nicht erst entstehen (z.B. Lachfalten)
0_218673_8_2036343494453895306;0.1599;enthusiastic;skincare-first;;;;"Anzeige I Tanz mit mir in die Zeit zurück! 🥰💃🏼Komm zum Meet &amp; Greet am 06.09.2025 in Stuttgart zu  &amp; erfahre mehr über Hautalterung &amp; Epigenetik. Entdecke meine Geheimwaffe für jugendliche Haut von  ✨✨06.09.202513–17 UhrEs erwarten euch: Experte... https://t.co/2vQLkqauuR"
0_219389_126_t1_nthxd2t;0.1599;disappointed;procedure-curious;botox;;;Finden ich jemand der mein Auto mehr hasst als ich? Das Auto sieht so aus, als hätte man einem Frosch zu viel Botox Gespritzt… Gott schütze uns vor Sturm und Wind und Autos aus Frankreich.
0_221687_26_1257952029706614;0.1599;satisfied;skincare-first;retinol,aging-signs;;;Nicht nur für Anti-Aging eignet sich Retinol, auch bei Pigmentflecken oder Akne findet das Vitamin A wirkungsvolle Verwendung. Wir zeigen dir 7 Produkte, auf die du in keinem Alter verzichten kannst
0_221687_8_2001337343475683693;0.1599;cautioning;;retinol,vitamin-c;;;Eine kleine Vitaminlehre.Viele nehmen günstige Multivitamine wie:👉https://t.co/yZhA9SQC94Da ist alles drin, was man benötigt. Aber! 😀Die wichtigen VitamineVitamin A:👁️ Sehkraft, 🛡️ Immunsystem, 🧴 HautVitamin D:🦴 Knochen, 💪 Muskeln, 😌 Stimmung, 🛡️ ImmunabwehrVitamin E:🛡️ Zellschutz (Antioxidans), 💓 H
0_221687_26_1393724126107880;0.1599;enthusiastic;;;;;Strahlende Augenblicke. ✨👀Die Intensiv regenerierende Anti-Aging Augencreme pflegt die empfindliche Augenpartie mit Resveratrol 🍇, Hyaluron 💧 sowie wertvollen BIO-Ölen und Sheabutter.Für sichtbar geglättete, frische und wache Augen. 🌿💚#HillingerCosmetics #Naturkosmetik #Augenpflege #Resveratrol #Cle
0_221687_26_4066559566811819;0.1599;enthusiastic;skincare-first;;;coq10;"✨ Warum ich Q10 von mihi liebe – meine Top 3 Gründe! ✨👉 1. Energie für den AlltagQ10 unterstützt deine Zellen dabei, Energie zu produzieren – perfekt, wenn du dich fitter und aktiver fühlen willst 💪⚡👉 2. Unterstützung für Herz &amp; KörperCoenzym Q10 spielt eine wichtige Rolle für dein Herz-Kreislau"
0_219424_9_yt.5HnrhgdejaM;0.16;enthusiastic;procedure-curious;;;;"Elena Miras schießt gegen MLFL Kandidaten 🤯 „Mir wird schlecht"" - Sandra Sicora Botox Unfall? 😳 Elena Miras äußert sich zu Make Love Fake Love Kandidaten und ist nicht amused. 🫠Auch Sandra Sicora hat ein kleines Problem. Wir hören 😳#mlfl #makelovefakelove #elenamiras"
0_219424_126_t1_o64haef;0.16;satisfied;;;;;Spiel den selben Song nochmal Danke 😂 endlich hat Mr. Botox einen NamenEdit: moment Mal einer? Sehen die beide so aus?
0_219424_140_7664232936069156129;0.16;satisfied;;;;;Hormone arbeiten nicht isoliert, sie sind Teil eines fein abgestimmten Netzwerks. Damit dein Körper Hormone produzieren, transportieren, aktivieren und abbauen kann, müssen viele Prozesse gleichzeitig funktionieren. 🩸 Dazu gehören unter anderem: 🧠 Ein reguliertes Nervensystem , chronischer Stress un
0_219424_9_33026548213290915;0.1601;cautioning;skincare-first;;;;Ich persönlich kenne hier in DEutschland niemanden, der/die Botox nutzt (ich bin Jahrgang 1975 - also habe schon ein paar Jahrzehnte auf dem Buckel, aber vielleicht kenne ich einfach nur Menschen, die Botox gegenüber kritisch sind)
0_219424_9_yt.x32vDIH54sU;0.1601;satisfied;;;;;Diese 9 Lebensmittel verjüngen deinen Körper täglich 🫐✨ Diese 9 Lebensmittel können helfen, deinen Körper jung, fit und voller Energie zu halten. Von Blaubeeren über Avocado bis hin zu grünem Tee – entdecke einfache tägliche Gewohnheiten für gesunde Haut, ein starkes Herz und mehr Wohlbefinden. P
0_219424_8_2080219951583883688;0.1601;satisfied;skincare-first;;;;RT @KonigSiegmar: Kein Botox kein Silikon alles echt trotzdem sehr hübsch. https://t.co/ZY1BIzUOEH
0_218673_23_68172551999175718;0.1601;disappointed;;aging-signs;;;Pigmentflecken werden werden heller und sind fast nicht mehr zu sehen
0_219384_126_t1_o6lqc1n;0.1601;satisfied;;aging-signs;;;Bsrtschatten Laser ist gerade bei dunklen Haaren auf heller Haut schon recht erfolgreich. Was da noch überbleibt wird dann mit nadelepi entfernt
0_219424_140_7661405947859963168;0.1602;enthusiastic;procedure-curious;peel;microneedling;;Wollt ihr wissen, warum ich abgebrochen habe? 🫢 #lashlift #browlami #microneedling #storytime #unboxing
0_219424_190_3945674706559162616;0.1602;enthusiastic;;aging-signs;;;Part 3 The modern aesthetics industry is rapidly shifting toward regenerative medicine, focusing on treatments that stimulate your body's own natural processes rather than just filling or masking. This spectrum ranges from building facial volume to reversing hair loss.Instead of temporarily renting 
0_218673_9_65301737006640839;0.1602;satisfied;procedure-curious;;;;"Die Frage ""Können Bäume den Planeten retten"" ist für sich schon so ungeheuer simplifizierend, dass man sie genauso gut dumm nennen könnte. Diese Frage impliziert, dass der Planet in Gefahr ist und gerettet werden muss. Könnte man ebenfalls für eine dumme Annahme halten. Mit dieser Form des nudgings "
0_218673_8_2046869036001018275;0.1602;cautioning;procedure-curious;;;;@KaiserBenKaiser Uiuiui, lass das bloß nicht meine Nachbarin hören! Die hat Augenringe vor Kummer, und als ich fast dasselbe wie du sagte, war sie entsetzt...
0_221687_8_2058228966423720262;0.1602;cautioning;;retinol,vitamin-c;;;Eine kleine Vitaminlehre.Viele nehmen günstige Multivitamine wie:  👉https://t.co/yZhA9SR9YC  Da ist alles drin, was man benötigt. Aber! 😀Die wichtigen Vitamine  Vitamin A:  👁️ Sehkraft, 🛡️ Immunsystem, 🧴 Haut  Vitamin D:  🦴 Knochen, 💪 Muskeln, 😌 Stimmung, 🛡️ Immunabwehr  Vitamin E:  🛡️ Zellschutz (A
0_218673_23_25110322959181351;0.1603;satisfied;skincare-first;aging-signs;;;Luminous 630 Skin Glow Serum Mit dem Luminous Skin Glow Serum bin ich sehr zufrieden. Es ist sehr einfach mit der Pipette aufzutragen und der Duft ist sehr angenehm. Das Serum spendet der Haut Feuchtigkeit, reduziert Pigmentflecken und verfeinert die Poren. Mir sagt das Serum sehr zu, denn die Haut 
0_219389_8_2069396310742954068;0.1603;satisfied;skincare-first;natural;;;Genau das verstehe ich aber unter Professionalität, wenn sie sich in der Öffentlichkeit bewegn will. Wer sich in der öffentlichkeit präsentiert, verkauft sich selbst und es sind bekannte Verkaufs Basics, dass es keinen Sinn macht auf Scheinargumente zu reagiern, sondern auf den wahren Inhalt. Sie ka
0_219404_9_22262196909753489;0.1605;satisfied;skincare-first;;;;Liebe Andrea Ich habe mehrere Familienmitglieder die eine Hüft op hatten Alle sind glücklich mit ihrer neuen hüfte Schmerzfrei und wieder super beweglich Es ist überhaupt nicht so wie du dir das vorstellst Es wird alles gut verlaufen Heute ist man ruck zuck wieder auf den Beinen Eine ambulante Reha 
0_221687_190_3809756792599787176;0.1605;enthusiastic;procedure-open;;;;"Heute um 19 Uhr 🔥 Mein erster kostenfreier Live-Call in meiner neuen CommunitySynthesizer endlich wirklich verstehen – damit du dich sofort in Serum, Vital, Omnisphere &amp; Co. zurechtfindest.Grundlagen, Aha-Momente und Praxis – live und gratis.Jetzt anmelden und heute Abend dabei sein. Wir sehen u"
0_221687_190_3854251749864048706;0.1605;satisfied;;niacinamide-peptides;;;GHK-Cu (Glycyl-Histidyl-Lysin-Kupfer) ist ein kleines Kupfer-bindendes Peptid, das natürlicherweise im menschlichen Körper vorkommt. Es wurde ursprünglich in Blutplasma und Speichel entdeckt und wird seit Jahren in der regenerativen Medizin und Dermatologie untersucht.Neuere Arbeiten (2024–2026) bes
0_218673_126_t3_1oc7ylb;0.1606;disappointed;procedure-curious;;;;Problem: Weihnachtsüberraschung (Rant über nervige neue Freundin der Frau) Guten Morgen, meine Frau (w30), seit 12 Jahren ein Paar, 7 davon verheiratet, inzwischen Eltern eines kleinen Sohns (m4), konnte noch nie wirklich gut mit Geld umgehen und übergab mir (m33) ihre Finanzen schon relativ früh in
0_219384_126_t1_npj5dji;0.1606;seeking;procedure-curious;laser,price;laser;;IPL Laser Intimbereich - Gerät für Zuhause holen oder im Studio machen lassen? ich kann dir direkt das shinie IPL empfehlen damit komm ich im Intimbereich echt super klar. Ich hab helle Haut und dunkle Haare und nach ein paar Anwendungen waren die Pickelchen vom Rasieren fast komplett weg. Dauert zw
0_219424_9_yt.hiLDyh9L2n8;0.1607;seeking;procedure-open;;;;Die Phasen der Wechseljahre verstehen – einfach erklärt! 🌸 Prä- | Peri- | Postmenopause. Hormone. Die Wechseljahre verstehen – einfach erklärt! 🌸In diesem Video erfährst du leicht verständlich die unterschiedlichen Phasen der Wechseljahre. Mein Kanal beschäftigt sich mit den hormonellen Veränderunge
0_219424_190_3931519067953592733;0.1607;seeking;procedure-open;laser,price;laser;;"Stell dir vor: du gehst in den Sommer und fühlst dich einfach gut. Kein „ich wäre gerne noch…"" — einfach nur du, auf deinem besten Level. 👑Genau dafür sind unsere Summer Specials da. Gültig vom 02.07. bis 31.08. — aber die Plätze füllen sich schnell.Was auf dich wartet:→ BTX Fullface (6 Zonen) — 499"
0_219424_26_1579247210891614;0.1607;enthusiastic;skincare-first;vitamin-c,hyaluronic-acid;;glycerin;Neu: Magdalena's Vitamin C Serum. ✨Frische und Feuchtigkeit für Ihre Haut – jeden Tag. Unser neues Magdalena's Vitamin C Serum vereint stabiles Vitamin C mit Hyaluron und Glycerin zu einer leichten, schnell einziehenden Pflegeformel. Ausgewählte pflanzliche Extrakte und Arnika sorgen für ein angeneh
0_219424_190_3938187911456868823;0.1607;enthusiastic;skincare-first;vitamin-c,hyaluronic-acid;;glycerin;Neu: Magdalena's Vitamin C Serum. ✨Frische und Feuchtigkeit für Ihre Haut – jeden Tag. Unser neues Magdalena's Vitamin C Serum vereint stabiles Vitamin C mit Hyaluron und Glycerin zu einer leichten, schnell einziehenden Pflegeformel. Ausgewählte pflanzliche Extrakte und Arnika sorgen für ein angeneh
0_218673_8_2039631307064402142;0.1607;enthusiastic;procedure-curious;;;;@TolkinLoL Maybe bin ich late to the party, aber falls es dir noch niemand gezeigt hat, du hast einen Doppelgänger:Er spielt in der Serie Ragnarok mit, hat da dann oft noch krassere Augenringe und ich hab die ganze Zeit das Gefühl du spielst da mit ^^ https://t.co/rAehU8lnDH
0_218673_126_t1_op4eg3a;0.1607;enthusiastic;procedure-curious;;;;Mein Wortschatz wurde soeben erweitert Die Frau kann ja auch ihre Tränensäcke meinen.. 😂✌🏻
0_221687_26_1359371312882294;0.1607;enthusiastic;skincare-first;hyaluronic-acid,aging-signs;;zinc;AD | Anti-Aging ist kein Wettrennen gegen die Zeit. Es ist eine Entscheidung für deine Haut! 🤍Viele denken bei Hautalterung zuerst an Cremes. Dabei beginnt schöne Haut viel früher – bei Nährstoffen, ausreichend Wasser, Antioxidantien und einem bewussten Lebensstil.Ab Mitte 20 verlangsamt sich die Ze
0_219424_26_1684488483682408;0.1608;enthusiastic;procedure-curious;;;;"Say goodbye to Mascara und Augenbrauenstift. Hello Summer Glow! ✨😍Gönnen Sie sich diesen Sommer perfekt gestylte Wimpern und Augenbrauen, die rund um die Uhr wunderschön aussehen.🌻 Jetzt den ganzen Juli 20 % sparen auf:💛 Wimpernlifting &amp; Wimpernwelle 💛 AugenbrauenliftingOb Urlaub, Strand, Schwim"
0_219424_190_3944164658006565159;0.1608;enthusiastic;procedure-curious;;;;🇩🇪 Deutsch💋 Manchmal braucht Schönheit nur eine sanfte Auffrischung.Fast ein Jahr nach ihrer letzten Lippenaugmentation hat mich meine Patientin erneut besucht, um das schöne Ergebnis dezent aufzufrischen.✨ Kein übertriebenes Volumen.✨ Erhalt der natürlichen Form.✨ Frische Konturen.✨ Harmonisches, e
0_218673_126_t3_1mue9xe;0.1608;disappointed;procedure-open;aging-signs;;;Geliebte der Nacht - Teil 1 (Fantasy / Mystery) **Donnerstag, 11. September 2025**Es war schon weit nach 23 Uhr, als Loreen Fournier die letzten Stühle auf die Tische stellte. Die Neonlichter des Diners warfen flirrende Spiegelungen auf den nassen Asphalt draußen auf der Straße, während aus der Küch
0_219424_9_1109480214880604;0.1609;disappointed;skincare-first;;;;​@ehrenmann4150 Du hast komplett Recht. So etwas ist vorgelebt und nicht normal. Eltern, die ihrem eigenen Kind mit 18 eine Schönheitsop finanzieren, haben selbst ein extrem schwaches Selbstvertrauen, welches sie den Kindern ein Leben lang vorgelebt haben. Die meisten Menschen begreifen vor ihrem 18
0_219424_190_3937546158761706768;0.1609;enthusiastic;procedure-curious;;;;#TEAM_VERARDI📲📧Wenn du Unterstützung für deine Transformation brauchst, schreib mir gerne privat für Coaching!📲📧#bodybuiling #Motivation #antiaging #master
0_219424_15_44584044314273867;0.1609;seeking;;;;;"Senolytika & Stammzellen: Durchbruch im Anti-Aging? Inhaltsverzeichnis Auf einen Blick: Senolytika und Stammzellen Einleitung: Eine neue Ära der Medizin Grundlagen &amp; Definition: Was passiert beim Altern? Physiologische Mechanismen (Deep Dive) Aktuelle Studienlage &amp; Evidenz (Journals) Praxis-"
0_219424_8_2079114087934333043;0.1609;disappointed;;;;;"🧪 Sirtuine: Die Langlebigkeits-Enzyme. Aktiviere sie mit Resveratrol, Intervallfasten &amp; Kalorienrestriktion. Anti-Aging auf molekularer Ebene! 🍷 https://t.co/hoRyzrYY1r #Sirtuine #AntiAging"
0_218685_9_yt.NqtKd-gK680;0.1609;enthusiastic;skincare-first;hyaluronic-acid,spf;;squalane;BB Créme + Illuminating Primer | schnell, frisch, Antiaging ✨️ B A R E • Y O U   B B   C r é m e ✨️Frisch aussehen in Sekunden - ganz ohne Make-up-Look 💕Die getönte Tagespflege vereint Feuchtigkeit, leichte Deckkraft, natürlichen Glow und LSF 30 in einem Produkt. Dein Everyday-Beauty-Held sorgt für 
0_221687_140_7563694277516184854;0.1609;disappointed;;aging-signs,hyaluronic-acid;;;Entdecke die Hyaluron-Seren von Dubben beauty Hyaluron ist ein wesentlicher Bestandteil des Bindegewebes und verleiht der Haut Spannkraft, Elastizität und Feuchtigkeit. Es polstert Falten von innen heraus auf, glättet die Haut und wirkt gegen die ersten Zeichen der Hautalterung. Dabei versorgt es di
0_219424_9_yt.37RcrOQ85QQ;0.161;disappointed;skincare-first;aging-signs;;;5 Früchte, die dich jünger aussehen lassen Entdecke 5 kraftvolle Anti-Aging-Früchte, die deiner Haut helfen können, gesünder und strahlender auszusehen 🍓✨ Verbessere deine Ernährung, unterstütze die Kollagenproduktion und bekämpfe Falten von innen heraus 💪🍃 Starte noch heute deine Transformation! #a
0_218673_8_2040848523835371540;0.161;disappointed;;aging-signs;;;Gratis Botox aus dem Wald: Diese Anti-Aging Pflanze stoppt Falten! https://t.co/7pbZ4jA0rv via @YouTube
0_221687_26_1438947267623043;0.161;enthusiastic;skincare-first;hyaluronic-acid;;;"💧 Boost für Haut und Haar! 💧 Das Lu&amp;me Hyaluron Hair Serum sorgt für intensive Feuchtigkeit, natürlichen Glanz und geschmeidiges Haar – jetzt 25 % günstiger! 🌿 Natürlich. Wirksam. Schön.🗓️ Gültig bis zum 16.11.25 in allen baslerbeauty Stores. Komm vorbei und lass dich beraten!"
0_221687_15_41131612947899725;0.161;enthusiastic;skincare-first;retinol,hyaluronic-acid,niacinamide-peptides,spf,aging-signs;;glycerin;"Asambeauty Primer – Die 15 besten Produkte im Vergleich Empfohlene Produkte im Bereich „Asambeauty Primer"" Wir haben Produkte im Bereich „Asambeauty Primer"" miteinander verglichen und Empfehlungen für Dich zusammengestellt. Hier findest Du die Top 15 im Bereich „Asambeauty Primer"". Empfehlung Nr. 1 "
0_219384_126_t1_nb40jgg;0.1611;satisfied;procedure-curious;aging-signs;;;Esterol für Femboys? Ich glaube dir weichere Haut ist möglich damit, bei den Haaren bin ich nicht sicher, die Fettumverteilung wirds damit nicht geben. Aber du kannst ja Laser/IPL machen für die Haare oder entsprechende workouts für die Körperform machen
0_219424_126_t1_oq6sbe3;0.1612;seeking;;hyaluronic-acid;;;For those of you choose not to do Botox, how do you manage your wrinkles? Viel Schlaf, viel Wasser trinken, wenig Stressen lassen, Sport und tägliches cremen mit Hyaluron Serum .
0_218673_15_27488092272845119;0.1612;seeking;skincare-first;spf,price;;spf;☀️ NIVEA Sun UV Dry Protect Sport Sonnenspray LSF50 in 200ml ab 9,85€ (statt 16€) Bei Amazon könnt ihr euch gerade das NIVEA Sun UV Dry Protect Sport Sonnenspray LSF50 in 200ml für nur 9,85€ inkl. Verand sichern. Auf den Preis kommt ihr durch das Prime-Sparabo, was ihr mit abschließt. Inkl. Versand 
0_221687_190_3851042643908234319;0.1612;satisfied;;niacinamide-peptides,spf,aging-signs;;;HYPERPIGMENTATION UND ALTERSFLECKEN?Entdecken Sie die Brightening‑Linie von REVIDERM: gezielte Wirkstoffkosmetik für einen ebenmäßigen, strahlenden Teint. Der hochkonzentrierte PureBright Dermal Complex in B‑Fusion‑Liposomen transportiert Wirkstoffe direkt zu den Melanozyten, ergänzt durch wirkungsv
0_218685_9_44337636208831472;0.1613;disappointed;skincare-first;;;;Aber ich vermute , Linda hat auch ne Menge Hyaluron im Gesicht.....😅Zu Emma sag ich lieber nichts.😂
0_219384_9_yt.7vpNi4uSMDA;0.1613;enthusiastic;procedure-curious;;microcurrent;;Frostiger Sternenstaub – MetalGarurumon Dieses Werk ist eine futuristische Cyber-Symphony, die die technologische Vollendung der Freundschaft zelebriert. Es vertont MetalGarurumon als unaufhaltsame, fliegende Festung, die den Kosmos mit Eis und Stahl kontrolliert. Musikalisch wird das Bild eines sil
0_221687_140_7591913971607817494;0.1613;enthusiastic;skincare-first;retinol;;;Der einfachste Weg, dein Retinol zu essen 🥕✨ ZUTATEN: 3 Karotten 1 Gurke 2 EL Olivenöl Salz 2 EL Zitronensaft Karotten liefern Beta-Carotin, die Vorstufe von Vitamin A. Dein Körper wandelt es in Retinol um, wichtig für Haut, Hormonbalance, Verdauung und Zellneuerung.  Folge mir für mehr Wohlbefinden
0_221687_140_7657467177922006294;0.1613;satisfied;;niacinamide-peptides,price;;;"🍮🍦🍰 Glow25 Collagen Plus Sparpaket – Karamell, Vanille &amp; Cheesecake ist die perfekte Kombination für alle, die Abwechslung und Genuss in ihrer täglichen Routine lieben. Das hochwertige Kollagen Hydrolysat mit Peptiden Typ 1 &amp; 3 lässt sich dank sehr guter Löslichkeit einfach in Kaffee, Wasser"
0_219424_9_yt.h_c1rSsfpFY;0.1614;seeking;procedure-curious;aging-signs;microcurrent;;Unglücklich durch Erwartungen - Wie das Leben wieder leicht wird I Zukunft ist JetztI Gabi Kleber Kennst du das Gefühl, dass du dein ganzes Leben lang eine Rolle gespielt hast? Die perfekte Mutter, die verlässliche Kollegin, die starke Stütze der Familie? Wir Frauen über 60 sind Meisterinnen darin, 
0_219424_190_3937521933910764951;0.1614;enthusiastic;;;;;Starten Sie Ihre Spermidin-Routine mit dem hochdosierten spermidineLIFE Pro+, um die Autophagie zu aktivieren. Ideal als Einstieg in die Spermidin-Einnahme oder als Premium-Protokoll für eine längerfristige Anwendung.Mit unseren spermidineLIFE Produkten unterstützt du deinen Körper täglich bei der Z
0_218673_126_t1_ne7j3iz;0.1614;satisfied;skincare-first;aging-signs;;;Ihr opfér glaubt irgendwelche Geschichten von indischen Flüchtlingen die nichtmal Beweise enthalten der Typ hat gesagt er hätte ein Video wie er ausgeraubt worden währe aber kann irgendwie kein Beweis dafür liefern Er trug einen Kapuzenpullover und hielt ein Messer, das dem dieser Schläger in einer 
0_221687_190_3767795126878631731;0.1614;enthusiastic;;niacinamide-peptides;;;Start your day right💪🏼Premium Marine Collagen mit Erdbeere und Minze.5.000 mg hochdosierte Collagen Peptide, angereichert mit Hyaluronsäure, Biotin und Vitaminen. Zuckerfrei, nachhaltig und perfekt für unterwegs. #kollagen#collagen #glowup#biotin#hyaluron#skincare #munich
0_219424_190_3948392162664132968;0.1615;satisfied;procedure-curious;;microcurrent;;Polynukleotide bei Rosacea ✨Polynukleotide sind eine innovative, regenerative Behandlungsoption bei Rosacea.Sie wirken stark entzündungshemmend und reduzieren nachweislich Rötungen.Zudem stärken sie die geschädigte Hautbarriere, dämpfen überaktive Immunreaktionen und fördern die natürliche Regenerat
0_218673_126_t1_nc66201;0.1615;satisfied;skincare-first;aging-signs,price;;;Männlicher Sportlehrer sagt wir dürfen nur 1 mal im Jahr nicht im Sport teilnehmen wegen unseren Tagen. Sie alle beweisen damit, dass sie logisch denken können... Ein Kindergärtner, der zu dumm für einen Vektor ist, ist vielleicht auch zu dumm, Triangulation, vier Seiten einer Nachricht, Babylon Tec
0_221687_26_1305834298006355;0.1615;seeking;skincare-first;niacinamide-peptides;;;Wo erfährt frau die neuesten Trends am Beautymarkt?Hab mich für euch schlau gemacht, auf der @beauty_forum_de, Kosmetikfachmesse, heute in München#bffestival25 #deesseinmünchen #reginabrüll #vielspassbeimschönsein #kosmetikmesse #beautytrends #collagen #hyaluron #omega3 #peptide #beautyinfluencers #
0_219384_126_t3_1mf3lqa;0.1616;enthusiastic;procedure-open;;;;Mein Tanz der Macht (1) - Nackter Tanz, heiße Macht: Wie Alina eine Villa in ihren Bann zog  [Flair: FIKTIV // TAGS: CMNF, MACHT, SEX] **Mein Tanz der Macht (1)**  Nackter Tanz, heiße Macht: Wie Alina eine Villa in ihren Bann zogDie Luft in der Villa ist schwer, durchdrungen von Sandelholz, teurem P
0_219384_126_t1_okc4xg6;0.1616;disappointed;procedure-curious;;;;Will niemals heiraten - Familie kennt wahren Grund nicht Das Gefühlt kennt man und dieser innere Kampf wie man sich fühlt und welchen Wert man hat tragen viele aus und trotz all dem finden viele Leute ihr Glück!Ich hab schon einiges an Zumutungen gesehen die Männer in meinem Umfeld am daten waren , 
0_221687_140_7582630606085950742;0.1616;enthusiastic;skincare-first;retinol,hyaluronic-acid,aging-signs;;bakuchiol;Vielen Dank an 💜Haruharu PR Box💜×Yesstyle  für das tolle PR-Paket. 💜Das Haruharu WONDER Black Rice Night Knight Retinol Serum ist eine sanfte Anti-Aging-Pflege mit eingekapseltem Retinol und natürlichem Bakuchiol.Dieses Serum verfeinert die Hautstruktur, reduziert feine Linien und bringt die Haut wi
0_221687_190_3922212330976851017;0.1616;satisfied;;fillers,hyaluronic-acid;;;Hyaluronsäure (HA) wird in der Ästhetischen Medizin mit verschiedenen Prozessen in der Haut in Verbindung gebracht, die für Struktur und Qualität relevant sind.¹⁻³Dabei stehen unter anderem folgende Mechanismen im Fokus:•Mechanische Unterstützung der Hautstruktur durch  Volumen und Gewebeexpansion•A
0_219424_140_7659285634019839252;0.1617;satisfied;;peel;;;✨ Warum wir auf Colostrum-Exosomen setzen – und nicht auf pflanzliche oder menschliche Exosomen. Die Zukunft der Hautregeneration beginnt auf Zellebene. Deshalb arbeiten wir mit Colostrum-Exosomen – einer innovativen Technologie mit vielen Vorteilen. 🤍 Warum Colostrum-Exosomen? ✔️ Reich an natürlich
0_219424_190_3939513547409914165;0.1617;enthusiastic;;;;;"Jede Zelle deines Körpers ist nur so gesund wie ihre Membran.Cell Membrane Repair – unsere neue Longevity-Infusion mit Phosphatidylcholin für zelluläre Regeneration auf Membranebene.Was drin ist:→ Phosphatidylcholin (1.000 mg) – Hauptbaustein aller Zellmembranen→ B-Komplex – Methylierung &amp; Membr"
0_219424_140_7661959828100631840;0.1617;enthusiastic;skincare-first;aging-signs;;glycerin;Anti-Aging-Eigenschaften: Enthält den Inhaltsstoff Youth Boost, um die Hautzellen zu aktivieren und die Zellregeneration zu unterstützen, was zu einem glatteren, gleichmäßigeren Hautton führt Hydratation Boost: Mit pflanzlichem Glycerin angereichert, das langanhaltende Feuchtigkeit spendet, die Haut
0_219384_126_t1_orgl953;0.1617;cautioning;procedure-curious;laser,aging-signs;laser;;Probleme mit Bart als Frau Ich bin ein dunkler Haut- und Haartyp und meine Haare sieht man immer schnell. Ich rasiere und nutze ein IPL Lasergerät für Zuhause, das hat den Haarwuchs deutlich reduziert, kann ich nur empfehlen (sowohl Gesicht, als auch Achseln, Beine etc).
0_219424_9_45342036859422212;0.1618;enthusiastic;procedure-open;;;;Ich muss sagen Kevin und Gina sind beide assozial Gina Lisa immer wie toll und ehrlich sie ist ich glaube das ganze Botox hat ihr Gehirn kaputt gemacht und Kevin unterste Schublade hat noch nix gerissen und anuschka ist übergriffig
0_218685_126_t1_n8hv980;0.1618;enthusiastic;skincare-first;retinol;;pha;"Was sind eure größten Red Flags bei Frauen? Aussehen:\- In den Schminktopf gefallen, Clownsmaske  \- Botox, vor allem Schlauchbootlippen und Plastikeimer-Haut im Gesicht  \- ungesund lange bunt geschminkte Fingernägel  \- ""Leoparden/Geparden-Mumpitz-Print"" Klamotten jeglicher Art  \- so gekleidet da"
0_219424_9_yt.h3suwaeJ2IA;0.1619;satisfied;procedure-curious;;;;Ärzte verschweigen es: Diese 4 Lebensmittel aktivieren Stammzellen & kehren Alterung ab 50 um! 📄 https://gesundheitsfonds.vercel.app— Gesundheitsfonds: Zellregenerations ProtokollVier ganz bestimmte Lebensmittel haben in begutachteten Studien gezeigt, dass sie die Stammzellen reaktivieren, die für d
0_219424_190_3930927049200069198;0.1619;enthusiastic;procedure-curious;peel;microneedling;;🌕 Der Mond braucht keine Erlaubnis, um die Gezeiten zu bewegen. Deine Haut auch nicht.Mit jedem Mondzyklus verändert sich dein Körper die Durchblutung nimmt zu, die Lymphe kommt in Bewegung und das Gewebe wird, je nach Mondphase, aktiver oder ruhiger. Das ist keine Esoterik. Das ist Wasserphysik, Ho
0_218673_23_57885347468036151;0.1619;satisfied;skincare-first;;;;Tolles Sonnen Serum gegen Pigmentflecken. Nutze es täglich morgens in meiner Routine und bin sehr zufrieden. Hat eine leichte Textur, zieht schnell ein .
0_218685_9_yt.hU0Zi8ScfAw;0.1619;seeking;skincare-first;peel,price;;;TOP 3 DAMEN-EPILIERER (Braun, Panasonic oder Philips??) | Die besten Epilierer Vergleich TOP 3 DAMEN-EPILIERER (Braun, Panasonic oder Philips??) | Die besten Epilierer Vergleich► Panasonic ES-EY30: https://amzlink.to/az04bln1lVnO7 *► Philips Epilierer Series 8000: https://amzlink.to/az0RmTzASYBhZ *►
0_221687_9_58795999835178326;0.1619;enthusiastic;skincare-first;laser,hyaluronic-acid;;urea;Die Produktauswahl ist sehr schön… mir gefällt besonders das Triple Hyaluron Serum sowie die Hyaluron Urea Creme… 🙂
0_221687_126_t3_1r1ul1l;0.1619;disappointed;;hyaluronic-acid,aging-signs;;;Hyaluronic acid/Hyaluronsäure Haarwachstum Hyaluronic acid 2ml/Hyaluronsäure 2 mlLifting wrinkles Gesichtfalten
0_219424_15_34777087925077161;0.162;enthusiastic;;;;;"ANNEMARIE BÖRLIND erhält den PETA VEGAN AWARD 2026 in der Kategorie ""Beauty"" BÖRLIND GmbH: Calw (ots) - Das ANTI-AGING MAKE-UP von ANNEMARIE BÖRLIND wurde von PETA Deutschland e.V. mit dem PETA VEGAN AWARD 2026 in der Kategorie ""Beauty"" ausgezeichnet. Damit erhält erneut ein Produkt von ANNEMARIE BÖ"
0_219424_126_t1_ovd30fw;0.162;disappointed;procedure-curious;;;;"Barrierefreiheit vs. LGBTIQ+ Check nicht wieso man den Vergleich ziehen muss. Hättest einfach sagen können ""ich finde, es wird zu wenig für ""Menschen mit Behinderungen"" protestiert, dann hätte das den gleichen Effekt gehabt.Btw ganz einfach: Dann ruf doch zu einer Demo auf? Immer nur die anderen mac"
0_219424_190_3934492725490095015;0.162;seeking;procedure-curious;peel;microneedling;;✨ Microneedling Masterclass ✨Deine Schulung, um Microneedling wirklich zu verstehen , von den Grundlagen bis zur sicheren und professionellen Anwendung. 📚💉Lerne, wie du optimale Ergebnisse erzielst, Fehler vermeidest und dein Wissen auf das nächste Level bringst. 🌟📩 Sichere dir jetzt deinen Platz un
0_219424_190_3948519129777206283;0.162;disappointed;procedure-open;;microcurrent;;Frau. Ü50. Und das Leben ist einfach crazy! 😂Jede von uns lebt plötzlich in einer völlig anderen Welt.Die einen bringen ihre Enkel in die Kita.Die anderen führen noch Grundsatzdiskussionen mit ihrem 15-Jährigen darüber, dass benutzte Teller nicht von allein in die Spülmaschine wandern.Die einen zähl
0_218673_8_1997652318238781817;0.162;satisfied;;safety;;;Unerwarteter Fatburner: Warum Q10 die Fettverbrennung besser ankurbeln kann als so manches TrendproduktQ10 liefert Energie, schützt Zellen und hilft sogar bei Herz, Nerven und Fettverbrennung – was Sie jetzt wissen sollten. Mehr dazu erfahren: https://t.co/s32926s0NfCoenzym Q10 ist weit mehr als nur
0_218673_8_2035837595037409777;0.1621;satisfied;;aging-signs;;;"Kanzy Jojobaöl Bio Kaltgepresst 100% Reines Gold, 120ml für Haut, Haare und Nägel, Gesichtsöl und Körperöl, Vegan &amp; Hexanfrei, Bio Jojobaöl, Anti-Falten, Natürliche Intensiv Feuchtigkeitspflege https://t.co/J2IJ4EVnS0"
0_219424_126_t1_oijr8za;0.1622;disappointed;procedure-open;botox;;;Follow-up: Severe stomach dysfunction after H. pylori Hi, danke für den Beitrag! Was hat das Ganze denn bei dir ausgelöst? Bei mir war es eine Helicobacter Pylori Gastritis, die diesen Verlauf bei mir verursacht hat. Zumindest verträgst du feste Nahrung, darauf kannst du aufbauen. Bei mir ist der Zu
0_219424_190_3948915566823868475;0.1622;satisfied;;;;;Mitten auf der Frankenstraße im Essener Stadtwald ist ein weiterer Ort entstanden, an dem Gutes getan wird. 💙Bei @timeforskin von Jeanette Uhde stehen modernste Lasertechnologien für Anti-Aging, dauerhafte Laser-Haarentfernung und innovatives Bodyforming im Mittelpunkt. Mit individuellen Behandlunge
0_218673_126_t3_1odz1z9;0.1622;disappointed;procedure-open;;;;Freundin macht mich verrückt Teil 2. Achtung throwaway account aus bestimmten Gründen, alles wird heute Abend oder morgen gelöscht …!!!! Ich danke für die ganzen Kommentare, die haben mich fühlen lassen dass ich nicht allein damit bin und definitiv nicht verrückt bin oder übertreibe. Ich habe den Ra
0_218673_9_44094661943189596;0.1622;disappointed;procedure-curious;;;;Belästige Passanten nicht du abscheuliches, abartiges und ekelerregendes leider auch minderwertiges Wesen. Und trink mehr Wasser. Ihre Fresse sieht sehr ausgetrocknet aus. Ihre Augenringe verraten uns wie miserable sie ist. Verzweifelt, sucht nach Bestätigung um das Volk gegeneinander aufzuhetzen. W
0_221687_190_3716973174908035250;0.1622;satisfied;;;;;🤸Stell Dir vor, Dein Körper ist eine Stadt voller Kraftwerke – die Zellen. Damit sie effizient arbeiten, benötigen sie einen Zündfunken: Coenzym Q10 (Q10). Fehlt dieser Funke, läuft der Motor unrund: Müdigkeit, langsame Regeneration, schwaches Herz.💥 So wirkt Q10 in Deinem Körper:▶️Herz: Versorgt de
0_221687_140_7635966089574321440;0.1622;satisfied;;;;;Primabiotic Hyaluron Vegan Sugar-Free Collagen Drink #FrühlingsMustHaves #DealsFürDich #primabioticcollagen #creatorsearchinsights #viral
0_219424_9_yt.tpOF8hKTOpU;0.1623;disappointed;;;;;"Top Kollagen-Lebensmittel (Teaser) Kollagen ist überall: in Haut, Sehnen, Knochen, Knorpel, Blutgefäßen – und es macht bei uns Menschen etwa ein Drittel des gesamten Proteins aus. Kein Wunder also, dass Kollagenpulver als „Anti-Aging-Wunder"" verkauft wird. Aber hier kommt der Punkt, den viele nicht "
0_219424_190_3939112063849421727;0.1623;enthusiastic;procedure-curious;;;;#TEAM_VERARDI📲📧Wenn du Unterstützung für deine Transformation brauchst, schreib mir gerne privat für Coaching!📲📧#bodybuiling #Motivation #antiaging #master #motivation
0_218673_126_t1_o8zi6hv;0.1623;disappointed;skincare-first;spf;;spf;Findet ihr Menschen die in ihrer Jugend viel gefeiert, Alkohol getrunken und geraucht haben sehen viel älter aus als sie sind? Genetik und hoher Stellenwert von Sonnenschutz. In besagten Ländern tragen Leute bspw Kleidung, die vor UV Strahlen schützen soll oder Sonnenschirme. Es geht da ehrlich niem
0_218673_8_2031002887564734610;0.1623;cautioning;;;;;@Nowcast_EU @Eckikrainer Diese komischen Pigmentflecken im Westen und im Osten stören!
0_221687_26_1426064556193023;0.1623;enthusiastic;skincare-first;hyaluronic-acid;;;Strahlende Haut zu Weihnachten!Unser Bio-Hyaluron-Serum spendet intensive Feuchtigkeit und lässt die Haut glatt und frisch wirken.Mit ADVENT15 jetzt 15 % Weihnachtsrabatt sichern.
0_218673_9_yt.nzCESot4M28;0.1624;enthusiastic;skincare-first;;;;Aus ihren Blättern mache ich den besten Kollagen gegen Falten. Sicher hast du ihn im Garten Aus ihren Blättern mache ich den besten Kollagen gegen Falten. Sicher hast du ihn im Garten
0_218673_126_t3_1s0dpx1;0.1624;disappointed;procedure-curious;price;microcurrent;;Die Rückseite des Lichts (auch bei Substack von mir veröffentlicht!) Er kam spät an dem Abend, an dem das Licht das erste Mal zögerte.Der Tag war grau gewesen, einer von diesen endlosen, diffusen Tagen, an denen Zeit nicht vergeht, sondern wie Staub in der Luft hängt. Der Himmel war kein Himmel gewe
0_221687_190_3747032914115450273;0.1624;enthusiastic;skincare-first;;;;Hautpflege für Frauen mit Anzeichen von Hautalterung. Avène Hyaluron Active B3. Stimuliert die Zellregeneration, wirkt aufpolsternd, glättend und straffend ab der 1. Anwendung.Anti-Aging mit 3-fach Wirkung 👍#antiagingskincare #avene #antiaging #fastboy #felixjaehn #meduza #kosmetik #reinbek
0_219424_9_54232816007437640;0.1625;enthusiastic;;;;;Lieber bisschen Botox anstatt Gehirnzellen 😂😂😂
0_219424_190_3937391106751537380;0.1625;cautioning;skincare-first;laser;;;1️⃣ Ich esse morgens mindestens 30 g Protein.Nicht für die Figur.Für meine Muskeln, Hormone und Energie.2️⃣ Ich gehe morgens ins Tageslicht.Bevor ich auf Instagram bin.Mein Nervensystem dankt es mir.3️⃣ Ich trainiere Kraft statt nur Cardio.Muskelmasse ist die beste Anti-Aging-Medizin.4️⃣ Ich esse zu
0_219424_190_3937552971570074210;0.1625;disappointed;procedure-open;facelift;;;Warum entstehen eigentlich Hängebäckchen – und was kann man dagegen tun? ✨Hängebäckchen entstehen nicht plötzlich, sondern entwickeln sich über viele Jahre. Mit zunehmendem Alter produziert unser Körper weniger Kollagen und Elastin, wodurch Haut und Bindegewebe an Stabilität verlieren.Gleichzeitig v
0_221687_26_1448160480649333;0.1625;enthusiastic;skincare-first;retinol,aging-signs;;retinol;💎NEW Die Retinal Serie💎3-Phasen System für effektive Hautverjüngung auf Zellebene.Das aufbauende 3-Phasen-System sorgt für sichtbar glatte, strahlende Haut und jugendliche Frische, die bleibt. Auch bei empfindlicher Haut.Retinal unterstützt die Zellerneuerung, aktiviert die Kollagenproduktion und so
0_219424_126_t1_of2n5dg;0.1626;cautioning;;;;;Wieso assoziiert man mit bestimmten Markennamen ganze Produktkategorien und mit anderen nicht? Botox für Botolinumtoxin Typ A ist auch ein Beispiel dafür
0_219424_126_t1_oqmdwyf;0.1626;satisfied;;;;;"Es gibt keinen Unterschied zwischen einem Mensch und einer KI, da das Gehirn wissenschaftlich gesehen eine Rechenmaschine ist. Das bezieht sich daher auch auf die Kunst und alles andere was Menschen erschaffen. Was, nein?Nach deiner ""These"" würden Neurotoxine die NT angreifen nicht existieren. Botul"
0_218685_8_2065699502317551748;0.1626;cautioning;skincare-first;;;;"Eastern Botox? Was Gua Sha wirklich kannGua Sha wird manchmal als „Eastern Botox"" bezeichnet — aber ich sehe das anders.Für mich ist Gua Sha kein Ersatz für einen Eingriff.Es ist ein sanftes Ritual, um wieder mehr Verbindung zum eigenen Gesicht aufzubauen. https://t.co/MxMWms3EVp"
0_218673_15_62127150836225529;0.1627;seeking;skincare-first;aging-signs;;;"Es gibt keine dummen Fragen!: Kriege ich vom Radfahren früher Falten im Gesicht? In unserer neuen Serie ""Es gibt keine dummen Fragen!"" gehen wir ähnlich wie einst die Sesamstraße Alltagsmythen und vermeintlich dämlichen Fragen nach. Heute: Kriege ich vom Radfahren früher Falten im Gesicht?"
0_219424_9_46381316255525238;0.1628;satisfied;skincare-first;;;;Ehhh sie ist glaub Moslem weil sie ein Kopftuch trägt aber sorry sie hat Botox und nasenpiercing und richtig große Wimpern ich bin auch Moslem
0_221687_140_7669884323574664480;0.1628;enthusiastic;skincare-first;hyaluronic-acid;;coq10;Mädels, ich bin absolut obsessed mit diesem Hyaluron zum Trinken von Primabiotic! ✨ Es hat einen mega leckeren Mango-Geschmack, keinen Zuckerzusatz und versorgt die Haut von innen mit intensiver Feuchtigkeit und Glanz dank veganer Hyaluronsäure und Coenzym Q10. Einfach auf den Warenkorb klicken und 
0_219424_9_24262739242087711;0.1629;cautioning;skincare-first;;;;Wenn Gebet, dann im Gotteshaus oder zu Hause hinter der verschlossenen Tür, weil dies eine Sache ist, die zwischen mir und allein Gott ist, die meisten Muslime, leben selbst kein bisschen in Hemmung, dieses gezeige in der Öffentlichkeit ist wie ein billiger Trend! (Ihr habt mit euren Mädels ein Prob
0_219424_190_3944729242915087974;0.1629;satisfied;;hyaluronic-acid;;;"Entdecke unsere Beauty-Highlights: schimmernde Nagellacke in Rosa &amp; Beeren, pflegendes John Frieda Haarset mit Biotin &amp; Hyaluron und NIVEA Lotion für trockene Haut. Perfekt für strahlenden Look &amp; Pflege! 💅🧴✨ #BeautyCare #Nagellack #Haarpflege  #eBay #eBayShop #eBayVerkäufer #Glanz #Funke"
0_219424_190_3944729266218454339;0.1629;satisfied;;hyaluronic-acid;;;"Entdecke unsere Beauty-Highlights: schimmernde Nagellacke in Rosa &amp; Beeren, pflegendes John Frieda Haarset mit Biotin &amp; Hyaluron und NIVEA Lotion für trockene Haut. Perfekt für strahlenden Look &amp; Pflege! 💅🧴✨ #BeautyCare #Nagellack #Haarpflege  #eBay #eBayShop #eBayVerkäufer #Glanz #Funke"
0_218673_9_59152755543978133;0.1629;satisfied;skincare-first;retinol;;;Charlie wurde nicht ermordet. schaut euch das Video in Zeitlupe an. Wie kann sich sein Ring durch einen Schuss vom Ringfinger auf den kleinen Finger wechseln ??? Warum steht auf seinem Shirt Freedom und auf einmal fehlt das F ??? Warum hatte er, als er die Basecaps geworfen hat, einen angeklebten Sc
0_218673_126_t1_ny0ywdp;0.1629;disappointed;;aging-signs;;;Vor paar Wochen schonmal was von dem gepostet immer noch so schlimm ja dann sehen die aber alt aus und er sieht genauso alt aus wie er ist.. finde sogar eher älter. Das Gesicht, die Haut, die Augenringe und Falten. Nur weil er bunte Tshirts trägt sieht er nich jünger aus xD
0_218673_126_t1_oerxwpd;0.1629;seeking;;aging-signs;;;Erklärt bitte, wieso das ein KI Bild ist Die lichtreflektion an den Haaren ist typisch für KI. Außerdem wirken die Falten an der Haut und am Oberteil sehr künstlich und der Hintergrund ist ziemlich sehr geblurred
0_219424_126_t1_odgrm1n;0.163;cautioning;skincare-first;;;;Objektivität Den Frauen wird schon immer gesagt, wie sie auszusehen haben. Sei kurvig, sei schlank, hab volle Lippen, hab schöne Haut, hab keine hängende Haut, hab große Brüste aber welche, die nicht hängen... usw.  Denkst du, die Damen, die sich aufspritzen lassen etc. machen das, weils lustig ist 
0_219424_9_yt.09laLVtUmuY;0.163;seeking;;;;;Vollständiger Anti-Aging-Leitfaden für Senioren — Ernährung, Bewegung, Gewohnheiten In diesem umfassenden Video enthüllen wir die sieben biologischen Säulen des Anti-Aging — ein wissenschaftliches System, das Menschen über 60 ermöglicht, biologisch um 5-7 Jahre zu verjüngen, kombiniert durch Ernähru
0_219424_126_t1_ori7x84;0.163;seeking;;botox;;;Freundin lässt sich mit ihrer Mutter Botox von früherem Sex-Partner spritzen und verbringt den Tag mit ihm- Vertrauensbruch? Deine Partnerin ist 26 Jahre!!! alt und lässt sich Botox spritzen?
0_219424_26_1875020826943517;0.163;satisfied;;aging-signs;;;Strahlende Haut beginnt nicht an der Oberfläche.Ein gesunder Glow entsteht von innen.Oxidativer Stress, UV-Strahlen und Umwelteinflüsse beeinflussen täglich die Fähigkeit der Haut, sich zu regenerieren.Der Derma SR Skin Glow Complex unterstützt die Haut genau dort, wo Regeneration beginnt.Leistungss
0_218673_126_t1_nydu9dk;0.163;enthusiastic;procedure-curious;;;;Ich bin wohl hässlich. 95kg - 178cm - Glatze - Wampe - Augenringe des Todes und komisches Seitenprofil. Was muss ich tun um lächerlich sexy auszusehen, dass ich modeln könnte? Wo fange ich an? Helft mir bei der Projektplanungsphase. Im NTR-Genre ist er doch mit seinen Stats jetzt schon lächerlich se
0_221687_190_3799651648147418850;0.1631;enthusiastic;procedure-curious;botox,peel,vitamin-c,hyaluronic-acid,niacinamide-peptides,price;peeling;;Was macht JetPeel so einzigartig?Jetpeel Holistic Botox 🙌JetPeel ist ein nadelfreies Hautbehandlungs-System, das mithilfe eines hoch­geschwindigen Mikrostrahls Wirkstoffe tief und gleichmäßig in die Haut einbringt – ohne Schmerzen und ohne Ausfallzeit. Seine Besonderheit liegt in der Kombination aus
0_219424_140_7657218451093703969;0.1632;enthusiastic;skincare-first;retinol,hyaluronic-acid;;;Die perfekte Routine nach einem langen Tag. Retinol unterstützt die Regeneration der Haut, indem es die Zellerneuerung fördert und das Hautbild langfristig verfeinern kann. Hyaluron spendet intensive Feuchtigkeit und sorgt dafür, dass sich die Haut gepflegt und ausgeglichen anfühlt. Genau deshalb is
0_221687_190_3764915624699815108;0.1632;disappointed;skincare-first;retinol,aging-signs;;pha;LA MER- BAKUCHIOL SERUM-BAKUCHIOL, die sanftere, pflanzliche Alternative zu RETINOL-#ᴡᴇʀʙᴜɴɢ -Anti-Aging Bakuchiol Serum -Reduziert feine Linien und Fältchen-Wiederherstellung der Hautfestigkeit-Hautstruktur verfeinernd -HauttonausgleichendFrei von MikroplastikFrei SilikonenFrei ParabenenFrei Paraff
0_221687_126_t1_oijtdtb;0.1632;seeking;skincare-first;vitamin-c,spf;;zinc;Was ist eure derzeitige tägliche Routine? Morgens: meist nur Sonnencreme (aktuell Eucerin). Sonst dreimal die Woche waschen mit lauwarmen Wasser dann Vitamin C Serum (von Elf), Feuchtigkeitscreme (Cetaphil), Sonnencreme.Abends: Waschen mit Cerave Reinigungsgel, dann ein Barriere Serum von the Ordina
0_219424_190_3931444717324256967;0.1633;enthusiastic;skincare-first;spf;;spf;🌞🌞 WE  PROTECT  YOUR  SKIN 🌞🌞Entdecken Sie den perfekten Sonnenschutz für Ihr Tattoo: Schützen Sie Ihr Tattoo mit unserer speziell entwickelten Sonnenschutzcreme. Dank des hochwirksamen UVA/UVB-Breitbandfiltersystems bietet unsere Tattoo-Sonnencreme optimalen Sofortschutz für tätowierte Haut. Im Geg
0_219424_15_22972933367091558;0.1634;enthusiastic;procedure-open;celebrity;;;Schönheit im digitalen Zeitalter: Wie Social Media unsere Körperwahrnehmung verändert Schönheit als Tech-Produkt: Wie Schönheitsideale den Arbeitsplatz prägen Soziale Medien formen längst nicht nur Freizeitverhalten oder Konsumentscheidungen. Sie prägen, wie Menschen sich selbst wahrnehmen, wie sie 
0_218673_126_t1_o70iop9;0.1634;enthusiastic;skincare-first;;;sod;Ich bin die Geschäftspartnerin des insolventen Unternehmers. Danke fürs Posten! Dieser Kommentar ist eine Kopie deines Posts, sodass Leser deinen originalen Text sehen können, falls dein Post gelöscht oder bearbeitet wird. Dieser Kommentar beschuldigt dich NICHT irgendetwas kopiert zu haben.Ich war 
0_218685_23_26690487679984670;0.1634;enthusiastic;skincare-first;;;;toller Hyaluron-Filler Dieser Hyaluron-Filler 3x Effect Straffendes Serum ist super! Ich teste ihn seit drei Wochen, und bin sehr überzeugt. Er zieht schnell ein, und ist sehr angenehm im Geruch und auf der Haut. Außerdem ist er sehr ergiebig. Meine Haut ist sanft und wirkt frisch und gesund. Das Se
0_221687_140_7584887912152550678;0.1634;enthusiastic;skincare-first;retinol,niacinamide-peptides;;retinol;"Ich werde oft auf Anfang 20 geschätzt. Plot Twist: Ich bin 31. Und wenn ich ehrlich bin: Die Veränderung passiert abends. 🌙 Double Cleanse 🧬 PDRN / Exosome / Peptide → Regeneration 🌿 Azelainsäure → Poren, Pickel &amp; Rötungen ⏳ Retinal / Retinol → Zellerneuerung &amp; Kollagen 🛡️ Ceramide &amp; Bar"
0_221687_8_2017293985363194284;0.1634;disappointed;;retinol,vitamin-c;;;Eine kleine Vitaminlehre.Viele nehmen günstige Multivitamine wie:👉https://t.co/yZhA9SR9YCDa ist alles drin, was man benötigt. Aber! 😀Die wichtigen VitamineVitamin A:👁️ Sehkraft, 🛡️ Immunsystem, 🧴 HautVitamin D:🦴 Knochen, 💪 Muskeln, 😌 Stimmung, 🛡️ ImmunabwehrVitamin E:🛡️ Zellschutz (Antioxidans), 💓 H
0_221687_190_3927122302022144349;0.1634;disappointed;skincare-first;peel,spf,aging-signs;;aha;"✨ Beauty ABC – E wie Exfoliation ✨Strahlende Haut beginnt oft mit dem richtigen Peeling. Aber wusstest du, dass Exfoliation viel mehr ist als nur ein ""Schrubben"" der Haut?💡 Exfoliation bedeutet, abgestorbene Hautzellen zu entfernen. Dadurch kann die Haut frischer, ebenmäßiger und strahlender aussehe"
0_218673_15_66203808680157145;0.1635;seeking;;price;;;"Philips Shaver Series 5000 – Elektrischer Nass- und Trockenrasierer (S5898/50) für 97,34 Euro Bei amazon erhaltet ihr zurzeit den Philips Shaver Series 5000 – Elektrischer Nass- und Trockenrasierer (S5898/50) mit ausklappbarem Trimmer, Reinigungsstation, Reinigungskartusche &amp; Reiseetui für 97,34"
0_218673_15_56709134667403130;0.1635;enthusiastic;skincare-first;hyaluronic-acid,price;;glycerin;"Kouros After Shave – Die 15 besten Produkte im Vergleich Empfohlene Produkte im Bereich „Kouros After Shave"" Wir haben Produkte im Bereich „Kouros After Shave"" miteinander verglichen und Empfehlungen für Dich zusammengestellt. Hier findest Du die Top 15 im Bereich „Kouros After Shave"". Empfehlung Nr"
0_218685_9_yt.CFWndRONFEI;0.1635;satisfied;;;;;Beauty You Glow Nutrilite™ Nutrilite™ Beauty You Glow. Ein Gummidrop-Nahrungsergänzungsmittel mit leckerem Beerengeschmack, der sich dank der Vitamine A, C und E sowie Biotin und Selen problemlos in Ihr Schönheitsprogramm integrieren lässt. 3-in-1-Unterstützung für Haut, Haare und Nägel. Enthält auß
0_221687_190_3760604440479419132;0.1635;satisfied;skincare-first;retinol,vitamin-c,niacinamide-peptides;;retinol;"Welche koreanische Augencreme passt zu dir? 👀✨💛 Beauty of Joseon Revive Eye SerumMit 2 % Retinal &amp; Ginseng – ideal für EinsteigerInnen bei feinen Linien.🧡 KC Secret Retinal Eye CreamMit 4 % Retinal &amp; fermentierten Bohnen – für Fortgeschrittene, die mehr Wirkung wollen.🌿 Haruharu Wonder Black"
0_219424_190_3934836797450771235;0.1636;cautioning;skincare-first;vitamin-c,spf,aging-signs;;bisabolol;Ich verzichte auf Chemischen Sonnenschutz. Der zieht in die Haut ein und kann hormonell wirksam sein. Für mich kommt nur ein mineralischer UV-Filter mit Zinkoxid, non-nano, infrage, der bleibt auf der Haut, statt einzuziehen.Das einzige Problem an mineralischen Filtern ist, sie weißeln fast immer. I
0_219424_26_1647138094085354;0.1636;enthusiastic;;peel;;;Was sind typische Merkmale von Cellulite? Cellulite zeigt sich häufig durch kleine Dellen oder Unebenheiten der Haut, besonders an Oberschenkeln, Gesäß, Hüften oder Bauch. 🌿 Bei manchen Menschen werden diese Veränderungen erst beim Anspannen oder Zusammendrücken der Haut sichtbar, bei anderen auch i
0_218673_9_yt.xxga4JTnsc4;0.1636;satisfied;;;;;"Präzision im Erosionsschutz: Einsatz von geosynthetischen Zementverbundmatten zur Hangstabilisierung Das Video zeigt den sorgfältigen Prozess der Verlegung einer geosynthetischen Zementverbundmatte, allgemein bekannt als „Betondecke"", entlang einer Erdböschung neben einem Wasserlauf und veranschauli"
0_221687_26_1402168028619863;0.1636;disappointed;;vitamin-c;;;Vitamin-C-Serum: Die 18 besten Produkte
0_219424_9_yt.svwMi9kjNhc;0.1637;disappointed;;;;;BeeTox Anti-Aging-Gesichtscreme (SEHEN SIE SICH DAS AN, BEVOR SIE KAUFEN!) BeeTox Bewertung ✅ OFFIZIELLE WEBSITE: https://www.econsumed.com/2GLH1799/231JKB6T/✅ OFFIZIELLE WEBSITE: https://www.econsumed.com/2GLH1799/231JKB6T/
0_219424_26_1631042589023047;0.1637;seeking;;;;;Der Betriebsleiterlehrgang unternahm in der letzten Schulwoche eine abwechslungsreiche Abschluss-Exkursion nach Slowenien und Kroatien.In Kroatien stand die Besichtigung eines Milchviehbetriebes auf dem Programm. Anschließend besuchten die Schülerinnen und Schüler den slowenischen Standort des Landm
0_219424_190_3935581676713491696;0.1637;enthusiastic;procedure-open;peel;microneedling;;✨ NEU BEI BEAUTY PARADISE ✨Ab sofort kannst du deine Behandlung oder deine Schulung ganz bequem in Raten bezahlen – mit Klarna. 💗Deine Wünsche müssen nicht länger warten.🤍 Buche deine Beauty-Behandlung.🎓 Starte deine Ausbildung.💳 Bezahle flexibel in bequemen Monatsraten.Investiere in dich, deine Sch
0_218673_126_t1_nah4q8y;0.1637;satisfied;procedure-curious;;;;Wie die Freundschaft von Fler und Bushido wieder hergestellt werden könnte Plot twist: Seit dem Netflix da ist wird das wohl nichts mehr.Fleromance: Wahrscheinlich so Fler macht Star Wars an und fordert Bushido zum 100x auf vom Rechner rüber zu kommen um mit zu schauen, doch Bushido ist beschäftigt 
0_221687_190_3796975860235197587;0.1637;satisfied;;vitamin-c;;;Strahlkraft beginnt nicht auf der Oberfläche.Sie entsteht dort, wo Zellen versorgt, geschützt und aktiviert werden. Dein Glow ist so viel mehr als ein äußerer Effekt. Hyaluron, Collagen und Antioxidantien unterstützen dich dabei von innen. ___Vitamin C trägt zu einer normalen Kollagenbildung für ein
0_221687_190_3880314411050697164;0.1637;enthusiastic;;;;;Strahlende Augenblicke. ✨👀Die Intensiv regenerierende Anti-Aging Augencreme pflegt die empfindliche Augenpartie mit Resveratrol 🍇, Hyaluron 💧 sowie wertvollen BIO-Ölen und Sheabutter.Für sichtbar geglättete, frische und wache Augen. 🌿💚#HillingerCosmetics #Naturkosmetik #Augenpflege #Resveratrol #Cle
0_219424_140_7662733949713599766;0.1638;enthusiastic;skincare-first;;;;1️⃣ Als ich das erste Mal von Dr. David Sinclair gehört habe, dachte ich, es geht um ein weiteres Anti-Aging-Versprechen. Doch je tiefer ich mich mit seiner Forschung beschäftigt habe, desto klarer wurde: Es geht ihm nicht darum, ewig jung auszusehen. Es geht darum zu verstehen, warum unsere Zellen 
0_219424_190_3945928872512177760;0.1638;seeking;skincare-first;;;;Warum heißt mein Kurs eigentlich Marias Vitalflow und was verändert sich, wenn dein Körper wieder im Flow ist?Hier sind 3 Dinge die sich sofort verändern wenn dein Körper im Flow ist:▪️ Deine Energie verdoppelt sich — weil Bewegung, Schlaf und Ernährung endlich zusammenspielen.▪️ Dein Körper regener
0_218673_126_t1_omy53ve;0.1638;satisfied;;;;;No age-shaming - aber was ist mit seinem Hals passiert? Das kommt doch nicht nur vom schlaffe Haut haben, oder? Hör bidde auf zu lügen ey. Das is Campino, der Erfinder der gleichnamigen Fruchtbonbons. Muss man doch wissen. /s
0_218685_126_t1_oapz8aa;0.1638;disappointed;skincare-first;hyaluronic-acid,price;;hyaluronic-acid;Abrasion & Maria Galland? Inhaltstoffe dieser Creme: AQUA (WATER) • GLYCERIN • HYDROLYZED YEAST EXTRACT • C12-16 ALCOHOLS • PARFUM (FRAGRANCE) • SODIUM ACRYLATES COPOLYMER • MARIS AQUA (SEA WATER) • CAPRYLIC/CAPRIC TRIGLYCERIDE • PALMITIC ACID • HYDROGENATED LECITHIN • PHENOXYETHANOL • DIMETHICONE •
0_221687_26_1427966999347742;0.1638;seeking;skincare-first;hyaluronic-acid,price;;glycerin;Eine Vater und Sohn Geschichte aus EnglandInspiriert durch gemeinsame Squash Sessions und wöchentliche Spaziergänge durch den Hampstead Heath Park enstand die Idee von Vater und Sohn eine eigene Pflegelinie für Männer zu kreieren. Sie sollte modern sein, einfach in die tägliche Routine zu integriere
0_218673_126_t3_1s6pb6p;0.1639;enthusiastic;procedure-curious;price;;;Warum tut man sich Kinder an? Erstmal vorab: Riesenrespekt an alle Eltern, die sich in ihrer Rolle wohlfühlen und darin aufgehen.Aber jetzt mal ehrlich: Warum tut man sich das an? Ich weiß, die Frage wurde hier wahrscheinlich schon öfter gestellt, aber ich finde, darüber könnte man wirklich tagelang
0_218685_15_50903117532359277;0.1639;satisfied;;botox;;;Kontrolle eines illegalen Beautysalons Kontrolle eines illegalen Beautysalons Presseaussendung der Polizei SalzburgPolizisten der Fremden- und Grenzpolizei hoben, gemeinsam mit der Finanzpolizei und dem Zoll Salzburg, am 2. November einen illegal betriebenen Beautysalon in Salzburg aus. Der Salon wu
0_221687_140_7561425360240364822;0.1639;satisfied;;;;;Oildem Beef Tallow Creme 110ml halal , für Gesicht und Körper , mit Rindertalg, Olivenöl , Bienenwachs und Vitamin E #beeftallow #tallow #halal #creme #SkinCare
0_219424_9_53928171777752487;0.164;disappointed;procedure-curious;natural;;;Als ob Trashies in der Lage sind einen guten Menschen zu erkennen 😂😂😂 ich trenne Trash von REALITY ✌🏼Sie können nur ihres gleichen erkennen.  histrionisch und ohne emotionale Intelligenz. Ein emotional intelligenter Mensch nimmt keinen Trashie. Höchstens um die Person zu kontrollieren, weil sie einf
0_219424_190_3933657754462326088;0.164;enthusiastic;skincare-first;peel,price;;;Meine neue Homepage ist online ❤️Nach vielen Tagen und ehrlich gesagt auch einigen Nächten bis tief in die Nacht, ist es endlich geschafft.Mit ganz viel Herzblut habe ich meine komplette Homepage selbst neu gestaltet. Jede Seite, jeder Text, jedes Bild und jedes Detail wurde von mir mit viel Liebe, 
0_218673_126_t1_oa1d6f4;0.164;satisfied;;aging-signs;;;Was glaubt ihr ist der Grund warum Netanyahu mit 76 noch so jung aussieht? relativ viele Haare auf dem Kopf für sein Alter und auch kaum Falten im Gesicht. Und gleichzeitig scheint er körperlich und geistig noch sehr fit zu sein
0_218673_126_t1_omxtj16;0.164;satisfied;;;;;No age-shaming - aber was ist mit seinem Hals passiert? Das kommt doch nicht nur vom schlaffe Haut haben, oder? Das war doch so ein Fußball Typ oder ?😅
0_221687_190_3875705376880802069;0.164;enthusiastic;procedure-curious;hyaluronic-acid,aging-signs;;;💧Hyaluron-Pflege: Hyaluron ist Ihr Feuchtigkeitsspeicher. Es polstert Fältchen von innen auf, bindet intensiv Wasser und sorgt für sofortige Spannkraft. Ihr A.S.thetics Tipp#hilden #düsseldorf #solingen #asthetics #drstanek #hyaluron #skincare #feuchtigkeit #antiaging #ästhetik #nrw #beautytipps
0_221687_26_26964537269841609;0.164;cautioning;;;;;Die biomechanische Achse: Der Iliopsoas als mechanischer Kernvektor der KörperstatikDie menschliche Anatomie folgt den Gesetzen der Tensegrität - einem dynamischen Gleichgewicht aus Zug- und Druckkräften. Innerhalb dieses Systems nimmt der Musculus iliopsoas - bestehend aus dem Musculus psoas major,
0_219424_126_t1_o2tp9y1;0.1641;seeking;procedure-curious;;;;Nehmen wir an ihr dürftet eine kostenlose SchönheitsOP bekommen, was würdet ihr an euch verändern? Kein Wunder, dass ihr Männer so Komplexe wegen euren Pimmeln habt 😭
0_219424_9_43196011543806470;0.1641;disappointed;;;;;Bitte? Die besteht doch nur noch aus Silikon und Botox!😂
0_221687_190_3948189742987745855;0.1641;disappointed;skincare-first;;;;Hydration - the essence of summer.Mit steigenden Temperaturen verändert sich auch der Feuchtigkeitsbedarf der Haut. VisHya Hyaluronic Acid 0.36% versorgt sie nicht nur intensiv mit Feuchtigkeit durch alle Hautschichten, dieses hochwirksame Serum schützt die Haut außerdem vor freien Radikalen und unt
0_219424_190_3934811174422494387;0.1642;disappointed;skincare-first;vitamin-c,spf,aging-signs;;zinc;Ich verzichte auf Chemischen Sonnenschutz. Der zieht in die Haut ein und kann hormonell wirksam sein. Für mich kommt nur ein mineralischer UV-Filter mit Zinkoxid, non-nano, infrage, der bleibt auf der Haut, statt einzuziehen.Das einzige Problem an mineralischen Filtern ist, sie weißeln fast immer. I
0_219424_9_yt.l456qWOYXfs;0.1642;disappointed;;;;;Veganerin Mary (88) wirkt wie 50 🔥 7 LEBENSMITTEL täglich gegen Altern! #VeganeErnährung #AntiAging #MaryMcQuirterMit 88 Jahren sieht die Veganerin Mary McQuirter aus wie 50! Entdecken Sie die 7 Lebensmittel, die sie jeden Tag isst, um den Alterungsprozess zu stoppen.Diese pflanzliche Langlebigkeits
0_219424_140_7661607155103026464;0.1642;enthusiastic;skincare-first;spf;;spf;Nicht nur im Urlaub wichtig, sondern auch im Alltag! ☀️ #sonnenschutz #sonnencreme #sommer #falten #hautalterung
0_221687_23_8224793530421337;0.1642;seeking;skincare-first;;;;Nivea Q10 Serum Ich darf das Serum als Nivea Produkttesterin testen. Ich finde es ist ein tolles Serum, was einen leichten angenehmen Duft hat, es zieht sehr gut ein und lässt sich sehr gut auf der Haut verteilen ohne zu kleben oder zu fettig zu sein.
0_221687_190_3874273198049381283;0.1642;disappointed;;retinol,aging-signs;;;👉 ExoBody mit ExosomenEs wurde mit Exosomen der Centella Asiatica, organischem Silizium und Retinal für eine intensive Anti-Aging-Regeneration entwickelt:✔ Erhöht die Elastizität und Festigkeit der Haut✔ Reduziert die Faltentiefe✔ Verbessert sichtbar die Hautstruktur✔ Verkleinert die Poren✔ Vereinhe
0_219424_126_t3_1q9x8cr;0.1643;seeking;skincare-first;;;;Hat jemand Erfahrung mit Mounjaro + GHK-Cu? Hey zusammen,ich wollte mal in die Runde fragen, ob jemand hier Erfahrungen mit Mounjaro in Kombination mit GHK-Cu gemacht hat.Ich sehe diese Kombination in letzter Zeit immer häufiger auf Social Media, vor allem im Zusammenhang mit starkem Gewichtsverlust
0_219424_9_53767081166042095;0.1643;enthusiastic;skincare-first;;;;Liebe Nicole, das ist ein sehr schönes Ei . Mir gefallen die Seren am besten ,Collagen und Hyaluron. Ich nehme gerne an einer Verlosung teil ❤️
0_219424_9_18587839272928068;0.1643;seeking;;;;;"Viele Frauen mußten auch schon vor 50 bis 90 Jahren ""Schönheitsoperationen"" machen lassen, um Rollen zu bekommen."
0_219424_190_3936845190341938739;0.1643;seeking;procedure-curious;peel;microneedling;;Modelle gesucht ab nächste Woche fürs Microneedling 🫶🏻Hast du Interesse ? Schreib mir eine Nachricht auf Instagram jorasbeautylounge oder auf WhatsApp 015120435771📍Offenburg#offenburg #explore #foryou #microneedling #beauty
0_219424_190_3938984985011284807;0.1643;disappointed;skincare-first;aging-signs;;;"Mit Haut &amp; Haaren älter werdenAuch unsere Haut kommt in die Wechseljahre.Denn genau wie andere Organe besitzt auch sie Hormonrezeptoren – und diese werden durch den sinkenden Östrogenspiegel weniger aktiviert.Die Folge?Unsere Haut produziert weniger Kollagen. Genau das Protein, das für Spannkraf"
0_219424_140_7663944563811306785;0.1643;enthusiastic;skincare-first;vitamin-c,aging-signs;;pomegranate;Ich gebe im Monat KEIN Vermögen für Beauty aus. Aber auf diese eine Routine verzichte ich seit Jahren nicht. Seit Jahren gehören deshalb die Glow25 Kollagen-Kapseln zu meinem Alltag. Mir gefällt besonders die Kombination aus hydrolysiertem Kollagen, Hyaluronsäure, Vitamin C und Granatapfelextrakt. V
0_221687_190_3958485498241015214;0.1643;enthusiastic;skincare-first;peel,retinol;;retinol;"🫩DEINE HAUT SIEHT MÜDE UND ERSCHÖPFT AUS?FAHL UND OHNE AUSSTRAHLUNG?SCHÖNHEITSSCHLAF 2.0 BEGINNT HEUTE ABEND. 🌙Kennst du das?Du stehst morgens vor dem Spiegel und denkst:„Ich kenn dich zwar nicht … aber ich wasch dich trotzdem."" 😉✨ Sorge dafür, dass deine Haut morgen früh eine andere Geschichte erzä"
0_219424_190_3932185612628317660;0.1644;enthusiastic;;aging-signs;;;Wofür ist Kollagen verantwortlich? Kollagen ist ein zentraler Bestandteil unserer Haut und unseres Bindegewebes. Es trägt maßgeblich zu Festigkeit, Elastizität und Spannkraft bei. 🌿Mehr als 70 % der Hautstruktur bestehen aus Kollagen. Mit zunehmendem Alter verändert sich jedoch die körpereigene Prod
0_219424_126_t1_ogl0wis;0.1645;seeking;procedure-curious;;;;👀 Gossip Ich hab ja schon einige Male Fragen zum Verständnis gestellt - so auch heute:Kann mir jemand erklären, wie es dazu kommen kann, dass Neles Augenbrauen sich plötzlich in verschiedenen Sphären bewegen?Mir ist bewusst, dass sie generell eine deutliche Gesichtsaymmetrie hat - aber!, die Augenbr
0_219424_26_1624077116394525;0.1645;enthusiastic;procedure-curious;;;;Wo nun die Orkus Magazin  Ausgabe bei mir gelandet ist, kann ich das schöne Heft nicht nur meinen Katzen zeigen 🤭. Danke euch ANTIAGE  / Kaa Soleil  ❤️!
0_221687_26_1290838386392877;0.1645;enthusiastic;skincare-first;aging-signs;;aha;"✨ NEU. INNOVATIV. WIRKSAM. ✨Das neue AHA &amp; PHA Ginkgosomen Serum by @@drspiller_official  bringt die Hauterneuerung auf ein neues Level. Hochwirksame epigenetische Aktivstoffe unterstützen die natürlichen Regenerationsprozesse der Haut, während AHA- und PHA-Säuren sanft abgestorbene Hautzellen u"
0_219424_190_3936055901452108210;0.1646;enthusiastic;;peel;;;AB DEM 13.07.26 STARTET EINE NEUE AKTION🥳 #zahnschmuck #zahnbleaching #microneedling #bbglow #augenringenbehandlung
0_218673_15_64499744884031116;0.1646;enthusiastic;skincare-first;niacinamide-peptides,spf,aging-signs,price;;coq10;Anti-Aging mit sebamed: Hi, Ihr Lieben! Heute gibts 3 Produkte zum Thema Anti-Aging von mir und zwar von sebamed. Anti-Aging mit sebamed: Bereits ab dem 30. Lebensjahr stellt unsere Haut besondere Ansprüche: Sie ist empfindlicher und tendiert dazu, leichter auszutrocknen. 4 Tipps dazu von sebamed! T
0_218673_9_42137903409570371;0.1646;disappointed;;;;;👀 Also die eine hat faltige Augenringe, wie eine 80 Jährige. Da scheint noch was anderes Poly zu sein… Mary Jane, Lucy in the sky with diamonds, snow flake…
0_219424_9_30630155638178346;0.1647;cautioning;;aging-signs;;;@Sebastian1Tobias stimmt-botox- haare dreifach toupiert-und attraktiv wie altes toastbrot
0_219424_126_t1_oc14lj7;0.1647;seeking;procedure-open;;;;Masseter Botox Wenn eine Ansteuerungsproblematik der Muskulatur oder eine Funktionsstörung des Gelenks vorliegen würde definitiv! Aber in den meisten fällen ist es stress/belastungsbezogen erhöhter Muskeltonus über das VNS.
0_218673_23_36456320823761155;0.1647;enthusiastic;skincare-first;aging-signs,niacinamide-peptides;;;Sehr pflegend und reichhaltig Als großer Nivea Fan war ich echt gespannt,was das NIVEA Cellular Epigenetic Serum bewirkt?! Nach knapp zwei Wochen,der regelmäßigen Anwendung, bin ich sehr begeistert. Dank des Pumpspenders lässt sich das Serum sehr gut dosieren,man braucht nicht viel,da es sehr ergieb
0_218673_126_t1_oosxiru;0.1647;disappointed;procedure-curious;;;;Können Kinder wirklich einfach Holy Energy im Supermarkt kaufen? Das ist ein Rossmann Spezial, da will das, so weit ich weiß/mich erinnere, die Geschäftsführung so. Ich finde das ganz sympathisch hab aber das erste Mal überrascht geguckt als ich an der sb Kasse nicht direkt bezahlen konnte. Ich glau
0_221687_9_yt.Tijs51eojiA;0.1647;enthusiastic;;;;;Diese Produkte sind neu I dm Neuheiten im Februar & März 2026 Mit dem Frühling und der Sonne sind auch viele tolle neue Produkte in eure dm Märkte eingezogen. Marie zeigt sie euch heute! Von limitierten Editionen bis zu praktischen Alltagshelden gibt es vieles zu entdecken 🌼Die Produkte aus dem Vide
0_219424_15_58247630271022246;0.1648;satisfied;;;;;"Dr. med. Yael Adler – Neue Präsidentin der GSAAM e.V. Dr. med. Yael Adler ist neue Präsidentin der GSAAM e.V. (Dt. Ges. f. Prävention- Anti-Aging Medizin &amp; Healthy Longevity. Die bekannte Ärztin und Bestsellerautorin leitet ab sofort den wiss. Verband."
0_221687_26_1398979498902842;0.1648;disappointed;skincare-first;hyaluronic-acid;;hyaluronic-acid;Was ist eigentlich Sodium Hyaluronate? 🤔Sodium Hyaluronate ist die Salzform der Hyaluronsäure – ein natürlicher, körpereigener Stoff, der unser Bindegewebe stärkt und die Feuchtigkeitsdepots der Haut auffüllt. 💧Je nach Molekularstruktur wirkt es auf unterschiedlichen Hautschichten:✨ Hochmolekulare H
0_219424_26_1623587626443474;0.1649;disappointed;skincare-first;;;;"Dezent fertig vom stundenlangen Tanzen, aber ein Erinnerungsfoto musste einfach noch sein 🤭. Denn neben den gewonnenen Tickets von Zillo  &amp; PLUSWELT PROMOTION für das EASTSIDE Festival, hat mir Veto Lestard von ANTIAGE die Orkus Magazin Ausgabe - mit dem Foto von Kaa Soleil - passend zum Geburts"
0_218673_126_t1_nbvuidc;0.1649;disappointed;procedure-curious;;;;24, guter Job, Geld passt – Sozialleben eines Einsiedlers. Was tun? Probiere neue nennen wir es mal ( Genre)Bist eventuell bisschen nerdy?. Oder einfach mal alleine irgendwo hingehen.So klappt es bei mir und ich bin das Gegenteil von dir.35 schwer chronisch krank .1.70 63 kg sehe gut  aus ( bis auf 
0_219384_126_t1_ojd0dts;0.1649;enthusiastic;procedure-curious;laser;laser;;will IPL work for me? Deine haut ist dunkel. Nein
0_221687_190_3864864067743969371;0.1649;satisfied;skincare-first;hyaluronic-acid,niacinamide-peptides,aging-signs;;polyglutamic-acid;Spring skin, naturally.Our STUDIO BOTANIC FACE SERUM is a plant-based Retinol alternative for skin that wants freshness, structure, glow, and deep hydration.With Ginseng Peptide, Resveratrol Ferment, Hyaluronic Acid and Polyglutamic Acid, it supports collagen-boost, skin renewal, and a smoother, mor
0_219424_9_69894528103875134;0.165;disappointed;;;;;Der hat schon hunderte Schritte zu weit gemacht. MAGA und diese kriminellen Trumpschleimer von Lutnik bis Bessent, von Pink Lady Karoline bis Patel, und vor allem Botox Barbie, sie gehören alle in den Knast.
0_219424_190_3933903650943972317;0.165;enthusiastic;skincare-first;peel,aging-signs;;;Was ist Microneedling?Dein Glow beginnt hier Verleihe deiner Haut neue Frische Microneedling kann die Kollagenproduktion anregen, das Hautbild verfeinern und das Erscheinungsbild von feinen Linien, Aknenarben und Poren verbessern. #glowskin #skincare #beauty #microneedling #glowup
0_219424_26_1645375417598028;0.165;enthusiastic;procedure-curious;;;;"Naaa - ist hier noch jemand wach? Falls ja - wie wäre es mit einem Stella Nomine Festival / ANTIAGE Rückblick ins Jahr 2023 😁?Habe mich jetzt doch dazu entschieden, den Beitrag VOR Mary &amp; Piwo Spezial online zu stellen. Ihr findet aber natürlich auch Verweise auf die Shootings mit Kaa Soleil 😎. "
0_218673_126_t3_1tez2v4;0.165;enthusiastic;procedure-curious;;;;Wie wieder für Freund (m24) attraktiv werden (w24) Throwaway, aber muss es kurz loswerden.Mein Freund (24) und ich (24) sind erst wenige Monate offiziell zusammen. Zuerst war alles super rosig, aber mittlerweile glaube ich, dass er mich eigentlich gar nicht mehr attraktiv findet und das zieht meinen
0_219424_190_3931528584438451118;0.1651;enthusiastic;;hyaluronic-acid,niacinamide-peptides;;;"Beauty, der Juli wird HOT. 🔥Wir feiern nicht einfach nur 9 Jahre Jolie... wir lassen es diesen Monat auch so richtig krachen! Der Juli wird vollgepackt mit Highlights, Energie und purer Feuchtigkeit für deine Haut.💦 Bio-Botox to go: Unser Spray mit Hyaluron &amp; Niacinamid durchfeuchtet deine Haut "
0_221687_26_1431521392315141;0.1651;enthusiastic;skincare-first;hyaluronic-acid,niacinamide-peptides,aging-signs;;niacinamide;• Slow Aging ist das neue Anti Aging.Weil man mittlerweile verstanden hat, dass es nicht darum geht zu versuchen die Zeit anzuhalten, sondern die Haut mit den Jahren des Älterwerdens dabei zu unterstützen, gesund, stark und strahlend schön zu bleiben - in jedem Alter.🌿Genau dafür steht unser neues L
0_221687_190_3840200197603611785;0.1651;satisfied;skincare-first;;;bakuchiol;Retinol vs. Bakuchiol – die natürliche Alternative 💚Ist dir schon mal aufgefallen, dass echtes Retinol in Naturkosmetik praktisch nie vorkommt? Retinol wirkt zwar stark – ist aber synthetisch und sehr empfindlich. Es braucht eine anspruchsvolle Formulierung, damit es stabil bleibt und die Haut nicht
0_221687_140_7644241191587876128;0.1651;enthusiastic;;retinol;;;10M+ verkauft 😳 Korean Retinal Booster jetzt in Deutschland 🇩🇪  Jetzt nur bei ( www.lunaluxs.de ) ✨  #skincare #retinal #GlowUp #BeautyTok #lunaluxs
0_219424_9_yt.4gyWqw6eggU;0.1652;seeking;procedure-curious;niacinamide-peptides;;;ErecPro Erfahrungen - Erec Pro Deutschland Kaufen - Bewertung & Nebenwirkungen - Ist es seriös? Hier kaufen ErecPro offizielle Website👇(Germany and Austria )✅🛒Hier kaufen 👉https://hotm.io/ErecPro-offizielle ✅🛒Hier kaufen 👉 https://hotm.io/ErecPro-offizielle ErecPro Erfahrungen - Erec Pro Deutschland
0_219424_140_7658561694741892385;0.1652;enthusiastic;;;;;"Endlich Mal auf der Mitternachtshüpfburg gewesen - beste Location für ein neues Fanvideo 😎. @ANTIAGE #zenithofdecay  Video wurde von der ""Seifenfrau"" der Striegistaler Seidenmanufaktur gefilmt.  Wir hatten uns über @Distart – lerne Marketing &amp; KI 2025 virtuell kennengelernt und nun beim EASTSIDE"
0_218673_126_t1_nc20vqw;0.1652;disappointed;procedure-curious;aging-signs;;;September '25 - CW & Romi 🐺🌴Sammelthread Ja, also bei einigen Kommentaren kann ich die Löschung verstehen bei anderen, naja Ansichtssache würde ich mal sagen. Das Foto wurde ja offensichtlich stark bearbeitet ( sieht man z.B. auch wenn man sich das von mir gepostete Bild anschaut, wie er im Bademant
0_218673_15_9782840254784083;0.1653;satisfied;skincare-first;aging-signs;;sod;Von Sonja bis Silvia: Die Make-up-Tricks können wir uns alle von Silvia + Co. abschauen Sie tragen nicht nur eine Krone, sondern auch ein Make-up, das zeigt, wie gut Beauty an reifer Haut aussehen kann. Senior-Royals wie Königin Silvia oder Königin Sonja beweisen, dass Mascara und Lippenstift echte 
0_221687_190_3745184783656352753;0.1653;satisfied;;vitamin-c;;;"👉🏼 Frucht-Fakten vs. Food-MythenÜberall liest man derzeit, dass einzelne Früchte wie Wassermelone, Kiwi oder Avocado in wenigen Tagen „Wunder"" wirken können: Bauchfett schmelzen lassen, Blähungen stoppen, das Immunsystem stärken oder die Verdauung ankurbeln.Aber stimmt das wirklich?🍉 Wassermelone – "
0_219424_9_2837183587917060;0.1654;satisfied;;;;;"Männer: Gravel Bike, BBQ, Pizza, Whisky…Frauen: Botox, Schönheits-OP, mini Cabrio, neue Küche, Yoga-Trip nach Indonesien … wir sind doch alle ähnlich ;)"
0_219424_9_9061949105304380;0.1654;disappointed;;;;;😂😂😂👍👍👍Im Busen ist Silikon   aber nicht in den Lippen  😂😂da ist Hyaluron 😂😂👍👍
0_219389_8_2076166644431192560;0.1654;cautioning;skincare-first;;;;@unblogd Ist das nicht die Alte von der Hayali? Die steht doch eh nur auf Golden Retriever Masc Lesben. Und was soll die sein? Fitness-Influencerin? Fit sieht die nicht aus, eher speckig. Und hübsch ist die auch nicht, da hilft auch kein Botox.
0_221687_140_7597776772574235926;0.1654;enthusiastic;skincare-first;spf,aging-signs;;sod;Volcanique® Purifying Volcanic Ash MasqueDie Vulkanische Gesichtsmaske ist ein effektives Mittel zur Reinigung und Regeneration der Haut. Sie entfernt abgestorbene Hautzellen, hilft, Falten zu reduzieren und verfeinert somit Ihr Hautbild. Durch die tiefenreinigenden Eigenschaften der natürlichen Vul
0_219424_26_1631010075701229;0.1655;enthusiastic;;;;;Die Blogbearbeitung für den Beitrag mit Bilder und Videos aus Shootings mit @kaaleidoskop - Sänger der Band @antiagemusic - hat begonnen 🐾.#fotografin #spiegelarche #antiage #katzenmama
0_218673_126_t1_nagwscn;0.1655;disappointed;procedure-curious;price;;;"Das geteilte Sorgerechtsmodell der ""Wochenend-Väter"" ist furchtbar für die Mütter Du hast es gut auf den Punkt gebracht. Habe genau so eine Schlacht hinter mir. Habe so einen Prozess die letzten Jahre durchgemacht, bin nach unendlichen Termin Alleinerziehender Vater, da Mutti eine Gefährdung für ihr"
0_218673_126_t1_ndjxwg8;0.1655;enthusiastic;skincare-first;aging-signs;;;Langsame Gesichtsalterung und ADHS Es entsteht glaube ich nicht im Gesicht 😀Was ich nicht verstehe ist die Erklärung mit wenig Gesichtsmimin... so ziemlich alle Menschen mit ADHS die ich kenne, mich eingeschlossen, neigen zu einer eher expressiven und abwechslungsreichen Mimik... die müsste eigentli
0_219424_126_t1_nxet82f;0.1656;satisfied;skincare-first;;;;"Ich habe (ohne mich vorher vernünftig zu informieren) Tomatensauce ""eingekocht"" &gt;**Bakterium Clostridium (C.) botulinum**: C. botulinum ist ein stäbchenförmiges Bakterium, welches auch als „Anaerobier"" bezeichnet wird, weil es nur in sauerstofffreier Umgebung wächst. Es ist in der Umwelt weit ver"
0_218673_15_30561247549741302;0.1656;satisfied;;;;;"Kriegsalltag | „Männer auf der Straße zu kidnappen, ist illegal"": Ukrainer kämpfen gegen Zwangseinziehung Nach Sonnenaufgang hören die Raketen auf – und hier beginnt das Ringen der Ukrainer:innen um Demokratie und Rechte im Militär, auf der Straße und in der Fabrik. Eine Reportage über den anderen K"
0_218673_15_51710741121224047;0.1656;seeking;;price;;;"PHILIPS OneBlade 360 Face Rasierer & Trimmer für 34,99€ Bei Amazon gibt es den PHILIPS OneBlade 360 Face Rasierer &amp; Trimmer für 34,99€. (Vergleichspreis: ~41€) Ersparnis: ~6€ Beschreibung: Trimmen, Stylen und Rasieren jeder Haarlänge 360-Klinge: passt sich an die Gesichtskonturen an Sanft zur Ha"
0_218673_126_t1_oga0fix;0.1656;satisfied;;;;;What's something Germans say that sounds rude in translation but isn't actually rude? Oder Du bekommst in der Parfümerie Anti-Falten-Creme als Goodie, wenn Du was kaufst...
0_219424_126_t3_1trty2p;0.1657;satisfied;procedure-open;aging-signs;;;Sinn(e) - 3. Sehen Die Oberfläche des Shirts dampfte leicht vom Bügeln, als er es anhob und ins Licht hielt. Wie neu. Sorgsam faltete er es und verstaute es im Schrank, wo jedes Kleidungsstück seinen Ort hatte.Er hasste diese Arbeit früher, doch heute gab sie ihm Seelenfrieden. Er konnte das Hirn ab
0_219424_190_3931659497244711472;0.1657;enthusiastic;skincare-first;;;;Ich liebe es einfach zu backen. Und ich liebe Obst und Früchte Kuchen.Was ist dein Lieblingskuchen?Von Herz zu Herz  Melanie  Die ganzheitliche Naturtherapeutin  #AntiAging #Fit #Vital #Freude #facebookpost
0_218673_23_17072978433059494;0.1657;enthusiastic;procedure-curious;;;;Ebenmäßigkeit Mir hat die Tektur besonders gut gefallen, das buttrige spendet meinen Fältchen eine angenehme Feuchtigkeit. Ich lieb es abends am Meisten.
0_218673_9_yt.kLUq3hhg-XI;0.1657;disappointed;procedure-curious;vitamin-c;;;Versteckte Nährstoffmängel Warnsignale deines Körpers Ignoriere sie nicht! ⚠️ Dein Körper sendet dir jeden Tag kleine Signale, wenn ihm wichtige Nährstoffe fehlen.Wenn du diese ignorierst, können daraus mit der Zeit ernsthafte Gesundheitsprobleme entstehen.In diesem Video erklären wir 8 häufige Symp
0_221687_140_7652479259235110176;0.1657;satisfied;;;;;"DON QUIFF  Haar Serum Wachstum und Pflege - PREMIUM Rosmarin+ Haaröl – Bio-zertifiziert, vegan – für gesunden Haar Wuchs mit Jojoba, Argan, Rosmarin &amp; Minze +VITAMIN E – Kopfhautpflege für Frauen &amp; Männer -50 ml  ##haare##hair##sommerdeals##wirschwimmeninangeboten##dealsfürdich@@don.quiff.of"
0_219424_9_yt.E7eYHkw7Lb4;0.1658;disappointed;;;;;Was haben sie sich nur ANGETAN? 18 Stars damals und heute Was haben sie sich nur ANGETAN? In diesem Video zeigen wir 18 berühmte Stars, die sich nach Schönheitsoperationen, Botox und Fillern so stark verändert haben, dass sie heute kaum wiederzuerkennen sind. Von Daniela Katzenberger und Carmen Geis
0_219424_190_3931099817591206158;0.1658;enthusiastic;procedure-curious;;;;👀 Jetzt wird's spannend…Hat dein Mann den richtigen Buchstaben? 🤭💋———Für weitere Informationen:🗓️ Terminbuchung online unter:https://www.bacara-aesthetik.de/hyaluron📩 DM hier bei Instagram 📧 info@bacara-aesthetics.com📱 Whatsapp: 01746503271Wir freuen uns auf euch ❤️Euer Bacara-Ästhetik Team—————————
0_218673_9_yt.Cjv8UhLAzkY;0.1658;seeking;skincare-first;aging-signs;;;13.08.2025 - Verlangsame den Hautalterungsprozess: 4 essentielle Tipps für... Eine gesunde Hautalterung ist oft das Ergebnis eines ganzheitlichen Ansatzes, der Ernährung, Lebensstil und Hautpflege verbindet. Hier sind vier Tipps, wie du durch zusätzliche Nährstoffe und gesunde Gewohnheiten die Hauta
0_218673_126_t3_1sqkqs5;0.1658;satisfied;skincare-first;aging-signs,price;;jojoba;Kanzy Jojobaöl Kaltgepresst 100% Reines Gold, 120ml für Haut, Haare und Nägel, Gesichtsöl und Körperöl, Vegan & Hexanfrei, Jojobaöl, Anti-Falten, Natü... -29 % 9,93 € Feuchtigketeitspflege: Kanzy Jojobaöl ist ein ausgezeichneter Feuchtigkeitsspender, es ist tiefenpflegend und fühlt sich dennoch leic
0_218673_8_2053588739272695899;0.1658;disappointed;;aging-signs;;;@LilitThyra Die Falten, die Falten... bald zeigt sie ihr wahres Gesicht... ein ALIEN!.. 🤣🤣🤣... struntzdummes Waib, oder eben Ausserirdisch! 🤡😂
0_218685_9_12781259336839013;0.1658;satisfied;skincare-first;botox;;;"ach wat ...""ich habe es gerne gemacht, habe kein Cent verlangt"" - natürlich ist er sauer weil er hat erwartet, dass die für immer auf dem Boden kriecht und dankbar ist...sie will sogar was emotionales, er hat ihr doch gezeigt, wie man als mittelmäßig erfolgreicher Trash Darsteller der nur wegen sein"
0_219424_9_yt.drnCSqoek7Y;0.1659;disappointed;skincare-first;;;;Single sein stoppt das Altern offiziell. #AntiAging #Skincare #Humor #SingleLife #LifeHacks Twitch:        https://www.twitch.tv/chrisslybaerInstagram:     https://www.instagram.com/chrisslybaer_officialTwitter:       https://twitter.com/ChrisslybaerYouTube:      https://www.youtube.com/@chrisslybae
0_219424_126_t3_1qydt5v;0.1659;seeking;;;;;Barrierefreiheit schnell und einfach mit KI fixen Hi Leute,hier ein einfacher Weg, um kostenlos, schnell und ohne Programmierkenntnisse Barrierefreiheitsprobleme zu beheben, wenn ihr Zugriff auf den Source-Code habt:**Schritt 1: Code im Code-Editor (IDE) öffnen*** Den Ordner mit eurem Code in VS Cod
0_218673_126_t1_nfrg3iw;0.1659;seeking;;fillers,hyaluronic-acid;;;Hilfe! Was tun gegen Zornesfalte? Da unterspritzt man nicht mit Hyaluron. Lähmen mit Botox, aber baut sich halt schnell ab, weil ein richtig starker Muskel.
0_221687_190_3761296183139363410;0.1659;satisfied;skincare-first;aging-signs,celebrity;;bakuchiol;💜 Haruharu Wonder💜 yesstyle 💜 @haruharuwonder_official @haruharuwonderinfluencers @yesstyleinfluencers @yesstyle 💜Black Rice Probiotics Barrier Essence💫Feuchtigkeitsspendend (intensiv) und aufpolsternd💫Elastizitätsfördernd und straffend💫Glättend und beruhigend (dank antioxidativer Eigenschaften)💫Aus
0_221687_190_3787611030982258500;0.1659;disappointed;skincare-first;peel,hyaluronic-acid,niacinamide-peptides,aging-signs;;;Claudia Schiffer ist für ihre makellose, glatte und immer jugendlich wirkende Haut bekannt – ein Signature-Look, der seit den 90ern unverändert geblieben ist. Ihr Ansatz: minimalistischer Luxus, starke Barrierepflege und konsequente Feuchtigkeitszufuhr.„Weniger ist mehr. Meine Haut liebt Rituale, di
0_221687_140_7659738090507930912;0.1659;enthusiastic;;vitamin-c;;;Looking for a Vitamin C serum for dark spots? ✨ Meet Pure Bright C7. FAQ ❓For all skin types? → Yes. ❓For all skin colors? → Yes. ❓Unisex? → Yes, for everyone. 🧡 See the orange button? If it's there, we still have stock available. Tap it to order or restock. 🇩🇪  Du suchst ein Vitamin-C-Serum bei dun
0_219424_23_11153764928376256;0.166;satisfied;skincare-first;;;;Ich benutze die Hyaluron Liquid Fondation 04 cool Honey. Es ist genau mein Farbton, weil ich keine warmen Töne verwenden kann.Die sind für mich viel zu gelbstichig. Ich bin mit dem Make up sehr zufrieden, leider ist es im Einzelhandel nicht mehr verfügbar. Ich habe jetzt noch einen Restbestände kauf
0_219424_15_14737879786658629;0.166;satisfied;skincare-first;vitamin-c,hyaluronic-acid,spf,price;;spf;☀️ 2x NIVEA SUN Schutz & Pflege Sonnenlotion 200ml LSF 50+ ab 11€ (statt 18€) Gönnt euch ordentlichen Sonnenschutz Leute. Das Beste was man bekommen kann ist Lichtschutzfaktor 50+, soweit ich weiß. Bei Amazon bekommt man eine entsprechende Sonnencreme von Nivea, die auch schnell einziehen soll, für 
0_219424_190_3936742304970859450;0.166;enthusiastic;procedure-curious;peel;microneedling;;Schreib mir für deinen Wunsch Termin🤍WhatsApp 015120435771Offenburg 📍#hautpflege #microneedling #offenburg #hautprobleme #explore
0_218673_126_t1_oajxbok;0.166;enthusiastic;skincare-first;retinol;;retinol;"Welches Retinal (nicht Retinol) nutzt ihr, womit seid ihr zufrieden? Ich habe das Colibri Vitamin A Serum, das Geek &amp; Gorgeous 5 und 10 verwendet. Aktuell nehme ich das Thermid Clinical Vitamin A. Ich verwende es hauptsächlich um Falten Vorzubeugen."
0_218673_8_2044152340542881948;0.166;enthusiastic;procedure-curious;;;;@dmaier72 @bundeskanzler Ganz schöne Augenringe hast du. Frage mich, wer der Kokser ist.🤡😂
0_221687_23_40493109854204681;0.166;disappointed;skincare-first;;;bakuchiol;Serum-Lotion mit natürlichen Inhaltsstoffen [Diese Bewertung wurde im Rahmen einer Werbeaktion gesammelt.] Ich habe die Revitalisierende Serum-Bodylotion kostenlos zum Testen erhalten. Die Serum-Lotion befindet sich in einer Plastikflasche mit Pumpspender. Sie ist dünnflüssig, fühlt sich leicht ölig
0_221687_26_1531958428974155;0.166;enthusiastic;;hyaluronic-acid;;;Hyaluron Serum: Die 19 besten Seren mit der höchsten Konzentration an Hyaluronsäure
0_219424_126_t3_1qh7wvc;0.1661;disappointed;skincare-first;hyaluronic-acid,price,aging-signs;;;bedrop Concentrated Anti Aging Serum mit straffendem Bienengift, Gelée Royal, Hyaluron & Acetylglucosamin hochdosiert - Reine Imker Qualität ohne Zusa... -15 % 42,41 € 🐝 Straffendes und Haut glättendes Serum. Natürliche Hautpflege aus dem Bienenstock mit hochdosiertem Bienengift und hochwertigem Gel
0_218673_9_yt.D_LDI4S3CUc;0.1661;seeking;procedure-curious;;;;Elegant in Creme: Minimalist Lookbook | Skulpturale Schnitte & High Waist Style Willkommen zur neuen Lookbook Fashion Show auf dem Kanal LookBook Easy!In der heutigen Ausgabe präsentiere ich euch ein monochromes Ensemble, das durch architektonische Details und eine fließende Silhouette besticht. Als
0_218673_126_t1_oslf0ys;0.1661;disappointed;skincare-first;;;;Wie geht ihr damit um, wenn eine Frau angekleidet deutlich besser aussieht als nackt? Du müsstest ja auch nicht direkt auf den Tisch legen wenn du ein sehr ungewöhnliches Muttermal oder starke Pigmentflecken im bedeckten Bereich hast... Ich finde es absolut ok, und in keinster Weise täuschend, sich 
0_218685_9_yt.a6mjg8GXjcU;0.1661;disappointed;skincare-first;;;;Die drei Molekülgrößen der Hyaluronsäure – einfach erklärt Heute sprechen wir über einen der beliebtesten Wirkstoffe in der modernen Hautpflege: Hyaluronsäure.Doch Hyaluronsäure ist nicht gleich Hyaluronsäure. Es gibt drei unterschiedliche Molekülgrößen, und jede wirkt auf ihre eigene Weise:💆‍♀️ Gön
0_219424_190_3935216740894665998;0.1662;enthusiastic;;aging-signs;;;"🔴 LED Rotes Licht – Anti-Aging &amp; HautregenerationRotes LED-Licht regt die Kollagenbildung an, unterstützt die natürliche Hauterneuerung und fördert die Regeneration der Haut. Die Haut wirkt straffer, frischer und erhält einen natürlichen Glow.Ideal bei:• Falten &amp; feinen Linien• Elastizitätsv"
0_219424_190_3941652098866934546;0.1662;satisfied;skincare-first;spf;;glycerin;LSF 30 oder LSF 50 - was passt zu dir?Mit SOFRI SUN findest du den Sonnenschutz, der zu deinem Alltag und den Bedürfnissen deiner Haut passt.👉 LSF 30Ideal für den Alltag oder wenn deine Haut bereits an die Sonne gewöhnt ist.👉 LSF 50Perfekt für empfindliche Haut, intensiveSonneneinstrahlung oder läng
0_218673_9_yt.Tu8a6KmSRqU;0.1662;seeking;;laser,aging-signs;;;"CO2-Laser bei Falten, wann ist er sinnvoll? CO₂-Laser bei feinen Falten – wann ist er sinnvoll?Wir setzen den fraktionierten CO₂-Laser gezielt bei:• Krähenfüßchen• vertikalen Oberlippenfältchen („Smoker's Lines"")• perioralen Fältchen rund um den MundDer Laser arbeitet kontrolliert ablativ: Er erzeug"
0_219384_126_t1_o6yn0gw;0.1662;satisfied;;laser;;;Sind Diodenlaser genauso gut wie Alexandrit Laser? Hier ist ein sehr interessanter Artikel zu dem Themahttps://mikemurphyblog.com/2023/07/16/hair-removal-diode-ndyag-or-alexandrite-lasers-or-ipls-which-is-best/Wichtig ist vorallem das der Techniker das Gerät gut beherrscht und auf den Haut und haart
0_221687_26_1324572739458058;0.1662;enthusiastic;;vitamin-c,hyaluronic-acid;;;Das Vitamin C Serum der Firma Nuxe. Ideal für alle, die sich einen frischen, ebenmäßigeren Teint wünschen. Mit stabilisiertem Vitamin C und Hyaluronsäure natürlichen Ursprung #nuxe #teint #strahlend #vitaminc #mainapotheke #großkrotzenburg
0_221687_26_1173958738191647;0.1662;enthusiastic;skincare-first;hyaluronic-acid;;;Durstlöscher für deine Haut. 💧✨ Unser Hyaluron Serum versorgt die Haut intensiv mit Feuchtigkeit, lässt sie frischer wirken und unterstützt ein pralles, geschmeidiges Hautgefühl.https://la-mer.com/de/Hyaluron-Serum
0_219424_15_39105655460599310;0.1663;seeking;procedure-curious;;;;Lichtkonzepte für Außenbereiche: Funktionalität trifft auf Ästhetik Die Gestaltung von Außenbeleuchtung hat sich in den letzten Jahren grundlegend gewandelt. Während früher simple Bewegungsmelder und nüchterne Laternen den Standard darstellten, verschmelzen heute technische Innovation und gestalteri
0_219424_190_3940545777499907510;0.1664;satisfied;skincare-first;;;;Rein, funktionell und trinkbarGlowfinity spricht die biologische Sprache deines Körpers mit seiner reinen Pulverform, die sich sofort in Wasser auflöst. Glowfinitywww.glowfinity.com#kollagen #kollagenaufbau #cleanbeauty #Nahrungsergänzung #antiaging #hautpflege #GlowfinityWissenschaft #Glowfinity #G
0_218673_23_50249313646317244;0.1664;satisfied;skincare-first;aging-signs;;;Gutes Serum Das Nivea Luminous Skin Glow Instant Serum lässt sich dank der Pinzette gut auftragen und zieht schnell ein. Es lässt die Haut strahlen und spendetFeuchtigkeit. Meine Pigmentflecken sind ein bisschen zurück gegangen.
0_218673_126_t1_nd4jyer;0.1664;enthusiastic;procedure-curious;;;;Sorte die ich am nächsten Morgen nicht merke Ich bin ja auch Anfänger 🤣👍🏼 Das bilde ich mir nicht ein - ich muss nur in den Spiegel schauen: blass, Augenringe und fertig 😅
0_219424_9_70459585518763104;0.1665;disappointed;;;;;Falls es jemanden interessiert, Botox ist kurz für Botulinumtoxin und wird durch Bakterien produziert. Die Straffung der Haut entsteht durch temporär anhaltende Lähmung der darunter liegenden Muskulatur, sodass die Haut darüber entspannt.
0_219424_23_28022952008941561;0.1665;satisfied;skincare-first;hyaluronic-acid;;;Schöner Blondton [Diese Bewertung wurde im Rahmen einer Werbeaktion gesammelt.] Die L'Oréal Paris Excellence Haarfarbe konnte mich überzeugen. Die Anwendung ist einfach und die beigefügte Beschreibung erklärt alles sehr genau. Der Geruch ist nicht aggressiv und die Verträglichkeit war gut. Ich habe 
0_218673_126_t1_nf3s8uj;0.1665;satisfied;;;;;Pigmentflecken im Auge Das ist keine freie Pigmente sondern Melanozyten in der Iris selber. Wovon du sprichst gibst auch bei Tieren aber nicht in diesem Fall relevant:)
0_221687_26_1502033795296209;0.1665;satisfied;skincare-first;hyaluronic-acid,aging-signs;;bakuchiol;Schönheit kennt kein Alter – sie entfaltet sich mit jedem Moment. Deshalb verdient deine Haut eine Pflege, die sie auf ihrem Weg begleitet. Das LOGONA Cell Recharge Serum unterstützt mit RejuveNAD™, Bakuchiol und Hyaluronsäure die natürliche Regeneration, schenkt neue Vitalität und bewahrt die Strah
0_219424_26_28240943722157112;0.1666;enthusiastic;skincare-first;;;;Möchtest du mehr ENERGIE in deinem Leben? Denn was möchte dein Körper wirklich? 🌿 Dein Körper möchte sich jeden Tag selbst Reparieren und sich Wohlfühlen.     Hast du genug Energie dafür!!!⚡🧬Durch zuviel Stress, zuviel Ablenkung sinkt die Energie mit all deinen Jahren..  🔆 Und das hat ihre Auswirkun
0_218673_126_t1_nfri2y8;0.1666;satisfied;procedure-curious;;;;"Kennt ihr diesen Leistungsdruck im Bett – und woher kommt der? &gt;Naja wenn dann noch eine Neuer(aufregend) Mann, evtl. noch Reich und gutaussehend, vorbei kommt dann heißt es auf wiedersehen.Das heißt es wenn die Beziehung sowieso schon broken is, das wenig mit deinem Durchhalte vermögen beim Sex "
0_218673_126_t1_ooh37dt;0.1666;disappointed;procedure-curious;;;;Man darf es bereuen Kinder zu haben Ich kann mich noch an den einen Typen erinnern, groß, gutaussehend, muskulös, etc. Der jede Woche eine andere am Start hatte. Sorgenloses Gesicht und hat ne Ukrainerin klar gemacht. Fast ein Jahr später treffen wir uns, Augenringe, Wintermütze an, ungepflegter Bar
0_218685_15_23679631887055125;0.1666;cautioning;;facelift;;;Details zu Schönheits-OP: Kris Jenner macht keinen Hehl aus ihrem neuen Gesicht Kris Jenner wird bald 70 Jahre alt. Über ihr viel jünger wirkendes Aussehen wird oftmals spekuliert. Bisher hält sich die Kardashian-Matriarchin bedeckt und sagt kein Wort zu einem möglichen Facelift. Nun überrascht sie 
0_221687_26_2897981340400595;0.1666;enthusiastic;procedure-open;vitamin-c;;;"Manchmal frage ich mich echt, wie wir Mamas das alles schaffen.Wenig Schlaf, viel Stress, ständig irgendwer, der „Maaaaamaaa"" ruft – und wir funktionieren trotzdem. 😅🫶Und dann lese ich solche Fakten über Hamster-Mamas…und denke mir:Okay, ICH bin definitiv eine gute Mama. 😂🐹Ich bin müde, ich bin gest"
0_219424_9_28774289612627854;0.1667;disappointed;;;;;Botox und silikon Super Frau ekelig
0_219424_190_3942448788215043770;0.1667;enthusiastic;;laser,aging-signs;;;Die neue Exosome Hydro Mask mit Triple-Effekt1. Exosomen aus Goji-StammzellenStärken die Hautbarriere und unterstützen die natürliche Regeneration der Haut.2. Niosomaler Anti-Aging-KomplexVerbessert die Hautstruktur, fördert die Elastizität und sorgt für ein glatteres Hautbild.3. Liposomale Hyaluron
0_221687_140_7591509982181444886;0.1667;enthusiastic;skincare-first;hyaluronic-acid;;;"Mein Sonntag Ritual 🧖🏼‍♀️✨🧴 Produkte: @Luvos Heilerde - Heilerde Maske @Schaebens - Hyaluron Maske @Balea- Hyaluron Konzentrat @Geek &amp; Gorgeous - Liquid Hydrater @Niche Beauty Lab - Feuchtigkeitsserum @Acnemy Romania - Gesichts Creme @Rituals - Body Cream @Jean&amp;Len- Leave in Spray @Tangle Te"
0_219424_126_t1_oybhmy7;0.1668;satisfied;;;;;"Wildberries warehouse, Elektrostal, Moscow region Artikel 52 Abs. 2 &gt; 2.  Angriffe sind streng auf militärische Ziele zu beschränken. Soweit es sich um Objekte handelt, gelten als militärische Ziele nur solche Objekte, die auf Grund ihrer Beschaffenheit, ihres Standorts, ihrer Zweckbestimmung ode"
0_219424_190_3946898517868025536;0.1668;enthusiastic;procedure-curious;laser,aging-signs;laser;;✨ Neu bei uns: Der eCO₂-Laser von LutronicWir investieren in modernste Lasertechnologie, um Ihnen noch individuellere und schonendere Behandlungen anbieten zu können.Der multifunktionale fraktionierte eCO₂-Laser eignet sich unter anderem für:✔️ Hautverjüngung✔️ Narbenbehandlung✔️ Verbesserung des Ha
0_219384_126_t1_o1av1qv;0.1668;satisfied;skincare-first;laser,aging-signs;;;Intimbehaarung Dann funktioniert IPL leider nicht. Dafür muss Kontrast zwischen Haut-/Haarfarbe sein. Schade. Ich kann selber waxen empfehlen. Funktioniert an sich gut, aber ich mache nur Achseln/Beine.
0_219424_9_22038692187343307;0.1669;disappointed;skincare-first;;;;Natürlich habe ich Lust auf den Haute Couture- Zickenkrieg. Aber unfassbar, wie wenig gealtert das Ensemble wirkt, da muss so etwas wie eine Anti-Aging Bildbearbeitung am Start gewesen sein, die wunderbare Meryl Streep hat ja nun auch beachtliche 76 Jahre vorzuweisen. Mir wurde auch gerade bewusst, 
0_219424_9_23888014927736774;0.167;disappointed;;spf;;;Jede Sonnencreme ist immer auch ein Anti-Aging-Produkt  – und zwar das Wichtigste überhaupt. Davon abgesehen haben viele Gesichtssonnencremes mehr als nur UV-Filter an Bord, insofern ist die Aussage auch im engeren Sinne nicht falsch.
0_218673_9_36259732095106545;0.167;satisfied;procedure-curious;aging-signs;;;​@35Spidey Er läuft überhaupt nicht wie Jim Carrey!!  Er hat eine komplett andere Stimme, alle Bewegungen sind anders, die Falten in seinem Gesicht sind anders, über seiner Nase und unter seinen Augen, oben ist die Nase dünner und unten breiter und oh mein Gott das ist halt einfach ein komplett ande
0_218673_9_yt.xhWaNwTZctw;0.167;cautioning;procedure-curious;aging-signs,price;;;Warum deine Zornesfalten im Sommer plötzlich tiefer werden ❓ Werden deine Zornesfalten im Sommer plötzlich tiefer? In diesem Video erfährst du, woran das wirklich liegt!💬 Schau dir mein neues YouTube-Video an, BEVOR du dich im Sommer darüber ärgerst, dass deine Zornesfalte auch diesen Sommer wieder 
0_221687_26_1496361955830674;0.167;enthusiastic;skincare-first;retinol,aging-signs,price;;aha;Ich bin gerade am experimentieren , ich selber benutze total gerne Gesichtsseren unterschiedlicher Hersteller. Nun habe ich Bakuchiol für mich entdeckt, eine pflanzliche, sanfte Alternative zu Retinol, bekannt für seine enorme Anti-Aging-Wirkung. Dann habe ich mir noch einige andere Wirkstoffe und Ö
0_219424_126_t3_1qjovdz;0.1671;seeking;skincare-first;laser,peel,niacinamide-peptides,aging-signs,price;;;Exosomen in der Hautpflege – Durchbruch oder Hype? In der ästhetischen Medizin sind Exosomen längst ein Thema: Sie gelten als *zelluläre Botenstoffe*, die in der Hautregeneration eine zentrale Rolle spielen. Bisher waren sie vor allem im professionellen Kontext (z. B. nach Microneedling oder Laserbe
0_219424_190_3936863869599222761;0.1671;enthusiastic;procedure-open;peel;microneedling;;Permanent Make-up Lippen in Rödermark-Ober-Roden➤ Was ist Permanent Make-up für die Lippen?↳ Permanent Make-up für die Lippen ist eine kosmetische Pigmentierung, die deine Lippen optisch betont. Je nach Wunsch können Lippenkontur und Lippenfarbe natürlicher und gleichmäßiger wirken.➤ Welche Vorteile
0_219424_26_1068254845559351;0.1671;disappointed;;;;;Justyna Loschy sieht das Schöne und gibt extra Glitzer drauf. Ihr Beruf Kosmetikerin vereint vieles – eine Lebensgeschichte, die wie Anti-Aging wirkt.
0_221687_190_3729437035724572824;0.1671;cautioning;skincare-first;retinol,niacinamide-peptides;;retinol;The Studio Botanic Face Serum is the plant-based alternative to retinol – but without the risk.The Studio Botanic Face Serum naturally boosts collagen with a unique combination of ginseng peptides and resveratrol ferment.🌿 Ginseng peptides stimulate collagen and structural proteins – for firmer skin
0_221687_190_3743141487987922372;0.1671;cautioning;skincare-first;retinol,niacinamide-peptides;;retinol;The Studio Botanic Face Serum is the plant-based alternative to retinol – but without the risk.The Studio Botanic Face Serum naturally boosts collagen with a unique combination of ginseng peptides and resveratrol ferment.🌿 Ginseng peptides stimulate collagen and structural proteins – for firmer skin
0_219424_126_t1_o2hcm9t;0.1672;seeking;procedure-curious;;;;Nehmen wir an ihr dürftet eine kostenlose SchönheitsOP bekommen, was würdet ihr an euch verändern? Haha, das Bild... kann ihn mir richtig gut vorstellen mit unbewegtem Gesicht aber wackelndem Kopf beim Reden.
0_219424_126_t1_oe0tj8e;0.1672;satisfied;skincare-first;;;;Wem würdet ihr mehr Fame gönnen? deswegen finde ich auch savas wack, der sah noch nie gut aus. oder sido 😂unfuckable ugly motherfuckers, direkt schönheitsop für die alle
0_219424_9_67703969110629119;0.1672;seeking;;;;;Nur das MKG arbeitet so. Also das Museum für Kunst und Gewerbe, mit Baustoff Filler und Kosmetika. Und noch ein paar Maler hinterher.
0_221687_15_22614701353442374;0.1672;satisfied;skincare-first;hyaluronic-acid,price;;;NIVEA Reichhaltige Body Milk 625 ml für 5,09€ (Vergleich: 8,99€) Bei Amazon im Spar-Abo: Mit der NIVEA Reichhaltigen Body Milk im 625 ml Pumpspender für 5,09€ bekommt ihr eine intensiv pflegende Körperlotion mit purem Hyaluron, Mandelöl und Tiefenpflege Serum für trockene Haut. Im normalen Einmalkau
0_219424_9_53101607402651241;0.1673;enthusiastic;skincare-first;hyaluronic-acid;;;Hallo Nicole,schönes langes Video 🎉 Dankeschön😊Zuletzt hab ich die Aqua Intense Hyaluron Night Creme von M.Asam aufgebraucht.Die hat bei mir ganz toll Feuchtigkeit gespendet, teilweise war mir die zwar zu reichhaltig aber bei meiner Haut ist das bei vielen Nachtcremes so. Hüpfe gerne in den Lostopf.
0_219424_9_yt.gxzeY1KDxe8;0.1673;enthusiastic;procedure-open;facelift;;;Bildschirmhelligkeit & Kontrast beim MITSUBISHI Outlander Facelift (2017-2022) ändern In diesem Video zeige ich dir, wie du die Bildschirmhelligkeit, den Kontrast und den Schwarzwert beim MITSUBISHI Outlander Facelift (2017-2022) schnell und sicher einstellst. Ich führe dich Schritt für Schritt durc
0_219424_26_1568938731909694;0.1673;enthusiastic;skincare-first;hyaluronic-acid,niacinamide-peptides,spf;;niacinamide;➡️UNTERSTÜTZT UND INTENSIVIERT DIE NATÜRLICHE BRÄUNE FÜR EIN GLEICHMÄSSIGES ERGEBNIS➡️VERLEIHEN SOFORT EINEN NATÜRLICHEN GLOW UND EIN EBENMÄSSIGES HAUTBILD➡️INDIVIDUELL DOSIERBAR FÜR EIN PERSONALISIERTES FINISH➡️MIT SONNENCREME ODER PFLEGE MISCHBAR, AUCH PUR ANWENDBAR➡️PFLEGT DIE HAUT INTENSIV UND S
0_221687_140_7612008832654527766;0.1673;disappointed;skincare-first;vitamin-c,aging-signs;;;Reduziere Pigmentflecken und Falten mit Vitamin C Serum, Vitamin C Serum 20% - Hochpotente Anti-Aging Formel für strahlende Haut,#saintsavon #vitamincserum #hautpflege #antiflecken
0_219424_9_44506186002203032;0.1674;enthusiastic;skincare-first;hyaluronic-acid;;;ich liebe das vegane Pesto Calabrese von Lidl . Das schmeckt soooo lecker !!! Kennst du schon von Garnier die Hyaluron Creme Barrier Repair ? Ist im Glastiegel und macht eine ganz tolle Haut .
0_218685_126_t1_n7mdv1g;0.1674;seeking;skincare-first;botox,aging-signs;;;Alter von KI Influencern? Ihr könnt gerne mal schätzen welches Alter angeben ist Auflösung weiter unten. sehen für mich beide aus wie normale Frauen in ihren 20igern. Nummer 2 wirkt wie um die 25 - 28, aber auf keinen Fall signifikant älter. Warum: frische Haut und Gesichtsstruktur, die man ohne Bea
0_219404_23_54843970348508306;0.1674;satisfied;skincare-first;hyaluronic-acid;;;Zufrieden [Diese Bewertung wurde im Rahmen einer Werbeaktion gesammelt.] Das Weleda Hydra Shine Feuchtigkeits - Shampoo Alpen - Lein mit Hyaluronsäure Ist eine 100% zertifizierte natürliche Haarpflege. Sie besteht aus 100% natürlichem Duft und Tenside auf pflanzlicher Basis.Ich war mit der Wirkung d
0_219424_9_50065885130548579;0.1675;satisfied;;fillers;;;Was hat Iman mit ihren Augen gemacht???? Brow-Lift? Unterspritzung?
0_219424_126_t1_oniocze;0.1675;satisfied;;;;;Was ist eigentlich mit Jeff passiert?? In seinem neuesten interview hat er fast keine Mimik und Schwierigkeiten klar zu sprechen. Sieht nach Botox und co aus.
0_218673_126_t1_ofkrx6w;0.1675;disappointed;skincare-first;aging-signs;;;Mal kurz die Falten aus dem Gesicht bürsten Die Regierung will das wir alt und faltig aussehen. Das ist streng geheim und niemand weiss das!!
0_221687_140_7670841802320088352;0.1675;seeking;skincare-first;;;pdrn-skincare;Ich wollte PDRN schon so lange ausprobieren – aber ein Punkt hat mich immer davon abgehalten: Viele PDRN-Produkte basieren auf tierischen Inhaltsstoffen. Deshalb war ich total gespannt, als ich das neue L'Oréal Paris Revitalift Filler Hyaluron + veganes PDRN Serum entdeckt habe. 💙 Es kombiniert Hyal
0_219424_9_yt.rGVA6C27BcQ;0.1676;disappointed;skincare-first;;;pha;Natürliche Schönheit ohne Botox – echte Frauen, echte Haut #Unikate - #Unique Pieces - andi D.  - LyricVideo Deutsche ÜbersetzungEin einzigartiger englischsprachiger Song über einzigartige Frauen, Unikate, indem sie ihre Natürlichkeit bewahren, kein Botox spritzen, ihre Augenbrauen nicht tätowieren,
0_219424_26_1455028906640956;0.1676;disappointed;skincare-first;;;;"Hand aufs Herz. 💚  Ich wette, mindestens drei davon hast du selbst schon gesagt – oder gedacht.Ich übrigens auch, bevor ich's besser wusste. 😅❌ „Ich ess einfach weniger, dann nimmt's schon ab.""❌ „Ich lass das Frühstück weg, spar mir die Kalorien.""❌ „Sport ist mein Ausgleich, danach darf ich mir auch"
0_218673_126_t1_ophknp1;0.1676;enthusiastic;procedure-curious;aging-signs;;;Meine Nachbarin kommentiert ständig mein Gewicht Solche Leute haben so viele Probleme, die sie ignorieren, und lassen es an anderen raus. Wenn sie so schnippig und unnötig ist, geh einfach weg. Entweder sie hört auf, oder sie will eh nicht mit dir reden und will dich nur schlecht fühlen lassen weil 
0_221687_126_t1_ncc9nol;0.1676;cautioning;skincare-first;retinol,hyaluronic-acid,aging-signs;;zinc;Spironolactone and hair texture change Bei krausen Haar in deinem Fall: Arganöl, Für Haarwachstum: Rizinus öl und für Allgemeine Haarstärke malura öl (Kollagenbombe)Kriegste als Gesichtsserum, wirkt aber genau so für die Haare da Inhaltsstoffe und Komogenitätsgrad erhalten bleibt. Wird auch für Haar
0_219424_190_3932522963693233705;0.1677;enthusiastic;skincare-first;price;;;🌿 WER HÄTT'S GEDACHT?!Wer mir schon länger folgt, kennt mein Lieblingsgetränk. Ihr wisst schon, das mit den Flügeln … 😉 Vielleicht ist Euch aufgefallen, dass Ihr es hier schon eine Weile nicht mehr gesehen habt.Ich versuche gerade, ein paar Gewohnheiten zu ändern. Als Morgendrink teste ich seit zwei
0_219424_190_3933377803806121676;0.1677;enthusiastic;procedure-open;peel;microneedling;;"✨ COMING SOON – AUGUST 2026 ✨Freut euch auf:💜 Aquafacial💜 Microneedling💜 BB Glow💜 Akne- &amp; Rückenbehandlungen💜 Lashlifting &amp; Browlifting💜 Hybrid Brows💜 Korean Lashlifting💜 Fußpflege💜 Make-up &amp; HairstylingIch kann es kaum erwarten, euch bald willkommen zu heißen! 🫶📍 Halle (Saale)Folgt der "
0_219424_190_3945669117856382282;0.1677;enthusiastic;procedure-open;peel,aging-signs;radiofrequency;;Exosomen – Warum derzeit alle darüber sprechenDie Haut besitzt eine erstaunliche Fähigkeit zur Regeneration. Mit zunehmendem Alter, durch UV-Strahlung, Stress oder hormonelle Veränderungen verlangsamt sich dieser Prozess jedoch.Genau hier setzen Exosomen an.Exosomen sind winzige Botenstoffbläschen, 
0_218673_15_56130696005842874;0.1677;enthusiastic;procedure-open;aging-signs,price;;;Auch mal in alles passen und richtig sein Kid37 schreibt über unheimlichen, wespenartigen Besuch, der dann doch etwas Besonderes ist und der auch noch töpfern kann. Was es alles gibt! *** Am Vormittag sitze ich in einem Wartezimmer herum und tue das, was der Name des Raumes in angenehmer Deutlichkei
0_221687_190_3801354847829080076;0.1677;enthusiastic;skincare-first;hyaluronic-acid;;;Winterhaut liebt Feuchtigkeit. Das Bio-Lyne Hydration Serum mit Hyaluron hydratisiert die Haut intensiv, polstert sie auf und lässt sie wieder strahlen. Für den perfekten Winterglow💦❄️Winter skin loves moisture. Bio-Lyne Hydration Serum with hyaluronic acid intensively hydrates the skin, plumps it u
0_219424_190_3947064862630850197;0.1678;disappointed;skincare-first;vitamin-c,spf,aging-signs;;ferulic-acid;☀️ DER Sommer-Beauty-Tipp: Vitamin C + Sonnenschutz = das perfekte Anti-Aging-Duo!Derma OX Vit C3 + Ferulic ist weit mehr als ein klassisches Vitamin-C-Serum. Die hochkonzentrierte Formel mit 20 % Vitamin C und Ferulasäure schützt die Haut vor oxidativem Stress, neutralisiert freie Radikale und unte
0_218673_126_t1_nvl88fr;0.1678;satisfied;skincare-first;;;;Warum machen sich manche Männer Ü30 älter als sie sind? Männer haben in der Regel einen geringeren Körperfettanteil und deshalb sieht man ü30 halt auch schneller Falten weil Fett stützt halt auch und außerdem betreiben viele Männer auch keine skincare.
0_221687_126_t1_nvpld1q;0.1678;seeking;skincare-first;niacinamide-peptides;;niacinamide;Which niacinamide serum do you all use? Minimalist or Plum or Ordinary? I have combination skin and I get hormonal acnes. They leave behind those red spots and scars and I don't know which serum is better. I thought to add azelaic acid serum to night routine but I am very confused about it. minimali
0_221687_126_t1_ol3kzg4;0.1678;enthusiastic;;hyaluronic-acid;;;Best Hyaluronic acid serum? ^ Seconded
0_219424_9_yt.Hk2FNC0fvWE;0.1679;enthusiastic;skincare-first;aging-signs;;;Lebensmittel für mehr Kollagen: Natürliche Ernährung für straffe Haut & gesunde Alterung Möchten Sie Ihre Haut auf natürliche Weise unterstützen und die Kollagenproduktion steigern? Diese ausgewählten Lebensmittel können helfen, Ihre Haut elastisch, gesund und strahlend zu halten. Dunkelgrünes B
0_219424_26_1641301757507163;0.1679;seeking;skincare-first;aging-signs;;;Wusstest du, dass vorzeitige Hautalterung oft von innen beginnt? 🌿 Freie Radikale greifen täglich deine Hautzellen, Kollagen und Elastin an – und beschleunigen so den Alterungsprozess, bevor wir es bemerken. Als eines der stärksten natürlichen Antioxidantien neutralisiert OPC freie Radikale, schützt
0_219424_15_52627896030610262;0.1679;seeking;;;;;Zelluläre Verjüngung 2026: Der Durchbruch im Anti-Aging? Key-Facts: Zelluläre Verjüngung im Jahr 2026 Forschungsziel: Die zelluläre Verjüngung strebt die vollständige Kontrolle über altersbedingte Krankheiten an. Zentrale Technologien: Senolytika, epigenetische Reprogrammierung und mTOR-Inhibitoren 
0_219424_190_3940572360830930636;0.1679;satisfied;skincare-first;niacinamide-peptides;;zinc;Wissenschaftliche Ausstrahlung: Die einzigartige Formel von GlowfinityMehr als nur Kollagen: Ein wissenschaftlich optimierter Komplex!Glowfinity bietet 4 starke Wirkstoffe – Kollagen, PHGG, Astaxanthin und Zink – kombiniert in nur einer Portion.✅ NAG (Zelluläre Feuchtigkeit)✅ Zink (Zellschutz)✅ Bioa
0_219384_126_t1_nlzcjfl;0.1679;seeking;skincare-first;laser;;;Haare in Neovagina Ich habe mit IPL intensiv mein Intimbereich behandelt, doch meine Hautärztin und Chirurgen erklärten mir auch, dass Haut und Haare mitbekommen das sie im Körper sind und legen nach und nach das Wachstum ab. Klar hab ich im ersten Jahr beim Bougieren immer mal wieder ein 1,5-3cm la
0_219424_9_11135574464217078;0.168;cautioning;;;;;Die blonde ist  echt Blond Botox Tante ekelig
0_218673_126_t3_1plg5hn;0.168;disappointed;skincare-first;;;;Drogen Konsum in der Familie Hallo 👋🏽 Ich M 31 und meine Freundin 29 wollen zusammen ziehen. Bis jetzt steht dem soweit nichts im Weg. Allerdings nimmt der Mann ihrer Schwester während der Anwesenheit ihres Kindes Drogen (Kifft) bevor das Kind abgeholt wird vor der Arbeit etc. er kann gar nicht mehr
0_221687_26_1340711334753869;0.168;satisfied;;vitamin-c;;;Das Vitamin C Serum verbindet naturreine Pflanzenkräfte mit der Leuchtkraft der Sonne – für ein ebenmäßiges, glattes und natürlich frisches Hautbild. ✨ Dein tägliches Ritual der Achtsamkeit. 🌿
0_219424_126_t1_o2gw1do;0.1681;seeking;procedure-curious;;;;Nehmen wir an ihr dürftet eine kostenlose SchönheitsOP bekommen, was würdet ihr an euch verändern? Was würdest du an dir verändern wollen?
