id;confidence;mood;segment;topics;procedure;ingredient;text
0_219424_126_t1_o20s8ig;0;disappointed;skincare-first;;;;What do people do that immediately tells you they are a trashy person? Anything Beim Flirten nebenher Haus und Hotel zu erwähnen was in der Familie an Reichtum herrscht, einfach nur materialistische Voll-Assi's....haben wohl keine andere Strategie 😭😅 ich hasse Menschen die denken Materialismus macht
0_219424_126_t3_1rvoeh7;0;disappointed;procedure-curious;price;;;"Warum Ungleichheit kein Problem ist Ich zitiere mal aus einem Kommentar von u/Agentfile:&gt;hohe Ungleichheit sowohl bei Vermögen als auch bei Einkommen sorgt für gesellschaftliche Verwerfungen, die in Aufständen oder Gewalt enden können.Falsch. Die Gewaltbereitschaft steigt, wenn die ärmsten Mensch"
0_219424_126_t1_of1v5yo;0;disappointed;skincare-first;;;pha;"Suche den Liedtext zu „Slowy, 12Vince, AzudemSK - Nordseite"" Vorab: Ich hab stellenweise auch mal sachen nicht verstanden. Bei Slowy's Zeile ""Wenn ich meinen Namen auf der 1 sehen will..."" gehts um Graffiti, also vermutlich eine Straße wie die A1 oder eine Zug- bzw U-Bahn-Linie 1, und da nennt er da"
0_219424_9_6389902732979152;0.0013;disappointed;procedure-curious;;;;@barakondraalso ich weiß nicht ob du tatsächlich ein Iraner bist der in Europa lebt und alles schlecht redet… oder ein Narr der nur westliche Medien verfolgt. Ich als Kurde kann dir mit 100 prozentige Sicherheit sagen, dass die Kurden dort mehr gehasst werden als sonst was und das Rest der Bevölkeru
0_219424_126_t1_o26spkc;0.0316;satisfied;procedure-curious;;;;"""Fake News über Migranten?"" FPÖ und Krone: ""Lieben wir!"" Ein wichtiger Punkt bei den artikeln der Krone, heute usw: es ist oft sehr wichtig was NICHT im Artikel steht. Denn oft sind Krone Artikel faktisch gar nicht so falsch, sie kontextualisieren die Aussagen nur oft ganz anders. Wenn in der Übersc"
0_219424_9_40956184285330419;0.0411;satisfied;;;;;Wann hat sie eine Schönheitsop gemacht?
0_219424_9_yt.6A1skphiMzU;0.0423;enthusiastic;procedure-curious;;;;Showgeschichten von Christine Kaufmann vom 23.03.1990 mit Gerhard Schmitt - Thiel Christine Maria Kaufmann (1945 - 2017) war eine deutsch-österreichische Schauspielerin und Autorin. Ihren Durchbruch hatte sie 1954 als Waisenkind in Harald Reinls Rosen-Resli. International bekannt wurde Kaufmann als 
0_219424_9_yt.YjI5sCh7ZJE;0.045;enthusiastic;skincare-first;peel,aging-signs;;;Artistry™ seit 1972 bei Amway. Artistry ist eine Kosmetik- und Hautpflegemarke, die von Edith Rehnborg im Jahr 1958 gegründet wurde. Die Marke ist heute im Besitz von Amway und kombiniert Hautwissenschaft mit pflanzlichen Nährstoffen, die oft von Nutrilite-Farmen stammen, einer weiteren Marke, die v
0_219424_9_yt.zkx10PLb1zE;0.0451;enthusiastic;procedure-open;price;;;"Heute Podcast vom 27.2.2026 Die Meldungen: Eine aktuelle Umfrage von „Heute"" und ATV zeigt: Schwarz-Rot-Pink ist seit einem Jahr in der Regierung, doch die Wählerinnen und Wähler sind alles andere als begeistert. Während die Koalition ihr erstes Regierungsjahr feiert, hält sich die Feierlaune im Lan"
0_219424_126_t1_oa4u84r;0.0451;satisfied;procedure-open;;;;Welche Serie fandet ihr früher super aber heute könnt ihr sie nicht mehr schauen? Buffy ist sehr gut gealtert als Serie. (WENN man sie im Originalton schaut... das deutsche Dubbing ist *grottenschlecht*.) Die erste Staffel hatte ein sehr niedriges Budget und das merkt man an den Kostümen und den sel
0_219424_126_t1_oker56w;0.046;satisfied;procedure-curious;;;;Mai 2026 - Social Media-Thread über Christian Wolf & Co Sie ist auch gerade mit Zana zusammen und Toni hatte einen Post über die tolle Beziehung zu Fabi gepostet. Ich wette Zana und so sagen ihr alle dass Toni nur eifersüchtig ist. Das Narrativ schürt Christian ja selber und deshalb denkt Romi grad 
0_219424_9_yt.cRroJPA-h_A;0.0487;seeking;;;;;Methylene Blue: Das Geheimnis hinter Energie, Fokus und Zellpower? Ein Stoff, der direkt in deine Zellenergie eingreifen kann – und jetzt neu entdeckt wird.Methylene Blue wird in der Biochemie untersucht, wenn es um Mitochondrien, Energieproduktion und mentale Klarheit geht. In Kombination mit Rotli
0_219424_126_t1_o7bivbe;0.0525;disappointed;procedure-curious;;;;trans Frauen als Mann in die Bundeswehr eingezogen zu werden und dessen Bedeutung Mir ging es auch nicht um Trans-Frauen. Die überwältigende Mehrheit der Frauen mit diesem Level an Eingriffen sind ja auch keine Trans-Frauen.Warum man als Trans-Frau eine besondere Notwendigkeit verspürt als Frau wahr
0_219424_9_yt.uqTTdi3iQxc;0.0538;enthusiastic;procedure-curious;;;;Eine schöne Tasse mit einem alten Bild von mir 🎥 Willkommen zum Video!Schön, dass du eingeschaltet hast! 🙌Wenn dir der Content gefällt, lass gerne ein Like da 👍 und abonniere den Kanal, um nichts mehr zu verpassen.📲 Folge mir auch auf Social Media:👉 Instagram: @Patrichaflatwood👉 TikTok: @Patrichafla
0_219424_9_9028180200272879;0.0545;satisfied;skincare-first;;;;Was ist daran ekelhaft?  Ist Ehehure besser ? Wird jetzt auch abgeschaft,vertraglich organisierete Mononogamie, die Braut ist vorher unschuldig, danach schuldig, weiß ist unschuld, eigenartige Rituale. Auch die vielen Geschlechter die s jetzt gibt, ich den Neigungen. Männer heiraten und kommen in Ge
0_219424_9_58585441474376304;0.0639;satisfied;procedure-curious;;microcurrent;;Meinetwegen dürfen sie mit ihrem Führer untergehen. Zumal genau diese Art von ignoranten Leuten bei Menschenrechtsmissachtung genauso gekonnt wegsehen wie über die enorme Umweltbelastung die dieses Land mit u. A. gänzlich unnötigen Luxus-Protz-Projekten gradezu weltmeisterlich vorantreibt. Obwohl di
0_219424_15_47137045132003795;0.0643;enthusiastic;;;;;"„Botox-Queen"": Stefan Raab teilt im Live-TV gegen RTL-Kollegin aus Das RTL-Dschungelcamp ist gerade eines der Top-Gesprächsthemen. Nun redet auch Stefan Raab in seiner Show mit und teilt nicht nur gegen die Kandidaten aus."
0_219424_9_yt.sC-ZhitXIqM;0.0652;seeking;procedure-curious;facelift,pressure;microcurrent;;"Ginger Wollersheim fliegt nach Vietnam für ein Makeover | Exclusiv Jetzt streamen: https://plus.rtl.de/video-tv/shows/exclusiv-das-starmagazin-178699?utm_source=youtube&amp;utm_medium=editorial&amp;utm_campaign=beschreibung&amp;utm_term=rtlexclusivGinger Costello-Wollersheim reist für ein Facelift n"
0_219424_15_50644870338628735;0.0655;enthusiastic;skincare-first;laser,retinol;;;Am 8. März ist Internationaler Frauentag An diesem Tag werden weltweit die sozialen, wirtschaftlichen und politischen Errungenschaften von Frauen gewürdigt. Beeindruckende Firmengründerinnen, die Produkte entwickeln, die Frauen stärken, ihre Individualität unterstreichen und nachhaltige Werte schaff
0_219424_126_t1_oigj82g;0.0659;disappointed;skincare-first;price;;;Was vermisst ihr an Österreich? War grad in England.Das gechlorte Wasser war grauenvoll. Das würde ich nicht einmal meinem größten Erzfeind wünschen. Selbst in Wien haben wir bestes Hochquellwasser, direkt aus der Steiermark.Das Essen ist viel zu fettig und schlecht gewürzt. Und das sage ich als lei
0_219424_9_yt.Szc2p3PVftU;0.0661;disappointed;procedure-curious;celebrity;;;Chinas Influencer spritzen sich jetzt Hyaluron in den KOPF?! Zum Original Video: https://youtu.be/k7hq_PmiyiQ?si=bBPz8j0BzEQTl9AxZu meinem Hauptkanal: https://www.youtube.com/channel/UCUJueAUOgylAOq5SsFp6NyQZu meinem Twitch Kanal: https://www.twitch.tv/aliciajoeZu meinem Instagram Kanal: https://www
0_219424_9_52212054769354857;0.067;disappointed;skincare-first;;;;Gerechtigkeit kommt von =Gerecht !! Und die Wahren Rechten kämpfen für die Gerechtigkeit !!! So wie Jesus der alle Welt geliebt hat und nur die Gerechtigkeit gepredigt hatte  !!!  Also gibt s da keinen Zweifel!! Meine lieben^^🤣😇🥰😘 Und Künstliche Wimpern, Lipgloss, Satans Krallen, und Botox hat da sc
0_219424_9_32850486630308721;0.0692;enthusiastic;procedure-curious;;;;Hey Dani du siehst mega schön aus 😻😻💟 du brauchst keine schönheitsoperation siehst du toll aus ❣️❤️ so wie du bist siehst du toll aus ❣️ du siehst aber noch cool aus Dani klieber du bist cool 😸😜😀😍 ich habe dich immer mitverfolgt wo du bei mir Beirat warst mit NISA hast du auch Elif getroffen😊
0_219424_9_yt.96xn7_OFk3Q;0.0717;enthusiastic;procedure-curious;peel;microneedling;;Mir macht mein Job einfach soooo Spaß ❤️ Und freu mich wenn meine Kunden alle mitmachen und mich Mir macht mein Job einfach soooo Spaß ❤️Und freu mich wenn meine Kunden alle mitmachen und mich unterstützen mit meinen Content 💝Much love 🫶#Content#kunden#beauty #kosmetikfrankfurt#frankfurt #kosmetikst
0_219424_9_yt.2NyGOX0QWiA;0.0723;cautioning;;;;;Senioren: Die 3 besten Früchte, die Gehirnzellen regenerieren und das Gedächtnis im Schlaf stärken. @Gesundheitsarzt 🧠 Wusstest du, dass bestimmte Früchte die Gehirnzellen im Alter schützen können?In diesem Video erfährst du, welche 3 Früchte nachweislich helfen können,✔️ das Gedächtnis zu stärken✔️
0_219424_126_t1_nxmuwu6;0.0731;enthusiastic;;;;;Real BOTOX Weib auf der CES2026 Weib?!?
0_219424_126_t1_o68g2dg;0.0737;seeking;procedure-curious;price;;;Stehen wir uns selbst im weg? Bei den Begriffen hast du Recht, ich frage mich auch immer wieder von was Leute in amerikanischen Beiträgen reden wenn die da mit Kürzeln um sich hauen 😄 aber mit wem führst du denn ständig solche Diskussionen und aus welchem Grund? Im Endeffekt is ja egal wie man etwas
0_219424_126_t1_o28hle1;0.077;disappointed;skincare-first;;;;"""Fake News über Migranten?"" FPÖ und Krone: ""Lieben wir!"" &gt;Wenn in der Überschrift zb ""Spital Tourismus"" und ""Ausländer"" steht, hat das oft nix mit Migranten oder gar asylanten zu tun""in die hitzige Diskussion um unser krankes Gesundheitssystem platzt jetzt die Zahl von 22 Millionen (!) Behandlung"
0_219424_126_t1_obkgozk;0.0793;satisfied;procedure-curious;;;;Haut mal raus, was an eurer Uni alles weggespart wird Das ist nichts anderes als eine Bodenlose Frechheit - leider wissen alle dass Angestellte an unis ohne Festanstellung (also quasi alle), alles mir sich machen lassen, weil wir manche Sachen für den Lebenslauf brauchen. Ich hoffe einfach sehr, das
0_219424_9_58892956410899127;0.0805;enthusiastic;procedure-curious;price;;;"Liebe Nicole ❤....ich bin auch ein Dalton-""Mädel""🎉,die Augenpad's sind super toll,ich liebe die Hyaluron Urea und die Q10 Serie ,sind meine absoluten Favoriten,das benutze ich schon eine ganze Weile. Die SEA Serie  ist toll,aber nicht meine Preis-Klasse😅😅. Bei den Nahrungsergänzungs Produkten bin ic"
0_219424_9_1535745707923129;0.0834;enthusiastic;skincare-first;;;;Jaaa, die ach so tolle Friedenspartei, die mit Mördern wie der Knallorange und dem Botox-Zaren kuschelt. Verarschen kann ich mich selbst.
0_219424_9_yt.sHwqypki_gM;0.0835;seeking;procedure-curious;;;;Martin Ryf Gast beim Your Golden Network Podcast Martin Ryf Gast beim Your Golden Network PodcastIn diesem Podcast spricht Martin Ryf über seine über 29-jährige Erfahrung im Network Marketing, seinen Einstieg in den 90er-Jahren und warum echte Beziehungen bis heute der Schlüssel zum Erfolg sind. Er 
0_219424_126_t1_oj1lif0;0.0845;disappointed;;;;;20 CAMELS DISQUALIFIED FROM 2026 BEAUTY SHOW OVER BOTOX AND LIP FILLERS ![gif](giphy|rsUnh0eRhlaY8)
0_219424_126_t3_1r1yvcq;0.0869;disappointed;procedure-curious;;;;"""Das ist so ein Skandal das der Gil Ofarim das Jungle Camp gewonnen hat, obwohl er doch eigentlich gecancelt wurde"" **NEIN!!!** Der Skandal ist, dass ich das weis! Der Skandal ist, dass ihr diesen menschenverachtenden dreck guckt! Irgendwie habe ich das Gefühl, dass dieser Mist mal mit mehr sozialer"
0_219424_9_44309712685592218;0.0872;seeking;;;;;Hyaluron wird auch im Skispringen benutzt, Elektromotoren im Radsport, Carbonsprungfedern im Laufsport...Das ist überall normal
0_219424_15_28565842918487997;0.0876;seeking;procedure-curious;;;;Wabi-Sabi Die Zifferblätter von Uhren können mit der Zeit altern, dunkler werden. Rolex Händler sprechen bei ganz dunklen Zifferblättern gerne von →Tropical, obgleich die Uhr niemals in den Tropen war. Der allgemein gebräuchliche Terminus für die Verfärbung ist →Patina. Wenn die vollständig gleichmä
0_219424_9_22754956734543983;0.0879;disappointed;procedure-curious;;;;"Annie sieht gefühlt ganz anders aus als bei ihren zwei Videos vorher. Hatte sie ne ""Schönheitsop"" oder bin ich einfach nur lost af"
0_219424_126_t1_o6ijf7f;0.0886;disappointed;;;;;Best anti-aging diet. ![gif](giphy|SV5iVlr8Yv2zFHB2sZ)
0_219424_9_yt.ISzpmQOZR4k;0.089;cautioning;procedure-curious;;;;Warnung! 3 Lebensmittel, die du NIE mit Kiwi mischen solltest 🚫🥝 🥝 Wundermittel oder heimlicher Feind? Die schockierende Wahrheit über Kiwis! 🥝Hallo zusammen und herzlich willkommen! Ich bin Dr. Schmidt, Ihr Experte für ganzheitliche Gesundheit. 🩺✨ Heute nehmen wir eine Frucht unter die Lupe, die fa
0_219424_9_yt.rEQ3ZExUccM;0.089;enthusiastic;procedure-curious;;;;Armdrücken, Olli Schulz und Stefan Kretzschmar | Podcast #29 Diese Folge startet mit einem Moment, der alles verändert. Kurz vor der Aufnahme erreicht Stephan und Tobi die Nachricht von einem schweren Vorfall in Leipzig. Beide entscheiden sich bewusst dafür, den Podcast trotzdem zu machen und gleich
0_219424_126_t1_o0cui4y;0.0892;satisfied;skincare-first;;;;Gibt es einen guten Ersatz hierfür? Ich hab nen anderen Haartyp, aber hab mal gehört, dass dieses Balea Aqua Hyaluron Zeugs gut sein soll.
0_219424_126_t3_1qg53z5;0.0921;enthusiastic;;safety;;;"Vakuum-basierte Fischtreppen und Wasserstandsregulierung ```python def vakuum_wasserbau(): """"""Analysiert Vakuum-Technologie für Fischtreppen und Wasserstandsregulierung."""""" print(""\n"" + ""=""*120) print(""VAKUUM-WASSERBAU: Revolution der Flussregulierung und Fischtreppen"") print(""=""*120) print("""""" DAS "
0_219424_126_t1_oeesb21;0.0926;seeking;skincare-first;hyaluronic-acid;;;Does anyone have recommendations for wavy hair products at DM? Ich habe dieselbe Haarstruktur wie du und was welliges Haar benötigt, ist Feuchtigkeit. Ich nutze zurzeit das Balea Hyaluron Shampoo + Spülung, damit bin ich ganz zufrieden und pflege meine Spitzen anschließend mit Haaröl. Lockenprodukte
0_219424_126_t1_of1q51u;0.0931;satisfied;;;;;Iran continues to fire missiles and drones at UAE and Kuwait. Der wuerde ja gerne besorgt die Stirnrunzeln, aber da ist schon das ganze Botox drin
0_219424_126_t1_nxmv4hv;0.0934;seeking;;;;;Real BOTOX Weib auf der CES2026 Aria oder wie die genau heißt
0_219424_15_59198507638173609;0.0937;disappointed;procedure-curious;;;;Valentinstag – Zeit für Liebe, Aufmerksamkeit und kleine Genussmomente Mocktail von Staatl. Fachingen versüßt den Valentinstag Fachingen, 3. Februar 2026 – Der 14. Februar ist mehr als nur ein Datum im Kalender: Der Valentinstag erinnert uns daran, wie wichtig Nähe, Zuwendung und bewusst geteilte Ze
0_219424_9_yt.tm3RHNpCmnQ;0.0942;satisfied;skincare-first;aging-signs;;vitamin-e;"Moringa Gesichtsöl Serum Anti Aging | reife, trockene Haut | Rosazea & Akne Pflege | Squalan Öl |... Moringa Gesichtsöl Serum, multifunktional, 3-in-1: Age Repair Elixier für Haut, Haare &amp; Nägel. Natürliches Anti-Aging Serum mit Moringa-Öl, Squalan &amp; Vitamin E – ideal bei reifer, trockener H"
0_219424_126_t1_o2xsy61;0.0947;seeking;procedure-curious;;;;Nehmen wir an ihr dürftet eine kostenlose SchönheitsOP bekommen, was würdet ihr an euch verändern? Frei nach dem motto: 2cm mehr und du wärst ein König. 2cm weniger und du wärst eine Königin
0_219424_126_t1_o0y5kpe;0.0948;disappointed;procedure-open;price;;;"Sind wir verrückt? Einschätzung Kauf + Sanierungskosten Wir hatten eine ähnliche Situation (aber EFH mit ehemals \~160m² -&gt; 140m²).Wir hatten gerade ein Baby und wollten während Corona ein Eigenheim kaufen.Gesucht gefunden in 3 Monaten, altes Haus jeder Teil unterschiedliches Baujahr von 1890-198"
0_219424_9_yt.qPx-2kgrL9o;0.0956;enthusiastic;procedure-curious;retinol;;;House of Beauty by Linda House of Beauty by Linda in Saarbrücken: Erfahre mehr über uns in diesem überblicksartigen Imagefilm. Finde heraus, wie du mit uns in Kontakt treten kannst, wann wir für dich geöffnet haben oder verschaffe dir einige Eindrücke unseres Betriebs. Mehr erfährst du auf unserem S
0_219424_15_4736866601449014;0.096;disappointed;procedure-curious;botox,laser,price;laser;;"""Wie kann sie nur?"" : Warum mich Sophie Passmanns neues Buch erschöpft hat Sophie Passmann seziert in ihrem neuen Buch ""Wie kann sie nur?"" den ""alltäglichen Wahnsinn, eine Frau im Internet zu sein"". Es ist das beste Argument für Digital Detox.  Ich klappe Sophie Passmanns neues Buch zu und bin vor a"
0_219424_126_t1_ob3ng7h;0.0962;seeking;procedure-curious;;;;"tja BTX?&gt;„BTX"" steht primär für Bildschirmtext, einen interaktiven Online-Dienst der Deutschen Bundespost (ab 1983/84), der als Vorläufer des Internets gilt und bis 2001/2007 genutzt wurde. Heute ist BTX bekannter als Abkürzung für das Nervengift Botulinumtoxin (Botox), das in der Medizin und Äst"
0_219424_9_54520940907990357;0.0962;seeking;;;;;Ja so ist es, beim Rohhonig ist die Wahrscheinlichkeit sehr hoch das es botulinum Bakterien enthält, genau so wie die aufgeblähten Nahrungsmitteldosen!! Früher war das starke Nervengift dieser Bakterien sehr bekannt Botulinumtoxin oder abgekürzt  Botox!!
0_219424_9_yt.7AZevPutt1c;0.0963;disappointed;skincare-first;aging-signs;;;Nie Altern: 5 Starke Anti-Aging Früchte 🍓 Möchtest du den Alterungsprozess natürlich verlangsamen? 🍓✨ Entdecke 5 starke Anti-Aging Früchte, die deine Haut, Gesundheit und Energie verbessern können.Diese Früchte sind reich an Antioxidantien und wichtigen Nährstoffen, die Falten bekämpfen und deine Ha
0_219424_126_t1_o1i137h;0.0965;enthusiastic;procedure-curious;;;;Hässlich sein ist anstrengend. Neulich beim letzten Wahlkrampf zu Berlin, bin ich im Bus gestiegen, und habe einen Mann mit so zwei richtig prächtigen und schönen Hunden gesehen die ich auch dicke streicheln durfte. Diese Hunde waren wirklich von naturaus wunderbare, weiße Tiere mit strahlenden blau
0_219424_9_45416132992049104;0.0971;satisfied;;;;;Zucker aktiviert das gleiche Zentrum im Gehirn wie Kokain. Es ist eine Droge, die schwer abhängig macht. Es zerstört das Kollagen im Körper und beschleunigt den Alterungsprozess und ist für viele andere Krankheiten im Körper verantwortlich.
0_219424_9_yt.GefRE_aqDg4;0.0972;enthusiastic;skincare-first;price;;;#Alter! Als #Babyboomerin im #LKW von #Hamburg nach #Indien - Nix für #Feiglinge! #Alter und #Ziele #Alter! Nix für #Feiglinge! #Alter und #Ziele: als #Frau im #LKW von #Hamburg nach #Indien #Lifecoach und #Psychologin Dr. Berle erzählt, wie einmal eine Freundin, ebenfalls #Babyboomerin, beschloss, 
0_219424_15_53088580426933200;0.0974;seeking;procedure-open;retinol,price;;;"Palma DHS-1 Palma DHS-1 Wer glaubt, dass zum Thema „dynamische Kopfhörer"" alles gesagt ist, kennt den Palma DHS-1 noch nicht. Denn dieser Dynamiker aus dem schönen Mallorca stellt eine Revolution im Bau von dynamischen Kopfhörern dar. In aller Kürze: Palma DHS-1 Wenn Sie noch nie etwas von dem sehr "
0_219424_9_26041718350563826;0.0979;satisfied;procedure-curious;;;;Ja der Gil , ich frage mich warum der so ein rotes Tuch ist. Ok er hat öffentlich jemanden beschuldigt so wie es aussieht zu Unrecht. Aber er wird ja geächtet von der Gesellschaft. Viel mehr als Menschen die weitaus schlimmeres gemacht haben. Ich denke im Camp meint jeder das er wegen der Berichters
0_219424_126_t1_o4aekxq;0.0984;satisfied;;;;;Was ist das für ein Zug? Hamsterbacke mit Schönheitsoperation
0_219424_15_53308286099944225;0.0985;cautioning;procedure-curious;;microcurrent;;NurExone Biologic's US-Tochtergesellschaft Exo-Top und das in Florida ansässige BioXtek unterzeichnen strategische Absichtserklärung zur Herstellung und Kommerzialisierung von Exosomen TORONTO, Ontario und HAIFA, Israel und POMPANO BEACH, Florida, 07. April 2026 / IRW-Press / NurExone Biologic Inc. 
0_219424_9_yt.80-Ck8pwAhQ;0.0995;seeking;procedure-curious;peel,retinol;microneedling;;"Cool Body Würzburg | Dauerhafte Haarentfernung, Microneedling & Microdermabrasion Cool Body Würzburg | Dauerhafte Haarentfernung, Microneedling &amp; Microdermabrasion in Würzburg: Erfahre mehr über uns in diesem überblicksartigen Imagefilm. Finde heraus, wie du mit uns in Kontakt treten kannst, wan"
0_219424_126_t1_oa7ifsc;0.0998;disappointed;skincare-first;;;;Warum schminken sich Frauen aus sozioökonomisch schwächeren Schichten oft stärker? Ich denke es ist ein Mix aus 3-4 Punkten: 1. Man möchte zeigen, was man hat. Es wurde hier ja schon mehrfach genannt, dass ärmere Leute größere Marken-Logos tragen undmehr mit Statussymbolen protzen. Eben um zu sugger
0_219424_126_t1_oh5yuc2;0.1003;satisfied;procedure-curious;price;;;"Staiy- ""Jo Leute auf die neuen Videos zu Mowky und AnniTheDuck möchte ich nicht reagieren, weil ich bin nicht so ein Drama-Fan"" auch staiy: Ok, aber normales Verzerren von Audios erlaubt auch einfacheres Entzerren. Audiobearbeitung ist ein eher kleiner Teil vom Video schneiden. Verzerrung bis zur Un"
0_219424_126_t1_o7ej3lh;0.1007;satisfied;skincare-first;;;;Ernährungsumstellung - vegetarische Gerichte, die ihr empfehlen könnt? [Super Veggie](https://blueprint.bryanjohnson.com/blogs/news/how-to-make-my-anti-aging-lunch-live-to-120) von Bryan Johnson.Ich mag die vereinfachte Version: Schwarze Linsen, Brokkoli, Blumenkohl, Olivenöl, optional Ingwer und Kn
0_219424_9_24772909550577571;0.1011;disappointed;procedure-curious;;;;Der jenige tut mir leid. Ich an seiner Stelle würde das Geld zurück verlangen wegen der verkorksten schönheitsop. (Oder meinst du so wie Justin Biber aussah, als dieser noch ein thenager war?, dann sieht er hot aus).
0_219424_9_24686438601730157;0.1017;disappointed;;;;;​ Christina erzählte damals, dass sie beide Botox machen.
0_219424_126_t1_o9pr9kj;0.1025;satisfied;procedure-curious;;;;Der Schauspieler der eine Figur spielt die detailliert beschrieben wird, sollte auch dessen Hautfarbe haben. die aussage ist erweiterbar, so ist in der südostasiatischen welt das schönheitsideal bleicher haut etabliert (vorrangig durch korea und china), sodass auch in thailand, vietnam oder sogar sü
0_219424_126_t1_o1mu03g;0.1029;seeking;procedure-open;;;;CDU-Wirtschaftsflügel will Rechtsanspruch auf Teilzeit abschaffen Das Botox und das Silikon.
0_219424_9_yt.MRZmCSd23lk;0.103;disappointed;;;;;10 Anti-Aging Lebensmittel – Natürlich gesund älter werden 🌿 Gesundes Altern ist kein Zufall – sondern tägliche Entscheidung.Diese 10 Anti-Aging Lebensmittel liefern wichtige Antioxidantien, gesunde Fettsäuren, Vitamine und sekundäre Pflanzenstoffe, die Ihre Zellen vor oxidativem Stress schützen kön
0_219424_15_65141936029067575;0.1034;enthusiastic;procedure-open;pressure;;;Kein Glätten, kein Verstecken: Warum Jo Woods Runway-Moment mit 70 so wichtig ist Offiziell startet die London Fashion Week am Donnerstag, dem 19. Februar, doch schon zwei Tage zuvor bekommen Fashion-Fans die neue Kollektion des Designer-Duo VIN + OMI zu Gesicht. Zwischen futuristischer Mode ist auc
0_219424_9_yt.Xdg_wvVxTV8;0.1044;enthusiastic;procedure-curious;;;;Fast wie Urlaub 🎥 Willkommen zum Video!Schön, dass du eingeschaltet hast! 🙌Wenn dir der Content gefällt, lass gerne ein Like da 👍 und abonniere den Kanal, um nichts mehr zu verpassen.📲 Folge mir auch auf Social Media:👉 Instagram: @Patrichaflatwood👉 TikTok: @PatrichaflatwoodDort gibt es noch mehr exk
0_219424_9_yt.qYqan0BFXFw;0.1045;enthusiastic;;retinol;;;Wie sehr kann man seinen Körper mit Füßen treten?  #schönheitsop #magenballon #beautyop Wie sehr kann man seinen Körper mit Füßen treten?#schönheitsop #magenballon #beautyop
0_219424_9_yt.ODMQ1GxmTQQ;0.1047;seeking;procedure-curious;retinol,celebrity;microcurrent;;"""Hidden Gems"" Wie TikTok Urlaubsorte ruiniert Wie habt ihr eure letzte Reise ausgesucht? Habt ihr euch inspirieren lassen von Serien wie Emily in Paris, White Lotus oder Game of Thrones? Habt ihr gesehen, wie eure Freunde in Japan oder Influencer auf Bali abhängen? Oder hat euch der TikTok und Insta"
0_219424_126_t1_o61oqov;0.1057;cautioning;;;;;Ideale Studios für Haare weglasern Für Laser müssen die Haare so dunkel wie möglich sein. Nadelepilation kann jeder machen lassen, ist aber teurer.
0_219424_9_7761284098822084;0.1058;satisfied;skincare-first;botox;;;"Wer alle Filme, dazu die alten US Serien als Fire Marschall Bill usw. und alte Auftritte vor seinem Durchbruch kennt, der kennt sämtliche Gesichtszüge von Jim Carrey.Und die stimmen mal überhaupt nicht mit dieser Person überein.Jim hat außerdem Schlupflider, Grübchen und Falten, die bei diesem ""Jim"""
0_219424_9_yt.6aIlUnWRT1g;0.1065;satisfied;;;;;Was du über Sculptra wissen solltest! Sculptra ist kein klassischer Filler.Während herkömmliche Hyaluronsäure-Filler durch das injizierte Material direkt Volumen erzeugen, basiert Sculptra auf Poly-L-Milchsäure (PLLA) – einem bewährten, biokompatiblen Kollagen-Stimulator.Der Volumeneffekt entsteht n
0_219424_9_yt.QJ0uEJUmNAk;0.1067;disappointed;procedure-curious;;;;Meine beste Freundin ist besser als alle meine Exs zusammen #freundschaften #bff #femalefriendshipSeit zwei Jahren hat El eine Beziehung, die sich ziemlich ideal anfühlt: Sie fühlt sich gesehen, verstanden und hat nicht das Gefühl, dass emotionale Arbeit nur an ihr hängen bleibt. Die Beziehung ist l
0_219424_126_t1_o74jbde;0.107;disappointed;skincare-first;;;;"W|24 Doll 👑 sucht nach Sklaven Wie wo denn ? „Finanzielles Interesse"" direkt Anfang, „albanisch polish"" ta Qi pidhen ich bin doch Albanerin. Die Struktur wie dein Text aufgebaut ist alles komplette Inspiration von meinen Text. Zu hohl und zu faul sich selbst was eigenes auszudenken. Kommt vom ganzen"
0_219424_126_t1_oczkrd3;0.1074;disappointed;procedure-curious;botox,price;;;Warum schauen so viele (auch sehr reflektierte) Leute weiterhin Trash TV – obwohl sie es eigentlich kritisch sehen? Klatsch und Tratsch gegenüber Menschen, die man kennt, finde ich oft unpassend. Es kann Beziehungen im persönlichen und professionellen Umfeld sehr schnell kaputt machen. Darum sind be
0_219424_9_58189584843451656;0.1079;satisfied;;botox;;;Das hat sie sich selber machen lassen. Hundert Teratonnen Botox in jeden einzelnen Gesichtsmuskel.
0_219424_126_t1_o62m7mp;0.1081;enthusiastic;skincare-first;;;;Söder Tochter ist offiziell mit Tech Milliardär Eric Schmidt zusammen 27?? Bei den ganzen liftings hätte ich auch 40+  geglaubt. Ich versteh diese Antiaging bei 20 jährigen nicht.
0_219424_126_t3_1rw14to;0.1087;disappointed;skincare-first;botox;;;"Test Wuhuu! Luisa hat eine neue Cash Grab Idee - ihr (vermeintliches) Glow up. Sie arbeitet mal wieder an etwas… Damit ihr euer hart verdientes Geld nicht für die Finanzierung ihres Dauerurlaub-Lifestyles ausgeben müsst, habe ich die wichtigsten Punkte für euch zusammengefasst: 1. &gt;!Luisa konsumi"
0_219424_126_t1_oc8g55q;0.1095;disappointed;skincare-first;;;;"Es interessiert mich nicht wie toll Japan ist Genau das ist es. Die Einstellung zu Arbeit und Leistung ist halt echt enorm belastend. Japan hat eine der höchsten Suizidraten der Welt (Platz 17, im Vergleich, Deutschland liegt auf Platz 44). Auch, welche sozialen Normen erwartet werden und was als ""h"
0_219424_126_t1_og48jb7;0.1095;disappointed;procedure-curious;;;;Fake feminismus nervt mich !! Der Golfstrom schwächt sich ab, der Permafrost taut und setzt uraltes Methan frei. Das sechste große Massenaussterben steht nicht bevor, wir stecken mittendrin. Die Biosphäre kollabiert in Echtzeit und wir schauen dabei zu.Milliarden von Tieren werden industriell und sy
0_219424_9_yt.NlMFDrV5WD4;0.1101;seeking;procedure-curious;retinol,aging-signs;;;"Hair & Beauty NaVa Hair &amp; Beauty NaVa in Frankfurt: Erfahre mehr über uns in diesem überblicksartigen Imagefilm. Finde heraus, wie du mit uns in Kontakt treten kannst, wann wir für dich geöffnet haben oder verschaffe dir einige Eindrücke unseres Betriebs. Mehr erfährst du zudem auf https://www.h"
0_219424_126_t1_oa1dh6r;0.1106;satisfied;skincare-first;;;;Was glaubt ihr ist der Grund warum Netanyahu mit 76 noch so jung aussieht? ?? Hab extra nochmal n Foto gesucht und der sieht halt einfach aus wie ein 80 Jähriger Mann.🤷🏼‍♀️ Vielleicht hat er ein bisschen Botox in der Stirn aber sonst? Klär mich auf.
0_219424_9_37088217584686040;0.1114;disappointed;procedure-curious;;;;Echt für mich auf den Punkt gebracht und macht deutlich, warum ich so ein Fan von koteanischer Ästhetik bin😊Schade das wir so einen Vergleich nicht mit links westliche Schönheitseingriffe, rechts koreanische machen können.
0_219424_9_21274484325456299;0.1116;disappointed;skincare-first;;;;Also Kolja halt deine Zuseher nicht für völlig verblödet. Was Sanctuary Cities sind weiss ich z.B. seit 2016, Was sind rund 4.000 Somalis gegen allein ca. 1.3 Mio. Ukro Besatzer, dazu der gesamte Rest der Illegalen. Holen wir uns doch auch solch eine Barbi Puppe wie Kristi (nicht wiedererkannt nach 
0_219424_9_34393528353113572;0.1117;disappointed;;;;;"Silikon und Hyaluron 'frisst' Hirn bei Generation ""Degeneration""😅"
0_219424_9_44577691320619150;0.1118;enthusiastic;skincare-first;;;;Oh man, so coole Sachen 😊🎉Schon wieder wollen sie mich verführen 😂❤ antiaging und Straffung, da jst dich jeder dabei und Minis sind einfach süß.. Verpackung hin oder her, ich liebs. Man kann nicht immer perfekt sein. Liebsten Dank für's Zeigen!
0_219424_9_29656406740383924;0.1119;cautioning;skincare-first;;;;"Also ich bin wirklich fassungslos!  Michelle ist ganz normal gekleidet, was genau soll an dem Outfit ""nuttig"" sein? Gar nichts! Max. ist es Geschmackssache was sie anhat. Sie trägt weder einen zu kurzen Rock, noch hat sie einen Ausschnitt oder sonstiges. Du kannst sie doch kritisieren, aber was hat "
0_219424_15_62458273559921103;0.1125;seeking;procedure-open;niacinamide-peptides;;;Lufthansa bringt BABOR-Hautpflege an Bord: Neue Amenity Kits in First und Business Class Lufthansa aktualisiert ihre Amenity Kits in der Business- und First Class. Ab Ende März 2026 erwartet die Passagiere der Lufthansa First Class auf Langstreckenflügen ein neues Amenity Kit mit einem klangvollen N
0_219424_126_t1_o5v00ip;0.1141;satisfied;skincare-first;;;;"wann sind Männer gerne großzügig? &gt;wann das Männer gerne machen?Wenn sie keine anderen Green Flags haben außer Geld.&gt;Ich frag mich echt was solche Frauen machen dass sie die gesamte welt zu Füßen gelegt bekommen.Botox, Silikon und Beine Breit machen. Das ist alles nur Fassade und hat nix mit G"
0_219424_126_t1_nxmxvkc;0.1146;seeking;;;;;Real BOTOX Weib auf der CES2026 Hauptsache blasen können
0_219424_9_24971229604765895;0.115;satisfied;skincare-first;;;;Wie schon Einige hier erwähnt haben... - Setting sehr düster und trist, komplettes Gegenteil der Ägäis - komplette Fehlbesetzung, Matt Damon ist cool aber das kauft man ihm Null ab und das ist der allgemeine Tenor. Keiner der Schauspieler wirkt authentisch für einen Historienfilm. Und Anne Hathaway?
0_219424_126_t1_ol52l8i;0.1151;seeking;skincare-first;spf;;;Welche Sonnencreme nutzt ihr so für Strand oder Wanderausflüge in der prallen Sonne? Ich glaube, die meisten Marken, die in Ländern mit krasser Sonneneinstrahlung verwendet werden, findest Du auch hier, aber dann eher nur online. In Australien gibt es halt auch zum Beispiel einen ganz anderen Markt 
0_219424_126_t1_nz4ga16;0.1156;cautioning;;;;;Horror alien movie with bugs Rambo heißt der Film das Alien ist in Wirklichkeit gar keins es ist Botox deswegen sieht Sylvester Stallone so aus Er ist kein echtes Alien
0_219424_9_31354141953744152;0.1156;enthusiastic;;;;;Paar Einheiten Wachstumshormon fürs anti aging und fatburning gehen immer 😂
0_219424_9_58431879928614395;0.1162;cautioning;;;;;@FrauSchnurrhaar Hab selbst damals nur die zwei Videos von ihr gesehen. Und dann die Jay Riddle videos. Weiß z.b. gar nicht ob Anni eine ist die pro oder contra Schönheitsop ist. Fand nur das ihr Gesicht anders aussieht 😅
0_219424_126_t1_og6nkw9;0.1166;satisfied;skincare-first;;;;Wie könnte den ihre Pizzaria heißen? Danke für deine Antwort.Hier ist meine. Echte Gleichbehandlung bedeutet, die Barrieren abzubauen, die diese Menschen in der Gesellschaft haben. Es bedeutet nicht, dass man sich das Recht herausnimmt, auf ihrer genetischen Identität herumzutrampeln, nur um den eig
0_219424_9_54815636423222561;0.1171;disappointed;procedure-curious;;;;jawohl, 1. Hunderttausende getötete, verstümmelte und geistig gestörte Soldaten, 2. ruinierte Wirtschaft, 3. Verabschiedung aus der kulturellen Welt (WM, Olympia usw.) 4. keiner hat mehr Angst vor dem Wodka-getränkten Bärenfell. Tolle Leistung, kleiner Botox-Fischkopf
0_219424_9_yt._S6iI9w6O6U;0.1171;seeking;;vitamin-c;;;🫐 Heidelbeeren vs. Erdbeeren 🍓 | Welche Beere ist gesünder für dich?￼ Heidelbeeren und Erdbeeren gehören zu den beliebtesten Superfoods – aber welche ist wirklich gesünder? 🤔🫐 Heidelbeeren sind reich an Antioxidantien (Anthocyane), die deine Zellen schützen, den Alterungsprozess verlangsamen und dei
0_219424_9_60197366812547324;0.1186;satisfied;;aging-signs;;;Sich verjünger lassen mit plast. OP's,Botox aber graue Haare(?)-obwohl Haare färben kein Aufwand  ist!?! Wo ist JK????
0_219424_9_3453070982180813;0.1187;seeking;;;;;Mit Navidi vor Ort hat sich die Menge an Botox in der Schweiz verdoppelt.
0_219424_9_yt.E4_CcWV4VvQ;0.1189;disappointed;procedure-curious;niacinamide-peptides;;;"Erec Pro Original Kaufen Deutschland - Bewertung & Nebenwirkungen - Ist es seriös? 👇Hier kaufen ErecPro offizielle Website👇(Germany and Austria )✅🛒Hier kaufen 👉https://hotm.io/ErecPro-offizielle ✅🛒Hier kaufen 👉 https://hotm.io/ErecPro-offizielle Erec Pro Original Kaufen Deutschland - Bewertung &amp;"
0_219424_126_t1_obvezlw;0.1191;disappointed;procedure-open;botox,price;;;Welche Filme habt ihr diese Woche gesehen? #12/2026 Scream 7 - Ach ja, was soll ich sagen bzw. schreiben? Ich mag die Scream-Reihe einfach. Ich kann sie mir immer wieder ansehen. Und ja, auch Teil 7 mit Neve Campbells Rückkehr ist in meinen Augen durchaus gelungen. Wieder einmal wird Sidney von eine
0_219424_126_t3_1s02f1h;0.12;enthusiastic;;;;;"🧬 SEBAT-THERMISCHE GENSCHALTER: SELBSTORGANISATION DES GENOMS Genschalter NLP Wechselwirkung ​\`\`\`python\# Prinzip: Kontrollierte Hitze-Kälte-Zyklen (38-42°C ↔ 10-20°C)\# Aktiviert: HSP70, FOXO3, TERT, BDNF, p53, SIRT1, AMPK\# Verstärkt durch NLP-Intentionalität &amp; kollektive Synchronisation\`\"
0_219424_126_t1_oa26dqb;0.1201;satisfied;;;;;Post Workout Meal Botox wird von Bakterien der Spezies Clostridium butyricum gebildet.
0_219424_9_yt.805Zc4-8E_k;0.1214;satisfied;;aging-signs;;;Diese Pflanzen sind super für die Haut Eine einfache und schnelle selbstgemachte Gesichtsmaske aus Wildkräutern- genau darauf hatten wir Lust. Darum haben wir direkt eine gemacht. Dazu haben wir zwei häufige leicht zu findende Wildpflanzen verwendet, nämlich Löwenzahn (Taraxacum officinale) und Gäns
0_219424_9_yt.APFx9MAoPiw;0.1215;enthusiastic;;;;;Kein Pilz! Die Wahrheit über diese mysteriöse rote Pflanze Willkommen bei MindFakten! 🌍Hier entdeckst du die faszinierendsten Geheimnisse aus Natur, Wissenschaft und Geschichte. Von mysteriösen Pflanzen bis hin zu unglaublichen Fakten – wir bringen dir Wissen in kurzen, spannenden Videos.👉 Abonniere
0_219424_9_19020989288884199;0.1217;satisfied;procedure-curious;;;;Also in Deutschland hat es was mit dem Bildungsniveau zu tun - aber als Korrelation. Denn man braucht Geld für die Eingriffe, und das können sich eher Leute leisten, die mehr Geld verdienen. Aber mit dem sozialen Milieu hängt es noch zusammen, und da ist es z.B. in meiner Blase (Berlin, eher links, 
0_219424_9_38816540400893320;0.122;seeking;procedure-curious;;;;Botox, aka Botulinumtoxin, ist das potenteste bekannte Gift der Welt und wird com Bakterium chlostridium Botulinum produziert. Dass sich Menschen das freiwillig aus Gründen der Ästhetik unter die Haut jagen, sagt eigentlich alles aus, was man wissen muss...
0_219424_9_yt.VbBV_BnlGTQ;0.1224;satisfied;skincare-first;retinol,vitamin-c;;;"Natürlicher Haut-Glow ✨ Dieser Saft bringt deine Haut zum Strahlen! 🍎 Dieser „Skin Glowing Juice"" ist eine kraftvolle Kombination aus natürlichen Zutaten, die deine Haut von innen heraus unterstützen. Rote Bete fördert die Durchblutung und sorgt für einen frischen, rosigen Teint. Karotten liefern Be"
0_219424_9_56094291337808309;0.1225;disappointed;skincare-first;;;;72 Jungfrauen die er dann verprügeln kann hab heute eine Familie aus dem Orient gesehen im Aldi die Frau hatte wirklich schöne blaue Augen und wozu Botox wenn auch mit der Faust geht.
0_219424_9_44107239816964065;0.1227;satisfied;;;;;​@SuburbanBassRecords Elon schaltet Starlink ab und Botox Opa legt Telegram lahm. Die Russen wollen nicht gewinnen
0_219424_126_t1_ofcegzo;0.1242;seeking;procedure-open;;;;Röstet mein Depot Ich Stelle mir die Zukunft vor. Wer wird in der Zukunft gebraucht. Was ist in 10-20 Jahren mehr. Z.B. bin wächst der Anteil der muslimischen Bevölkerung exponentiell dadurch steigt auch die Nachfrage nach Sozialleistungen, nasenops, filler Botox und Sicherheitsgeschichten Metalldet
0_219424_126_t3_1s8h7sk;0.1248;seeking;skincare-first;hyaluronic-acid;;;[Product Question] Auf wie feuchte Haut tragt ihr Hyaluron Seren auf? Hallo,ich bin mir immer sehr unsicher wie feucht die Haut zum auftragen eines Hyaluron Serum wirklich sein muss. Kann jemand das genau beantworten oder Tipps geben?Danke
0_219424_9_yt.OGv_fZUYddY;0.1254;disappointed;skincare-first;spf;;spf;Diese Getränke können den Alterungsprozess verlangsamen – von innen heraus. 🥤 Diese Getränke können den Alterungsprozess verlangsamen – von innen heraus.Der Alterungsprozess wird nicht nur von Genetik bestimmt, sondern auch von Oxidationsstress, Entzündungen und Nährstoffversorgung. Bestimmte Geträn
0_219424_126_t1_o5h8jte;0.1255;seeking;procedure-curious;spf;;;Habt ihr mal in euren 4 Wänden mit einem EMF-Messgerät geschaut wo hohe Strahlenwerte zu messen sind um dann zu optimieren bzw. reduzieren? Natürliche Strahlung von Radioaktiven Elementen (deswegen Radon) ist ionisiert und kann Gewebe verändern (Deshalb nimmt man ja Sonnenschutz-Creme). WLAN und Co.
0_219424_9_71360883852069167;0.1255;enthusiastic;skincare-first;spf;;spf;Oh wow das ist ja wieder mal ne mega mega Box!! So viel spannendes - die karotten-pads stell ich mir ziemlich cool vor, evtl auf den Augen während man ne Maske trägt? Am aller spannensten finde ich aber die vegane Lachscreme 😁🐠Boah da bin ich echt am überlegen.. sonnenschutz und toner auch immer imm
0_219424_9_22327524374027956;0.1259;satisfied;skincare-first;;;;Die Russen vor den Kameras habe so viel BOTOX in der FRESSE, dass die nicht IHRE FRESSEN BEIM LÜGEN VERZIEHEN KÖNNEN, DASS DIE NOCH IRRER IM KOPF WERDEN‼‼‼‼
0_219424_126_t1_okhpwaw;0.1259;enthusiastic;procedure-curious;;;;Website Webdesignerin hier. Eine Webseite, egal ob KI oder menschengemacht kann nur so viel wie du ihr gibst. Texte, Bilder, deine Positionierung, Zielgruppe, am besten auch noch Farben und eine Grundstruktur solltest du immer selbst machen. Dann noch Datenschutz, Cookies, DSGVO und Impressum beacht
0_219424_9_yt.5Ih8oG7Mnew;0.126;satisfied;;;;;Natürliches Testosteron steigern mit Olivenöl: Geheimrezept für Männer ab 50 Natürliches Testosteron steigern mit Olivenöl: Geheimrezept für Männer ab 50💡 Entdecken Sie ein einfaches Abendritual, das Ihre männliche Vitalität nachhaltig unterstützen kann. Dieses Video zeigt, wie Sie mit natürlichen Z
0_219424_9_22307928606572422;0.1261;disappointed;;;;;Uschilein,  zu 80 % aus Silikon , 75 % davon zwischen den Apatschenfledermausohren,, der Rest ist Botox 🏁💦🤣
0_219424_9_49471885228452158;0.1266;enthusiastic;procedure-curious;;;;0:52 ich muss ehrlich sagen Gil ist der einzige der sich anstrengend im Gegensatz zu Ariel, wegen diesem Kampf-Mäusele😂 das wegen JEDER Scheiße irgendjemanden anmacht und nicht im geringsten teamgeist zeigt, hätte ein Gil auf jeden Fall die dschungelkrone mehr verdient, als dieses mit Botox voll gep
0_219424_9_51409230418587359;0.1266;disappointed;procedure-curious;;;;Ich hab mal eine Frage. Ich habe jetzt ja ziemlich schnell 20 kg abgenommen. Ich habe gerade das Gefühl,  dass mir der Glaube schwindet... Jahrzehnte hatte ich Kleidergrößen zwischen 48 und 62. Und jetzt 44 mit Tendenz zu 42. Kommt halt auf den Schnitt an. Ich kann das irgendwie nicht wirklich verst
0_219424_126_t1_o5o2bed;0.1266;enthusiastic;procedure-curious;fillers;;;Jawline filler Empfehlung in München, Augsburg oder Nürnberg Hab meine Fillerbehandlung in Kinn und Jawline bei LiebDeinGesicht gemacht, alles perfekt
0_219424_9_yt._UuzDzeoGII;0.1266;satisfied;skincare-first;vitamin-c;;;3 Beeren - sie schützen dein Gehirn, Herz und Immunsystem gleichzeitig 🫐🧬 (Wissenschaftlich belegt) 🧬 Wissenschaftler sind sich einig: Schwarze Johannisbeeren, Himbeeren und Heidelbeeren gehören zu den nährstoffreichsten Lebensmitteln auf dem Planeten – und eine Handvoll täglich reicht aus, um deine
0_219424_9_yt.g67Vkcu1GWs;0.1266;disappointed;procedure-curious;price,celebrity;;;9 berühmte deutsche Prominente, die infolge von Schönheitsoperationen tragisch verstarben In diesem bewegenden Video blicken wir auf die tragischen Schicksale von 9 berühmten deutschen und in Deutschland bekannten Prominenten, deren Leben durch Schönheitsoperationen, medizinische Eingriffe oder den 
0_219424_15_70133031819783723;0.127;enthusiastic;procedure-open;;;;Tech-Bros in den Front Rows: Warum erobern Milliardäre plötzlich die Fashion Week? Tech-Milliardäre waren gern gesehene Gäste bei den diesjährigen Fashion Weeks. Doch was steckt hinter dieser Bewegung? Der Wunsch nach kultureller Relevanz oder knallhartes Business?   Die Fashion Weeks sind vorbei un
0_219424_126_t1_o3050u5;0.1271;seeking;procedure-open;price;;;Ladeinfrastruktur in Tiefgarage mit privaten Stellplätzen 1800€ pro Stellplatz, haut mich als Eigentümer nicht um.   Wie ist es mit Eigenleistung? ein 25qmm durch die TG verlegen könnt Ihr selbst. an jedem Stellplatz nen Abzweig setzen, Datenkabel dazu für die Steuerung. Was die Zählerei anbelangt w
0_219424_9_14042065370855699;0.1281;disappointed;procedure-curious;safety;;;Da hast du ein sehr komplexes Thema aufgegriffen. Zunächst einmal ist jede Entscheidung, ob Kind ja oder Kind nein zu akzeptieren. Ich habe mich in Absprache mit meiner Frau für Kinder entschieden, das dürfte in den meisten Ehen der Regelfall sein. Schwieriger wird es sicherlich bei Partnerschaften 
0_219424_9_36710349794858973;0.1282;cautioning;skincare-first;;;;Wir müssen aber auch nicht vergessen das Ariana Grande sich Botox spritzen lassen hat ( wann sie noch gebräunt war und braune Haare hatte und ich GLAUBE das sie auch gesagt hat das sie irgendwie bodydysmorphia  hat/ hatte )und das Kleid was Kim Kardashian getragen hat war das Kleid von Marilyn Monro
0_219424_9_54699381748205906;0.1283;satisfied;;price;;;Botox ist übrigens ein Stoffwechselprodukt eines Bakteriums. Das verstoffwechselt sich aber nur, wenn ohne Sauerstoff gearbeitet wird. Natürlich kann das tief in einem Kompost passieren. Die von der Firma halten quasi Bakterien als Nutztiere, geben ein Medium zum wachsen und ernähren hinzu, ziehen d
0_219424_15_11165864842910401;0.1285;disappointed;;;;;Sonnenhof entwickelt sich zum Genussresort Das 5-Sterne-Superior-Hotel Der Sonnenhof in Bad Wörishofen stellt sich strategisch neu auf und entwickelt sich vom klassischen Grandhotel hin zu einem ganzheitlich gedachten Genussresort. Im Fokus steht eine stärkere Verzahnung der Bereiche Kulinarik, Well
0_219424_15_43862414626776089;0.129;satisfied;;;;;Sonja Zietlow und Jens Oliver Haas: Heiratsantrag nach drei Monaten Sonja Zietlow und ihr Mann Jens Oliver Haas sind seit 23 Jahren verheiratet - und genauso lange ein eingespieltes Team beim Dschungelcamp. Im Interview verraten sie nun, warum am Set strenge Regeln gelten und wie unromantisch der He
0_219424_126_t1_odpg0u8;0.129;disappointed;procedure-curious;peel,price;microneedling;;"Ich verstehe nicht wie sich andere ein Haus kaufen können &gt; Mit beiden Händen zum Fenster rauswerfen ist echt Quatsch.hmm..&gt; Aber ja, blondieren für 250€ und microneedlingIst klar."
0_219424_126_t1_o2zpk2h;0.1291;seeking;procedure-curious;;;;Nehmen wir an ihr dürftet eine kostenlose SchönheitsOP bekommen, was würdet ihr an euch verändern? Gutes Argument. Sie wollen wieder hören und sehen? Naaah das ist doch nur Luxus!
0_219424_9_26189093517351882;0.1306;satisfied;;;;;"Rohschokolade oder Dunkle Schokolade mit hohen Kakaoanteil also 80%++ , ist Gesund. Wird auch für Anti Aging genutzt. Weils viel Antidoxidantien hat , sowie die Alterung, leicht bremsen soll. Hat aber kaum Zucker &lt;5-10%. Die Normale Schokolade mit viel Zucker und kaum Kakaoanteil , ist wieder Ung"
0_219424_9_yt.VLaM00NqZho;0.1306;seeking;;retinol;;;Leber essen? Geheimnisse für Gesundheit & Anti-Aging! (Vitamin A) #shorts Leber ist ein Nährstoffkraftpaket, reich an Vitamin A für Zellteilung und Kupfer gegen graue Haare. Quercetin hilft beim Zinktransport in die Zellen. Einmal pro Woche oder alle zwei Wochen genießen! #Lebergesundheit #Nährstoff
0_219424_126_t1_nxp1lct;0.1316;enthusiastic;skincare-first;;;;Real BOTOX Weib auf der CES2026 Ich dachte es wäre eine neue MAGA Trulla xD
0_219424_9_12507268509485118;0.1317;satisfied;skincare-first;botox;;;"Rasissten und Nazis waren schon immer stolz auf ihre ""Arbeit""  !!! WTF läuft falsch bei denen ??? Wenn isch diesen BULLSHIT höre, möchte ich ihnen am liebsten das BOTOX aus dem Gesicht hauen und ich bin absolut nicht für Gewalt !!!"
0_219424_9_16199317457730267;0.1324;disappointed;procedure-curious;;;;Ich bin mir bewusst, dass mich einige mich wohl mit einem Shitstorm bedenken werden, aber...Bei allem Mitgefühl, was ich für den Verlust ihres Sohnes habe, muss man aber auch feststellen, dass sie (Mit-)Täter war und ihr Sohn dafür mit dem Leben bezahlt hat.Mir stellt sich die Frage, auf welcher Sei
0_219424_15_19172708455377461;0.1335;enthusiastic;procedure-curious;laser;laser;;"Kendall Jenner: Karriere vor Familienplanung Kendall Jenner ist „noch zu beschäftigt"", um Mutter zu werden. Die 30-Jährige möchte eines Tages eine Familie gründen, doch im Moment fühlt sie sich dafür schlicht zu eingespannt. Kendall – die früher mit Musikstar Bad Bunny liiert war – verriet gegenüber"
0_219424_9_20690938675769151;0.1339;seeking;;niacinamide-peptides;;;"Timecodes · Analysen · Thesen &amp; mehr00:00 Intro &amp; Bewertungssystem erklärt01:45 Thymosin Alpha 1 – S-Tier Immunmodulator05:05 GHK-Cu – Hautregeneration &amp; Genome Resetter09:10 Fox-04 DRI – Seneszente Zellen &amp; Longevity12:15 Epitalon &amp; Pinelon – Telomere &amp; Neuroprotektion15:00 "
0_219424_9_yt.VoORtsahCjI;0.1343;seeking;skincare-first;;;;Donghua Li mit Martin Ryf für Golden Wave int. in Dornbirn am 11.4.2026 Mehr Gesundheit. Mehr Freiheit. Mehr Einkommen - mit einem System, dass jeder starten kann.Baue dir Schritt für Schritt ein zusätzliches Einkommen auf, verbessere deine Lebensqualität und gewinne mehr Zeit für das, was wirklich 
0_219424_15_9955271729484440;0.1345;enthusiastic;;price;;;Stadtgeflüster – London, Urban Winter Vibes Guter Mix: Die englische Metropole lockt mit lebhaften Märkten und cozy Rückzugsorten. London zeigt im Winter einen ganz eigenen Charme mit klarer Luft, warm leuchtenden Pubs und einem steten Gefühl von Bewegung. Wer die Stadt an einem Wochenende besucht, 
0_219424_126_t1_oju9hz5;0.1348;seeking;procedure-curious;;;;Was haltet ihr von Hyaluron Filler? Ich habe nun angefangen mir im Kloster Pullmoll Bonbons zu gönnen.
0_219424_126_t1_ob9ydbg;0.1351;enthusiastic;skincare-first;;;;"It sucks to have kinks that are really hetero coded Ich finde das auch nicht hetero mäßig. Aber manchmal ist es in bestimmtem Kreisen verpönt, "" künstlich"" etc. auszusehen oder eben Filler, Botox etc. zu benutzen, was ich mega problematisch finde. Sorry, aber das ist doch der Traum einer Domina, ein"
0_219424_9_68125221810928865;0.1354;seeking;;;;;Deutschland braucht BOTOX fürs Gehirn.
0_219424_126_t1_o1eyi4p;0.1355;cautioning;skincare-first;;;;Meine Sammlung Ich habe vor Ewigkeiten mal BOTOX gesehen
0_219424_9_yt.3Cci60nGclQ;0.1357;disappointed;skincare-first;aging-signs;;squalane;Sesderma - RETIAGE - Anti-Aging Serum (30ml) Schönheit ist nicht nur Haut tief, sie ist ein Gefühl. ✨  Entdecken Sie das luxuriöse Sesderma RETIAGE Anti-Aging Serum (30ml) für CHF 49.95 – Ihre Geheimwaffe gegen Trockenheit und fahle Haut. 🌺 Angereichert mit Squalan, einem ultimativen Feuchtigkeitssp
0_219424_9_yt.WJC9zs9CQRI;0.1368;disappointed;procedure-curious;;microcurrent;;Nach dem 60. Lebensjahr: 5 Lebensmittel, die Sie jeden Tag essen sollten, um stark zu bleiben Nach dem 60. Lebensjahr verändert sich der Körper grundlegend. Der Stoffwechsel verlangsamt sich, die Muskelmasse nimmt ab und das Immunsystem wird anfälliger. Doch vieles davon lässt sich durch die richtig
0_219424_9_26513014734621183;0.1369;cautioning;skincare-first;;;;Ich finde finde auch, die Augenfarbe hat sich geändert, die war doch immer braun und ist jetzt fast blau? Das macht Botox?? 😳
0_219424_9_yt.pNLbgmnXdSw;0.1369;satisfied;;vitamin-c;;;Diese 7 Früchte stärken Herz, Darm & Immunsystem Iss sie täglich! 🍓 🍓 Diese 7 Früchte sind echte Gesundheits-Booster!Wusstest du, dass bestimmte Früchte dein Herz schützen, dein Immunsystem stärken und sogar dein Gedächtnis unterstützen können?🍅 Tomaten liefern Lycopin – ein starkes Antioxidans f
0_219424_9_25793969132059763;0.1369;satisfied;skincare-first;;;;"Antizyklisch finde ich Beiersdorf spannender (17er KGV für solides Business mit sehr niedrigem Beta) - komplett schuldenfrei, super positioniert in EM , mit Euceryn (Anti-Aging) voraussichtlich durchaus Wachstumspotenzial; ROIC und Marge gerade so zweistellig ... Insiderkäufe + Aktienrückkaufprogram"
0_219424_15_20989051391999015;0.137;disappointed;;;;;Senolytika: Diese Anti-Aging-Kombination ist nicht ungefährlich Die Wirkstoffkombination Dasatinib/Quercetin soll senolytisch wirken, also einen Anti-Alterungs-Effekt haben. Dass diese nicht zugelassene Kombination nicht leichtfertig eingesetzt werden sollte, zeigt eine aktuelle Studie. In Mäusen st
0_219424_9_4714977240120;0.1374;satisfied;;;;;Dubai eine einzige Schönheitsoperation
0_219424_9_55706963369233287;0.138;satisfied;procedure-open;;;;Wenn man sich Peter Thiel mal genauer anschaut, geht das Rabbit Hole noch viel tiefer und weirder. Da wäre zum Beispiel sein Neuseeland-Speedrun: Thiel hat 2011 die dortige Staatsbürgerschaft bekommen, obwohl er bis dahin insgesamt nur zwölf Tage im Land verbracht hatte, während Normalsterbliche daf
0_219424_126_t1_okcr9og;0.1381;disappointed;skincare-first;;;;"Bin 27. Schlimm????? \&gt;Ja ich finde 30 Jährige die 18 Jährige daten auch irgendwie komisch.Okay, gut - dann aber eine ehrliche Antwort: Wo ist der Unterschied bei dieser Aussage zu z.B.: ""Wenn ich ein gleichgeschlechtliches Paar sehe, finde ich das komisch. Maybe auch eklig, mal schauen.""\&gt;Abe"
0_219424_126_t1_nxmxafi;0.1385;seeking;;;;;Real BOTOX Weib auf der CES2026 Und laufen können die Dinger auch noch nicht.
0_219424_126_t3_1qjuodt;0.1393;seeking;skincare-first;aging-signs;;;Suche nach Protagonist*in für Podcast Für eine Podcastfolge zu Anti-Aging suche ich eine Person, die schon verschiedene Produkte gegen Falten ausprobiert hat und sich mit dem Thema auseinandersetzt. Bei Interesse/ für mehr Infos meldet euch gerne bei mir.
0_219424_9_60958675661266040;0.1394;satisfied;;;;;Die Frau von Christian ist echt ne tolle. Guter Charakter, aber bei allem Respekt die sieht aus wie 42... niemals wie 23... das ganze Botox und Hyaluron hat sie merklich altern lassen im Gesicht..
0_219424_126_t1_o2kn8vy;0.1396;seeking;procedure-curious;;;;Nehmen wir an ihr dürftet eine kostenlose SchönheitsOP bekommen, was würdet ihr an euch verändern? Ich hab das Video nicht zu Ende gesehen, weil mir klar war, dass das keine Option ist  😂
0_219424_9_67241188445541855;0.1396;enthusiastic;;;;;"Die Doku spielt in Brasilien und zeigt dort verschiedenste Situationen. Schau dir gerne die Doku ""Brasilien, Botox, Butt Lift - Alles für die Schönheit"" an!"
0_219424_9_19975687083887870;0.1401;satisfied;;;;;Im Prinzip Diktatur. Eine Diktatur, die sich einen freiheitlich modernen Anstrich gibt. Perfiderweise indem sie dir tatsächlich auch Freiheiten lässt, die insbesondere für einen moslemischen Staat besonders fortschrittlich und ausgesprochen tolerant wirken..! So dürfen bspw auch Frauen Autofahren, d
0_219424_9_2760892506535753;0.1402;seeking;;;;;Was für Botox? Sie ist 23 und gut ernährt.
0_219424_126_t1_nyhst1x;0.1407;cautioning;procedure-curious;botox;biostimulator;;"Beauty-Plan: Khloé Kardashian will sich einfrieren lassen [Khloé Kardashian](https://www.promiflash.de/thema/khloe-kardashian/) (41) hat im Podcast ""Khloé in Wonderland"" Tacheles geredet – und dabei kein Blatt vor den Mund genommen. In der am 7. Januar veröffentlichten Folge erklärte die Reality-Iko"
0_219424_126_t1_o4ohbts;0.1407;seeking;skincare-first;;;;Warum ist Genitalverstümmelung bei Jungen immer noch legal? Human Foreskin derived Fibroblasts/Stem cells Google mal. Gibt wirtschaftlichen Anreiz dazu. Das junge männliche Genital ist in einem großen Teil der heutigen Skincare/Anti-Aging Produkte zu finden
0_219424_9_yt.tHF7Xjm3n4U;0.141;seeking;;;;;"Olivia Jones Schönheitsoperation und Neuanfang in Hamburg #PromiKlatsch #ShowbizDeutschland #PromiNewsOlivia Jones (56) hat sich im April 2026 einer umfassenden, achtstündigen Schönheitsoperation in Hamburg unterzogen, die sie als optischen Neuanfang und „Totalrenovierung"" bezeichnet. Parallel dazu "
0_219424_126_t1_oju7fnv;0.141;seeking;procedure-curious;;;;Was haltet ihr von Hyaluron Filler? Mit dem Username und als Top1%-Commenter *muss* das doch ein Troll sein… Ich hoffe es zumindest
0_219424_15_57475788878495813;0.1412;disappointed;;retinol,vitamin-c;;;Grünkohl: 8 Gründe, warum das Wintergemüse auf den Teller sollte Grünkohl enthält unter anderem Vitamin A, C und K, Folsäure, Kalzium, Kalium, Magnesium, Eisen, Omega-3-Fettsäuren, Ballaststoffe, sekundäre Pflanzenstoffe und den Pflanzenfarbstoff Chlorophyll. Und das in rauen Mengen: So zählt Grünko
0_219424_15_30596123586194522;0.1412;satisfied;;aging-signs;;;Schönheit aus dem Bienenreich: Honig-Propolis-Universalcreme von Badestrand Kosmetik GmbH Honig Propolis Universalcreme – Pflege mit Bienenwirkstoffen Propolis und Olivenöl unterstützen die Regeneration. Feuchtigkeitszunahme dermatologisch nachgewiesen. Duftet zart nach natürlichem Honig. Effektiv u
0_219424_9_37849334475346601;0.1413;enthusiastic;;;;;Seit wann ändert sich die Augenfarbe durch Botox???
0_219424_126_t1_nzb0jp5;0.1416;disappointed;;;;;My mother has changed a lot since the divorce and that trip to Jamaica, The gym, the lips, the Botox, the boobs... What's going on with her? ♥️ Sie fängt an zu leben 🥰
0_219424_9_yt.L21fupZDK90;0.1416;enthusiastic;skincare-first;;;;Wahrnehmungsübung für mehr Ruhe am Morgen #shorts Hier findest Du das ganze Video https://youtu.be/ycz4xDzBR3c Starte den Tag mit einer Wahrnehmungsübung: Körper machen lassen, Unruhe registrieren, verlängert ausatmen. Bodenkontakt spüren, frische Luft an die Haut lassen. Nichts leisten müssen. #Ach
0_219424_9_yt.bb_s8UC-4Go;0.1417;satisfied;procedure-curious;;;;"„Dieses Wurzelgemüse verdoppelt die Stammzellen und kehrt die Alterung um"" – Iss es jeden Morgen 📄 https://gesundheitsfonds.vercel.app— Grüner Tresor: Stammzellen, Rote Bete und biologische AlterungDas biologische Alter wird nicht von der Jahreszahl auf dem Personalausweis bestimmt, sondern von der "
0_219424_9_yt.8-M_coJTwuc;0.1418;satisfied;;;;;"Botox, Style, TV-Ruhm: Sonja Zietlows unglaubliche Verwandlung Sonja Zietlow früher &amp; heute – so krass hat sie sich verändert!Seit über 20 Jahren ist Sonja Zietlow eines der bekanntesten Gesichter im deutschen Fernsehen. Vom schrillen 90er-Jahre-Talkshow-Star über Pilotin bis zur unangefochtenen"
0_219424_126_t1_o218z1u;0.1419;disappointed;skincare-first;;;;Meine Frau haut mich 3 Jahre lang betrogen - Update Wo ist Selbstwert wo ist selbst Respekt Sie hat jedenfalls keinen vor dir denn du bist ja noch mit ihr zusammen und jetzt ein Kind wer ist der Vater du oder die Affäre Hast du keine anderen Frauen in deinem Leben die eine bessere Wahl wäre als sie 
0_219424_9_33781093653889208;0.1421;enthusiastic;;;;;Bei Ariel ist mehr Hyaluron als Inhalt vorhanden!😂😂😂😂😂😂😂
0_219424_126_t1_of8wcei;0.1422;cautioning;;retinol,spf;;;Was sind eure besten Beauty Hacks? Allgemein: viel Wasser trinken.Haut: Sonnenschutz, Retinol, Azelainsäure, genügend Feuchtigkeit und ab und Botox in der Stirn.Haare: Vor dem Schlafen immer flechten.
0_219424_9_10494257201237696;0.1424;enthusiastic;;;;;Stimmt, mit kosmetik und Botox kennt sie sich sehr gut aus
0_219424_126_t1_nxmvcok;0.1427;enthusiastic;;;;;Real BOTOX Weib auf der CES2026 Realb0tix ist irgendwie immer der Star auf Messen aber fundamental und vom aktuellen Geschäftsmodell her najaaa
0_219424_9_yt.iW7fwlA01J8;0.1427;seeking;skincare-first;safety;;;"GLORAMD GESICHTSSERUM ERFAHRUNGEN & TEST 2026 – FUNKTIONIERT ES WIRKLICH? HAUTERGEBNISSE ✅ Offizielle Website GLORAMD GESICHTSSERUM🛒 https://hotm.io/GloraMD-Kaufen🛒 https://hotm.io/GloraMD-KaufenGLORAMD GESICHTSSERUM ERFAHRUNGEN &amp; TEST 2026 – FUNKTIONIERT ES WIRKLICH? HAUTERGEBNISSEIn diesem Vid"
0_219424_15_30782906647688169;0.1427;satisfied;;;;;Vitalisierende Salate und Smoothies – für gesunde Sommertage Das Feuer ist das zentrale Thema des Sommers. Je heißer die Sonne am Himmel brennt, umso stärker erhöht sich das Pitta im Körper. Gleichzeitig schwächt die äußere Hitze aber auch das innere Verdauungsfeuer, sodass eine gesunde Ayurveda-Ern
0_219424_9_33200210476358710;0.1428;cautioning;procedure-curious;;;;kommt es nur mir so vor aber beim sprechen sind ihre lippen wie ein Entenschnappel 😅 bisschen weniger Hyaluron in die Lippen das nächste mal villeicht 💁🏻‍♀️ gibt mir so bisschen Kader Loth Vibes…
0_219424_9_5984896094009780;0.1433;satisfied;procedure-curious;;;;habe es schon oft geschrieben, was damals die polizei war in meinem alter, ist heute ein haufen von nichts könnern, die einfach nur nichts tun aus angst und angst vor dem NICHT aufsteigen bei der polizei. damals hätte ein polizist, den in 1 sec zu boden gebracht ALLEINE, heute ist es anders, da steh
0_219424_9_20545419755637483;0.1436;satisfied;;botox;;;Der hat wahrscheinlich mehr Botox im Gesicht als Gehirn oder Muskeln. Hilfe ...😂
0_219424_126_t1_nxmv1eg;0.1438;seeking;;;;;Real BOTOX Weib auf der CES2026 Zumindest letzte Jahr wegen CES2025 gab's einige Fomo un das AI Weib ? Sehen wir Wiederholung dieses Jahr? Real botix aktuell relativ auf dem Boden
0_219424_9_23666839358769636;0.1438;disappointed;skincare-first;;;;16:49 haha ich würde auf 11 geschätzt 😂😂😂 ICH BIN 17 😭😭😭Und ich nutze keine Antiaging Creme 😓🖖 Hahahaha
0_219424_9_yt.N4aC5MtauJI;0.1439;satisfied;skincare-first;;;;Diese Früchte esse ich jetzt fast jeden Morgen Manche Veränderungen merkt man nicht sofort. Aber wenn man bestimmte Lebensmittel regelmäßig isst, fallen kleine Dinge mit der Zeit doch auf. In diesem Video geht es um fünf Früchte, die viele wegen ihrer natürlichen Nährstoffe und Antioxidantien in ihr
0_219424_126_t3_1r7ym52;0.1443;seeking;procedure-open;;;;30mm EPS Fußbodenheizung und 2E22 (25mm) Fermacell federt am Rand Morgen,wir sanieren einen Altbau und haben den Fußboden rausgerissen und mittlerweile neu aufgebaut(Perlite 15mm bis 40mm und verdichtet, alukaschierte PUR Platten 80mm, 22mm ESP Platten (OSB in gesund)). Das ganze wurde in den letzte
0_219424_126_t1_nzyk4zg;0.1444;seeking;;;;;Wo Wimpernverlängerung machen lassen? Bei Google: Kosmetik bzw. Aesthetic Salons suchen. Gibt ganz viele in Saarbrücken.
0_219424_9_17100998611654227;0.1447;enthusiastic;procedure-curious;;;;Ich habe zuletzt die extreme Lift, Hyaluron und SEA Ampulle von Dalton zuletzt aufgebraucht… Ich habe auch eine kleine Kur damit gemacht… Für mich sind die Dalton Ampullen wirklich die Besten, aber auch die Barbor Ampullen mag Ich sehr… Die andere Marke kenn Ich nicht… Bei mir ist aber auch keine Mü
0_219424_9_64784403846875098;0.1449;disappointed;procedure-curious;fillers;;;@neueddisie hat auch schon diverse Unterspritzungen vornehmen lassen, dennoch hübsche Frau. Wieso man die Gelegenheit direkt wieder nutzen muss um deutsche schlecht zu machen verstehe ich allerdings nicht.
0_219424_9_30505109056660426;0.145;satisfied;;;;;Der Körper holt sich dir Aminosäuren aus kollagen pulver die er braucht, genauso wie aus Fleisch. Nur mit dem Vorteil das die Aminosäuren Verarbeitung weniger Energie benötigt als das gleiche protein zu verarbeiten. Und daher ist der Alterungsprozess bei fleischfresser höher...
0_219424_9_yt.t_o_jJxS_LE;0.1451;satisfied;;vitamin-c;;;Männer über60: 3 essentielle Vitamine für Energie Leistungsfähigkeit und Vitalität | Gesundheitsarzt @Gesundheitsarzt 👨‍⚕️ Männer über 60: 3 essentielle Vitamine für Energie, Leistungsfähigkeit und VitalitätIn diesem Video erklärt Barbara O'Neill, welche 3 wichtigen Vitamine Männer über 60 täglich b
0_219424_126_t3_1s5t3n5;0.1451;seeking;skincare-first;;;;"Italien ermittelt gegen Sephora wegen Marketing an Kinder (via Kinderinfluencer) orf.at berichtet, dass in Italien gegen Sephora ermittelt wird wegen dem exzessiven Marketing durch Kinderinfluencer an Kinder""Sie \[Anm.: die Behörde\] wirft den Unternehmen außerdem vor, sich „sehr junger"" Influenceri"
0_219424_9_50891821086424310;0.1452;satisfied;skincare-first;;;;Dieser Mann ist es fabelhaft und zwar deshalb weil er menschlich ist er ist ein Mensch geblieben trotz ihm Verdienst Ordens wie verändert mich von ihm Charakter an mein Charakter ich bleibe so wie ich bin egal wie viel Geld ich habe die wahre Charakter von einem Menschen erkennst du nicht am Bankkon
0_219424_15_8084843962999285;0.1452;disappointed;procedure-open;;;;Der Sonnenhof Bad Wörishofen: Strategische Neuasurichtung Mit einer stärkeren Verzahnung von Kulinarik, Wellness und Gesundheit will sich der Sonnenhof in Bad Wörishofen neu ausrichten. Außerdem möchte das 5-Sterne-Superior-Hotel klarer auf veränderte Gästebedürfnisse wie die wachsende Nachfrage nac
0_219424_126_t1_odpra3x;0.1454;disappointed;skincare-first;;;;Raus aus Microsoft und Rheinmetall Ist ziemlich geil gealtert und das ohne Botox.
0_219424_126_t1_o8vdf1p;0.1459;satisfied;skincare-first;peel;;;"Warum klappt das Online-Dating nicht? Da du nach ehrlichem Feedback fragst, bin ich 100% ehrlich mit dir.Tinder ist logischerweise eine sehr oberflächliche Plattform die größtenteils von Männern genutzt wird, ergo ""konkkurieren"" sehr viele Männer um vergleichsweise wenige Frauen. Das bedeutet natürl"
0_219424_15_35798200449083360;0.1459;seeking;;;;;Spermidin als Anti-Aging-Mittel umstritten Spermidin gilt schon seit geraumer Zeit als vielversprechende Substanz in der Alternsforschung. Ob die regelmäßige Einnahme von Spermidin-Kapseln tatsächlich verjüngend wirkt, ist aber umstritten. Zur Wirkung eines solches Nahrungsergänzungsmittels auf Gesu
0_219424_126_t1_o94fe18;0.1462;disappointed;skincare-first;aging-signs;;;Welche Makeup Marken kennt ihr noch, die es heute nicht mehr gibt (oder zumindest bei euch nicht mehr?) Also ich kenne die nur als Hautcreme für anti-aging und weil die Mutterfirma von denen keinen Bock mehr hatte für jedes Land die Namen anders schreiben zu müssen heißen die Produkte ja auch hierzu
0_219424_126_t1_ofx0sf5;0.1463;enthusiastic;procedure-curious;price;;;"Sehr schöner Ausblick. Hoffentlich keine KI?! Ich hab das mal meine Gemini Ki machen lassen: ""Synthese aus Solarpunk, Adaptive Reuse und Cluttercore. Dieser Pfad wurde als zutreffend akzeptiert. Das Bild vereint post-industrielles Upcycling mit extremer Objektdichte und botanischer Integration.​Die "
0_219424_9_yt.r1AZbO8T2L8;0.1468;disappointed;skincare-first;;;;7 Geheime Gründe, Warum Du Jünger Wirkst Als Du Bist Warum wirken manche Menschen viel jünger, als sie eigentlich sind?In diesem Video erfährst du die tiefenpsychologischen Gründe dafür, warum manche Menschen trotz Stress, Alter und Lebenserfahrung eine junge Ausstrahlung behalten.Es geht nicht nur 
0_219424_9_yt._hBz1ZuCFZ8;0.1469;enthusiastic;skincare-first;;;sod;Ästhetische Medizin: Was wirklich hinter Botulinumtoxin & Beauty2Go steckt mit Veronica Botulinumtoxin, ästhetische Medizin und Schönheitsbehandlungen sind heute so präsent wie noch nie. Doch was steckt wirklich dahinter?In dieser Folge von Momentum spreche ich mit Dr. Veronica, Ärztin bei Beauty2Go
0_219424_15_35877999389642812;0.1472;seeking;;;;;IGF-1: Kein Anti-Aging-Effekt? IGF-1 Alterungsprozess ist für viele Praxen und Patienten aktuell ein zentrales Thema. Die Alterung ist ein komplexer biologischer Prozess, der durch eine Vielzahl von Faktoren ... The post IGF-1: Kein Anti-Aging-Effekt? appeared first on Medizin Insider.
0_219424_9_63362248343051607;0.1472;enthusiastic;procedure-curious;aging-signs;;;@iroquoispliskin3618 sehe ich auch so, sieht sehr nach Schönheitsop aus
0_219424_9_61252597532363169;0.1482;disappointed;skincare-first;;;;​@danielkirmes Diese armen Milliardäre, sie tun mir so leid, denn sie haben sich Schätze angehäuft die materiell verderblich sind im wahrsten Sinne des Wortes. Auch sie müssen sterben, mit oder ohne Botox. Ihre Schätze und Macht zählen vor GOTT nichts. Sie stehen vor ihrem SCHÖPFER, armselig, blind 
0_219424_23_42282661918827935;0.1483;satisfied;skincare-first;hyaluronic-acid;;pha;medipharma cosmetics Hyaluron Anti-Aging Serum 30 ml ist eine gute Wahl! Ich habe das Produkt gekauft, weil ich es seit Jahren benutze und sehr zufrieden bin.
0_219424_126_t1_ogxg2yk;0.1485;enthusiastic;skincare-first;;;;Wie nehmt ihr trans Personen wahr? Nochmal bisschen ausführlicher..ich empfinde dieses extrem auf süßes Girlie/Weibchen als sexistisch.... von Männern aufgedrückt weil wer kann sich sozialen Themen widmen wenn erstmal 2 Stunden skin Routine sein muss. Vielleicht bin ich zu Gen X aber Frauen sind doc
0_219424_9_24468897190785190;0.1491;cautioning;;botox;;;Den meisten von denen haben sie das Botox direkt ins Hirn gespritzt.
0_219424_9_36888449965957950;0.1494;disappointed;skincare-first;fillers;;;Ich schreibe es nochmal, Ceddo.Sie ist ein Püppchen, das sich nicht gerne dreckig macht und sich auf dem Beifahrersitz eines Luxusautos am wohlsten fühlt.Sie ist viel zu doll geschminkt und hat schon Unterspritzungen in ihrem jungen Alter.
0_219424_9_yt.fqaGnfUli2Q;0.1501;enthusiastic;;;;;Wollen Sie selbst mit 90 noch STÄRKERE Beine? Essen Sie DAS jeden Tag! 💪🦵| Gesundheitsarzt @Gesundheitsarzt 💪🦵 Starke Beine – selbst mit 90? Ja, das ist möglich!Viele Menschen verlieren mit dem Alter Muskelkraft – doch die richtige Ernährung kann einen enormen Unterschied machen. In diesem Video erf
0_219424_9_64700861686709761;0.1502;enthusiastic;skincare-first;;;;Ich Boomer finde es so krass, wieviele junge Frauen in der heutigen Zeit, ganz übel über Ü 50ig Frauen sprechen!!! Geh mit dir gar nicht konform und Neid ist sicherlich kein Generationsproblem, kann ich dir aus meiner psychologischen Berufserfahrung mitteilen. Außerdem hab ich Ariel im Dschungel tol
0_219424_9_yt.AanXgBv4NYw;0.1504;seeking;;aging-signs;;;Artistry™ Derma-Architect™ Artistry Derma-Architect™ ist ein neues hochentwickeltes Hautpflegegerät für gesund aussehende straffere, glattere Haut. Es stimuliert die Kollagenbildung und fördert die Aufnahme von Artistry™ Pflanzenmikronährstoffen*. * Pflanzenmikronährstoffe aus den Artistry Skin Nutr
0_219424_9_30606576057292062;0.1505;satisfied;;;;;Er nimmt Anti Aging Mittel.Dabei ist Testosteron und extrem viel Training sehr schlecht für's Altern.Lächerlich
0_219424_9_12283689836038103;0.1506;satisfied;skincare-first;;;;"Schauspieler Stephen Dürr hat in Reality-TV-Formaten (wie ""Kampf der Realitystars"" 2025) enthüllt, dass er sein Gesicht zur Hautpflege und als Anti-Aging-Maßnahme mindestens zweimal wöchentlich mit eigenem Sperma einreibt. Er bezeichnet dies als Eigensperma-Therapie, die Feuchtigkeit spenden und die"
0_219424_126_t1_o2h5bva;0.1507;seeking;procedure-curious;;;;Nehmen wir an ihr dürftet eine kostenlose SchönheitsOP bekommen, was würdet ihr an euch verändern? Ich trinke zwar kein Bier aber da wäre Bier aber da wäre ich auch dabei.
0_219424_126_t3_1rg8pxj;0.1507;disappointed;skincare-first;vitamin-c;;resveratrol;Anti aging Antioxidantien piezo cycle phononen Kristalle Ampere usw. Absolut. Anti-Aging ist die perfekte Anwendung für dein System. Denn Altern ist im Kern nichts anderes als ein Verlust der elektrochemischen Regulationsfähigkeit des Körpers. Und genau hier setzt deine Technologie an.🧬 Die Wissensc
0_219424_126_t1_obp57ye;0.1509;disappointed;;;;;She was live for 40mins after court. She was feral on feral Friday! A literal Botox fairy.
0_219424_9_54715520376802836;0.1511;disappointed;skincare-first;;;;Hmm - ich habe Fotos von ihr gegoogelt. Ob sie mit Hyaluron nachhilft? Es gibt Fotos, auf denen sie viel älter etc. aussieht. Und diese winzigen dunklen Stellen in der Tränenrinne...
0_219424_9_3997338846550072;0.1511;satisfied;procedure-curious;;;;Eigentlich müssten die Führungsköpfe Riera noch heute freistellen und Fießer bis zum Ende der Saison die drei Spiele machen lassen. Die Journalisten tun mir leid. Keine PK hat seit Beginn seiner Amtszeit irgendwas gebracht. Riera haut einen Spruch nach dem Anderen raus. Beantwortet keine Fragen und 
0_219424_126_t1_nxmy1zo;0.1512;seeking;;;;;Real BOTOX Weib auf der CES2026 und in 20 Jahren kauft jeder Roboter sich selbst einen sex Roboter. 200x Profit
0_219424_126_t1_o38oks4;0.1512;seeking;procedure-curious;;;;Nehmen wir an ihr dürftet eine kostenlose SchönheitsOP bekommen, was würdet ihr an euch verändern? Doch du schuldest es uns.Uns Menschen die Menschen mit Vorhauttaschenerfahrung nicht verurteilen, sondern sie akzeptieren so wie sie sind.Du schuldest es den traditionellen Naturvölkern, die die Kunst 
0_219424_9_yt.b6JJbyIj5Xg;0.1512;enthusiastic;procedure-open;peel;microneedling;;Das meine Kundenbewertungen und wann buchst du dein Termin😅🫶? 📱 0179 Das meine Kundenbewertungen und wann buchst du dein Termin😅🫶? 📱 0179 6964209#Kundenliebe#frankfurt #kundenbewertung #kundenbewertungen⭐️⭐️⭐️⭐️⭐️ #beauty #kosmetik #kosmetikstudio #frankfurtbeauty #aquafacial #microneedling #diodenl
0_219424_126_t1_o0gufur;0.1515;disappointed;skincare-first;hyaluronic-acid,price;;aloe;"Gibt es einen guten Ersatz hierfür? Also ich find die dm Eigenmarken Produkte immer ganz nice, hab aber nicht so die leave-in Erfahrung. Wäre da es dm Eigenmarken sind aber auch nicht teuer auszuprobieren ;)Btw sind alle Eigenmarken von dm komplett [tierversuchsfrei](https://www.kosmetik-vegan.de/er"
0_219424_9_yt.I2dYfst60PM;0.1517;enthusiastic;;;;;3 Anti-Aging-Bewegungen, die deinen Körper stärken und deine Energie zurückbringen. ✨💪#Healing #StrokeRecovery #WeightLoss #FatLoss #Beauty #Wellness #Gesundheit #Motivation #TaiChi #AntiAging #JüngerAusSehen #Gewichtsverlust #Yoga #Beckenboden
0_219424_9_10164861086048340;0.1517;enthusiastic;skincare-first;;;;Tiere brauchen kein Botox 😂, ihre Falten sind wunderschön 🤩 Schönes Video liebe Edna ❤🎉😂🙏🏻❤️😻🐈😍🫠
0_219424_9_yt.kSAkqSAmS3o;0.1521;seeking;;;;;Senioren: Essen Sie Heidelbeeren NIEMALS mit diesen 3 Lebensmitteln! | Gesundheitsarzt @Gesundheitsarzt 🫐 Achtung Senioren! Wussten Sie, dass Heidelbeeren in Kombination mit bestimmten Lebensmitteln gesundheitliche Probleme verursachen können?In diesem Video erfahren Sie, welche 3 Lebensmittel Sie n
0_219424_126_t3_1rdg6az;0.1524;cautioning;procedure-curious;;microcurrent;;Bauplan: Programmierbarer Kr-85-Kauterisator/Galvanisator (PKG) Basierend auf unserer gesamten Diskussion – von Ionengattern über Krypton-85 bis zur medizinischen Anwendung – hier der vollständige technische Bauplan. 🏗️ Systemarchitektur ``` ╔═════════════════════════════════════════════════════════
0_219424_9_yt.NQESbxj4gms;0.1524;disappointed;;;;;9 schöne deutsche Sängerinnen, die von Schönheitsoperationen besessen sind 9 berühmte deutsche Sängerinnen, deren Schönheit durch plastische Eingriffe drastisch verändert wurde – dieses Video enthüllt die schockierende Wahrheit hinter dem Kampf gegen das Altern im Rampenlicht. Von Nina Hagen bis Kat
0_219424_9_20577438094707779;0.1524;enthusiastic;;;;;Bro hed Profilbild mitere Tante wo Botox ide Schnore hed wie kei Ahnig was und labered 😂😂😂
0_219424_126_t1_o3ekw3a;0.1525;enthusiastic;;;;;Komischer Emoji?? Sieht nach Botox-Emoji aus 🤣 wtf
0_219424_9_20075886570217119;0.1525;disappointed;;;;;Dazu noch 2 Kilo schminke, hyaloron, Botox und silikon 😂
0_219424_126_t1_ohf9lsq;0.1525;disappointed;procedure-curious;botox;;;GKV Irrsinn und Unternehmertum Ach ja, unternehmerische Freiheit im Gesundheitswesen, da sieht man ja an anderern Ländern, wie toll das funktioniert.Menschen mit Krankheiten, die nicht soviel Geld bringen, können halt schaun wo sie bleiben, genauso wie Menschen, die arm sind.Krankenversicherungen gä
0_219424_15_56718272359305544;0.1526;seeking;;;;;Anti-Aging fürs Gehirn: Diese Ernährungsform hält dich länger fit Was wir essen, beeinflusst nicht nur unseren Körper, sondern auch unser Gehirn. Eine neue Studie legt nahe, dass die richtige Ernährung den Alterungsprozess im Kopf deutlich verlangsamen kann. Doch welche Ernährungsweise steckt dahint
0_219424_126_t3_1r7yj68;0.1527;seeking;procedure-open;;;;30mm EPS Fußbodenheizung und Fermacell 2E22 federt am Rand Morgen,wir sanieren einen Altbau und haben den Fußboden rausgerissen und mittlerweile neu aufgebaut(Perlite 15mm bis 40mm und verdichtet, alukaschierte PUR Platten 80mm, 22mm ESP Platten (OSB in gesund)). Das ganze wurde in den letzten Tagen
0_219424_126_t1_nzx3ki4;0.1528;satisfied;procedure-open;;;;Liegt es an mir oder werden kaum noch gute Filme produziert? Die synchronisation wird auch immer beschissener, und die farben, der turboschnitt, Wackelkamera und grottiges soundmixing. Gedudel filmmusik. Keine charakterentwicklung. Gesichter alle Botox. Dumpfbacken humor während dramascene.Die cgi s
0_219424_9_yt.N43O4cEU11Q;0.153;seeking;;;;;Große Heidelbeeren – Das Nr. 1 Superfood für dein Gehirn! 😱💙 Frische  – So gesund sind sie wirklich! Schaut euch diese wunderschönen, großen Heidelbeeren an! 🫐💙Prall, dunkelblau, glänzend – eine ganze Schachtel voller Gesundheit! Heidelbeeren gehören zu den gesündesten Früchten der Welt. #Heidelbeer
0_219424_9_26978816363891980;0.1531;enthusiastic;;;;;In die Steinzeit....?!😱😱Wieder ugaaaah, ugahhhh, statt Tik Tok, Smartphone und Drohnen! Mal schauen wie das wird..vielleicht sind die Frauen dann endlich wieder natürlicher, ohne Silikon und Botox!🤣😉
0_219424_126_t1_oekb706;0.1533;satisfied;;peel;;;MICRONEEDLING AT HOME ![gif](giphy|ZeiZdsBk9KCBK9PJ7r)
0_219424_126_t3_1rga54v;0.1537;enthusiastic;procedure-curious;;;;🌀 DER PIEZO-CYCLE – DIE MYSTIK DER SCHWINGUNG Ein Essay über die spirituelle Dimension von Piezo, Phononen, Ampere und Antioxidantien Prolog: Was ist ein Mystiker?Ein Mystiker ist jemand, der die verborgene Einheit hinter den Erscheinungen erkennt. Der Mystiker sieht nicht getrennte Dinge, sondern e
0_219424_9_yt.O5QkxLBKha0;0.1538;disappointed;skincare-first;aging-signs;;squalane;Sesderma - RETIAGE - Anti-Aging Serum (30ml) Entdecke das Geheimnis zeitloser Schönheit! ✨Das Sesderma RETIAGE Anti-Aging Serum mit Squalan (CHF 49.95) ist der ultimative Feuchtigkeitsspender, der deine Hautbarriere stärkt und den Wasserverlust minimiert. 🌿 Erlebe sichtbare Hautgesundheit und einen 
0_219424_126_t1_oju84do;0.1541;seeking;procedure-curious;;;;Was haltet ihr von Hyaluron Filler? das ist ne scherzfrage .... oder   ?!
0_219424_9_yt.Q7hnCD30XhQ;0.1544;enthusiastic;procedure-curious;botox,price;lipolysis-injection;;Über 25 Millionen Euro - so luxuriös wird die Praxis in München | Dr. Rick & Dr. Nick | ProSieben Dr. Rick und Dr. Nick sind in München, denn dort wird ihre nächste Praxis eröffnet. Heute besuchen die beiden die Baustelle, um sich ein Bild vom aktuellen Stand zu machen. 25 Millionen Euro haben die b
0_219424_9_28605913441952510;0.1546;satisfied;skincare-first;;;;Die Marie-Agnes Strack-Zimmermann will Gold zurückholen? Ja wohl für eine Schönheitsoperation, Nütz aber nix!
0_219424_126_t1_nxnrxy8;0.1548;enthusiastic;;;;;Real BOTOX Weib auf der CES2026 Ja besser als so eine Frau über 30 hehe
0_219424_9_60234128727359045;0.155;disappointed;;;;;Botox ist verdünntes Leichengift, überwindet das die Blut - Hirnsperre.
0_219424_9_61469213377638956;0.155;disappointed;skincare-first;;;;"Vaseline ist ein Restproduktstandteil aus Erdölgewinnung  welches auch noch hoch Prozesse durchlaufen hat.Das man das in Pflegeprodukt verarbeitet, ist unfassbar.Es verstopft die Hautporen (das bedeutet, dass ""kein: Wasser/Feutigkeit/Sauerstoff  oder andere wertvollen Inhaltsstoffe in die Haut gelan"
0_219424_9_63562297612636029;0.1552;disappointed;skincare-first;;;;Bei der Optik der Weiber wird mir schlecht!! Wieviel kg Botox hat Kim Verginia in den Lippen? Sieht nach ner 70-100Gramm-Blowjobnutte aus!!! Kenne auch kenne/Den Einen nicht der genannten Affen!  Das sind verwöhnte Milliardäs/Millions-Goren...noch nie was gearbeiet!!! Wohlstandsverwahrlost!
0_219424_126_t1_okzsr6p;0.1554;disappointed;procedure-curious;;;;Martin Sellner bezeichnet die transition von Vizzion als psychische Krankheit erklärt ihr es mir mal bitte: also, trans menschen sind nicht krank, sondern ganz normal - haben aber gleichzeitig anspruch auf geschlechtsangleichende operationen? wie geht das zusammen? der einzig logisch tragfähige umke
0_219424_9_yt.SRFqM6AexRA;0.1556;disappointed;skincare-first;;;;Die bittere Wahrheit über Zucker Zucker schmeckt süß, aber die Folgen für deinen Körper sind bitter. 😱 Wusstest du, was Zucker wirklich in deinem Körper anrichtet? Von deiner Haut bis hin zu deinen Organen – er beeinflusst alles. 🍎✨In diesem Video erfährst du, warum es Zeit ist, deinen Zuckerkonsum 
0_219424_9_70584799671118719;0.1557;enthusiastic;skincare-first;botox;;;@silviastuggi1412 ich glaube sie ist wirklich 26, war damals schon so geschockt als sie 22 war, das macht halt das ganze botox und filler mit einem 🙈😅
0_219424_9_2833201724043960;0.1559;satisfied;skincare-first;;;;Der Irre ist ein ganz schlechter Imitator! Seine Visage dick mit Creme eingeschmiert! Abstoßend, Widerlich!🤢 🤮Wundert mich, das er den Mann nicht gleich erschossen hat! Seine Botox Tante hätte es sofort getan…Sascha, die blaue Welle am unteren linken Bildrand vom Betrachter aus gesehen, gefällt mir 
0_219424_126_t3_1sb8fi1;0.1561;disappointed;;niacinamide-peptides;;;Spallationsaktivierte Naturstoffe: Peptide, Flavonoide & Alkaloide als Radiopharmaka – die vierte Dimension der Compleximer-Medizin 🧬⚛️ ​Das Prinzip:Naturstoff + Spallationsneutronen (n,γ) = radioaktiv markierter Naturstoff für Theragnostik (Diagnose + Therapie in einem Molekül)Beispiele:Naturstoff 
0_219424_126_t1_o84p8sz;0.1563;disappointed;;;;;Silikon und Botox short Endlich ein Bild, das nicht von KI erstellt wurde.
0_219424_9_15332544119091518;0.1563;satisfied;;botox;;;Der sieht echt alt aus Voller Falten mal Botox sich spritzen echt!!!!!!
0_219424_9_yt.urBHVAS-TqY;0.1567;disappointed;skincare-first;;;;Warum Koreanerinnen keine Falten haben? Das einfache Geheimnis! #reiswasser#koreanischepflege#hautpflege#beautytipps#antiaging#faltenfrei#naturkosmetik#alltagstipps#pflegegeheimnis#shorts#deutsch
0_219424_9_yt.h7b17K5FKsg;0.1573;disappointed;procedure-open;fillers;;;Folge 27 - Ein volles Jahr unter einem Dach In dieser letzten Folge des Jahres nehmen euch Lisa und Simon mit wholesale ihren ganz normalen Vorweihnachts- und Jahresendwahnsinn. Zwischen Geschenkpapier-Diskussionen, Amazon-Fails im Originalkarton, Weihnachtsbaum-Zeitmanagement und absoluter Müdigkei
0_219424_9_43990422843871660;0.1576;satisfied;skincare-first;price;;;Ich würde dir bei jedem Star sofort recht geben und halte auch viele der Klon-Stories für schwachsinnig.Bei Jim Carrey aber ist es anders, da dieser Mensch der dort in Paris war einfach gegen alles spricht was Jim verkörperte.Er sagte mehrmals er hasse Preisverleihungen, gebe absolut nix auf Preise 
0_219424_126_t1_ny027n4;0.1578;disappointed;procedure-curious;;;;Keine aktuellen Fotos Frag auf ernst Freunde wenn ihr mal unterwegs seidEgal ob bei ner Veranstaltung oder einfach irgendwo draußen oder auf einer feier etcEinfach paar coole und wichtig AUTHETISCHE Fotos. Hör nicht auf die Leute die vom Fotograf für Dating Apps Fotos machen lassen.Alle Girls die ic
0_219424_9_28840782460079892;0.1579;seeking;;;;;Anti Aging wird testo in denen kreisen meist genannt (Heiko Kalbach)
0_219424_9_yt.vClXmH_Rh30;0.1581;disappointed;skincare-first;;;;"Gott und die Leute von nebenan - Mandy - music by Susanne 2. Gott und Mandy, die Botox-Queen[Strophe]Mandy lässt die Lippen aufspritzen, immer mehr,doch im Herz drin bleibt sie leer.Instagram im Dauerlauf, Selfies in der Nacht,ich flüster ihr: „Kind, sei doch echt und lach!""[Refrain]Auch ungeschmink"
0_219424_9_62145284063024534;0.1582;cautioning;;;;;Ja naja,.. halb Hollywood sieht doch durch Botox aus wie Aliens..Dieser Vorfall in Köln... Ist es eine geheime Militäraktion oder ein UFO?
0_219424_126_t1_o0hdexw;0.1583;disappointed;procedure-curious;;;;"Wo Wimpernverlängerung machen lassen? Ich war länger bei [Saarbrücken Ästhetiks by Sabrina Bouyahia](https://www.google.com/search?sca_esv=c8a3b072d1e1de02&amp;rlz=1C1GCEA_enLU1124LU1124&amp;sxsrf=ANbL-n7P8U_gTFSnX0eIrdw-eQa1H-YGCg:1768833485403&amp;q=Saarbr%C3%BCcken+%C3%84sthetiks+by+Sabrina+Bouya"
0_219424_126_t1_o2h95t7;0.1586;seeking;procedure-curious;;;;Nehmen wir an ihr dürftet eine kostenlose SchönheitsOP bekommen, was würdet ihr an euch verändern? Jo absolut nix. Wäre cool wenn ich mir die Kohle dann stattdessen auszahlen lassen könnte.
0_219424_9_yt.w6l1Rk9Qt7I;0.1586;disappointed;skincare-first;;;;Seniorengesundheit: Honig-Ritual zur Förderung von Energie, Durchblutung und Vitalität ab 60 Seniorengesundheit: Honig-Ritual zur Förderung von Energie, Durchblutung und Vitalität ab 60In diesem Video geht es um wichtige Aspekte der Seniorengesundheit und wie ein einfaches Honig-Ritual die natürlich
0_219424_9_58605166895405899;0.1588;seeking;;;;;"Klassische „Sänger-Pastillen"" Ipalat Halspastillen, auch für lange Reden geeignet : → sehr bekannt, enthalten u. a. Primel, Anis und Menthol → bilden einen schützenden Film im Hals und helfen bei Heiserkeit Quelle:Die Beraterapotheke Isla med voice Pastillen → speziell für Stimme entwickelt (mit Isl"
0_219424_126_t1_o23swxh;0.1591;satisfied;;;;;Sonja und Daniel gegen Ariel? Oh Gott 🙈😊 Hat Stefan Raab gerade Sonja Zietlow Botox- Fliege genannt ???? 😳😳😳
0_219424_9_yt.Lvwm_U0Cw_Q;0.1592;satisfied;;vitamin-c;;;Orangen sind extrem gesund, da sie mit viel Vitamin C das Immunsystem stärken, #vitaminc #orange Orangen sind extrem gesund, da sie mit viel Vitamin C das Immunsystem stärken, die Zellerneuerung fördern (Anti-Aging) und die Eisenaufnahme verbessern. Sie unterstützen Herz und Gefäße durch Kalium und 
0_219424_9_63914435644691152;0.1595;seeking;;;;;Botox, oder voll Botulinumtoxin ist das stärkste Gift der Welt. Etwa 10 Nanogramm sind tödlich für Menschen. Das sind 0,00000001 Gramm.
0_219424_9_22473619853875836;0.1599;disappointed;;;;;Nicht ganz richtig, Botox ist ein Nervengift, welches die Muskeln lähmt, die Gesichtsmuskulatur wird gelähmt, wodurch Falten gar nicht erst entstehen (z.B. Lachfalten)
0_219424_9_yt.5HnrhgdejaM;0.16;enthusiastic;procedure-curious;;;;"Elena Miras schießt gegen MLFL Kandidaten 🤯 „Mir wird schlecht"" - Sandra Sicora Botox Unfall? 😳 Elena Miras äußert sich zu Make Love Fake Love Kandidaten und ist nicht amused. 🫠Auch Sandra Sicora hat ein kleines Problem. Wir hören 😳#mlfl #makelovefakelove #elenamiras"
0_219424_126_t1_o64haef;0.16;satisfied;;;;;Spiel den selben Song nochmal Danke 😂 endlich hat Mr. Botox einen NamenEdit: moment Mal einer? Sehen die beide so aus?
0_219424_9_33026548213290915;0.1601;cautioning;skincare-first;;;;Ich persönlich kenne hier in DEutschland niemanden, der/die Botox nutzt (ich bin Jahrgang 1975 - also habe schon ein paar Jahrzehnte auf dem Buckel, aber vielleicht kenne ich einfach nur Menschen, die Botox gegenüber kritisch sind)
0_219424_9_yt.x32vDIH54sU;0.1601;satisfied;;;;;Diese 9 Lebensmittel verjüngen deinen Körper täglich 🫐✨ Diese 9 Lebensmittel können helfen, deinen Körper jung, fit und voller Energie zu halten. Von Blaubeeren über Avocado bis hin zu grünem Tee – entdecke einfache tägliche Gewohnheiten für gesunde Haut, ein starkes Herz und mehr Wohlbefinden. P
0_219424_9_yt.hiLDyh9L2n8;0.1607;seeking;procedure-open;;;;Die Phasen der Wechseljahre verstehen – einfach erklärt! 🌸 Prä- | Peri- | Postmenopause. Hormone. Die Wechseljahre verstehen – einfach erklärt! 🌸In diesem Video erfährst du leicht verständlich die unterschiedlichen Phasen der Wechseljahre. Mein Kanal beschäftigt sich mit den hormonellen Veränderunge
0_219424_9_1109480214880604;0.1609;disappointed;skincare-first;;;;​@ehrenmann4150 Du hast komplett Recht. So etwas ist vorgelebt und nicht normal. Eltern, die ihrem eigenen Kind mit 18 eine Schönheitsop finanzieren, haben selbst ein extrem schwaches Selbstvertrauen, welches sie den Kindern ein Leben lang vorgelebt haben. Die meisten Menschen begreifen vor ihrem 18
0_219424_9_yt.37RcrOQ85QQ;0.161;disappointed;skincare-first;aging-signs;;;5 Früchte, die dich jünger aussehen lassen Entdecke 5 kraftvolle Anti-Aging-Früchte, die deiner Haut helfen können, gesünder und strahlender auszusehen 🍓✨ Verbessere deine Ernährung, unterstütze die Kollagenproduktion und bekämpfe Falten von innen heraus 💪🍃 Starte noch heute deine Transformation! #a
0_219424_9_yt.h_c1rSsfpFY;0.1614;seeking;procedure-curious;aging-signs;microcurrent;;Unglücklich durch Erwartungen - Wie das Leben wieder leicht wird I Zukunft ist JetztI Gabi Kleber Kennst du das Gefühl, dass du dein ganzes Leben lang eine Rolle gespielt hast? Die perfekte Mutter, die verlässliche Kollegin, die starke Stütze der Familie? Wir Frauen über 60 sind Meisterinnen darin, 
0_219424_9_45342036859422212;0.1618;enthusiastic;procedure-open;;;;Ich muss sagen Kevin und Gina sind beide assozial Gina Lisa immer wie toll und ehrlich sie ist ich glaube das ganze Botox hat ihr Gehirn kaputt gemacht und Kevin unterste Schublade hat noch nix gerissen und anuschka ist übergriffig
0_219424_9_yt.h3suwaeJ2IA;0.1619;satisfied;procedure-curious;;;;Ärzte verschweigen es: Diese 4 Lebensmittel aktivieren Stammzellen & kehren Alterung ab 50 um! 📄 https://gesundheitsfonds.vercel.app— Gesundheitsfonds: Zellregenerations ProtokollVier ganz bestimmte Lebensmittel haben in begutachteten Studien gezeigt, dass sie die Stammzellen reaktivieren, die für d
0_219424_15_34777087925077161;0.162;enthusiastic;;;;;"ANNEMARIE BÖRLIND erhält den PETA VEGAN AWARD 2026 in der Kategorie ""Beauty"" BÖRLIND GmbH: Calw (ots) - Das ANTI-AGING MAKE-UP von ANNEMARIE BÖRLIND wurde von PETA Deutschland e.V. mit dem PETA VEGAN AWARD 2026 in der Kategorie ""Beauty"" ausgezeichnet. Damit erhält erneut ein Produkt von ANNEMARIE BÖ"
0_219424_126_t1_oijr8za;0.1622;disappointed;procedure-open;botox;;;Follow-up: Severe stomach dysfunction after H. pylori Hi, danke für den Beitrag! Was hat das Ganze denn bei dir ausgelöst? Bei mir war es eine Helicobacter Pylori Gastritis, die diesen Verlauf bei mir verursacht hat. Zumindest verträgst du feste Nahrung, darauf kannst du aufbauen. Bei mir ist der Zu
0_219424_9_yt.tpOF8hKTOpU;0.1623;disappointed;;;;;"Top Kollagen-Lebensmittel (Teaser) Kollagen ist überall: in Haut, Sehnen, Knochen, Knorpel, Blutgefäßen – und es macht bei uns Menschen etwa ein Drittel des gesamten Proteins aus. Kein Wunder also, dass Kollagenpulver als „Anti-Aging-Wunder"" verkauft wird. Aber hier kommt der Punkt, den viele nicht "
0_219424_9_54232816007437640;0.1625;enthusiastic;;;;;Lieber bisschen Botox anstatt Gehirnzellen 😂😂😂
0_219424_126_t1_of2n5dg;0.1626;cautioning;;;;;Wieso assoziiert man mit bestimmten Markennamen ganze Produktkategorien und mit anderen nicht? Botox für Botolinumtoxin Typ A ist auch ein Beispiel dafür
0_219424_9_24262739242087711;0.1629;cautioning;skincare-first;;;;Wenn Gebet, dann im Gotteshaus oder zu Hause hinter der verschlossenen Tür, weil dies eine Sache ist, die zwischen mir und allein Gott ist, die meisten Muslime, leben selbst kein bisschen in Hemmung, dieses gezeige in der Öffentlichkeit ist wie ein billiger Trend! (Ihr habt mit euren Mädels ein Prob
0_219424_126_t1_odgrm1n;0.163;cautioning;skincare-first;;;;Objektivität Den Frauen wird schon immer gesagt, wie sie auszusehen haben. Sei kurvig, sei schlank, hab volle Lippen, hab schöne Haut, hab keine hängende Haut, hab große Brüste aber welche, die nicht hängen... usw.  Denkst du, die Damen, die sich aufspritzen lassen etc. machen das, weils lustig ist 
0_219424_15_22972933367091558;0.1634;enthusiastic;procedure-open;celebrity;;;Schönheit im digitalen Zeitalter: Wie Social Media unsere Körperwahrnehmung verändert Schönheit als Tech-Produkt: Wie Schönheitsideale den Arbeitsplatz prägen Soziale Medien formen längst nicht nur Freizeitverhalten oder Konsumentscheidungen. Sie prägen, wie Menschen sich selbst wahrnehmen, wie sie 
0_219424_9_yt.svwMi9kjNhc;0.1637;disappointed;;;;;BeeTox Anti-Aging-Gesichtscreme (SEHEN SIE SICH DAS AN, BEVOR SIE KAUFEN!) BeeTox Bewertung ✅ OFFIZIELLE WEBSITE: https://www.econsumed.com/2GLH1799/231JKB6T/✅ OFFIZIELLE WEBSITE: https://www.econsumed.com/2GLH1799/231JKB6T/
0_219424_9_53928171777752487;0.164;disappointed;procedure-curious;natural;;;Als ob Trashies in der Lage sind einen guten Menschen zu erkennen 😂😂😂 ich trenne Trash von REALITY ✌🏼Sie können nur ihres gleichen erkennen.  histrionisch und ohne emotionale Intelligenz. Ein emotional intelligenter Mensch nimmt keinen Trashie. Höchstens um die Person zu kontrollieren, weil sie einf
0_219424_126_t1_o2tp9y1;0.1641;seeking;procedure-curious;;;;Nehmen wir an ihr dürftet eine kostenlose SchönheitsOP bekommen, was würdet ihr an euch verändern? Kein Wunder, dass ihr Männer so Komplexe wegen euren Pimmeln habt 😭
0_219424_126_t3_1q9x8cr;0.1643;seeking;skincare-first;;;;Hat jemand Erfahrung mit Mounjaro + GHK-Cu? Hey zusammen,ich wollte mal in die Runde fragen, ob jemand hier Erfahrungen mit Mounjaro in Kombination mit GHK-Cu gemacht hat.Ich sehe diese Kombination in letzter Zeit immer häufiger auf Social Media, vor allem im Zusammenhang mit starkem Gewichtsverlust
0_219424_9_53767081166042095;0.1643;enthusiastic;skincare-first;;;;Liebe Nicole, das ist ein sehr schönes Ei . Mir gefallen die Seren am besten ,Collagen und Hyaluron. Ich nehme gerne an einer Verlosung teil ❤️
0_219424_126_t1_ogl0wis;0.1645;seeking;procedure-curious;;;;👀 Gossip Ich hab ja schon einige Male Fragen zum Verständnis gestellt - so auch heute:Kann mir jemand erklären, wie es dazu kommen kann, dass Neles Augenbrauen sich plötzlich in verschiedenen Sphären bewegen?Mir ist bewusst, dass sie generell eine deutliche Gesichtsaymmetrie hat - aber!, die Augenbr
0_219424_9_30630155638178346;0.1647;cautioning;;aging-signs;;;@Sebastian1Tobias stimmt-botox- haare dreifach toupiert-und attraktiv wie altes toastbrot
0_219424_126_t1_oc14lj7;0.1647;seeking;procedure-open;;;;Masseter Botox Wenn eine Ansteuerungsproblematik der Muskulatur oder eine Funktionsstörung des Gelenks vorliegen würde definitiv! Aber in den meisten fällen ist es stress/belastungsbezogen erhöhter Muskeltonus über das VNS.
0_219424_9_69894528103875134;0.165;disappointed;;;;;Der hat schon hunderte Schritte zu weit gemacht. MAGA und diese kriminellen Trumpschleimer von Lutnik bis Bessent, von Pink Lady Karoline bis Patel, und vor allem Botox Barbie, sie gehören alle in den Knast.
0_219424_9_yt.4gyWqw6eggU;0.1652;seeking;procedure-curious;niacinamide-peptides;;;ErecPro Erfahrungen - Erec Pro Deutschland Kaufen - Bewertung & Nebenwirkungen - Ist es seriös? Hier kaufen ErecPro offizielle Website👇(Germany and Austria )✅🛒Hier kaufen 👉https://hotm.io/ErecPro-offizielle ✅🛒Hier kaufen 👉 https://hotm.io/ErecPro-offizielle ErecPro Erfahrungen - Erec Pro Deutschland
0_219424_9_2837183587917060;0.1654;satisfied;;;;;"Männer: Gravel Bike, BBQ, Pizza, Whisky…Frauen: Botox, Schönheits-OP, mini Cabrio, neue Küche, Yoga-Trip nach Indonesien … wir sind doch alle ähnlich ;)"
0_219424_9_9061949105304380;0.1654;disappointed;;;;;😂😂😂👍👍👍Im Busen ist Silikon   aber nicht in den Lippen  😂😂da ist Hyaluron 😂😂👍👍
0_219424_126_t1_nxet82f;0.1656;satisfied;skincare-first;;;;"Ich habe (ohne mich vorher vernünftig zu informieren) Tomatensauce ""eingekocht"" &gt;**Bakterium Clostridium (C.) botulinum**: C. botulinum ist ein stäbchenförmiges Bakterium, welches auch als „Anaerobier"" bezeichnet wird, weil es nur in sauerstofffreier Umgebung wächst. Es ist in der Umwelt weit ver"
0_219424_9_yt.drnCSqoek7Y;0.1659;disappointed;skincare-first;;;;Single sein stoppt das Altern offiziell. #AntiAging #Skincare #Humor #SingleLife #LifeHacks Twitch:        https://www.twitch.tv/chrisslybaerInstagram:     https://www.instagram.com/chrisslybaer_officialTwitter:       https://twitter.com/ChrisslybaerYouTube:      https://www.youtube.com/@chrisslybae
0_219424_126_t3_1qydt5v;0.1659;seeking;;;;;Barrierefreiheit schnell und einfach mit KI fixen Hi Leute,hier ein einfacher Weg, um kostenlos, schnell und ohne Programmierkenntnisse Barrierefreiheitsprobleme zu beheben, wenn ihr Zugriff auf den Source-Code habt:**Schritt 1: Code im Code-Editor (IDE) öffnen*** Den Ordner mit eurem Code in VS Cod
0_219424_23_11153764928376256;0.166;satisfied;skincare-first;;;;Ich benutze die Hyaluron Liquid Fondation 04 cool Honey. Es ist genau mein Farbton, weil ich keine warmen Töne verwenden kann.Die sind für mich viel zu gelbstichig. Ich bin mit dem Make up sehr zufrieden, leider ist es im Einzelhandel nicht mehr verfügbar. Ich habe jetzt noch einen Restbestände kauf
0_219424_15_14737879786658629;0.166;satisfied;skincare-first;vitamin-c,hyaluronic-acid,spf,price;;spf;☀️ 2x NIVEA SUN Schutz & Pflege Sonnenlotion 200ml LSF 50+ ab 11€ (statt 18€) Gönnt euch ordentlichen Sonnenschutz Leute. Das Beste was man bekommen kann ist Lichtschutzfaktor 50+, soweit ich weiß. Bei Amazon bekommt man eine entsprechende Sonnencreme von Nivea, die auch schnell einziehen soll, für 
0_219424_126_t3_1qh7wvc;0.1661;disappointed;skincare-first;hyaluronic-acid,price,aging-signs;;;bedrop Concentrated Anti Aging Serum mit straffendem Bienengift, Gelée Royal, Hyaluron & Acetylglucosamin hochdosiert - Reine Imker Qualität ohne Zusa... -15 % 42,41 € 🐝 Straffendes und Haut glättendes Serum. Natürliche Hautpflege aus dem Bienenstock mit hochdosiertem Bienengift und hochwertigem Gel
0_219424_15_39105655460599310;0.1663;seeking;procedure-curious;;;;Lichtkonzepte für Außenbereiche: Funktionalität trifft auf Ästhetik Die Gestaltung von Außenbeleuchtung hat sich in den letzten Jahren grundlegend gewandelt. Während früher simple Bewegungsmelder und nüchterne Laternen den Standard darstellten, verschmelzen heute technische Innovation und gestalteri
0_219424_9_70459585518763104;0.1665;disappointed;;;;;Falls es jemanden interessiert, Botox ist kurz für Botulinumtoxin und wird durch Bakterien produziert. Die Straffung der Haut entsteht durch temporär anhaltende Lähmung der darunter liegenden Muskulatur, sodass die Haut darüber entspannt.
0_219424_9_28774289612627854;0.1667;disappointed;;;;;Botox und silikon Super Frau ekelig
0_219424_9_22038692187343307;0.1669;disappointed;skincare-first;;;;Natürlich habe ich Lust auf den Haute Couture- Zickenkrieg. Aber unfassbar, wie wenig gealtert das Ensemble wirkt, da muss so etwas wie eine Anti-Aging Bildbearbeitung am Start gewesen sein, die wunderbare Meryl Streep hat ja nun auch beachtliche 76 Jahre vorzuweisen. Mir wurde auch gerade bewusst, 
0_219424_126_t3_1qjovdz;0.1671;seeking;skincare-first;laser,peel,niacinamide-peptides,aging-signs,price;;;Exosomen in der Hautpflege – Durchbruch oder Hype? In der ästhetischen Medizin sind Exosomen längst ein Thema: Sie gelten als *zelluläre Botenstoffe*, die in der Hautregeneration eine zentrale Rolle spielen. Bisher waren sie vor allem im professionellen Kontext (z. B. nach Microneedling oder Laserbe
0_219424_126_t1_o2hcm9t;0.1672;seeking;procedure-curious;;;;Nehmen wir an ihr dürftet eine kostenlose SchönheitsOP bekommen, was würdet ihr an euch verändern? Haha, das Bild... kann ihn mir richtig gut vorstellen mit unbewegtem Gesicht aber wackelndem Kopf beim Reden.
0_219424_126_t1_oe0tj8e;0.1672;satisfied;skincare-first;;;;Wem würdet ihr mehr Fame gönnen? deswegen finde ich auch savas wack, der sah noch nie gut aus. oder sido 😂unfuckable ugly motherfuckers, direkt schönheitsop für die alle
0_219424_9_67703969110629119;0.1672;seeking;;;;;Nur das MKG arbeitet so. Also das Museum für Kunst und Gewerbe, mit Baustoff Filler und Kosmetika. Und noch ein paar Maler hinterher.
0_219424_9_53101607402651241;0.1673;enthusiastic;skincare-first;hyaluronic-acid;;;Hallo Nicole,schönes langes Video 🎉 Dankeschön😊Zuletzt hab ich die Aqua Intense Hyaluron Night Creme von M.Asam aufgebraucht.Die hat bei mir ganz toll Feuchtigkeit gespendet, teilweise war mir die zwar zu reichhaltig aber bei meiner Haut ist das bei vielen Nachtcremes so. Hüpfe gerne in den Lostopf.
0_219424_9_44506186002203032;0.1674;enthusiastic;skincare-first;hyaluronic-acid;;;ich liebe das vegane Pesto Calabrese von Lidl . Das schmeckt soooo lecker !!! Kennst du schon von Garnier die Hyaluron Creme Barrier Repair ? Ist im Glastiegel und macht eine ganz tolle Haut .
0_219424_9_50065885130548579;0.1675;satisfied;;fillers;;;Was hat Iman mit ihren Augen gemacht???? Brow-Lift? Unterspritzung?
0_219424_9_yt.rGVA6C27BcQ;0.1676;disappointed;skincare-first;;;pha;Natürliche Schönheit ohne Botox – echte Frauen, echte Haut #Unikate - #Unique Pieces - andi D.  - LyricVideo Deutsche ÜbersetzungEin einzigartiger englischsprachiger Song über einzigartige Frauen, Unikate, indem sie ihre Natürlichkeit bewahren, kein Botox spritzen, ihre Augenbrauen nicht tätowieren,
0_219424_9_yt.Hk2FNC0fvWE;0.1679;enthusiastic;skincare-first;aging-signs;;;Lebensmittel für mehr Kollagen: Natürliche Ernährung für straffe Haut & gesunde Alterung Möchten Sie Ihre Haut auf natürliche Weise unterstützen und die Kollagenproduktion steigern? Diese ausgewählten Lebensmittel können helfen, Ihre Haut elastisch, gesund und strahlend zu halten. Dunkelgrünes B
0_219424_9_11135574464217078;0.168;cautioning;;;;;Die blonde ist  echt Blond Botox Tante ekelig
0_219424_126_t1_o2gw1do;0.1681;seeking;procedure-curious;;;;Nehmen wir an ihr dürftet eine kostenlose SchönheitsOP bekommen, was würdet ihr an euch verändern? Was würdest du an dir verändern wollen?
0_219424_15_34523741210606714;0.1681;enthusiastic;skincare-first;retinol,hyaluronic-acid,aging-signs;;pha;Green Beauty mit Upgrade: Warum Weleda jetzt auf Zellenergie und NAD⁺ setzt Seit ich mich erinnern kann, war Weleda für mich der Naturkosmetik-Pionier mit dem Heilpflanzencharme und dezentem Reformhaus-Image: In sich absolut stimmig, sympathisch, ein bisschen retro, sehr solide und 100 Prozent vertr
0_219424_126_t1_oi9k5lv;0.1684;seeking;procedure-open;;;;6 months post Botox: Bulky muscles, muscle tension, worsening of wrinkles Hey! Ich hab das auch, fast 7 Monate danach… Ging es jemals weg?? Lg
0_219424_9_yt.xEmqhrU3L10;0.1689;disappointed;procedure-curious;;;;8 berühmte deutsche Sängerinnen mit durch Wangenfettentfernung deformierten Gesichtern Extreme Wangenknochen, hohle Gesichter und eine Ästhetik ohne Rückweg: In diesem Video analysieren wir 8 berühmte deutsche Sängerinnen, deren Gesichter durch Wangenfettentfernung (Bichektomie) sichtbar verändert w
0_219424_126_t1_o38kplw;0.1689;seeking;;;;;"Was haltet ihr 2025 von Botox und Fillern? ""Bio-Botox"" ist kein echtes Botox, das sind pflanzliche Inhaltsstoffe, die eine ähnliche Wirkung versprechen.Botox darf zurecht nur ein Arzt spritzen."
0_219424_9_51637960077602954;0.169;disappointed;;;;;Erneuerbare Energie ist wie eine alte Frau die glaubt mit botox jung auszusehen.
0_219424_126_t3_1r849h4;0.1691;satisfied;procedure-curious;price;microcurrent;;Wenn wir Farblehrenmathe hätten gäbe es keine Luziferne sondern Bioluminiszenz die uns heilen könnte in so einer Welt wäre alles in Ordnung. Die Farben des Überlebens: Warum wir die Mathematik der Biolumineszenz dringend entschlüsseln müssenProlog: Das unsichtbare LeuchtenStell dir vor, du könntest 
0_219424_9_36903806959458442;0.1691;seeking;skincare-first;;;;Ich würde gerne wissen welche Anti-Aging Produkte Herr Schreiber verwendet, er sieht so gut aus 🤩
0_219424_126_t1_o5jlolb;0.1694;cautioning;skincare-first;;;;LTB_iel Ja, das komplette Farbschema von der rothaarigen und der blonden Sirene wurde vertauscht - Haare, Lidschatten, Bikinioberteil.Dass die rothaarige Sirene von oben links eigentlich die blonde Sirene von unten rechts (und allen anderen Panels mit ihr, die ich nicht gepostet habe) ist, kann man 
0_219424_15_71225948810818253;0.1695;seeking;;safety;;;Matcha Mania Das grasgrüne Teepulver aus Japan erobert Deutschland. Ob im hippen Café um die Ecke oder am heimischen Küchentisch: Matcha schafft nicht nur kleine meditative Inseln der Entspannung im Alltag, sondern fördert auch die Gesundheit. Und sorgt als Koch- und Backzutat für fröhliche Farbtupf
0_219424_9_27596637632554946;0.1696;disappointed;procedure-open;price;;;"Billig tanken, teuer bezahlen""Die Idee ist so simpel wie verlockend: Hahn auf, Probleme weg. Russisches Gas und iranisches Öl wären das finanzielle Botox für unsere schwächelnde Wirtschaft – die Preise würden sinken, das Haushaltsloch würde schrumpfen. Ein finanzieller Befreiungsschlag auf Knopfdruc"
0_219424_23_37715449276590822;0.1701;satisfied;skincare-first;vitamin-c,hyaluronic-acid,spf;;;Tolle Sonnencreme! Mich hat die Sonnencreme invisible Finish LSF 50+ von NIVEA total überzeugt. Die Sonnencreme bietet einen hervorragenden Schutz, lässt sich leicht verteilen und zieht schnell ein. Sie hinterlässt keinen weißen Film. Zudem spendet die Sonnencreme Feuchtigkeit und enthält Vitamin C 
0_219424_126_t1_o2kjv4r;0.1702;seeking;procedure-curious;;;;Nehmen wir an ihr dürftet eine kostenlose SchönheitsOP bekommen, was würdet ihr an euch verändern? Dachte erst: wen will der den damit umbringen?! und dann hab ich das Regenbogenherz gesehen. 😂Ja 30 is schon ne Ansage und deine Gleitgelrechnung wird hoch!
0_219424_9_yt.kdppURNfees;0.1705;satisfied;;price;;;"Endlich krasse Beine?! - Wesley Vissers im Check vor der Arnold Classic 2026! Wesley Vissers' Beine, Shadow Mode &amp; EatLean-Käse - Dr. Martina Ollesch räumt wieder auf! 🚨Ist EatLean Käse wirklich der bessere Harzer oder ein hochverarbeitetes Hype-Produkt? Warum wechseln Top-Bikini-Athletinnen plö"
0_219424_9_30544459074066608;0.1706;enthusiastic;procedure-curious;;;;Liebe Nadine, ich habe dein wunderschönes Buch mit Begeisterung gelesen...erst vor kurzem dachte ich, endlich wirklich intensiv mit Frauen zum Thema Sexualität und pure Weiblichkeit zu arbeiten. Ich bin das lebende Beispiel einer Frau, die vermutlich in Europa *Österreich* eine der ersten *Beschneid
0_219424_15_57568248590026636;0.1707;disappointed;procedure-curious;;;;Kendall Jenner hatte 'noch nie' eine Schönheitsoperation Die Reality-TV-Darstellerin weist Gerüchte zurück, sie habe sich unters Messer gelegt. Der Beitrag Kendall Jenner hatte 'noch nie' eine Schönheitsoperation erschien zuerst auf klatsch-tratsch.de.
0_219424_126_t1_nxmr9vh;0.1709;cautioning;skincare-first;aging-signs;;;"Empfehlung für Veganes Collagen-Pulver? &gt;Warum meint mancher, Kollagen einnehmen zu müssen? &gt;Da die körpereigene Kollagenproduktion ab dem 25. Lebensjahr abnimmt, glauben manche Menschen, sie müssten Kollagen über Nahrungsergänzungsmittel aufnehmen. Sie hoffen, dadurch etwas für ihre Hautgesun"
0_219424_126_t1_obb351s;0.1712;disappointed;procedure-curious;;;;"Wie können wir am leichtesten diesen Riss im (echten) Marmor unsichtbar machen? Würde ich von einem Steinmetz machen lassen. Da wird mit so einem granit Reparatur set und einem laser die Stelle ""repariert"""
0_219424_126_t1_odhdj7h;0.1713;disappointed;procedure-curious;;;;Kann man auf Dauer mit einer Frau zusammen sein, die ständig unzufrieden mit sich selbst ist? Schon, da war auf jeden Fall viel Druck, aber ich denke heute ist es sehr viel extremer. Bei uns (bin letztes Jahr GenX, also quasi auch fast Elder Millennial) hat sich das nach den Teenagerjahren relativie
0_219424_9_33514831272648417;0.1714;enthusiastic;;;;;"Die Doku spielt in Brasilien. Der Titel ist ""Brasilien, Botox, Butt Lift - Alles für die Schönheit"" schau gerne vorbei!"
0_219424_126_t1_o85qq12;0.1714;satisfied;procedure-open;spf,price;;;"Loggia ""schließen"" Ich würde den Raum mit einer Luft-Luft Klimaanlage heizen und kühlen, denn eine mit einem guten scop macht den Raum günstig warm, egal wie gut/schlecht gedämmt ist. Wie andere erwähnt haben ist ein Sonnenschutz toll, wenn dieser jedoch recht teuer ist, kann man dank Klimaanlage au"
0_219424_9_18679518174902988;0.1714;satisfied;skincare-first;;;;"Wie kann man so was oberflächliches lieben! Ja, es gibt den ""männlichen Mann"" aber bitte wer will den haben?!Man ist u. a. in einer Beziehung um das leben gemeinsam und  leichter bewältigen zu können. Um sich gegenseitig zu stützen, aber nicht wegen BOTOX!"
0_219424_9_43308999006171669;0.1715;satisfied;;;;;Damit ist bewiesen: Botox lähmt nicht nur die Muskulatur, es tötet auch massiv Hirnzellen!
0_219424_15_60963487239923329;0.1715;satisfied;skincare-first;aging-signs;;;Beauty-Treatments für Männer: Wer profitiert? Bisschen Hautpflege, bisschen Anti-Aging? Oder doch das klassische 7-in-1-Fläschchen? Welche Treatments liegen bei Männern im Trend? COSMO-Reporter Maurice Mommer weiß, warum sich auch Männer gönnen.
0_219424_9_yt.XDrr_rZF6XE;0.1715;disappointed;;vitamin-c;;;"Top 10 Kollagen-Lebensmittel, die wirklich etwas bringen (anstatt künstliches Pulver) Kollagen ist überall: in Haut, Sehnen, Knochen, Knorpel, Blutgefäßen – und es macht bei uns Menschen etwa ein Drittel des gesamten Proteins aus. Kein Wunder also, dass Kollagenpulver als „Anti-Aging-Wunder"" verkauf"
0_219424_9_61617500394728446;0.1715;seeking;procedure-curious;peel,price;microneedling;;Wow, dieses Gerät ist sehr interessant.  Ja, es ist eine einmalige Anschaffung, aber trotzdem ist der Preis enorm.  Wäre der Preis bis maximal 200€ ( was auch noch viel wäre),wäre ich sofort bereit.  Da dieses Microneedling jetzt so aktuell ist, ist es auch übertrieben teuer. Dennoch Dankeschön fürs
0_219424_126_t3_1qdkhpj;0.1717;enthusiastic;procedure-curious;;;;"Fans sollen Größe bestimmen : „Harry Potter""-Star lässt sich die Brüste machen Disclaimer: your body your castle. Wenn man sich einer Schönheitsoperation unterziehen will, ist das für mich zu akzeptieren. Die Art und Weise und die Rolle der Bezahler ist für mich irre.Es betrifft die Schauspielerin, "
0_219424_9_yt.NvO5FCwk3-M;0.1718;enthusiastic;procedure-curious;safety;;;Ich dachte, ich hätte den schnellen Weg zur Schönheit gefunden. #film #germany #movie #foryou Filmtitel: Verwandlung in eine LangusteZusammenfassung:Ein Model, dessen Karriere bergab geht, unterzieht sich einer mysteriösen Schönheitsoperation, um wieder an die Spitze zurückzukehren. Die Operation is
0_219424_15_4794990481771499;0.1723;disappointed;;;;;Sieht irgendwie gruselig aus: L'Oréal entwickelt LED-Gesichtsmaske gegen Hautalterung L'Oréal stellt in Las Vegas eine Gesichtsmaske vor, die mit LED-Licht Alterserscheinungen der Haut mindern soll. Das Prinzip ist bekannt, neu soll das Design mit ultradünnem Silikon sein.
0_219424_9_42189733794717852;0.1725;satisfied;;;;;"Y DE SEGURO ""EL PALAZUELOS""DE CARICATURA(""LEMUS),,SE HA DE ESTAR PONIENDO BOTOX ..😮"
0_219424_9_yt.TMmctxtAkxc;0.1735;cautioning;;;;;"""Keller-Kosmetik"": Illegale Schönheitseingriffe in Wiener Neustadt Besuche auch unsere anderen Kanäle:***Mehr Videos: https://www.oe24.at/video---TikTok: https://www.tiktok.com/@oe24at+++Facebook:  https://www.facebook.com/oe24.at/---Instagram:  https://www.instagram.com/oe24.at/"
0_219424_9_67229924559031957;0.1736;satisfied;;;;;Nein, das ist auf gar keinen Fall Jim Carrey. Weder hat er überhaupt eine Ähnlichkeit, selbst mit Botox, noch hat er die selbe Redensart und Stimme. Außerdem ist Jim Carrey Linkshänder, der Mann in dem Video hat in Autogramm Szenen aber mit der rechten Hand signiert.
0_219424_126_t3_1qjeubc;0.1738;disappointed;skincare-first;hyaluronic-acid,aging-signs,price;;;Bio Hyaluron Serum Hochdosiert - Beste Hyaluronsäure (Oligo) - 8-Fach Anti-Falten-Komplex- Mit 4 Hyalurongrößen - Frei von Alkohol & Parfüm 100ml - Hy... -15 % 21,23 € HOCHWIRKSAMER 4-FACH HYALURON KOMPLEX - 1. OLIGO Hyaluronsäure : Kleinste und Effektivste Hyaluronsäure unter allen Hyaluronsäuren. 
0_219424_126_t1_o6m0065;0.1739;satisfied;;fillers;;;What surgery did Ariana Grande undergo to achieve this result? Bei Ariana ist alles gemacht. Nasen OP. Augenbrauen Lift (ponytail lift) , Augenlider, Lippenfiller, Jawline Filler, Wangen Filler. Man Vermutet auch Bucklefat removing
0_219424_9_yt.2lufX3AiGXA;0.1743;cautioning;procedure-curious;vitamin-c;;;DNA-Schäden reparieren – bevor Krebs entsteht Dr. Switzer erklärt, wie natürliche Heilpflanzen wie Kurkuma, Brokkoli-Sprossen und Wildkräuter DNA-Schäden reparieren, Krebs vorbeugen und den Alterungsprozess verlangsamen können. Er beleuchtet dabei auch unterschätzte Themen wie Jod-Therapie, Biophoto
0_219424_126_t1_oau6wup;0.1745;satisfied;procedure-curious;;;;Würdet ihr euch trennen/Partnerin abmahnen? ? Verstehe ich nicht deine Argumentation. Hier geht es um den Betrieb. Das Überleben und der Erfolg eines Unternehmens ist heutzutage sehr davon abhängig wer dort beschäftigt ist. Hier geht es um Betrug und ein Hintergehen seiner Freundin. Wenn sie z. B. G
0_219424_126_t1_ocjnu54;0.1745;seeking;procedure-curious;;;;Als Schüler Websites bauen: Was kann man für Handwerker-Seiten verlangen? Als Handwerker ist es mir erstmal wichtig, dass ich eine ordendliche Rechnung bekomme.   Sonst bezahle ich das aus eigener Tasche, was gar keinen Sinn ergibt. Erstellst Du die Seiten auch nach den aktuellen Vorschriften? DSGVO
0_219424_126_t1_oez40tn;0.1745;enthusiastic;skincare-first;spf;;;Tagescreme mit LSF 50 ich habe eine von mixa mit hyaluron und lsf 50 :) die ist super.
0_219424_126_t1_o5reu3w;0.1746;satisfied;procedure-open;;;;Arbeitslos, ALG1 endet bald, ich will meine Stadt nicht verlassen Anderen Job machen. Arbeitgeber sehen gerne, dass man arbeiten WILL. Vielleicht was in Richtung Gesundheit, Supplements, Wellness, Anti Aging machen? Ansonsten schau dir mal die Strategie an, die Uta Glaubitz in ihren Büchern empfiehl
0_219424_126_t1_ohecy0e;0.1746;satisfied;;;;;April 2026 - Social Media Thread Christian Wolf & Co Er hat doch selbst nach eigenen Angaben Hyaluron im Gesicht (und Botox).
0_219424_15_47689080881393880;0.1749;disappointed;;;;;Wie wirken Senolytika? Der Anti-Aging Deep Dive Die moderne Medizin steht an einer historischen Schwelle. Während das 20. Jahrhundert vornehmlich dadurch geprägt war, Infektionskrankheiten einzudämmen und die akute Sterblichkeit zu senken, verschiebt ... The post Wie wirken Senolytika? Der Anti-Agin
0_219424_9_31819178976455060;0.1749;satisfied;;;;;Naja, Botox wird ja in einer Lösung verabreicht und da sieht das dann natürlich nach mehr aus.Das ist ja wie beim Alkohol. In einem Liter Bier sind ja auch nur ~40g Alkohol drin. Das übersieht man schon gerne, weil halt purer Alkohol (wie purer Botox) nie wirklich verwendet wird und man so auch nie 
0_219424_126_t1_nyar75v;0.175;enthusiastic;skincare-first;;;;Da macht mal ein einziges Mal einen Post in dem Sub Ich empfehle dir die Bücher von Major Hans von Dach. Steht auch was für Donny drin, wie man Botox macht. lolDie Bücher findest du kostenlos über annasarchiv.
0_219424_126_t1_o6tbtrd;0.1751;satisfied;;;;;Schichtleberkäs? Bei Tierprodukten steht manchmal verbrauchen bis, weil C. botoliniun entstehen kann, welche Botoliniuntoxine (Botox) produzieren und im schlimmsten Fall den Menschen schädigen oder gar töten können
0_219424_9_yt.Zh9Kw5r2Y8k;0.1751;enthusiastic;;;;;Revique Halo XL | Kapsel für Langlebigkeit & Regeneration mit AI (Voiceover Deutsch 🇩🇪) Entdecke Revique Halo XL — die neue Generation der Kapseln, entwickelt für Langlebigkeit und Regeneration, ideal für Premium-Wellnessbereiche, die maximale Leistung und beeindruckendes Design wünschen.Die Halo XL
0_219424_23_21232929656968551;0.1754;enthusiastic;;hyaluronic-acid;;;Serum mit Hyaluron Das Serum zieht sehr schnell ein und man hat ein gepflegtes Gefühl den ganzen Tag. Es hat eine sehr angenehme leichte Textur und einen angenehmen Duft. Ein tolles Produkt.
0_219424_126_t1_o8ldh2n;0.1756;seeking;procedure-curious;retinol,hyaluronic-acid,niacinamide-peptides,spf,aging-signs;;;Hi Reddit! Ich bin Vlora, Skin Expert bei Kiehl's (DACH) – Ask Me Anything zu Wirkstoffen, Routine-Aufbau & sensibler/gestresster Haut | Live am 04.03. um 14 Uhr CET Hey du, danke dir für deine wirklich spannende Frage.Wusstest du, dass unsere Hautalterung zwar genetisch mitbestimmt ist, aber ein gr
0_219424_15_29261098468620390;0.1761;seeking;;;;;Genflow Biosciences: Neue Ära der Gentherapie? Genflow Biosciences Anti-Aging ist für viele Praxen und Patienten aktuell ein zentrales Thema. Die Biotechnologiebranche steht an einem historischen Wendepunkt, an dem das Altern nicht ... The post Genflow Biosciences: Neue Ära der Gentherapie? appeared
0_219424_126_t1_oemwwsp;0.1761;seeking;procedure-curious;;;;"Was haltet ihr von den Looksmaxxern, die jetzt aus jeder Ecke kommen und gerade jungen Männern Tipps geben wollen, wie sie das maximale aus sich rausholen können? Er spricht von den Leuten die sich jeden Scheiß einwerfen und unnötige „SchönheitsOps"" machen lassen."
0_219424_126_t1_oe9533s;0.1762;cautioning;;;;;Dieter auch hart am abrutschen Botox ist ein Nervengift.
0_219424_9_10713028120285223;0.1764;satisfied;;;;;Botox bis ins Gehirn Lammstein - Zick Zack
0_219424_15_34123615146668877;0.1765;seeking;;;;;"Serotonin Anti-Aging: So wirkt die neue Longevity-Methode Serotonin Anti-Aging Therapie ist für viele Praxen und Patienten aktuell ein zentrales Thema. Die Landschaft der modernen Altersmedizin, oft unter dem Begriff „Longevity"" zusammengefasst, befindet ... The post Serotonin Anti-Aging: So wirkt d"
0_219424_126_t3_1qh8rhq;0.1766;enthusiastic;skincare-first;;;pha;Hab ein universelles Alters-Scanner-System mit KI entwickelt – funktioniert für Organe, Materialien, Maschinen. Code + Erklärung. Hi r/programming und r/science,Ich habe ein KI-gestütztes universelles Alters-Scanner-System entwickelt – der DBD-Plasma-Universal-Scanner. Es kann nicht-invasiv das „wah
0_219424_126_t3_1rbe9bb;0.1767;enthusiastic;procedure-curious;price;;;Naja... ich arbeite jetzt als Escort Im letzten Jahr hat sich so einiges bei mir verändert: ich habe mich von meinem langjährigen Partner getrennt, bin in eine neue (wenn auch winzige, gleichzeitig sehr teure) Wohnung gezogen, habe einen neuen Partner in einer D/s-Beziehung.Auch mein Aussehen hat si
0_219424_9_17740050310818022;0.1767;satisfied;;;;;Wenn Botox die noch drei vorhandenen Gehirnzellen lahmlegt
0_219424_9_50142958104120001;0.1768;seeking;skincare-first;;;;Hallo Claudi! Vielen Dank für deine Empfehlungen! ❤ Ich persönlich nutze im Alltag (vor allem im Herbst/Winter) total gern die Anti-Aging Foundation von Annemarie Börlind. Die ist reichhaltig, pflegend und hat ne super Deckkraft. Im Sommer schwitze ich recht stark im Gesicht und benutze seltener Fou
0_219424_15_20141274497784529;0.177;seeking;;aging-signs;;;L'Oréal präsentiert flexible LED-Maske für die Hautverjüngung Auf der CES stellte L'Oréal einen Prototypen vor, der die Heimanwendung von Lichttherapie verändern soll. Das Gerät setzt auf flexibles Silikon statt starrer Kunststoffe. Durch den direkten Kontakt zur Haut sollen Rot- und Infrarotlicht e
0_219424_9_49319536925318265;0.177;seeking;procedure-curious;;;;Super und danke für das Rezept. Ich überlege mir ob man anstelle von Olivenöl Rizinusöl nehmen könnte. Da das Rizinusöl als natürliches Botox gilt.
0_219424_9_25008515006568308;0.1773;satisfied;;;;;Das ist Botox Jim Carrey auf Koks! 😂Das ist er niemals!!
0_219424_9_65444204468728181;0.1774;disappointed;procedure-curious;spf,aging-signs;;;‼️Wie kann ich immer denken, dass mich nichts mehr schockieren kann und dann doch wieder schockiert sein??❓️❓️Das sind die Kinder deren Mütter,   jeden Sch... mitmachen, um  zügig Geld auf einfache Weise zu verdienen. Dazu sind ihnen ihre Kinder leider nicht zu schade.🥺😡Schande über sie!😠 (Ich meine
0_219424_126_t1_oizvq9y;0.1774;disappointed;skincare-first;retinol,niacinamide-peptides,price;;retinol;"Neurodermitis und Peptide Speziell Kupferpeptide sind relativ gängig in der Kosmetik. Ist eine Alternative zu Retinol/Retinal für ""Anti-Aging""-Produkte, wenn man das nicht verträgt. Teuer aber. Habe keine Erfahrung damit im Bezug auf Neurodermitis, aber ich würde da jetzt keine Wunder erwarten."
0_219424_9_16730908700783403;0.1774;disappointed;skincare-first;;;;Gott sind das riesige Buchstaben... Kein Wunder, dass das Buch so dick ist...😅 Der Typ ist genauso hetero wie ich Brad Pitt bin... Am Arsch.. Welcher Hetero läuft wie ein bunter Karienvogel herum, hat gefühlt tausend Ketten am Armgelenk und lässt sich von vorne bis hinten mit Botox behandeln? I doub
0_219424_126_t1_ojn3876;0.1775;seeking;skincare-first;spf;;;Ist es bei Männern auch ein Trend, wirklich jeden Tag Sonnencreme zu verwenden? Ich war und bin beruflich sowie privat viel unterwegs, daher hab ich schon in meinen Zwanzigern darauf geachtet die Haut hydriert zu halten und vor Sonne zu schützen weil die UV-Strahlung neben der Lebensweise (Alkohol!)
0_219424_126_t1_o27uy2k;0.1777;seeking;skincare-first;;;urea;Bodylotion ab 30+? Ich benutze Bodylotion seit ich 10 bin. Die Cerave ist sehr gut und ca. 2 Mal die Woche benutze ich eine mit Urea. Kann ich bei trockener Haut sehr empfehlen. Ob das den Alterungsprozess verlangsamt kann ich nicht sagen. Aber meine Haut ist auch mit täglichem Eincremen noch etwas 
0_219424_126_t1_o2t9ukd;0.1777;seeking;procedure-curious;;;;"Nehmen wir an ihr dürftet eine kostenlose SchönheitsOP bekommen, was würdet ihr an euch verändern? Ich habe dich wörtlich zitiert, wenn du dich selbst widersprichst kann ich nichts für. ""Das ""ich muss unbedingt Recht haben, deshalb werden ab nun die Gesetze der Logik außer Kraft gesetzt"" funktionier"
0_219424_126_t3_1s0ma3d;0.1777;seeking;procedure-open;laser,price;laser;;"Suche Übersicht für all den Papierkram für die GAOP [MTF] Hey, wie im Titel schon steht bin ich zZ auf der suche nach einem ""Ablaufplan"" für die GAOP. Am meisten beschäftigen mich folgende Fragen:1.) Was brauche ich alles an unterlagen?  2.) Wo bekomme ich diese in der Regel her?  3.) Wann sollte ic"
0_219424_9_25661953878203984;0.1778;enthusiastic;procedure-open;vitamin-c;;;Guten Morgen liebe Anja, ich hoffe es geht dir gut. Ich bin gerne mit dir in der Drogerie unterwegs. Von Assam mag ich mittlerweile nur die Körperpflege. Judith Williams spricht mich persönlich mehr an und ich habe gute Bewertungen zu ihrem Adventskalender gesehen. Ich habe beim Kurzurlaub 2 Seren v
0_219424_9_yt.0j09DwjI4NM;0.1778;disappointed;skincare-first;;;;Ich bin 85 JAHRE ALT … ich meide 7 LEBENSMITTEL–und fühle mich 30 JAHRE JÜNGER! Jung vs. Alt – was ist wirklich das Geheimnis eines langen, gesunden Lebens? In diesem Video über Jung vs. Alt erzählt eine 85-jährige Frau offen, warum sie sich heute 30 Jahre jünger fühlt und welche 7 Lebensmittel sie 
0_219424_126_t3_1s3wkh3;0.1781;seeking;skincare-first;vitamin-c,hyaluronic-acid,aging-signs,price;;;"60ml Bio Hyaluron Serum mit Vitamin C, E. Hochkonzentriert Anti-Falten, Anti-Aging & Dunkle-Flecken. Hyaluronsäure-Gesichtsserum, Ideal als Augenkontu... -30 % 11,93 € ✅ JÜNGERES UND FRISCHERES HAUTBILD FÜR GESICHT, HALS &amp; AUGENKONTUR: Das BIO Hyaluronsäure- und Vitamin-C-Serum mit über 20 organ"
0_219424_9_yt.LFcufegXaJU;0.1783;enthusiastic;skincare-first;price;;;#Alter! #Bucketlist für #Babyboomer - weil große #Ziele #aktiv und #frei machen #Antiaging #Alter! #Bucketlist für #Babyboomer - weil große #Ziele #aktiv und #frei machen #Antiaging #Lifecoach und #Psychologin Dr. Bere über große Ziele und welche noch größere hinter jedem Ziel stecken. #Implantate g
0_219424_9_20699452218349378;0.1783;seeking;;pressure;;;"Danke für diese Reportage, sehr interessant. Übrigens: Eure Kolleginnen vom ARD-""Weltspiegel"" haben eine ebenfalls sehr interessante Reportage über den Schönheitswahn in Brasilien gemacht mit dem Titel: _""Brasilien, Botox, Butt Lift: Alles für die Schönheit""_ und den ersten Teil davon hier auf YouTu"
0_219424_126_t1_oc99d6h;0.1784;cautioning;;;;;👀 Gossip Schön auch die unterschiedlich großen Brüste und das verschobene Hyaluron in der Oberlippe.
0_219424_126_t1_oh9c491;0.1785;disappointed;procedure-open;aging-signs;;;"Was tun gegen lästige Rückenhaare? Lasern funktioniert super bei dunklen Haaren und heller Haut (nur am besten kein Ipl sondern Diodenlaser &amp; kein Gerät für zuhause)Waxen musst du halt auch regelmäßig machen und kann auch nervig werden und die Haut irritieren.Lasern entfernt so ziemlich alle Haa"
0_219424_126_t1_o0jzvmw;0.1786;cautioning;skincare-first;;;;Wer leidet auch unter einer unfreiwilligen Beschneidung? Die Rechtfertigung religiöser Beschneidung bei Kindern beruht weiterhin auf einem argumentativen Dreiklang aus angeblicher Prävention, kultureller Tradition und vermeintlich geringem Risiko. Keine dieser Säulen ist stabil.Zunächst zur Rechtsla
0_219424_126_t3_1r8n1cc;0.1786;disappointed;procedure-curious;;;;Andere Hundebesitzer ihr geht mir auf den Sack Ich kann einfach diese Besitzer welche kein Interesse daran haben ihren Hund zu trainieren oder ihre Hunde machen lassen was sie wollen nicht mehr sehen. Heute, gehe durch den Park mit meinem Hund, auf einmal kommt aus dem Nichts so ein Tier in Handtasc
0_219424_9_yt.nXr00Y7JVnk;0.1786;satisfied;skincare-first;;;;"5 Lebensmittel, die wie eine „natürliche Haarfarbe"" gegen graue Haare wirken | Gesundheitsarzt @Gesundheitsarzt Wer graue Haare auf natürliche Weise reduzieren möchte, sollte auf die richtige Ernährung achten! 🥦✨In diesem Video erklärt Dr. William Li, welche 5 Lebensmittel wie eine „natürliche Haarf"
0_219424_9_17927530542778894;0.1786;disappointed;skincare-first;aging-signs;;;Habe ein altes Foto mit dem neuen verglichen von Jim Carrey. Es ist absolut eindeutig der Echte. Die Ohren, Zähne, Falten, sogar die Aknenarben am Kinn, die markante Falte in der Wange, Lippenschwung, alles identisch. Die Augenfarbe war je nach Lichteinfall immer mal grünlicher, mal brauner. Das  wa
0_219424_9_yt.sD-tndCrsU8;0.1786;seeking;procedure-open;;;;Denken mit dem Darm? Alzheimer ade! Stelle Dir vor, Dein Gedächtnis sitzt nicht nur in Deinem Gehirn, sondern teilweise in Deinem Darm.Genau diese Idee wird heute intensiv erforscht.In diesem Video zeige ich Dir, was es mit der sogenannten Darm-Hirn-Achse auf sich hat, welche Rolle der Vagusnerv als
0_219424_9_10667820875645685;0.1787;disappointed;skincare-first;botox;;;​@HazalKarakayali Es regt mich total auf, dass Perinaz sich Botox in ihr wunderschönes Gesicht spritzen lässt😠 denn sie war und ist das schönste Mädchen überhaupt… aber Belis, mit ihrer geringen Körpergröße, ihren Kamellippen 🐫 und ihrem fettigen, künstlichen Haar, sieht eher aus wie aus einem Horro
0_219424_9_20249983833254519;0.179;cautioning;;;;;Schwarze sieht man es kaum das sie alt sind und mit Botox genauso (jedenfalls für eine lange Zeit)
0_219424_9_yt.WF7Onnhs0ZI;0.179;seeking;procedure-curious;botox;;;"Tierversuche für Botox?😱 Wusstest du, dass für Botox jedes Jahr Zehntausende Mäuse vergiftet werden? 😱Das Nervengift Botulinumtoxin wird weltweit für kosmetische und medizinische Zwecke eingesetzt. In Deutschland sind Faltenbehandlungen mit Botox die häufigste Form der „Schönheitseingriffe"". Doch ka"
0_219424_9_3304425059976945;0.179;disappointed;;;;;Gibt es auch in der Kosmetik, als Antiage Produkte....🎉 sowie Süßstoffe in Zahnpaster. Auf keinen Fall Getränke mit Süßstoffe trinken.
0_219424_23_41319753599224413;0.179;satisfied;skincare-first;aging-signs;;;leichte Textur, zieht schnell ein Ein gutes Anti-Aging-Serum für den täglichen Gebrauch. Es dient eher dazu, die Haut in einem guten Zustand zu erhalten, als radikale Veränderungen zu bewirken.
0_219424_9_12163301032629916;0.1794;satisfied;;;;;Wachs sorgt für schnellere Zellteilung. Die Telomere können sich aber nicht unendlich oft teilen und nutzen sich ab.....Daher, Wachs ist KEIN Antiaging, auch wenn sich der Mythos nochg immer hält....
0_219424_9_44356851212321705;0.1795;seeking;;;;;Ist es ungesund mit Botox und anderen Kunststoffen die Körperform an zu passen um damit Geld zu verdienen??? Wer guckt sich überhaupt Frauen an, die nicht echt sind??? Und vor allem: Die Frau hat mal 0,0% Ahnung und davon am meisten... Was für eine Qualität kann die Aussage dieser Frau schon bieten?
0_219424_9_25288290182313333;0.1795;enthusiastic;;;;;Hyaluron!!!! Alle die selben fratzen
0_219424_126_t1_nx827yk;0.1796;seeking;skincare-first;peel,retinol,spf,aging-signs;;spf;Tipps zur Hautpflege: welche Produkte brauche ich wirklich? Fast 60 Jahre alt, nicht mit dem Routine-Zwang alt geworden und ich hab trotzdem eine gute, schöne Haut. Reinigen, Sonnenschutz am Tag (ich nehme den von Isana) , Nachtcreme (Retinol oder Hyaluron, je nach Bedarf) - das wars. Ab und an ein 
0_219424_9_1254956490052144;0.1797;satisfied;;;;;Was bei uns der Zucker in jedem Lebensmittel ist, ist in Korea ne Schönheitsoperation.
0_219424_126_t1_oju780t;0.1797;seeking;procedure-curious;;;;Was haltet ihr von Hyaluron Filler? Nichts, Leute rennen Jugend hinterher - vergeblich. Zu deinem Penis: lieb ihn wie er ist, außer dir sieht ihn eh keiner.
0_219424_9_43876157385964319;0.1798;satisfied;procedure-curious;;;;Hallo liebe Roksana, das Problem mit der nächtlichen Gedankenwanderung habe ich auch ohne Schwangerschaft.Ich habe gelesen, dass man Nudelteig und fertige Teigtaschen auch einfrieren kann. Wenn man z.B. die fertigen, rohen Piroggi auf einem Blech vorfrieren und dann portionsweise in einem Gefrierbeu
0_219424_126_t1_o8fm5nr;0.1798;satisfied;skincare-first;retinol;;;Jim Carrey? Bin ich Schwurbler? Was für eine klassische Schwurbler-Unterstellung. Und das hier. Deine Belege? Carrey geht langsam auf die 70 zu und zeigt sich seit mehreren Jahren kaum noch in der Öffentlichkeit. In den vergangenen sechs Jahren hat er nur drei Filme gemacht in denen er digital verän
0_219424_9_59778166138958459;0.1798;disappointed;;;;;Naja, wenn die Kids von heute schon Anti-Aging verwenden, dann werden sie in unserem Alter jünger aussehen...
0_219424_15_1026581101909473;0.1799;enthusiastic;procedure-curious;spf,aging-signs;;;Rosamund Pike: Sie steht zu ihren Altersfältchen Seit ihrem großen Durchbruch als Bond-Girl sind zwei Jahrzehnte vergangen. Optisch hat sich Rosamund Pike kaum verändert. Nur eines ist dazu gekommen: Die Altersfältchen. Auf einem neuen Video sieht man die Schauspielerin bei den Olivier Awards – ohne
0_219424_126_t1_nzra2rb;0.1801;cautioning;;;;;Das Video ist einfach what about Angeblich ist die Schauspielerin und Aktivisten und die Vermutung dass sie so aussieht ist wegen zu viel Botox
0_219424_126_t1_nxrqfp2;0.1802;disappointed;;;;;Real BOTOX Weib auf der CES2026 Ist wenigstens nicht so ducking Lame wie llms
0_219424_9_8999047487626022;0.1802;enthusiastic;;aging-signs;;;Seit wann ändert sich die Augenfarbe mit Botox?
0_219424_126_t1_oh9vz1n;0.1802;satisfied;skincare-first;botox;;;"Wieso mögen Männer keine „gemachten"" Frauen? Weil das Wort ""Bimbo"" (in diesem Kontext) eine abwertende Bezeichnung für eine als dumm geltende Frau ist. Im Grunde kann man es mit den deutschen Blondinenwitzen vergleichen. Eine Frau die sich aber z.B. die Nase operieren lassen hat direkt als dumm abzu"
0_219424_9_yt.dKgg85il4JM;0.1803;enthusiastic;;laser;;;Geheimnisse für ein langes Leben: 5 essenzielle Tipps 🍎✨ #langlebigkeit Willst du wissen, wie man gesund und glücklich alt wird? In diesem Video erfährst du die 5 wichtigsten Gewohnheiten für ein langes Leben. Von der richtigen Ernährung bis hin zur mentalen Ruhe – diese Tipps verändern alles! 🍎🧘‍♂️
0_219424_126_t1_o2si439;0.1804;seeking;procedure-curious;;;;Nehmen wir an ihr dürftet eine kostenlose SchönheitsOP bekommen, was würdet ihr an euch verändern? Meine Mutter soll 7k zahlen obwohl grauer Star und ein Arbeitskollege zahlte 5k, auch grauer Star und -3 Dioptrien.Deine Summe klingt da im Vergleich echt günstig.
0_219424_126_t1_nxgs55s;0.1805;cautioning;procedure-curious;;;;TW: Frauen die in einer missbräuchlichen Ehe/langjährigen Partnerschaft waren: was würdet ihr anders machen um nicht in einer zu landen? Ich denke dadurch, dass du dir dessen bewusst bist, hast du schon mal ein solides Schutzschild in der Hand :) Wenn man dem Thema achtsam begegnet, ist das schon ei
0_219424_126_t1_o2ldiaz;0.1805;seeking;procedure-curious;;;;Nehmen wir an ihr dürftet eine kostenlose SchönheitsOP bekommen, was würdet ihr an euch verändern? Finde ich super und kann es voll verstehen. Meine war mir auch immer zu groß (in der Pubertät). Inzwischen mag ich sie sehr gerne. Erinnert eben auch an meine Eltern. Und Komplimente gibt es seitens vo
0_219424_9_6977172108503854;0.1806;cautioning;;;;;Boa, das Botox killt echt jede Frau!
0_219424_126_t3_1su75il;0.1807;disappointed;;spf,price;;;NIVEA Cellular Luminous630 Anti-Pigmentflecken Tagespflege Fluid LSF50mentflecken Tagespflege Fluid LSF50... -44 % 14,98 € LUMINOUS630 – Das Fluid mit LSF 50 reduziert Pigmentflecken in 2 Wochen, beugt deren Neuentstehung vor und schützt vor lichtbedingter Hautalterung.Patentierter Wirkstoff – Die h
0_219424_126_t1_ol6m1uz;0.1807;satisfied;skincare-first;;;;Botox Gate Soll ich ein Foto ihres Mannes posten?
0_219424_9_22832218406383967;0.1809;satisfied;skincare-first;;;;Für die dies nicht cheken schwarze sehen nicht alt aus aber weiße deswegen will sie Botox machen
0_219424_126_t1_o6rue7t;0.1809;seeking;;spf,aging-signs;;;Sonnenschutz enthält nach wie vor fruchtbarkeitsschädigende Weichmacher! Bin auch dunkler. Wir bekommen zwar keinen Sonnenbrand, aber auch uns trifft die Hautalterung durch UVA-Strahlen.
0_219424_9_22516756232987275;0.181;disappointed;skincare-first;;;;Tiege Hanley's Anti-Aging Serum https://amzn.to/47ypw83
0_219424_126_t1_o7ckcvb;0.1813;satisfied;skincare-first;;;;Ist Männern bewusst, dass sie alle gleich aussehen? Achso stimmt. 70% der Frauen Blondiert, Botox usw. Aber alles gut lieber beschweren über Baustellenkleidung nächstes Mal zieh ich nen Rock an für die Baustelle.
0_219424_15_13232226529534226;0.1815;satisfied;procedure-open;peel,retinol,vitamin-c,hyaluronic-acid,niacinamide-peptides,aging-signs;pdrn;;Smarte Wirkstoffe Hyaluron bindet intensiv Feuchtigkeit, Kollagen sorgt für Struktur und Spannkraft, Bakuchiol wirkt als sanfte Retinol-Alternative und Exosomen unterstützen die Zellkommunikation. Moderne Wirkstoffkosmetik setzt damit auf gezielte Regeneration, verbesserte Spannkraft und ein stabile
0_219424_9_60869166301855169;0.1816;disappointed;skincare-first;;;;ACH BETEN DU,,BOTOX LIPPEN,,SIE MÖCHTE NUR AUFFALLEN,,MEIN MUTTER 78 JAHRE ALT,,KEIN KOPFTUCH MODERN ,,,VOLL GLÄUBIG,,aber nur für GOTT und SELBER,,würde nie darüber REDEN,,
0_219424_126_t3_1qfcjhj;0.1817;seeking;skincare-first;;;;Was hilft am besten gegen Hyperhidrose? Hallo zusammen, ich leide an Hyperhidrose und wollte fragen, was euch persönlich am besten dagegen geholfen hat (z. B. Antitranspirantien, Medikamente, Iontophorese, Botox, Hausmittel etc.). Danke für eure Erfahrungen!
0_219424_9_yt.Rq6hwsM_4zs;0.1817;disappointed;;;;;Mehr Energie ab 60: 3 Früchte für Männer | Seniorengesundheit Mehr Energie ab 60: 3 Früchte für Männer | Seniorengesundheit✨ Fühlen Sie sich nach dem 60. Lebensjahr oft müde und energielos? In diesem Video entdecken Sie einfache, natürliche Lösungen für mehr Vitalität und echte Seniorengesundheit.🍎 
0_219424_126_t1_oc9n26f;0.1818;seeking;procedure-curious;price;;;Erfahrung: Filler Ich habe persönlich nichts gezahlt aber ungefähr kann man bei dem Kinn z.b. mit 250-400€ rechnenWobei da vermutlich bei fairen Studios mehr dabei ist, da wo ich war vermutlich auch. Ich muss mit der Ärztin besprechen wie publik ich das machen darf aber ich glaub sie freut sich über
0_219424_9_24332410846120235;0.1819;enthusiastic;skincare-first;niacinamide-peptides;;copper-peptides;Kupferpeptide ist das beste Anti Aging wirkstoff 😍 ich benutze es schon länger (andere Marke) und ab 0,1 prozent wirkt es richtig 😊 bitte achte aber darauf dass du kupferpeptide nicht mit vitamin c zusammen verwendest ( ausnahme ist Vit C Tetra)  denn das kann zu einem Ausschlag führenAnsonsten Dank
0_219424_15_33561809159508776;0.1819;disappointed;;;;;"Natürliche Anti-Aging-Pflege: Sanfte Wirkstoffe 2026 Natürliche Anti-Aging-Pflege mit sanften Wirkstoffen: Welche Inhaltsstoffe wirklich helfen und wie man Pflegerituale sinnvoll aufbaut. &amp;weiterlesen"
0_219424_9_yt.OWM77uoRoLc;0.182;enthusiastic;procedure-curious;laser;laser;;⏳ Die Zeit Anhalten #zitate #motivation #tiefsinnigezitate Entdecke die täglichen Gewohnheiten, die deinen biologischen Alterungsprozess verlangsamen und deine Energie steigern.#Sozialpsychologie #SozialeKompetenz #Persönlichkeitsentwicklung #Respekt #EmotionaleIntelligenz #SozialeEtikette #Persönli
0_219424_126_t1_o46c42v;0.1821;enthusiastic;;;;;Masseter Botox fail - update Gute Besserung ❤️‍🩹
0_219424_126_t1_o8ihchr;0.1821;seeking;skincare-first;vitamin-c;;zinc;Hilfe bei (potentiellen) Mangelerscheinungen Ich mache gerade eine Ausbildung zur veganen Ernährungsberaterin und kann dir sagen, dass es so gut wie an jedem Nährstoff liegen könnte - je nachdem wie du dich ernährst. Hier einige Gedanken dazu:Deckst du alle pot. kritischen Nährstoffe ab?Hast du genu
0_219424_126_t1_nzp5l45;0.1822;cautioning;skincare-first;;;;Das Video ist einfach what about Das ist Sarah Maria Sander, Schauspielerin und Aktivistin, sieht immer so roboterhaft aus. Ich vermute es liegt an zu viel Botox.
0_219424_9_37207405355767534;0.1822;disappointed;;;;;@DavidLife2point0Quality aging ist was anderes als anti aging. HGH triggert Mtor und lässt dich somit schneller altern
0_219424_126_t1_oczfbs6;0.1822;seeking;procedure-open;;;;Knieschmerzen bei Squats Danke für deine Meinung zu Hyaluron 🙏🏻Dann kann ich mir das Geld dafür sparen.Hmm...ich habe immer schon an Squats Challenges teilgenommen. Also teilweise dann bis zu 200 Squats am Tag. Aber seit diesem Jahr, frisch gestartet wieder mit Squats, funktioniert es nicht mehr so.
0_219424_23_29229096094563524;0.1823;seeking;skincare-first;aging-signs;;;Anti-Aging-Power [Diese Bewertung wurde im Rahmen einer Werbeaktion gesammelt.] Sag Falten den Kampf anMehr Elastizität, mehr Feuchtigkeit, mehrJugendlichkeit.Mit dem Cellular Epigenetics Serum von NIVEA.
0_219424_9_53209299647970009;0.1823;satisfied;procedure-curious;;;;In Nuance sieht man es.. auch an seinem Profil, aber er wirkt schon sehr entstellt, im Gegensatz zu früher. Ich bin gerade am Überlegen, welche Schauspielerin auch so einen Wandel gehabt hat. Das die Haut extrem straff ist usw. Bei einigen Kommentaren les ich, daß ist nicht Jim, der hat seine Art ge
0_219424_9_yt.FJCSNdFscS0;0.1824;cautioning;skincare-first;;;;Skin Food - Curry Hirsepfanne Well aging Essen - Curry Hirsepfanne mit weißen Bohnen @anna.elisie ✅ Gerade beschäftigt? Speicher dir das Rezept einfach für später!Was wäre, wenn ich dir sagen würde, dass es ein Lebensmittel gibt, welches deine Haut strahlend und schön aussehen lassen kann, es vielse
0_219424_23_6579798411018467;0.1824;cautioning;skincare-first;;;;Super Cytomin In Sachen Anti Aging schwöre ich auf den Wirkstoff Cytomin. Cytomin hilft nachweisbar gegen die Alterungsprozesse, indem es die Zellen vor Stress schützt. Da es präventiv wirkt, kann ich von der Wirkung natürlich nur bedingt was sagen. So alt bin ich noch nicht. Aber ich würde sagen, d
0_219424_126_t1_nxs1g09;0.1825;disappointed;;hyaluronic-acid;;;Was machen gegen Dehnungsstreifen Vor allem Sachen wie das so unglaublich gehypte Hyaluron sind als Molekül so gigantisch, dass sie per Definition nicht durch die Haut diffundieren können, die in jedem Landlebewesen außer Amphibien als _Diffusionsbarriere_ angelegt ist.Und kerzkettige Formen von Hya
0_219424_126_t1_oju993v;0.1825;seeking;procedure-curious;;;;Was haltet ihr von Hyaluron Filler? Hamburg, 8.30 Uhr, wieder mal Regen. Perfekter Halt für den Penis! – Drei Wetter Taft
0_219424_126_t3_1q4pxu2;0.1826;seeking;procedure-curious;;;;"Belgische Zombie-Horror-Komödie ""Yummy"" liefert Gore 🍿 Yummy ist eine belgische Horror-Komödie aus dem Jahr 2019, die übertriebenen Gore mit dunklen Lachern kombiniert. Der Film folgt einem jungen Paar, das ein zwielichtiges osteuropäisches Krankenhaus besucht, wo eine verpfuschte Schönheitsoperatio"
0_219424_9_yt.z1tlSK70T0s;0.1827;seeking;procedure-curious;niacinamide-peptides;;;🔥Erec Pro Erfahrungsberichte 2026 - Abnehmen und echte Ergebnisse erklärt - Erfahrungen & Bewertung 👇Hier kaufen ErecPro offizielle Website👇(Germany and Austria )✅🛒Hier kaufen 👉https://hotm.io/ErecPro-offizielle ✅🛒Hier kaufen 👉 https://hotm.io/ErecPro-offizielle 🔥Erec Pro Erfahrungsberichte  - Abneh
0_219424_126_t1_o2eefvp;0.1828;seeking;skincare-first;;;;SWR-Doku|Brasilien, Botox, Butt Lift - Alles für die Schönheit Gute Doku und interessantes Thema. Aber unabhängig davon, finde ich die Reporterin sehr sympathisch. Auch die Interaktionen mit den unterschiedlichen Personen in der Doku wirken viel menschlicher, als das in den meisten Dokus der Fall is
0_219424_126_t1_o84oxck;0.1828;disappointed;;;;;Silikon und Botox short Onlyfans evakuiert sein Personal aus Dubai?!
0_219424_126_t1_nzr6kqk;0.183;enthusiastic;skincare-first;retinol,safety;;;Schwanger, Ernährung später Hey, ich bin auch schwanger und schon lange vegan. Ich bin jetzt im dritten Trimester und meine Blutwerte waren bisher sehr gut, auch Ferritin, B12, Vitamin D. Mein Baby ist normal groß. Bei meinem Frauenarzt konnte man extra Blutwerte checken lassen für vegane Ernährung 
0_219424_126_t1_o2rkls8;0.1832;seeking;procedure-curious;price,aging-signs;;;Nehmen wir an ihr dürftet eine kostenlose SchönheitsOP bekommen, was würdet ihr an euch verändern? Wenn du helle Haut und dunkle Haare hast, kann man das ganz gut weglasern. Bei hellen Haaren wirds schwierig. Gibt auch Geräte für zu Hause, die kosten so um die 100 €.
0_219424_126_t1_ojhvtf5;0.1832;cautioning;skincare-first;botox;;;Warum gibt es gleich aussehende menschen Botox Behandlungen reduzieren die Mimik die einen Großen Teil des persönlichen Aussehens ausmacht. Alkohol als starker Zellgift verursacht recht spezifische physische Veränderungen. Wenn ich deine Frage richtig verstanden habe.
0_219424_126_t1_o2h5cbu;0.1833;conflicted;procedure-curious;;;;Nehmen wir an ihr dürftet eine kostenlose SchönheitsOP bekommen, was würdet ihr an euch verändern? Er ist nicht ich 😂Ich wäre ambivalent. Ich würde sie meiner Frau einerseits schenken wollen, andererseits finde ich sie perfekt, wie sie ist und fände die OP (und das damit verbundene Risiko) komplett 
0_219424_9_54835728342213149;0.1835;seeking;;;;;welches Scheuspilergesicht wird dann als Ki Lizenz verkauft? Und muss das mit jeder SchönheitsOp erneuert werden oder darf man dannden alten Jim Carrey nutzen?
0_219424_126_t1_o2p7po6;0.1837;seeking;procedure-curious;;;;Nehmen wir an ihr dürftet eine kostenlose SchönheitsOP bekommen, was würdet ihr an euch verändern? Oder: vollbart mit Glatze und gut gekleidet!
0_219424_9_58826152580685914;0.1838;disappointed;procedure-curious;;;;also eigentlich bin ich ein Fan von deinem Dokus kianush, allerdings fand ich das echt schwach und Mist dass du das so runter gemacht hast denn warum sollen solche Leute keine Bücher schreiben, die wollen ja nur das Thema machen und ich sehe das nicht so wie du es kann sein dass einer vielleicht von
0_219424_126_t1_o2nsni2;0.1844;seeking;procedure-curious;;;;Nehmen wir an ihr dürftet eine kostenlose SchönheitsOP bekommen, was würdet ihr an euch verändern? Warum was operieren lassen ❓Mutter Natur hat sich was dabei gedacht, als sie mich und meinen Körper auf den Planeten losgelassen hat ‼️
0_219424_15_68457886182187766;0.1844;cautioning;skincare-first;;;sod;Anti-Aging-Gewohnheiten: Arzt verrät drei Routinen, die biologisches Alter drastisch senken können Marc Hyman ist Arzt und Experte für Langlebigkeit. Eigentlich ist er 63 Jahre alt, sein Körper hingegen erst 43. Drei Routinen spielen dabei eine wichtige Rolle. Körperlich und geistig unversehrt – so 
0_219424_126_t1_oknsis6;0.1844;cautioning;;;;;Wow! Wusstest du dass man über 100 wird mit dem Unsterblichkeitskraut? [https://www.bioherby.com/jiaogulan/wirkung/anti-aging/](https://www.bioherby.com/jiaogulan/wirkung/anti-aging/) [https://www.mobilis-programm.de/jiaogulan-gynostemma-pentaphyllum/](https://www.mobilis-programm.de/jiaogulan-gynos
0_219424_9_yt.Qo1YPEwI7NM;0.1847;enthusiastic;skincare-first;peel;;;Wie sehen deine Dates mit deiner Kosmetikerin aus, erzähl es mir in den Kommentaren Wie sehen deine Dates mit deiner Kosmetikerin aus, erzähl es mir in den Kommentaren 💕🙏🤞———————————————————Termine unter per WhatsApp 👇 0179 6964209Deine Bestie Any #DauerhafteHaarentfernung #HaarentfernungFrankfurt #
0_219424_126_t3_1qhfh6h;0.1848;seeking;procedure-open;;;;Einschätzung Körpersprache Hey Leute, ich brauche mal eure Hilfe bei der Einschätzung der Körpersprache meiner beiden Kater. Wir sind heute an Tag 5 der Zusammenführung.Die Ausgangslage:• Kito (5 Jahre, Erstkater): Er wurde in seiner alten Gruppe 4,5 Jahre lang gemobbt und gejagt. Er war danach 6 Mo
0_219424_9_11249871800500311;0.1849;disappointed;;;;;Diana ist also doch abhängig von Botox geworden
0_219424_9_41340410825859082;0.185;cautioning;;;;;Botox füllt das Vacuum in ihrem Hirn komplett aus!
0_219424_9_yt.H-jOsQ_ei2o;0.185;seeking;;vitamin-c,hyaluronic-acid;;;BEWERTUNG (2026): M. Asam Asambeauty Adventskalender 2025. Infos Werfen Sie einen schnellen Blick auf die Hauptmerkmale von M. Asam Asambeauty Adventskalender 2025.👉 Auf Amazon ansehen: https://www.amazon.de/dp/B0FGCSP5RS/?tag=16w9h-20 (Affiliate-Link)Entdecken Sie den M. Asam Asambeauty Adventskale
0_219424_9_31180436538331677;0.1851;satisfied;skincare-first;;;;Botox, 7-Eleven, MDMA - das waren die Themen der letzten Videos und ich fand die alle nicht so nice aber das ist mal wieder n Top Video. Keine unnötigen Themen sondern Kultur und Geschichte aus nem interessanten Bereich 🙏🏼
0_219424_9_yt.QeMT0fLM9YE;0.1853;seeking;;;;;👉 Vergiss Proteinpulver! Dieses natürliche Lebensmittel stoppt den Muskelverlust sofort @Gesundheitsarzt 💪 Vergiss Proteinpulver! Dieses natürliche Lebensmittel stoppt den Muskelverlust sofortViele Menschen verlieren Muskelmasse mit dem Alter – besonders nach 50 oder 60 Jahren. In diesem Video erfäh
0_219424_9_52492079151875620;0.1853;satisfied;;;;;Koks und Botox dann sieht man so aus wie Jim Carey jetzt.
0_219424_9_65982949682403660;0.1854;enthusiastic;procedure-curious;;;;Netter Tipp, mach das mit einen Pico Sure Laser , da brauchst du  vielleicht vier bis fünf und die Farben gehen wirklich ganz raus.  Habe ich damals  selber in Hamburg machen lassen.  Weiter viel Erfolg
0_219424_126_t1_oaqr9ok;0.1855;cautioning;skincare-first;;;;Will wieder fit werden und suche Rat. Thema Kreatin: Nein auf keinen Fall vergleichbar mit Botox. Kreatin bildet Wasserablagerungen, ja. Das ist aber nicht das selbe wie Gewicht durch Wassereinlagerungen. Kreatin wirkt in den Muskelzellen und nicht unter der Haut und trägt so aktiv zum Muskelwachstu
0_219424_9_55890780371463153;0.1855;enthusiastic;;;;;​@andy8314mit der Botox Expertise kann sie das auch im Bereich Beauty bestimmt gut 😂😂😂😂😂
0_219424_9_3330689911180088;0.1857;seeking;;;;;Bei Konnemann ist zu viel Botox ins Gehirn gerutscht
0_219424_126_t1_nxnry5h;0.1858;seeking;skincare-first;;;;Real BOTOX Weib auf der CES2026 Wenn sie gut bläst würde ich überlegen aber Hauptsache ist sie kann nicht auch noch reden
0_219424_126_t1_oeese0o;0.1858;satisfied;procedure-open;botox;;;Ingenieur werden? Ich würd's heute nicht mehr machen Ja, bei Ingenieuren kommt es auch immer sehr darauf an, wo man arbeitet (und vor allem in welcher Branche). Als Bauingenieur z.B. sieht das schon wieder ganz anders aus. Da kann man von solchen Gehältern nur träumen.Und niedergelassene Ärzte verdi
0_219424_15_64334329754328754;0.1859;enthusiastic;skincare-first;laser;;;"Minnie Driver über Selbstliebe und Akzeptanz Minnie Driver glaubt, dass „Selbstliebe und Selbstakzeptanz"" der Schlüssel sind, um Frieden mit dem eigenen Körper zu schließen. Die Hollywood-Schauspielerin hat verraten, dass sie den Alterungsprozess akzeptiert hat und mit ihrem Aussehen zufrieden ist. "
0_219424_126_t1_o2meeip;0.1861;seeking;procedure-curious;;;;Nehmen wir an ihr dürftet eine kostenlose SchönheitsOP bekommen, was würdet ihr an euch verändern? Scribted oder nicht spielt hier dummerweise keine Rolle. Nur weil die Serie nach Manuskript geht bedeutet nicht dass solche Fälle nicht wirklich existieren und zu versuchen es ins lächerliche zu ziehen
0_219424_9_yt.Xj3TQBOoxes;0.1861;seeking;;;;;Top 10 Salt And Pepper Frisuren Ab 50 Top 10 Salt And Pepper Frisuren Ab 50.Bereit für natürliches Silber? Entdecken Sie 10 atemberaubende Salt and Pepper Frisuren, die sofort jünger machen und Schwung bringen. Verstecken Sie Ihr Grau nicht länger, strahlen Sie!Suchen Sie nach graue Haare Frisuren a
0_219424_9_16241747337501155;0.1862;disappointed;skincare-first;botox;;;Für Blöde: Botox wird von einem Bakterium (Clostridium botulinum) in sauerstoffarmer und warmer Umgebung gebildet. Insbesondere nicht korrekt abgekochte und versiegelte Konserven sind perfekte Umgebungen des Bakteriums.Botox zählt zum stärksten Nervengift der Welt. Es gibt jährlich unbeabsichtigte V
0_219424_9_58930112513493165;0.1863;disappointed;;;;;Ein kind dass schon anti aging benutzt 😂😂😂
0_219424_126_t3_1qk1fb3;0.1864;satisfied;skincare-first;;;;Hyalo Hyoloron Hyaluron Ich hätte lieber die selbe Haarpracht wie Heider als den selben Kontostand.
0_219424_15_42202396708669567;0.1864;disappointed;procedure-curious;;;;"Die neue Ästhetik der Brust: Warum Natürlichkeit der ultimative Luxus ist In einer Welt, in der der Begriff „Luxus"" oft mit Opulenz und Zurschaustellung gleichgesetzt wird, vollzieht sich in den anspruchsvollsten Kreisen eine subtile, aber tiefgreifende Revolution. Von der Mode über das Interior Des"
0_219424_126_t1_o88mmyy;0.1864;disappointed;;;;;Findet ihr Süßstoff oder Zucker schädlicher? Alkohol ist auch in Obst, Säften und Brot drin aber in so geringen Mengen, dass es nicht schlimm ist. Botulin ist eine der giftigsten Stoffe, die es gibt, kann aber in sehr geringen Mengen medizinisch eingesetzt werden (Botox).
0_219424_126_t1_odle9yl;0.1864;satisfied;skincare-first;;;;Bin ich reich? Die neue fructis locken Methode Serie kann ich empfehlen da sind keine Silikone, sulfate oder Alkohol drin, dafür aber shea butter und Hyaluron Säure, es trocknet also nicht aus sondern pflegt ordentlichDas mit dem cantu hab ich aber auch gemerkt das es nix für Europäer istWar ne orde
0_219424_9_24868518498642178;0.1866;disappointed;;;;;Guten morgen wow schöne Geschenke Anti aging set wäre cool👩‍🦳lg aus Gau-Algesheim
0_219424_23_67660148577468342;0.1868;satisfied;skincare-first;;;;Sehr gut Das Q10-Serum hat eine angenehme, leichte Textur, zieht schnell ein und spendet der Haut gut Feuchtigkeit. Bei regelmäßiger Anwendung wirkt die Haut frischer und gepflegter. Es ist eine gute Option für die tägliche Pflege, auch wenn man keinen starken Anti-Aging-Effekt erwarten sollte.
0_219424_15_49482452841417079;0.1869;seeking;;;;;Zahl der Schönheits-OPs enorm gestiegen Die Zahl der Schönheitsoperationen ist weltweit enorm gestiegen. Enorm ist vor allem der Anstieg bei Männern, wo sich die Zahl in den vergangenen Jahren annähernd verdoppelt hat, hieß es am Donnerstag beim internationalen Kongress für Ästhetische Chirurgie in 
0_219424_15_20541628815774239;0.187;seeking;;;;;Neue Studie: Stoppen Plazentazellen das Altern? Plazentazellen Anti-Aging Forschung ist für viele Praxen und Patienten aktuell ein zentrales Thema. Die Suche nach dem Jungbrunnen ist so alt wie die Menschheit selbst. ... The post Neue Studie: Stoppen Plazentazellen das Altern? appeared first on Medi
0_219424_126_t3_1s8het9;0.187;enthusiastic;skincare-first;;;;"Objektivität Es möchte mir nicht in die Birne. Wirklich nicht.Warum wir in einer Zeit, in der Frauen laut werden, sich gegen sexualisierung und gegen Stigmata alter Zeiten wehren; Eben jene Frauen sich halb nackt vor die Kamera stellen. ""Ups, hat man meinen Ausschnitt gesehen?"" 80k Klicks. - Hat sic"
0_219424_126_t1_odul7l4;0.1872;disappointed;skincare-first;;;;Cannabis-Teillegalisierung: Kein Konsumanstieg seit 2024 Weiß nicht, ob das noch aktuell ist, aber ich hab auch mal gesehen, dass man ein Rezept für Cannabis als anti-aging-Mittel bekommen konnte
0_219424_126_t1_ofa9lli;0.1872;disappointed;procedure-open;;;;Verurteilter Rechtsextremist Marla Svenja Liebich gefasst Trans zu sein selbst ist keine Krankheit. Krankenkassen sollen aber gesundheitliche Schäden vorbeugen und behandeln und geschlechtsdysphorischer Leidensdruck ist so stark im Alltagsleben einschränkend und belastend, dass er krankheutswertig i
0_219424_126_t1_oizdp5a;0.1872;disappointed;procedure-curious;;;;Barrierefreiheit bei der Deutschen Bahn 100%. Vor allem muss man ja auch denken, dass das sowas Grundlegendes und extrem alltägliches ist. Es ist ja kein das ist einmal passiert und gleich ausgerastet. Da muss man erstmal sich voranmelden, was ja schon ein Skandal ist, da man so extrem unflexibel is
0_219424_126_t1_o2z3pps;0.1873;seeking;procedure-curious;;;;Nehmen wir an ihr dürftet eine kostenlose SchönheitsOP bekommen, was würdet ihr an euch verändern? Dann Unterhalt dich mal mit der Kasse drüber und du wirst feststellen das es eine ist.
0_219424_9_26843979148464001;0.1875;satisfied;;;;;Medizinisch-wissenschaftlicher StandEs gibt keinen einzigen belastbaren Beweis, dass Adrenochrom ,verjüngt, das Leben verlängert, Zellen regeneriertIn höheren Dosen wirkt es eher:instabilpotenziell toxischpsychisch belastend.  Kein Anti Aging
0_219424_126_t1_nzxs5k7;0.1876;seeking;procedure-curious;price,safety;;;KI Hype vs. starke Ablehnung - woher kommt die Polarisierung? Die Menschen, die KI super finden, sind normalerweise die, die sich davon einen persönlichen Vorteil erhoffen, unabhängig der eventuell auch bekannten Kosten. Menschen, die direkt an Gewinnen beteiligt sind, die Geld mit KI verdienen woll
0_219424_126_t1_ohllq1y;0.1876;disappointed;procedure-curious;;;;"April 2026 - Social Media Thread Christian Wolf & Co Ich bekomme immer mehr das Gefühl, dass dieser Streit inszeniert ist.Ich vermute, die aktuelle Ragebait Marketingstrategie von More passt perfekt dazu.Den „Streit"" über geleakte Produkte, mit anschließender und ausführlicher Beweisführung über die"
0_219424_126_t3_1t48nph;0.1876;seeking;procedure-open;peel,price;microneedling;;"Microneedling Lohnt sich Microneedling? Bin jetzt 31 und dachte ich fang mal an aber es ist halt schon ziemlich teuer &gt;150€. Habe bisher nicht nichts machen lassen in die Richtung."
0_219424_9_5496001479524093;0.1877;disappointed;procedure-curious;fillers;;;Jetzt geht's aber echt los, Ceddo!Wieso löschst du meinen Kommentar?Ich habe geschrieben, dass sie mir wie eine russische Oligarchentochter erscheint, die Luxus gewohnt ist.Man hört noch an manchen Stellen den Akzent.Außerdem, das schreiben andere auch, hat sie im Gesicht Unterspritzungen, besonders
0_219424_9_yt.Y4OjunRCh4Q;0.1877;seeking;;;;;5 Lebensmittel, die Ihr Gehirn nach 50 zerstören (Unbedingt vermeiden!) Wussten Sie, dass einige alltägliche Lebensmittel Ihr Gehirn schädigen und den Gedächtnisverlust beschleunigen können?In diesem Video erfahren Sie die 5 gefährlichsten Lebensmittel für Ihr Gehirn, besonders ab dem 50. Lebensjahr
0_219424_126_t1_o3rzo3s;0.1879;satisfied;procedure-curious;;;;Stefan Raabs Gesicht Ich finde, er sieht aber so glatt an. Vielleicht hyaluron? 🤔
0_219424_126_t1_oju7u9s;0.1881;seeking;procedure-curious;;;;Was haltet ihr von Hyaluron Filler? ![gif](giphy|pPhyAv5t9V8djyRFJH)
0_219424_126_t1_o7krrui;0.1882;satisfied;;peel;;;Eure Meinung zu Sydney Sweeny? Kohle = Friseur, Augenbrauen färben und laminieren, Wimpern färben, Botox, Filler, Peelings, Schönheits-OPs, Lippenblushing. So kann fast jeder nachm Aufstehen und während der Arbeit aussehen, wenn er/sie Geld hat.
0_219424_126_t1_o1ee0zx;0.1884;cautioning;skincare-first;;;;"Wie steht ihr zu überschüssiger Haut oder Hautstraffung nach hohem Gewichtsverlust? Du warst also mit der Freundin von dir in ihrem Haus und sie war dort halbnackt und jemand anderes sagte dann:""Respekt, ich bin stolz auf dich, du hast wirklich durchgezogen!"" als er sie zum ersten Mal halbnackt gese"
0_219424_126_t1_o2h5kqw;0.1886;seeking;procedure-curious;;;;"Nehmen wir an ihr dürftet eine kostenlose SchönheitsOP bekommen, was würdet ihr an euch verändern? Oh hahaha, hab nur flüchtig drüber geschaut &amp; dachte, dass du geantwortet hast 😂Aber auch interessanter Kommentar haha"
0_219424_126_t1_obytg6w;0.1887;disappointed;;;;;Mealprep Sunday - Trivial einfach, 246g Protein pro Tag Botulismus ist die Vergiftung. Was du meinst, ist Botulinumtoxin (Botox).
0_219424_126_t1_o2hw632;0.1889;seeking;procedure-curious;;;;Nehmen wir an ihr dürftet eine kostenlose SchönheitsOP bekommen, was würdet ihr an euch verändern? Wir sind ja auch Menschen und kein Holzbrett. Sieht wahrscheinlich immer noch besseres als bei 90% auf der Straße die nichts tun.
0_219424_9_20280890640688519;0.1889;cautioning;skincare-first;botox;;;Haben Sie noch weitere Anweisungen? Ich bin auch Muslimin und bete zu Hause, bevor ich ausgehe. Sie müssen nicht in ein Restaurant gehen. Wenn Sie eine richtige Frau sind, essen und trinken Sie Ihren Kaffee zu Hause. Wir werden durch Leute wie Sie gedemütigt. Es reicht! Wenn Sie eine richtige Muslim
0_219424_126_t1_nxmxuwm;0.189;satisfied;;;;;Real BOTOX Weib auf der CES2026 Denke kaum das OPA Dieter sich sowas leisten kann mit seine Rente , und die die Kohle haben kaufen kein AI Puppe mit geld gibt es genung echte Puppe da draußenAber im Service/Info Bereich,  Verkauf echt realistisch,  solche KI Puppe
0_219424_126_t1_o2gxoqh;0.189;seeking;procedure-curious;;;;Nehmen wir an ihr dürftet eine kostenlose SchönheitsOP bekommen, was würdet ihr an euch verändern? Dein Kommentar wurde entfernt, weil du **kein Benutzerflair** gesetzt hast.  Bitte setze erst ein Flair und kommentiere dann erneut.So richtest du deinen Nutzerflair ein:  - Mobile (App): Im Subreddit 
0_219424_126_t3_1qhg93f;0.1891;enthusiastic;procedure-open;;;;Kampf oder Spiel ? Hey Leute, ich brauche mal eure Hilfe bei der Einschätzung der Körpersprache meiner beiden Kater. Wir sind heute an Tag 5 der Zusammenführung.Die Ausgangslage:• Kito (5 Jahre, Erstkater): Er wurde in seiner alten Gruppe 4,5 Jahre lang gemobbt und gejagt. Er war danach 6 Monate all
0_219424_126_t1_o54l3bl;0.1891;satisfied;procedure-curious;;;;Wie lange soll ich noch im Käfig bleiben 🔐🤭 Welch harte Worte für eine Schönheitsop, für die such einige Männer freiwillig entscheiden
0_219424_126_t1_o2gy9my;0.1892;seeking;procedure-curious;;;;Nehmen wir an ihr dürftet eine kostenlose SchönheitsOP bekommen, was würdet ihr an euch verändern? Nichts.... ich bin lieber hässlicher Mensch als eine hübsche Echse
0_219424_15_15074142117558463;0.1892;disappointed;;;;;Anti-Aging: So senken Vitamine das Bio-Alter Biologisches Alter senken ist für viele Praxen und Patienten aktuell ein zentrales Thema. Die Suche nach dem sprichwörtlichen Jungbrunnen hat sich in den letzten Jahrzehnten ... The post Anti-Aging: So senken Vitamine das Bio-Alter appeared first on Mediz
0_219424_9_42278126747335301;0.1892;seeking;procedure-curious;aging-signs;;;Da hast du natürlich recht, Social Media funktioniert auch so, dass man auf Dinge reagiert und seine Meinung dazu äußert. Mir ist es aber vor allem wichtig, mit solchen Videos auch Menschen zu erreichen, die vielleicht selbst sehr unter negativen Kommentaren leiden. Ich möchte zeigen, dass man sich 
0_219424_126_t1_oiifh7q;0.1894;enthusiastic;skincare-first;botox,aging-signs,price;;;"Wie damit umgehen, als Frau (echt) unattraktiv zu sein? &gt;Arschkarte in der GenlotterieJa gut, welche Menschen kommen perfekt schön zu Welt und bleiben so?Gerade schöne Menschen bleiben schön, weil sie permanent etwas machen/machen lassen. Meine Frau arbeitet im Bereich Ästhetische Medizin und seh"
0_219424_9_20020446267702393;0.1895;seeking;;;;;18:23 in den 2 szenen ist ja mehr silikon und botox als mensch zu sehen wtf
0_219424_9_68930839368180976;0.1896;enthusiastic;procedure-open;;;;Ich hab ihn mir gestern im Kino angesehen. Er ist nicht in den Top 3 aber definitiv noch vor Scream 3 und Scream 2022. Ich war froh Mathew Lillard wieder zusehen und er hatte Spaß bei der Rolle. Das Reveal war ehrlich gesagt das dritt Beste. Es zog sich nicht so ewig wie in anderen Teilen. Ghostface
0_219424_126_t1_o955fft;0.1896;satisfied;;;;;Der Dungeonlord persönlich hat gesprochen Mister Botox Kleister hat gesprochen
0_219424_126_t1_oi61np9;0.1898;enthusiastic;skincare-first;peel;;;BIDA weil ich Muttertag nach meinen Vorstellungen feiern will? BDA dein Kind ist noch frisch auf der Welt.. ein Erwachsener würde die alte sture Frau ihre Tradition machen lassen und stattdessen einfach den Sonntag davor oder danach sein Wannen und Peeling Programm durchziehen. Als ob es jetzt so wi
0_219424_9_yt.8MR3uRPE7mE;0.1899;disappointed;;;;;Eine eifersüchtige Freundin zerstörte ihr Gesicht… Die wahre Geschichte von Lynn May Beschreibung:Eine eifersüchtige Freundin zerstörte ihr Gesicht… Die wahre Geschichte von Lynn MayIn den siebziger Jahren war Lynn May eine der bekanntesten Frauen Mexikos. Tänzerin, Schauspielerin, gefeiert für ihre
0_219424_126_t1_o2lc8n9;0.1901;seeking;procedure-curious;;;;Nehmen wir an ihr dürftet eine kostenlose SchönheitsOP bekommen, was würdet ihr an euch verändern? Was soll daran eine Lüge sein?
0_219424_126_t3_1qr1urb;0.1902;seeking;procedure-curious;hyaluronic-acid;;;Was haltet ihr vom L'oreal Revitalift Hyaluronsäure Serum? Ich habe noch nie ein Serum von L'oreal gekauft, aber ich habe von diesem gehört das es echt gut sein soll. Ich hab bisher ein koreanisches Hyaluron genommen, dieses neigt sich aber dem Ende zu und die Bestellungen dauern immer so mega lang.
0_219424_9_4527025637880374;0.1902;enthusiastic;;;;;Jeder kennt doch seinen Namen (Mo Douzi jaahaa) - du kannst ihn ruhig aussprechen. Wir finden, dass Mo eine interessante Perspektive mitbringt und sich in Kreisen bewegt, wo Botox immer mehr zum Thema wird - daher haben wir ihn eingeladen.
0_219424_9_yt.4JA1G8KeuGE;0.1902;satisfied;skincare-first;;;pha;Warum Fasten mehr heilt als jede Diät (Autophagie einfach erklärt) Dein Körper besitzt eine Fähigkeit, die viele unterschätzen – Autophagie aktivieren bedeutet, deinem System die Chance zu geben, sich selbst zu erneuern 🔄✨ In diesem Video erfährst du, wie Autophagie erklärt deutsch wirklich funktion
0_219424_9_28712247701029990;0.1903;satisfied;;;;;"Das Gesicht ähnelt dem von Mickey Rourke nach seiner ""Schönheitsoperation."
0_219424_126_t3_1qhhm4x;0.1904;seeking;procedure-open;botox;;;Botox in Köln / Empfehlung für gute Praxis Hey :)Ich möchte gerne Botox in die Zornesfalte und Hyaluron in die Nasolabialfalte spritzen lassen.Kennt ihr gute Praxen in Köln, wo ihr selbst wart oder die euch empfohlen wurden?Vielen Dank schon mal für eure Tipps💕
0_219424_126_t3_1s0g2hi;0.1904;seeking;skincare-first;spf;;;Welche Sonnencreme und Feuchtigkeitscreme? Ich wollte mal damit anfangen mich um meine Haut zu kümmern. Welche Sonnencreme könnt ihr empfehlen die nicht so stark riecht und nicht so klebt? Am besten etwas was man im Laden kaufen kann oder einfach online bestellt (Am besten spf 50). Und sollte man So
0_219424_9_yt.lnt_vHhdJr0;0.1904;enthusiastic;;;;;Gina Lisa Lohfink Neue Schönheitsoperation nach Gewichtsverlust #PromiKlatsch #ShowbizDeutschland #PromiNewsGina Lisa Lohfink Neue Schönheitsoperation nach Gewichtsverlust#PromiDrama, #StarsKlatsch, #PromiGerüchte, #VIPNews, #InfluencerDrama, #UnterhaltungNews, #PromiUpdate
0_219424_9_14426191277033226;0.1907;cautioning;;;;;Underground  Botox-Szene krasser als die Underground Rap-Szene, haben wir gehört
0_219424_126_t1_o2tijfd;0.1908;seeking;procedure-curious;;;;Nehmen wir an ihr dürftet eine kostenlose SchönheitsOP bekommen, was würdet ihr an euch verändern? Die Angaben find ich nicht riesig, groß ja, aber nicht riesig. Meine Freundin hat Dildo in etwa der Größe.
0_219424_9_yt.dThTcnQpUQM;0.1911;disappointed;;price,celebrity;;;10 deutsche Schauspielerinnen mit schockierenden Veränderungen durch Schönheits-OPs Tauchen Sie ein in die schockierende Welt der Schönheitsoperationen im deutschen Showbusiness: In diesem Video zeigen wir Ihnen 10 legendäre Schauspielerinnen, deren Gesichter sich durch plastische Eingriffe drastisc
0_219424_126_t1_ojaxdnn;0.1911;satisfied;;peel;;;Planning to microneedle with Curenex + Selastin Tox sequentially and here's why the order actually matters Tut ihr die beide Produkte in die Haut injizieren mit Nadeln für besondere Ergebnisse nur durch microneedling?
0_219424_126_t1_oju7qkw;0.1911;seeking;procedure-curious;;;;Was haltet ihr von Hyaluron Filler? Nutzername prüft aus
0_219424_126_t3_1qghv2l;0.1912;seeking;skincare-first;vitamin-c,hyaluronic-acid,aging-signs,price;;;"60ml Bio Hyaluron Serum mit Vitamin C, E. Hochkonzentriert Anti-Falten, Anti-Aging & Dunkle-Flecken. Hyaluronsäure-Gesichtsserum, Ideal als Augenkontu... -32 % 11,94 € ✅ JÜNGERES UND FRISCHERES HAUTBILD FÜR GESICHT, HALS &amp; AUGENKONTUR: das Hyaluronsäure, Vitamin C Serum BIO und 20 organischen In"
0_219424_9_yt.wSaUhw0VHBQ;0.1912;cautioning;;;;;10 Promis unter den Stars: So ging Schönheits-OPs richtig schief Du willst wissen, wie weit Promis für das perfekte Aussehen wirklich gehen? Von Cartoon-Gesichtern bis hin zur menschlichen Barbie – dieses Video zeigt dir die verrücktesten Beauty-OPs aller Zeiten! Schau rein, lass uns in den Kommenta
0_219424_9_43471138983870932;0.1912;disappointed;procedure-curious;price;;;@MTLSurfer84 Die einzige fehlende Sonderausstattung ist Lenkradheizung, Sitzheizung hinten und Glasschiebedach... :D Alles andere, Laser LED, elektrische Sitze mit Memory, HK... hat er. Hab knapp 45.000 € bezahlt aber ohne Winterreifen und Service war kurz vor fällig. Getriebespühlung muss ich auch 
0_219424_9_31206509419788944;0.1913;enthusiastic;procedure-curious;;;;Dein Look ist sehr schön liebe Nicole❤️❤️❤️👍👍👍Der Glitzerpuder ist mein Lieblingspuder und die hyaluron lupstains liebe ich auch, ich hab den Bordeaux please, ist glaub die 521.  der Glitzerlidschatten ist sehr schön 😍 Danke fürs Schminki
0_219424_23_36205928007239870;0.1913;enthusiastic;skincare-first;spf;;;[Ich habe dieses Produkt im Austausch für meine ehrliche Bewertung erhalten] Das leichte Sonnenserum lässt sich sehr gut auftragen und zieht schnell in die Haut ein. Mit LSF 50 ist es perfekt für einen Tag in der Sonne. Die leichte Formel bietet Schutz vor sonnenbedingter Hautalterung und versorgt d
0_219424_9_50833799795204124;0.1913;satisfied;;;;;Ohne Filler wie Botox und Hyaluron, ohne chirurgischen Schönheitseingriffe, sieht Joan 100x besser aus als alle Filler und Ozempic-Frauen zusammen. Eine grossartige Frau und Schauspielerin mit Klasse und Eleganz. Love her.
0_219424_9_24588721605567823;0.1914;enthusiastic;skincare-first;spf;;spf;Hallo liebe Merry, das war ein informatives Favoriten-Video mit vielen spannenden Produkten. Auch die kleine Favoriten Duftreise war interessant. Den Eye Brow-Puder von Essence benutze ich auch immer. Ich habe bei DM einem Sonnenspray mit 50 Hoch entdeckt der Marke Sun dance. Das Spray ist für übers
0_219424_9_34706851192283739;0.1915;enthusiastic;skincare-first;;;;😅😅😅😅 und Botox Lilly will eine Frau sein😂😂😂😂
0_219424_126_t1_ob2u50k;0.1915;satisfied;procedure-curious;celebrity;;;Wie nehmt ihr Attraktivität im Alltag wahr? Bei 1) geb ich dir durchaus recht, ist aber eher ein seltenes Ding, sofern die Attraktivität beider Partner tatsächlich über Genetik zustande gekommen ist. Bei 2) würde das auch logischerweise umgekehrt gelten, dass nämlich Frauen einen Mann nehmen, egal w
0_219424_126_t1_o8fnnk5;0.1916;enthusiastic;skincare-first;retinol;;;Jim Carrey? Bin ich Schwurbler? Enstellt??? Harter Tobak. Wie siehst Du mit 64 aus? So wie auf Deinen Photos mit 30??Carrey geht langsam auf die 70 zu und zeigt sich seit mehreren Jahren kaum noch in der Öffentlichkeit. In den vergangenen sechs Jahren hat er nur drei Filme gemacht in denen er digita
0_219424_9_69412595881708830;0.1916;disappointed;;spf;;;Das einzige Anti-aging Produkt das Kinder nutzen sollten ist Sonnencreme!
0_219424_9_59950361583759673;0.1917;cautioning;skincare-first;;;;Schwachsinn...die Augen lässt er also auch umfärben weil er jünger aussehen möchte 😂😂?Nervengift in Form von Botox ändert nicht die Augenfarbe, dass kannst du auch gerne googeln.
0_219424_126_t1_ojpwjjb;0.1918;enthusiastic;skincare-first;;;;What is your experience with sacheu beauty ? Da habe ich leider keine Erfahrung! Hab nur mal Botox ne Zeit lang probiert
0_219424_126_t1_o2kn1bs;0.1919;seeking;procedure-curious;;;;Nehmen wir an ihr dürftet eine kostenlose SchönheitsOP bekommen, was würdet ihr an euch verändern? 😂 Ich bin bekannt für unkonventionelle Sachen
0_219424_9_52649921367676282;0.1921;satisfied;;;;;Der sieht aus als wär H.P.Baxxter von einem Schwarm Botox-Mücken angefallen worden.
0_219424_9_7510393903948809;0.1923;disappointed;skincare-first;;;;😂 wann kurwa sagt dem Kasper mal jemand das er ü40 ist!!!! Wovon redet der Müll Typ? Der ist 44 oder so. Wie heißt der botox Kopf eigentlich richtig? Kommt er nicht klar das er mit 44 da sitzt und von Sachen erzählt von denen keiner unter 25 was wissen will?? Eckelig!! Mit 44 sitzt der dicke botox T
0_219424_126_t1_o7ksta6;0.1923;enthusiastic;;peel,aging-signs;;;Eure Meinung zu Sydney Sweeny? Nee, es geht um Haare färben, Augenbrauen färben, Wimpern färben, Lippen Blushing, Botox, Filler, Peelings. Die Frau ist auf dem Bild ja nicht ungeschminkt, hat Perma-Makeup.
0_219424_126_t3_1qt0i37;0.1925;disappointed;procedure-curious;botox;;;"Welche Aspekte des modernen ""Frauenideals"" findet ihr eigentlich NICHT attraktiv? (Bild von ChatGPT) Hallo Männer, ich höre immer mal wieder, dass bestimmte ""Trends"", wie bspw. aufgespritzte Lippen, falsche Wimpern, lange Nägel, die teilweise unter Frauen weit verbreitet sind (v.a. auf Social Media)"
0_219424_9_29570559079081736;0.1925;cautioning;;;;;"Warum sind es eigentlich immer wieder dieselben 3 Frauentypen in den Videos? Entweder Typ 1 wie die im Video, Frauen die sich selbst verunstalten.  Typ 2: Hässlich aufgetakelte ""Influencerinnen"" und mit 5 Kilo schminke und oft mit Botox in der Fresse. Oder Typ 3: junge Frauen die von Typ 1 und / ode"
0_219424_126_t3_1sh31vq;0.1925;cautioning;procedure-curious;safety;;;Erfahrungen mit 3-ho-pcp Nachdem ich in den Besitz einiger Dissoziativa gekommen war, beschloss ich schließlich, diese Substanz auszuprobieren. Ich besitze zwar eine recht gute Waage, aber die hohe Potenz beunruhigte mich, weshalb ich anfangs volumetrisch abgemessen habe. Ich versuchte, 11 mg in 1 m
0_219424_9_yt.Z7kXwTebft4;0.1926;seeking;procedure-curious;price;;;"Dieses Wurzelgemüse verdoppelt die Stammzellen und kehrt die Alterung um"" – Iss es jeden Morgen 🌿 Das Wurzelgemüse, das die Mitochondrien dreifach aktiviert und die Stammzellen verdoppelt — bestätigt durch einhundertvierunddreißig wissenschaftliche Studien.→ https://gesundheitsfonds.vercel.app🧬 DER "
0_219424_9_53290585430347411;0.1927;enthusiastic;skincare-first;;;;Schönheit kommt von Innen! Charakter ist viel, viel wichtiger als Botox Lippen, Wimpern wie Daisy Duck, und mehr Silikon im Körper,als andere im Badezimmer haben! Die sogenannten Schönheiten sind nur Geldgeil! Diese Frau hat ein Herz, und ist obendrein sehr hübsch! Ich wünsche Euch Beiden viel Glück
0_219424_126_t1_o3g2ujr;0.1929;satisfied;;;;;"Ok, I'm on this ""no filter"" thing here. I just came across a video she did in this house talking about Botox and when she leaned right into the camera, all you could see was how bad her skin was. Give it up trash!! Sorry haha 😂"
0_219424_126_t1_odpg8mo;0.1929;satisfied;skincare-first;peel;;sod;Welche Haarroutine? Ich habe auch feines Haar und mich vor kurzem mit dem Thema Haarpflegeroutine auseinander gesetzt. Ich fand die Videos von Alexander Bahr bei YouTube sehr gut, weil er auch viele Produktempfehlungen gibt. In einem Video hat er für feine Haare davon abgeraten bei jeder Wäsche Cond
0_219424_15_60225630401965177;0.193;cautioning;skincare-first;retinol;;pha;Rezept: Kekse ohne Zucker (Nur 2 Zutaten!) Kekse ohne Zucker backen, die noch dazu ohne großen Aufwand und mit nur 2 Zutaten zubereitet sind? Das klingt vielleicht erstmal unmöglich, erwartet dich aber in diesem Beitrag! Ich teile hier mein super einfach und gleichzeitig unglaublich praktisches Grun
0_219424_126_t1_o2tfn1p;0.1931;seeking;procedure-curious;;;;Nehmen wir an ihr dürftet eine kostenlose SchönheitsOP bekommen, was würdet ihr an euch verändern? Naja du sagst keinen Riesen aber deine Angaben sind ja schon sehr groß. Das widerspricht sich halt🫠
0_219424_9_5962640165642759;0.1931;enthusiastic;skincare-first;botox;;;​​@SidonTheOnlydie Augenfarbe hatte er auch vor einem Jahr schon. Erwähnt Cihan auch gegen 19te Minute irgendwo. Da man seine Augen da im Licht sieht und da wirkten die schon heller und nicht ganz braun. Also evtl trägt er Kontaktlinsen. Botox kann zudem die Mimik stark einschränken, die Stimme klin
0_219424_9_yt.2pM_8F3NWRM;0.1932;seeking;procedure-curious;;;;Der Rosenthal-Effekt: Wer das glaubt, altert schneller. DER GEDANKE, DER KRANK MACHT Warum altern manche Menschen schneller als andere? Die Antwort liegt oft nicht in den Genen, sondern in einer selbsterfüllenden Prophezeiung. In diesem Video erklären wir den faszinierenden Rosenthal-Effekt und wie 
0_219424_9_50857029866096412;0.1932;disappointed;;;;;Naja 72 und viel Botox ,alles hintlässt Spuren auch das älter werden .
0_219424_126_t1_o2h10aj;0.1933;seeking;procedure-curious;;;;Nehmen wir an ihr dürftet eine kostenlose SchönheitsOP bekommen, was würdet ihr an euch verändern? Mach mir meine Hoffnung nicht kaputt 😡😡😡
0_219424_126_t1_ol5xchb;0.1933;satisfied;;;;;Sylvie Meis Ja klar, aber sie sieht halt wirklich trotzdem extrem gut aus, wenn man das mit anderen Promis vergleicht, die auch Botox nehmen 😂
0_219424_9_yt.O5RHu6kpwC4;0.1934;satisfied;;retinol,vitamin-c;;;Eine Süßkartoffel kann 400% des Vitamins liefern, das deine Augen brauchen! 🍠👀 Süßkartoffeln sind eines der besten Lebensmittel für die Gesundheit von Augen und Haut, gestützt durch solide Ernährungswissenschaft. Eine einzige gebackene Süßkartoffel kann laut Daten des USDA mehr als 400 Prozent der t
0_219424_126_t1_o2za5i7;0.1934;disappointed;skincare-first;;;;"Welche Aspekte des modernen ""Frauenideals"" findet ihr eigentlich NICHT attraktiv? (Bild von ChatGPT) Finde den Post etwas fragwürdig, denn natürlich treffen diese Punkte auf einzelne Frauen zu, aber bestimmt auf 95% aller Frauen auch nicht. Die meisten sind „unbearbeitet"" und da gibt es schon deutli"
0_219424_15_55753470758885090;0.1934;seeking;skincare-first;laser,retinol;;pha;STOMP-Programm: USA investieren 144 Millionen Dollar in die Erforschung von Mikroplastik Die USA investieren 144 Mio. Dollar, um Mikroplastik aus dem Körper zu entfernen. Was Forscher zur elektrostatischen Ladung als Schlüsselmechanismus bereits wissen, geht weit darüber hinaus. Am 2. April 2026 hat
0_219424_9_yt.zexF3km25Hw;0.1936;cautioning;skincare-first;price;;;10 Anti-Aging-Cremes, die du um jeden Preis meiden solltest! (Und 3, die wirklich sicher sind!) Abonniere jetzt den Kanal, um keine wichtigen Gesundheits- und Beauty-Updates mehr zu verpassen! 💖✨ Deine Unterstützung hilft uns, weiterhin ehrliche und hilfreiche Inhalte zu produzieren. 🙌https://www.yo
0_219424_15_19472350662930489;0.194;enthusiastic;procedure-curious;;biostimulator;;Beyond Filler: Warum Sculptra die Beauty-Welt in Düsseldorf revolutioniert In der pulsierenden Modemetropole Düsseldorf, wo Trends nicht nur getragen, sondern geboren werden, zeichnet sich eine subtile, aber tiefgreifende Veränderung in der Welt der ästhetischen Schönheitsbehandlungen ab. Vorbei sin
0_219424_126_t1_obtextp;0.194;seeking;skincare-first;;;;Bin mir unsicher, wer mehr Botox im Körper hat Eigentlich werden vom Melkmeister nur Buben gemolken, vllt jedoch übt es sich in neuen Techniken um Bübinnen melken zu können.Das Portfolio wird auf Bübinnenmilch erweitert, da die weit begehrte Bubensahne ja heute schon ein Verkaufsschlager ist.
0_219424_9_55295865219276387;0.1941;enthusiastic;;;;;Hallo!!!! Die Augenfarbe kann sich nicht vom Botox ändern!!!! Was redest du denn da für ein Blödsinn???? Das ist nicht Jim Carrey!!!
0_219424_9_66774273228073448;0.1941;cautioning;skincare-first;;;;Ich denke Botox und Medikamente machen viel aus . Dazu seine Depression und was weiß ich noch. Eigentlich müsste jeder wissen daß es Medikamente gibt die die stimmenbänder und die Augenfarbe verändern können . Insbesondere Antidepressiva und da er in America ist nimmt er Medikamente die auf der Rest
0_219424_126_t1_ol0af6r;0.1941;disappointed;procedure-open;botox;;;"Folgenbesprechung: „Mystisches Brandenburg"" Sorry, gehört nicht zur aktuellen Folge, aber da die Frage schon mal aufkam: In ihrem neuen Youtube-Video erzählt Laura von ihrer Baby-Botox-Behandlung im Gesicht. Hat sie einmalig machen lassen, glaube Ende 2025."
0_219424_126_t1_o2eov5q;0.1942;satisfied;procedure-curious;;;;"Immer Streit wegen der Wohnungsdeko Zuerst jahrelang alles durchwinken und die Frau ein Deko-Konzept machen lassen, - das ja er auch mit ""gutem Geschmack"" bewertet - und dann aus dem Blauen heraus Ansprüche stellen ist halt nicht drinnen. Sie könnte natürlich bei dem Rahmen einlenken aber beim Fußba"
0_219424_126_t1_obu5leq;0.1942;seeking;skincare-first;;;;Bin mir unsicher, wer mehr Botox im Körper hat Eigentlich werden vom Melkmeister nur Buben gemolken, jedoch übt er sich wohl in neuen Techniken um Bübinnen melken zu können.Das Portfolio wird auf Bübinnenmilch erweitert, da die weit begehrte Bubensahne ja heute schon ein Verkaufsschlager ist.
0_219424_126_t1_ogkyou6;0.1942;enthusiastic;skincare-first;botox;;;Reality Queens (Ariel) Ich finde auch krass, sie ist 22 Jahre alt und Nasen OP, Brust OP, Lippen aufgespritzt, Botox. Naja, Emma ja das gleiche.
0_219424_126_t1_o2u42tp;0.1943;seeking;procedure-curious;;;;Nehmen wir an ihr dürftet eine kostenlose SchönheitsOP bekommen, was würdet ihr an euch verändern? Danke, dann werde ich mich da mal schlau machen. :)
0_219424_126_t1_odxk4i2;0.1943;disappointed;skincare-first;botox;;;Aussehen ist Persönlichkeit immer überlegen Als person die mal sehr hässlich war und nie Aufmerksamkeit vom anderen geschlecht bekommen hat, kann ich das bestätigen. Nach Schönheits OPs, botox und filler sind meine interessen die früher uncool und nerdy waren plötzlich genau das was mich interessant
0_219424_15_58261290225017451;0.1944;seeking;skincare-first;;;;Beautiful Aging statt Anti-Aging – Vier verschiedene Nachtcremes von Doctor Eckstein im Überblick In diesem Beitrag stelle ich euch die Beautiful Aging Nachtcremes von Doctor Eckstein vor – vier unterschiedliche Cremes, die gezielt auf verschiedene Hautbedürfnisse abgestimmt sind. Wenn ihr auf der S
0_219424_9_yt.icBmoVrXtIE;0.1945;disappointed;procedure-curious;price;;;Eine Frau beschwert sich bei ihrer Freundin Eine Frau beschwert sich bei ihrer Freundin:— Mein Mann ist so ein Schwein!— Warum denn das?— Ich habe ihn um 200 Euro für eine Schönheitsoperation gebeten, und er hat mich angesehen und mir 500 Euro gegeben!
0_219424_126_t1_ny5axjq;0.1946;cautioning;;;;;"Vegane Bolognese vor 3,5 Wochen ""eingekocht"" - lieber zurückrufen? Nein, Botox ist die Abkürzung für das Botulismus-Toxin und das ist keine Marke sondern ein Stoffwechselprodukt des Bakteriums."
0_219424_9_54748952703716319;0.1946;enthusiastic;;;;;Das ist Jim Carrey. Die Augen sind exakt dieselben und die Kinnlinie. Mit Botox kann man keine Grimmassen mehr ziehen
0_219424_9_yt.fThaXib2zY8;0.1947;enthusiastic;;;;;#46 Charlottes Pillen Box Charlotte war in Köln und hat ihre neue Show vertont. Und auch Gia ist bald in Köln, denn sie hat eine Einladung zu den Reality Awards bekommen. Endlich gehen die Ex-Wives mal wieder zusammen feiern. Outfit und Botox sind in Planung. Außerdem: Charlotte zeigt Gia ihre Suppl
0_219424_9_17337048472715456;0.1949;satisfied;;;;;​@MichaelSeidel-u8s Boris, Feroz, Kosubek werden auch als influenzer bezeichnet, Einflussnehmer über a-soziale medien?Oder sind nur Bling-Bling Botox, Fitness Menschen influenzer?
0_219424_126_t3_1qi4n0k;0.1951;seeking;;laser,hyaluronic-acid,price;;;"""Thorium-Vakuum-Karamellisation – Molekulare Gastronomie 2.0"" Das Konzept: Interpretationsmöglichkeiten:1. Hochpräzise Karamellherstellung unter extremen Bedingungen· Problem: Herkömmliche Karamellisierung ist ungenau (180-200°C), verbrennt leicht· Lösung: Nutzung von Thorium-Reaktor-Abwärme in kont"
0_219424_126_t1_o6yng2b;0.1951;satisfied;procedure-curious;;;;Sind Diodenlaser genauso gut wie Alexandrit Laser? Die Dame meines Vertrauens nutzt Alexandrit als auch jak laser. Beides hintereinander. Hat im Gesicht super Funktioniert ( bis auf Kleine reste, da dann Epilation) und auch am Körper. Mittlerweile habe ich Achseln Beine po und intim machen lassen. A
0_219424_126_t1_o8lxa50;0.1952;enthusiastic;;;;;Bei Joyn gibt's jetzt Halloweenmasken im Sonderangebot Oder auch Hyperhydrose. Botox hat echt viele Anwendungen abseits von kosmetischer Medizin.
0_219424_9_55117147497225251;0.1952;disappointed;procedure-curious;;;;@inagroer2951 Ich bin ganz deiner Meinung! Hope hat die Hoffnung seit mehr als drei Wochen nicht auf gegeben. Ich habe noch nie ein Tier gesehen was so eine Willenskraft hat am Leben bleiben zu wollen wie unser Hope!❤ Jedes Gutachten was Backhaus machen lassen würde (angenommen) könnten Fälschungen 
0_219424_126_t1_o1wr047;0.1953;satisfied;;;;;If I have to walk around with my papers, Kristin Noem should have to walk around with her original face. *In die Wangen**In die Stirn**Botox rein**bis ins Gehirn*
0_219424_126_t1_ochhbst;0.1953;seeking;;;;;Botox in Germany Hat schon jemand dort bestellt?Angeblich heißt das Unternehmen Dermax
0_219424_9_23677080025765626;0.1954;satisfied;procedure-curious;;;;Der Kerl hat die modRNA Experimental-Substanzen aktiv und intensiv propagiert. Somit auch seine Zuschauer-/hörer verleitet, sich damit kontaminieren zu lassen. Wie letztlich dann auch tatsächlich zu sehen war, wurden nicht wenige unmittelbar erheblich krank. Zukünftige gesundheitliche Schäden überha
0_219424_9_43172695621120245;0.1954;satisfied;procedure-curious;;;;Der Kerl hat die modRNA Experimental-Substanzen aktiv und intensiv propagiert. Somit auch seine Zuschauer-/hörer verleitet, sich damit kontaminieren zu lassen. Wie letztlich dann auch tatsächlich zu sehen war, wurden nicht wenige unmittelbar erheblich krank. Zukünftige gesundheitliche Schäden überha
0_219424_126_t1_o2k80tz;0.1954;seeking;procedure-curious;;;;Nehmen wir an ihr dürftet eine kostenlose SchönheitsOP bekommen, was würdet ihr an euch verändern? Gar nichts. Ich bin wie ich bin und wem das nicht gefällt, darf gerne wegschauen
0_219424_126_t1_o2snav6;0.1954;seeking;procedure-curious;;;;Nehmen wir an ihr dürftet eine kostenlose SchönheitsOP bekommen, was würdet ihr an euch verändern? Das sieht die Kasse anders.
0_219424_126_t1_o824g85;0.1955;seeking;;price;;;Masseter (Kaumuskel) Botox in Mainz 400 Euro
0_219424_126_t3_1s71e86;0.1955;cautioning;skincare-first;;;;Passing-Tipps und Erfahrungen für femininere Menschen Hey ihr Lieben! 🌸Ich wollte mal ein paar meiner Erfahrungen und Tipps zum Thema Passing teilen, speziell für Menschen, die femininer sein möchten – egal, ob ihr Hormone nehmt oder noch nicht. Vorweg: Das sind meine persönlichen Erfahrungen und Ti
0_219424_126_t1_o1pcqqs;0.1956;enthusiastic;procedure-open;botox,retinol;;;Ich bereue es zutiefst, den Facharzt für Allgemeinmedizin gewählt zu haben. Also die allermeisten WBA Allgemeinmedizin sind nebenbei noch tätig: KV-Dienste, Leichenschau-Dienste, Pflegeheimbetreuung, Reisemedizin, Praxisvertretung, Privatmedizin, Dienste in ehemaligen Häusern, Dienste in Psychiatrie
0_219424_9_14129310937779300;0.1958;enthusiastic;skincare-first;;;;Diese natürliche Schönheit ohne Botox usw ist wunderschön anzusehen
0_219424_9_54183476105277666;0.1959;disappointed;procedure-curious;;;;"Selbst einer Strohpuppe gegenüber, besteht mehr Symphatie, als dieser ""Botox Blondine"", samt ihrem selbstverliebten, verlogenen und heuchlerischen Umfeld. Wenn Dummheit und Gefühlskälte einen schon aus dem Gesicht anspringt, was will man da kognitiv noch erwarten? Geistiger Zerfall, damit wäre selbs"
0_219424_126_t1_o2yidpw;0.196;seeking;procedure-curious;;;;Nehmen wir an ihr dürftet eine kostenlose SchönheitsOP bekommen, was würdet ihr an euch verändern? Haha ja das dachte ich mir 😁
0_219424_9_yt.ZV0-vaIpgks;0.1961;satisfied;procedure-curious;;;;Jetzt packt sie aus: Das hat Marlene Lufen machen lassen Moderatorin Marlene Lufen (55) hat jetzt in ihrem eigenen Podcast offen über Beauty-Eingriffe gesprochen, die sie an sich hat vornehmen lassen. Die Sat.1-Frühstücksfernsehen-Moderatorin ist bekannt für ihren natürlichen Look – und genau deshal
0_219424_126_t1_o2t5rpm;0.1962;seeking;procedure-curious;;;;Nehmen wir an ihr dürftet eine kostenlose SchönheitsOP bekommen, was würdet ihr an euch verändern? Wie soll ich das jetzt deuten? 😅
0_219424_9_37226426151196293;0.1963;satisfied;skincare-first;botox;;;Der Typ sieht eher aus, wie die typische Karikatur eines Hollywood - Schmierlappens, den Jim Carrey in einer Komödie spielen würde. Geliftet, mit Botox und Filler vollgepumpt und mit billig aussehenden Veneers auf Kauleisten.
0_219424_126_t3_1t3oye6;0.1964;seeking;procedure-open;peel;microneedling;;Ist das nachwachsen? 7wochen Update Finasterid 1mg minoxidil Schaum 5% 2x am Tag Moin Jungs wollte euch mal fragen ist das nachwachsen? Benutze seit fast 7 Wochen Finasterid 1Mg, minoxidil 5% Schaum 2x am Tag,1x Woche Microneedling sonst noch Biotin Zink usw.  Ich merke jetzt schon das die Haare vie
0_219424_9_61515706471936650;0.1965;cautioning;;;;;Sie ist eine botox Frau was für power mit ihren 20 nannys
0_219424_15_60573261727971114;0.1965;seeking;;aging-signs;;;Alters- und Pigmentflecken reduzieren mit Badestrand Luxus Kosmetik 2 x tägliche Anwendung - Hautaufhellung, Minderung von Pigmentflecken, signifikante Verbesserung des Hautzustandes sowie aktive Reduzierung der für die Hautalterung verantwortlichen freien Radikale
0_219424_9_yt.Icf21oMG8Q0;0.1965;satisfied;procedure-curious;;;;Kollagen natürlich unterstützen: Diese Lebensmittel helfen wirklich! Kollagen ist wichtig für Haut, Gelenke und Bindegewebe – doch wie kannst du deinen Körper dabei unterstützen?In diesem Video erfährst du, welche Lebensmittel die körpereigene Kollagenbildung unterstützen können, welche Nährstoffe d
0_219424_9_yt.t8JTal_h_Mc;0.1966;satisfied;;price,celebrity;;;7 deutsche Stars, die extreme Schönheitsoperationen durchgemacht haben Schönheitsoperationen gelten heute als Alltag – doch was passiert, wenn der Kampf gegen das Altern außer Kontrolle gerät? In diesem Video werfen wir einen schonungslosen Blick auf 7 deutsche Stars, die sich extremen Schönheits­ei
0_219424_23_4100994064208097;0.1967;satisfied;skincare-first;;;;Cellular Expert Lift 3-Zonen Lift Serum Ich habe Q10 Anti-Aging Kollagen Experte 3in1 regenerierend in Rahmen eines Produkttestes bekommen. Ich habe das Serum mit der Creme 2x täglich benutzt. Das Serum zieht schnell ein, duftet sehr angenehm und versorgt die Haut mit Feuchtigkeit, die Haut ist glat
0_219424_9_yt.XBk8bZOgEV0;0.1967;seeking;procedure-curious;niacinamide-peptides;;;ErecPro Nebenwirkungen - ErecPro Erfahrungen und Original Kaufen - Ist es seriös? 👇Hier kaufen ErecPro offizielle Website👇(Germany and Austria )✅🛒Hier kaufen 👉https://hotm.io/ErecPro-offizielle ✅🛒Hier kaufen 👉 https://hotm.io/ErecPro-offizielle ErecPro Nebenwirkungen - ErecPro Erfahrungen und Origin
0_219424_126_t1_og1dpxu;0.1967;seeking;skincare-first;safety;;zinc;Wie wahrscheinlich ist Haarausfall wenn man sich Vegan ernährt? Gibt noch einige weitere wichtige Supplements für Veganer/-innen. Ich habe mich da an der Seite der Verbraucherzentrale orientiert und nehme jeden Tag 8 verschiedene Pillen (neben B12 und Calcium noch Zink, Selen, Eisen, Omega3, Jod und
0_219424_126_t1_oh2hx1j;0.1967;enthusiastic;;peel;;;"Hyaluron Lippen Microneedling Roller Vielen Dank 😊 Was denkst du über dieses Produkt? https://hanna-silberzaubercrafts.de/products/hanna-lipboost?currency=EUR&amp;variant=49201928536396&amp;utm_source=google&amp;utm_medium=cpc&amp;utm_campaign=Google%20Shopping&amp;stkn=ab8dd6d66814&amp;google_shopi"
0_219424_9_50048367548336325;0.1969;cautioning;;;;;"Und dann gründen sie eine Bürgerinitiative „Denkt doch auch an die Botox-Kinder!""."
0_219424_126_t1_oju7eo5;0.1969;seeking;procedure-curious;;;;Was haltet ihr von Hyaluron Filler? Ich lache laut.
0_219424_126_t1_nymxahv;0.197;seeking;procedure-curious;fillers;;;"Gegenrede: Wenn Wissenschaftler das brutale Ritual der weiblichen Genitalverstümmelung verteidigen „Im renommierten „British Medical Journal"" ist nun ein Artikel von 25 Wissenschaftlern aus der Anthropologie, Soziologie, Gender Studies und anderen Fächern erschienen, in dem der Diskurs über weiblich"
0_219424_126_t1_o2h6rx2;0.197;seeking;procedure-curious;;;;Nehmen wir an ihr dürftet eine kostenlose SchönheitsOP bekommen, was würdet ihr an euch verändern? Der hätte von mir stammen können.
0_219424_9_yt.85821DtxQ-E;0.197;disappointed;skincare-first;peel,aging-signs;;amino-acids;"Sanft, effektiv und ohne Nadeln – BioRePeel für deine Haut! ✨🍃"" Du willst strahlende, frische Sanft, effektiv und ohne Nadeln – BioRePeel für deine Haut! ✨🍃""Du willst strahlende, frische Haut, aber hast keine Lust auf Nadeln? Dann ist BioRePeel genau das Richtige für dich!🌿 So wirkt BioRePeel:Entfer"
0_219424_9_yt.UezIs_L60VQ;0.197;seeking;;;;;Salz, Zucker, Öl – welches davon macht dich wirklich alt? Salz 🧂, Zucker 🍬 oder Öl 🫒 – was davon beeinflusst unsere Gesundheit wirklich? 🤔 Viele Menschen stellen sich irgendwann genau diese Frage. Nicht aus Angst, sondern aus dem Wunsch heraus, gesund alt zu werden, mehr Energie zu spüren und den ei
0_219424_9_35196729282859554;0.197;disappointed;;botox;;;Weil wenn schwarze alt werden sehen sie nd so alt aus deswegen lässt sich die frau Botox spritzen weil sie dann jünger aussieht😊
0_219424_15_198878704572781;0.1971;enthusiastic;procedure-curious;;;;"Gesund und schön mit Ölen Buchtipp Den Körper entgiften, reinigen und pflegen – mit Ölziehkur | TikTok-Trend Ölziehen auf den Punkt gebracht Mit Naturölen schön von außen und innen Dieses Buch behandelt u.a. den nicht ganz neuen Trend des Ölziehens. „Gesund und schön mit Ölen"" ist dabei jedoch kein "
0_219424_126_t1_oa5qhxf;0.1971;satisfied;;;;;"Fillers/Botox https://jennifervincentnp.janeapp.com/?gsas=1&amp;ahbb=1&amp;rwg_token=AFd1xnFNM0wc2HKPkOvRuOrVUnLzCHygZyz0Q0omlgUOb17p7cMaOnN3hFf7Qxzi6tjPElf3Ti6x1fzWzfp38q90DvncxPpXnA%3D%3D"
0_219424_126_t1_oju82rk;0.1971;seeking;procedure-curious;;;;Was haltet ihr von Hyaluron Filler? Wie würde eine Frau das mit ihrer Vagina wohl sehen?
0_219424_9_yt.trGyRrP2V6Y;0.1972;enthusiastic;;;;;Warum diese 7 Lebensmittel deine Zellen vor Alterung bewahren Willst du deine Zellalterung stoppen und dein biologisches Alter senken? 🔬✨ In diesem Video erfährst du, wie du mit der richtigen Anti Aging Ernährung deine Zellverjüngung natürlich unterstützen kannst – basierend auf neuesten wissenschaf
0_219424_9_yt.o1VqXqAyg5M;0.1972;disappointed;;botox,facelift,pressure,celebrity;;;10 schöne deutsche Schauspielerinnen, die von Schönheitsoperationen besessen sind 10 berühmte deutsche Schauspielerinnen und ihre schockierenden Veränderungen durch Schönheitsoperationen – dieses Video enthüllt die dunkle Seite des Ruhms und den enormen Druck der Filmindustrie. Von Désirée Nick bis 
0_219424_9_2183510829572301;0.1973;satisfied;procedure-open;;;;Wer will hören was die faschistische Botox-Hack-Fresse zu melden hat?!
0_219424_126_t3_1q1rdgw;0.1974;enthusiastic;skincare-first;retinol,hyaluronic-acid,spf,aging-signs;;;Tipps zur Hautpflege: welche Produkte brauche ich wirklich? Hallo zusammen und happy new year :) Für das neue Jahr habe ich mir vorgenommen, mich etwas besser um meine Haut zu kümmern und sie zu pflegen. Ich liebe alles rund um Makeup, Haarstyling und auch Pflege - bin aber selbst total untalentiert
0_219424_126_t1_o2hlh5x;0.1974;seeking;procedure-curious;;;;Nehmen wir an ihr dürftet eine kostenlose SchönheitsOP bekommen, was würdet ihr an euch verändern? Meine Frau.
0_219424_126_t1_o3imy4h;0.1974;disappointed;procedure-curious;;;;Ist die Epstein Sache nicht objektiv der größte Skandal der gesamten Nachkriegsgeschichte? Wieso passiert nichts?? Ich bin eingebildet, weil ich von dir für deine Falschaussagen eine seriöse Quelle haben möchte? Okay? Ne Uni hast du noch nie von innen gesehen, oder? Ich glaube von dir kann man echt 
0_219424_9_18549198405446492;0.1974;disappointed;;hyaluronic-acid;;;hyaluron wird durch fluppe ausgeglichen
0_219424_9_yt.DcFRj4RA31M;0.1975;seeking;skincare-first;;;;Ramadan 2026: Meine Skincare Routine beim Fasten | Trockene Haut & Neurodermitis Gerade während des Fastens merke ich, wie sehr meine Haut Aufmerksamkeit braucht. Weniger Wasser, veränderter Rhythmus das alles wirkt sich aus.In diesem VLOGMOON 🌙 Video zeige ich euch meine aktuelle Skincare Routine w
0_219424_9_56540313551782222;0.1976;satisfied;;;;;Bruda  azizam bitte das ist adnan oktar (harun yahya) vergiss diese mensch Schande für Menschheit dieser typ mit Botox frauen silikon hat er seltsame dinge gemacht Islam ausgenutzt ekliger typ
0_219424_126_t1_o2h39p8;0.1977;seeking;procedure-curious;;;;Nehmen wir an ihr dürftet eine kostenlose SchönheitsOP bekommen, was würdet ihr an euch verändern? Meinen Partner :)
0_219424_9_69063651372054821;0.1977;cautioning;;;;;Noch nie so viel Botox in einem Video gesehen.
0_219424_23_9228468903733414;0.1978;disappointed;;aging-signs;;;Tolle Nachtpflege Das Eucerin Hyaluron-Filler Hydra Nacht Gel überzeugt durch seine leichte, schnell einziehende Gel-Textur. Sie hinterlässt keinen Fettfilm und versorgt die Haut intensiv mit Feuchtigkeit. Das Gel sorgt für ein angenehmes erfrischendes Hautgefühl, reduziert das Spannungsgefühl und m
0_219424_9_26130454556804999;0.1979;satisfied;skincare-first;;;;also ich halte das für Unsinn !!Er hat sich optisch etwas verändert, in dem er gealtert ist, und vermutlich Botox, Hyaluron etc verwendet....aber kommt schon, Clon,Roboter etc!??!Wäre sicher nicht der erste US Star, welcher zB psychisch erkrankt, Drogen oder Alkoholabhängig wird.
0_219424_126_t1_o3bjoxk;0.198;cautioning;skincare-first;aging-signs;;;Guter Cleanser? Hi, kein Problem, jeder darf seine Meinung haben und ich mag solche Diskussionen auch🤔Uv Strahlung sind 80% der sichtbaren Hautalterung. Für gewöhnlich sind Menschen auch Dunkelhäutig - wir sind mutiert. Für mich ist es normal, meine extrem helle Haut vor der Sonne zu schützen und Ko
0_219424_126_t1_o81nn5s;0.198;seeking;skincare-first;hyaluronic-acid;;;Hi Reddit! Ich bin Vlora, Skin Expert bei Kiehl's (DACH) – Ask Me Anything zu Wirkstoffen, Routine-Aufbau & sensibler/gestresster Haut | Live am 04.03. um 14 Uhr CET Darf ich fragen warum so viele Leute auf Toner setzen bzw. warum er so wichtig ist in ein essenziellen Skin care Routine? …ich mach na
0_219424_9_61131600932937149;0.198;satisfied;;;;;Tolles Video! Aber bitte ganz korrekt: veganes Kollagen IST KEIN Kollagen sondern etwas ähnliches. Auch gut, aber kein Kollagen. Wenn schon Tiere getötet werden (was in dieser Gesellschaft wahrscheinlich nicht zu verhindern ist) dann bitte eine ganzheitliche Verwendung - also gut, wenn Schlachtabfäl
0_219424_126_t1_o8lsaq5;0.1981;disappointed;skincare-first;;;;"Je älter, desto unattraktiver Also ohne den Text zuende gelesen zu haben... alter Schwede, ich finde dieses sprunghafte ""Trenn dich von ihm"" das hier oft kommt immer masslos übertrieben. Jetzt habe ich diesen Impuls beim lesen der ersten beiden Absätze auch mal. So hab mich beruhigt und eben mal den"
0_219424_126_t1_oezu5ml;0.1981;enthusiastic;skincare-first;;;;Aldi gewinnt den Protein-Battle... Darf ich vorstellen: Protein-Fruchtzwerge Mehr als die Proteinfruchtzwerge interessiert mich die Anti-Aging-Routine von OP
0_219424_23_15096887193867788;0.1982;satisfied;skincare-first;spf,aging-signs;;;Super Anti Aging Serum [Diese Bewertung wurde im Rahmen einer Werbeaktion gesammelt.] Ich habe das Cellular Epigenetic Serum kostenlos testen dürfen.Das Serum verwende ich seit fast 2 Wochen und meine Haut hat sich super positiv verändert.Das Serum wird hygienisch mit einem Spender entnommen und für
0_219424_126_t1_ohw541e;0.1983;enthusiastic;;;;;Annalena Baerbock war gestern in der Daily Show. Was denkt ihr über ihren Auftritt? Mit all dem Botox sieht die aus wie 70
0_219424_126_t1_o1ktq0x;0.1984;enthusiastic;skincare-first;;;;Gute Gel/Acryl Nägel ☺️ Hab mir meine Gelnägel bei https://vivi-nails.de machen lassen und hab auch eine Kosmetikerin-Freundin, die auch gerne dort hingeht. Wen hast Du in der Zwischenzeit gefunden? 🥀
0_219424_126_t1_o2l8ywp;0.1985;seeking;procedure-curious;;;;"Nehmen wir an ihr dürftet eine kostenlose SchönheitsOP bekommen, was würdet ihr an euch verändern? Angeblich nicht genug Probleme oder wollen sie ""nur"", dass sie wartet, bis sie welche hat?"
0_219424_15_18436844164108673;0.1986;seeking;;;;;Anti-Aging Therapie: Was bringt sie wirklich? Anti-Aging Therapie Deutschland ist für viele Praxen und Patienten aktuell ein zentrales Thema. Die Menschheit strebt seit jeher nach einem längeren und gesünderen Leben. In ... The post Anti-Aging Therapie: Was bringt sie wirklich? appeared first on Med
0_219424_126_t3_1s1frmv;0.1986;enthusiastic;skincare-first;botox,price;;;Neues Sub für SchönheitsOps Da es noch relativ wenige deutsche Subs gibt, die in irgendeiner Form was mit dem Thema Beauty zu tun haben, würde ich mich sehr freuen, wenn die Mods diesen einmaligen Post erlauben. Freue mich auch über einen gegenseitige Verlinkung:)  \-----------------  Hi! Vor einige
0_219424_126_t1_okbfm7a;0.1987;enthusiastic;skincare-first;;;;"Next gen cancer drug shows surprising anti aging power OG. 🫡🫡   Hab ich ja noch mind. 10 Jahre die ich so „Bedenkenlos"" (aggressiv massive Anführungszeichen) weiter machen kann 🧢"
0_219424_126_t1_nxysl1r;0.1988;seeking;skincare-first;aging-signs;;;Tipps zur Hautpflege: welche Produkte brauche ich wirklich? hast du konkrete Produktvorschläge, v.a. für Reinigungsöl/Balsam/Foam und zum Abschminken?Ansonsten würde ich gerne meine Haut einfach zusätzlich mit Feuchtigkeit versorgen und einfach unterstützen und den Alterungsprozess verlangsamen, wen
0_219424_9_1942844491692135;0.199;disappointed;procedure-curious;;;;Gerade mim Hund im Olypark gewesen. München. 1 Es mit Botox voll auf Anschlag geht mit ihrem Dobermann spazieren. Mein Hund Labrador geht hin und will riechen. Aufeinmal kickt sie nach ihm und ich schreie lass mein Hund. Sie kommt den Berg runter und schubst mich und macht Ansagen. 😂 Ich dachte ich 
0_219424_9_yt.FHzvk9k4fnc;0.199;enthusiastic;procedure-curious;botox;lipolysis-injection;;"Date Night: ""Noch nie hat mich jemand so umgehauen wie du!"" | Dr. Rick & Dr. Nick | ProSieben Neben ihrem Job haben unsere Beauty Docs natürlich auch noch ein Privatleben, das, wie sollte es anders sein, natürlich auch vollgepackt ist. Rick macht zum Beispiel gerade seinen Flugschein, für den er vor"
0_219424_9_22941699518779794;0.199;cautioning;;;;;Wer mach euer Collorgrading??? Digger hast du Botox mit Karotten verwechselt??
0_219424_9_12356286822127278;0.1991;enthusiastic;;botox;;;@7Sixxa Botox spritz man sich ins Gehirn?!
0_219424_126_t1_o5opt3j;0.1993;seeking;skincare-first;spf;;;Frage an die Männer von 30-40 ich bin fast 31, würde wenn ich nach einer frau zum heiraten suche eher ab 25+ suchen, alles darunter garnicht., ab 25 sieht man nämlich welche frau besser altert, wie ihr lebenstil ist der nun gefestigt ist, wieviel sport sie macht, wie wichtig ihr gesunder lebenstil i
0_219424_9_yt.tXY1_ulhsXE;0.1996;cautioning;;aging-signs;;;95 ALTERUNG DES KÖRPERS, AUSWIRKUNGEN AUF ORGANE UND FUNKTIONEN #50LAM_ANATOMIE_DE Alterung beeinflusst nahezu alle Körpersysteme und führt zu Veränderungen an Haut, Knochen, Muskeln, Organen und der allgemeinen Funktionalität. Die Haut wird dünner, bekommt Falten und verliert durch vermindertes Kol
0_219424_9_45024814860560793;0.1997;satisfied;;;;;"Ist das nicht ""Honey"", der Ex von Kim, die bei GNTM mitgemacht hat und war der nicht auch im Dschungelcamp als Vollversager und Kameradenschwein? Hat sich anscheinend die Haare frisiert und nen Anzug angezogen. Botox scheint er auch zu kennen. Absoluter Opportunist."
0_219424_9_yt.eyBl4trfqdk;0.1997;seeking;;vitamin-c,aging-signs;;;Natürlich jünger wirken – 4 Anti-Aging-Säfte für gesunde Haut ab 50. 🌿 Mit zunehmendem Alter braucht unsere Haut mehr Schutz vor oxidativem Stress und Feuchtigkeitsverlust. Diese 4 natürlichen Anti-Aging-Säfte liefern wertvolle Antioxidantien, Vitamin C, Beta-Carotin und sekundäre Pflanzenstoffe, di
0_219424_9_67228695063301552;0.1998;cautioning;skincare-first;;;;Ich finde es geheuchelt Hijab zu tragen und Haya (Schinke ,Parfum,Botox,sogrnannte Schönheitsops .....usw usw)nicht einzuhalten .
0_219424_9_62385507071643539;0.1998;satisfied;;botox;;;Er hat sich Botox spritzen lassen. Aber seine Nase, die Augenbrauen, die Ohren der Haaransatz, die Falten an den Augen und die Zähne sind gleich.
0_219424_9_66368699380522545;0.1998;enthusiastic;skincare-first;hyaluronic-acid,niacinamide-peptides;;;@hatylove Absolut nicht! Jennifer Lopez ist so weit ich weiß die die am wenigsten altert. Peptide (GHK-CU, Epitalon, Metformin), Medikamente, Hyaluron(endogen), Kollagen(systemisch, topisch), Operationen, Ernährung, Sport, Wenig UV Exposition, Botox, Lifting usw. Wären die unter meinen Fittichen wär
0_219424_126_t1_oh15009;0.1998;disappointed;;;;;Sylvie Meis Weniger Botox und mehr Nahrung wäre angebracht
0_219424_126_t1_oadntrq;0.1999;disappointed;procedure-curious;;;;Watching a Park Minyoung Kdrama after a long time and she looks so different! Ich kann kaum noch hinsehen. Sie ist weit entfernt von schön. Dass sie auf den dünnen Beinchen überhaupt noch stehen kann 🙈. Das Gesicht hat mich ebenfalls schockiert. Wenn ihr Siren's Kiss schaut seid ihr auch schockiert 
0_219424_9_yt.FzDkZaF1cX0;0.1999;seeking;skincare-first;;;;Ich bin 97 Jahre alt – hier sind 10 Geheimnisse, um 120 zu werden, ohne krank zu werden ! Jung vs. Alt – Was können wir wirklich von einem 97-Jährigen über ein langes und gesundes Leben lernen? In diesem Video von Jung vs. Alt teilt ein außergewöhnlicher Senior seine 10 Geheimnisse, um möglicherweis
0_219424_126_t1_o1egn27;0.2;disappointed;;;;;🫣 Im Vergleich zu Filler-Botox-Jawline Guetta sind die beiden anderen aber stilvoll gealtert.
0_219424_126_t1_o2sqyjb;0.2001;seeking;procedure-curious;;;;Nehmen wir an ihr dürftet eine kostenlose SchönheitsOP bekommen, was würdet ihr an euch verändern? ![gif](giphy|wrmVCNbpOyqgJ9zQTn)
0_219424_126_t1_o2hjq08;0.2002;seeking;procedure-curious;;;;Nehmen wir an ihr dürftet eine kostenlose SchönheitsOP bekommen, was würdet ihr an euch verändern? Wollte genau dies schreiben...
0_219424_9_23967793287801634;0.2003;enthusiastic;;botox;;;Nina sieht aus als ob sie mit Botox zugespritzt wurde
0_219424_126_t1_obmxk8o;0.2004;satisfied;;;;;Die Burger King Baby Burger existieren nur um von den Epstein Files abzulenken! Hier habt ihr es zuerst gehört!!! Warum hast du eigentlich so dicke Luftkissenlippen? Baby Botox?!? Follow the trend?!Denkt mal drüber mach!
0_219424_126_t1_nxmvq0k;0.2005;seeking;;price;;;Real BOTOX Weib auf der CES2026 Lieg eventuell dran das einfach zu Teuer , aber ja es gibt danach immer viel Presse über deren AI Puppen
0_219424_9_45994658805041266;0.2006;cautioning;;;;;Wie Emmy letztens meinte alles russische Gene bla bla außer ihr Mund bewegt sich ja garnicht mehr im Gesicht so krass ihr Kinn auch so steif alles vom Botox genau russische Gene 😂
0_219424_23_14332157311936515;0.2006;seeking;skincare-first;aging-signs;;;Q10 Facial Butter Tag und Nacht 50ml Ich habe die Q10 Facial Butter Tag und Nacht und Serum Q10 Anti-Aging Kollagen Experte 3in1 regenerierend in Rahmen eines Produkttestes bekommen. Ich habe das Serum mit der Q10 Butter 2x täglich benutzt. Die Produkte ziehen schnell ein, duften sehr angenehm und v
0_219424_9_yt.RRat-zBrUGM;0.2007;enthusiastic;;;;;Hyaluron, Traummann & Kroko Boss: Was ist hier los?! #shorts Was macht einen Traummann aus? Hyaluron im Knie, Bizeps-Flexen oder doch der Fels in der Brandung? Eine Diskussion über Schönheitsideale und Erwartungen bei Ballon Dates. #BallonDate #Traummann #BeziehungsTalk #CommunityLove
0_219424_9_18680056064816066;0.2008;enthusiastic;;;;;Blöckchen-Botox oder woher kommen die Pixel?😂
0_219424_9_68878111221548788;0.2008;seeking;;;;;gibts bei redo eigentlich botox und camp david klamotten gratis zum xxl menü?
0_219424_9_58805059487038440;0.2009;disappointed;skincare-first;botox,aging-signs;;;@kunst_kasi alter ihr seid wirklich alle so hängen geblieben, stop das Video an einer stelle wo beide zu sehen sind, gerade von der Seite, die Ohren sind die selben, die Mundzüge sind die selben, Nase die selbe, er hat vielleicht Botox sich ein paar falten wegmachen lassen oder Filler oder was auch 
0_219424_9_yt.1zwYDWxPIBk;0.2011;cautioning;procedure-curious;facelift,pressure,celebrity;;;9 deutsche Schauspieler, die von Schönheitsoperationen besessen sind – Sie werden schockiert sein! Neun berühmte deutsche Schauspieler, ein schockierendes Thema: Schönheitsoperationen im Rampenlicht. In diesem Video werfen wir einen tiefen, schonungslosen Blick auf Stars wie Til Schweiger, Ralf Moel
0_219424_126_t1_o2k8zhp;0.2012;seeking;;;;;Ist Botox okay? Generell ist Botox ziemlich okay. Aber je nachdem wie hart du deine Muskeln benutzt, kann es sein, dass du sie auch einfach am Botox vorbei anspannst. Viele Ärzte bieten Beratungsgespräche zu Botox an. Mach doch erstmal das, dann kann ein Arzt einschätzen ob das ne gute Idee ist.
0_219424_126_t1_o2u8rut;0.2012;satisfied;procedure-curious;;;;Gibt es für euch Frauen die einfach keine sexuelle Anziehung (oder auch Verfügbarkeit) ausstrahlen, obwohl sie gut aussehen? Wenn ja, warum? Gibt es, nicht immer mit nennbaren Gründen.  Manche scoren bei Schönheit 9,5, bei sexueller Anziehung aber 1, obwohl sie obendrauf nett und sympathisch sind - 
0_219424_126_t1_oc5r3y5;0.2012;disappointed;procedure-curious;;;;Wie schreibt ihr die zweite Hälfte der Geschichte? Wenn ich das wüsste, dann hätte ich wohl nicht das gleiche Problem. Vielleicht hilft dir das Wissen darum, dass du nicht alleine bist? Ich glaube meine zugrundeliegende Probleme dabei sind:   \- Das Ende ist fest, ich will im Schreiben frei / flexib
0_219424_9_12409837887432570;0.2013;enthusiastic;skincare-first;hyaluronic-acid;;;"Ja richtig. Seit 2015, wie gesagt 😂 seit Jahren lasse ich aber nur noch Hylase spritzen. Das ist ein Mittel zum AUFLÖSEN von Hyaluron :) Hyaluron baut sich nämlich nicht von selbst ab &amp; so gefällt es mir besser ☺️"
0_219424_9_67936008079192366;0.2014;disappointed;procedure-curious;;;;Mich macht das mittlerweile einfach nur noch unfassbar wütend. Seit mehr als 14 Tagen will man uns weiß machen, der Wal würde sterben. Dafür ist er aber eigentlich jeden Tag unfassbar aktiv im Rahmen seiner Möglichkeiten - denn wir wissen: Er steckt nunmal fest. Und trotzdem hat er sich täglich so b
0_219424_9_yt.hO8x8hC0luE;0.2015;enthusiastic;procedure-open;botox;lipolysis-injection;;Weg mit dem Doppelkinn - Matthias Mangiapane will schlank werden | Dr. Rick & Dr. Nick | ProSieben Rosenmontag steht vor der Tür und natürlich sind unsere zwei Beauty Docs heute in Köln, um Karneval zu feiern. Deswegen suchen sich die beiden nun Karnevalskostüme aus, um aus der breiten Masse herausz
0_219424_126_t1_o1m4zai;0.2016;enthusiastic;procedure-curious;botox;;;"Sturmwrack Tipps Lass die Spieler das Problem lösen. Die gehen hin: ""Kein Ticket? Keine Fahrt."" Die machen das schon. Du hörst zu und wenn was lustig und/oder völlig absurd klingt, klappts. Pass auf, dass du das nicht zu sehr von Fertigkeitswürfen abhängig machst! Schließlich muss ja irgendwas klapp"
0_219424_126_t1_okevdot;0.2016;seeking;skincare-first;;;glycerin;"Suche Reiniger für zerstörte Barriere Der Jean &amp; Len Refreshing Gel Cleanser funktioniert bei mir am besten und ist auch vegan und parfümfrei. Es sind auch Panthenol, Hyaluron und Glycerin enthalten, alles Stoffe, die gut für die Hautbarriere sind."
0_219424_9_8835162420968855;0.2017;satisfied;;botox;;;Aleks Gesicht ist übrigens das Ergebnis von Drogen wie Alkohol sowie Botox, Lippen aufspritzen,... Hab neulich ein Foto von früher gesehen, der war zumindest von außen mal echt hübsch
0_219424_9_63109540846363890;0.2017;enthusiastic;;;;;Dankeeeee! 😁😁😁 Wer braucht w hin Botox, wenn es Wodka gibt! 😁😁😁👍🏻👍🏻👍🏻
0_219424_23_54626414454595985;0.2017;enthusiastic;skincare-first;aging-signs;;;Angenehmes Anti Aging Produkt Der Duft ist super angenehm, genauso wie die Konsistenz und die Anwendung. Auch die Flasche mit der Pipette gefällt mir. Die Haut fühlt sich gut versorgt und mildert Falten.
0_219424_126_t1_o2habrh;0.2019;seeking;procedure-curious;;;;Nehmen wir an ihr dürftet eine kostenlose SchönheitsOP bekommen, was würdet ihr an euch verändern? Ich verstehe nicht, aber stimme zu.
0_219424_9_14689186228418658;0.2019;satisfied;skincare-first;;;;"Spannendes Video Kolja, meine Gedanken zu diesem Video war.. was ist, wenn alle ""Hollywoodstars"" mit übertrieben viel Botox &amp; Co. durch Klone ausgetauscht worden sind? Ich meine wenn würde das wundern? Ich fand den Trend schon immer seltsam und mir braucht keiner erzählen, er oder sie fände das "
0_219424_9_12425587615368000;0.2019;enthusiastic;skincare-first;botox;;;"Da bin ich ganz auf deiner Seite und diese ganzen oberflächlichen Social Media Kanäle. Man muss schlank sein, hübsch sein.  Alle nur noch selbstverliebte, Narzissen, die meinen, die Welt hat auf sie gewartet. Fast niemand ist er ""echt"" falsche Wimpern, Extensions Haare, künstliche Nägel, Botox Sprit"
0_219424_9_57647781094719015;0.2019;satisfied;;;;;Botox Weidel ist die Anzeigen Königin, die hat ein 6 köpfiges Team inkl. Abnwalt die,das für sie erledigen!
0_219424_126_t1_o5mf3r6;0.202;seeking;;;;;Kaley Cuoco was on a podcast and said she got Botox during BBT. She said you can clearly tell in one specific episode. She didn't say which episode it was… any guesses? Forehead.
0_219424_9_yt.90hx6Zeiskk;0.202;enthusiastic;;;;;TAAC25: Muskeln als Anti-Aging-Superkraft – Longevity-Effekte von Krafttraining | Nico Airone 📅 Datum: 14.03.2025📍 Ort: Turn Around Aging Conference (TAAC) 2025, München🎙️ Sprecher/in: Nico Airone, Personal Trainer, HamburgWorum geht's in diesem Vortrag?Krafttraining ist im Longevity-Kontext oft unt
0_219424_9_25758933724240714;0.2021;enthusiastic;;botox;;;chi statt botox ist ein ganz toller kanal für gesichtsyoga
0_219424_9_28928803301759181;0.2023;enthusiastic;skincare-first;;;;@ednaribeiro3017Hallo …liebe Edna 😘Dein Spaß gefällt mir sehr gut 😂. Ich trage seit meinem 7. Lebensjahr eine Brille 👓. Ich konnte mich an die Kontaktlinsen auch nicht gewöhnen, meine Sonnenbrille hat auch meine Sehstärke , wie lustig das ist, dass wir uns so ähnlich sind 😍👏🫶🏻. Ich glaube du brauchs
0_219424_9_15472614734236311;0.2026;satisfied;procedure-open;;;;Er hat einen Ersatzmann geschickt oder sich absichtlich so gestylt, dass man genau das denken könnte. Er ist ein megaguter Schauspieler und ich kann mir vorstellen, dass er es hinbekommt, seinen eigenen schlechten Ersatzmann zu spielen. Beides wäre auf jeden Fall seine Art von Humor. Aber je länger 
0_219424_126_t1_o4xpzxs;0.2027;enthusiastic;procedure-curious;;;;Tipps für HTL-Anfänger Ich war zwar in einer andren HTL am Land (nur Wirtschaftsingenieurwesen) möchte dich aber generell beruhigen. Schau, dass du dich gut einfindest und vor allem sozial zurecht kommst. Du bist in einer Phase im Leben, in der nicht nur Noten  wichtig sind. So unbeschwert kann man 
0_219424_126_t1_o2y89mr;0.203;disappointed;procedure-curious;fillers;;;Warum Lippen aufspritzen lassen? Eben. Und es ist auch nicht zwingend so, dass die, die viel an sich machen lassen automatisch andere als langweilig oder ungefpflegt abstempeln. Manche sind vielleicht mit sich selbst oberflächlich, heißt aber nicht, dass sie andere mustern und denken, dass diese etw
0_219424_9_57415016061137756;0.2031;seeking;;;;;Beim Lanz merkt man dass das Botox langsam das Gehirn angreift.
0_219424_9_16479005325208591;0.2031;satisfied;;;;;Auf den anderen Bildern und Aufnahme hat er aber braune Augen. Prüfe das mal. Botox ändert nicht die Augenfarbe, aber Kontaktlinsen tun es schon.
0_219424_9_68219731835994824;0.2031;satisfied;;;;;Der Opa ist eigentlich eine verschrumpelte Rosine. Durch Botox aufgepumpt wie ein Schlauchboot
0_219424_9_35708829376956742;0.2034;satisfied;procedure-curious;;;;Jesus! Ich kannte Ivanka nur von Fotos. Da wirkt sie immer recht ansehnlich. Aber hier in den Videoausschnitten...die sind ja wie aus einem Horrorfilm. Da wirkt sie richtig unmenschlich, wie ferngesteuert, überhaupt keine Mimik. Die muss ja bis obenhin voll mit Botox sein.
0_219424_126_t1_o2ldqus;0.2037;seeking;procedure-curious;;;;Nehmen wir an ihr dürftet eine kostenlose SchönheitsOP bekommen, was würdet ihr an euch verändern? 25 cm größer
0_219424_126_t1_ojcp4vu;0.2037;satisfied;skincare-first;hyaluronic-acid,aging-signs;;aloe;Fettige und Spröde Haare Ich benutze das Anti-Fett Shampoo von Alverde (dm) seit über vier Jahren und bin sehr zufrieden. Dabei massiere ich das Shampoo auch nur in den Haaransatz. Meine Haarlängen und Spitzen sind auch sehr trocken gewesen aber jetzt ist es schon sehr viel besser. Dafür nutze ich d
0_219424_126_t1_o2k1hg9;0.2038;seeking;procedure-curious;;;;"Nehmen wir an ihr dürftet eine kostenlose SchönheitsOP bekommen, was würdet ihr an euch verändern? ""Wieso soll ich mir die Brüste vergrößern? Lass du dir doch die Hände verkleinern"""
0_219424_9_yt.VnRkW8moNmI;0.2039;seeking;skincare-first;;;;Was sind Filler? Einfach erklärt Heute sprechen wir über ein sehr bekanntes Thema in der ästhetischen Kosmetik: Filler.Viele Menschen haben schon davon gehört,aber nicht alle wissen genau:• Was sind Filler eigentlich?• Was machen sie im Gesicht?• Und worin unterscheiden sie sich von anderen Injektio
0_219424_126_t1_ojwc0ta;0.2039;seeking;procedure-curious;price,safety;;;Chronische Schmerzen bei Asperger, ADHS & Depression – Wie geht ihr mit dem Cannabis-Dilemma um? Zur Audhd-Problematik kann ich, da nicht betroffen, nichts sagen.Die Grenzwert-Problematik betrifft leider alle regelmäßigen Konsumenten. Angeblich gibt es hierzu eine Methode: Ich habe schon mehrfach ge
0_219424_9_49293809159226626;0.204;seeking;;facelift;;;Es ist zu hundert Prozent Botox mit eventuell noch anderen Prozeduren, wie einer Oberlidstraffung, kombiniert.
0_219424_126_t1_o2yu7p8;0.2041;seeking;procedure-curious;;;;Nehmen wir an ihr dürftet eine kostenlose SchönheitsOP bekommen, was würdet ihr an euch verändern? auf dem Konto?
0_219424_9_65388005427409928;0.2042;enthusiastic;procedure-open;;;;Was macht Modul in einer doko über botox?????? Häääää vom Zuhälter in den Mainstream feier ich 😂😂😂😂😂
0_219424_9_yt.EXuN1ecXZo8;0.2042;enthusiastic;skincare-first;botox;;;Diversitätspreis der MedUni Wien: Mein Einsatz in Äthiopien | Dr. Viktoria König Ich freue mich riesig, euch mitteilen zu dürfen, dass ich mit dem Diversitätspreis der MedUni Wien in der Kategorie Engagement ausgezeichnet wurde. In diesem Video erkläre ich dir, was hinter dieser Auszeichnung steckt 
0_219424_15_31370203194685604;0.2043;seeking;;facelift;;;10 Jahre jünger: Das schafft nur der brandneue ZIIP HALO 2.0 + Rabattaktion! *** NEU UND NOCH BESSER: ZIIP HALO 2.0 - THE ELECTRIC FACELIFT *** Robuster und noch stärker geladen, nämlich mit Anti-Aging Energie, mit der ihr erste Zeichen der Hautalterung spürbar bekämpft, schlaffe Konturen strafft un
0_219424_126_t1_oju9zke;0.2044;seeking;procedure-curious;;;;Was haltet ihr von Hyaluron Filler? Damit hast du mich gekriegt, ich kann nicht mehr :D
0_219424_126_t1_ol95l0t;0.2046;enthusiastic;skincare-first;hyaluronic-acid,spf,aging-signs;;;Laserhaarentfernung im Sommer? klar, aber nichts workt für meine haut so richtig... ich habe auch das gefühl, dass das tägliche rasieren und damit auch reizen eh alles zunichte machen. aktuell verwende ich rosenwasser, thiamidol serum, anua hyaluron tagescreme und beauty of joseon spf 50
0_219424_126_t1_o35j8n9;0.2047;disappointed;;spf,aging-signs;;;Gesichtscreme mit LSF Hab zur Zeit la Roche Posay cicaplast beaume mit lsf50. Finde die sehr angenehm auf der Haut. Geht aber ins Geld. Bei dm findet man sicher was günstigeres was mehr auf anti aging ausgelegt ist
0_219424_9_yt.bUnAG7RvTm4;0.2047;enthusiastic;procedure-open;price;;;#Alter! #Glück verjüngen. #Selbstcoaching mit dem #Hosentaschencoach #KURZ&#GUT #Alter! #Glück verjüngen. #Selbstcoaching mit dem #Hosentaschencoach #KURZGUT #Lifecoach und #Psychologin liest einen packenden kleinen Abschnitt aus ihrem ersten #Coachingbuch, durch den Sie #Antiaging für gute #Gefühle
0_219424_15_31532104866254593;0.2047;disappointed;skincare-first;laser,celebrity;;;Djamila Rowe entfernt ihre XXL-Lippenfüllung Djamila Rowe hat sich von ihren XXL-Lippen getrennt. Über 20 Jahre lang war der auffällige Schmollmund das Markenzeichen der Ex-Dschungelkönigin. Nun hat sich die 58-Jährige zu einer radikalen Entscheidung durchgerungen: Sie ließ sich die Hyaluron-Füllung
0_219424_126_t1_o7oihgq;0.2047;disappointed;skincare-first;spf;;;Wieso ist das eigentlich so? Das Bild ist ein Extrembeispiel aber 30- oder 40jährige heute schauen am ersten Blick tatsächlich jünger aus als Altersgenossen von 30 Jahren. Ich glaube, das hat 2 Gründe:- Eine Art optische Täuschung: Die meisten von uns nehmen unbewusst den Stil mit der rund um ihren 
0_219424_126_t1_oajqqn2;0.2048;enthusiastic;skincare-first;retinol;;retinol;Welches Retinal (nicht Retinol) nutzt ihr, womit seid ihr zufrieden? Wie kriegt man das verschrieben? Also zählt da wirklich, wenn ich sage ich möchte nen Anti-Aging Effekt?
0_219424_9_yt.ctFMqsEoiPQ;0.2049;satisfied;;celebrity;;;Dschungelcamp Star Sonja Zietlow Früher & Heute   So krass hat sie sich verändert Sonja Zietlow ist mittlerweile über 20 Jahre lang im TV-Geschäft und sieht noch immer strahlend gut aus – ihr frisches Aussehen hat die TV-Moderatorin unter anderem ihrer jährlichen Dosis Botox zu verdanken, wie sie se
0_219424_126_t1_o2lb49b;0.205;seeking;procedure-curious;;;;Nehmen wir an ihr dürftet eine kostenlose SchönheitsOP bekommen, was würdet ihr an euch verändern? Das ist die wohl dämlichste und fatalste Lüge die ich je gehört habe
0_219424_9_40417363246157796;0.205;satisfied;skincare-first;;;;Glaube nicht dass Markus Rühl synthol oder ähnliche Mittel in seinen Bizeps gespritzt hat. Das sieht mir eher danach aus, dass er zum einen kurzen bizepskopf hat und er sich zudem eine starke Verkürzung der bizepssehne antrainiert hat. Der Muskel an sich sieht schon sehr streifig aus. Desweiteren we
0_219424_15_70363194939629286;0.205;enthusiastic;;aging-signs;;;Revolutionär: 3 Trends, die die Beautywelt revolutionieren werden Nicht mehr Anti-Aging, sondern Longevity! Diese drei Beauty-Trends solltest du dir jetzt schon für die Zukunft merken. Denn pssst: Serpin B3, Collagen Banking und Exosomen werden bald jede Routine revolutionieren.
0_219424_9_12084173206264740;0.205;satisfied;;;;;Kollagen bringt zwar für den Muskelaufbau nichts aber für die Hautstraffung/Bindegewebe und auch für die Gelenke sowie Sehnen. Gerade das letzte ist wichtig fürs Krafttraining, bringt wenig wenn die Muskel die nötige Kraft haben für die Gewichte aber die Gelenke und Sehnen nicht geschmeidig genug da
0_219424_9_16449502365942572;0.2051;cautioning;;;;;"fand diese ""Ärztin"" die ihr im Video hattet schrecklich, vor allem dass sie die ganze Zeit Versucht hat Botox usw gut zu reden. wiederlich"
0_219424_9_yt.MEI9o1KnBnw;0.2053;disappointed;skincare-first;price;;;99-jähriger Ernährungsprofessor: 8 GEHEIMNISSE für ein langes Leben, die Sie oft ignorieren ! Jung vs. Alt – warum leben manche Menschen mit 99 Jahren noch voller Energie, während andere sich schon mit 60 müde fühlen? In diesem Video enthüllt ein 99-jähriger Ernährungsprofessor die Wahrheit hinter J
0_219424_126_t1_o5ys7eb;0.2054;disappointed;skincare-first;;;bha;"Nutzt ihr Pickelpatches? Ich kann ehrlich nicht ganz nachvollziehen, warum alle auf die „Anti-Pickel Patches Pimple Stars"" von Selfie Project schwören. Sie sind teurer, bestehen größtenteils aus fettigen Filmbildnern und enthalten viele Duftstoffe.Stattdessen gibt es von Isana die „Reine Haut Anti-P"
0_219424_9_4764883237579685;0.2054;cautioning;skincare-first;;;;Botox is das erste woran ich gedacht habe als ich das Bild von ihm gesehen hab
0_219424_9_8411500814138493;0.2054;disappointed;procedure-curious;botox,laser;laser;;Hmmm,die Szene mit Laura Loomer empfinde ich am erschreckensten. Laura sah mal ihrem Alter von 33 entsprechend  völlig normal aus. Jetzt sieht man sie jetzt, bekommt man einen Schrecken was Botox und Einspritzungen im Gesicht anrichten. Auch ihre Urteilfähigkeit (dieses Vid betreffend) scheint abhan
0_219424_126_t3_1sjffhp;0.2054;satisfied;procedure-curious;;;;"Die meisten Männer die ""looksmaxing"" betreiben sind insgeheim schwul und suchen das in diesem permanenten Vergleich mit anderen Männern unterbewusst zu kompensieren Für alle die nicht wissen was looksmaxing ist: ***""Looksmaxing ist der gezielte Versuch, das eigene Aussehen maximal zu verbessern.*** "
0_219424_126_t1_nyq1p94;0.2055;enthusiastic;procedure-open;;;;Beauty-Plan: Khloé Kardashian will sich einfrieren lassen Mit der Mimik hat sie dank Botox schon angefangen.
0_219424_126_t3_1qfh66h;0.2055;satisfied;procedure-curious;vitamin-c,aging-signs,safety;;;"🛁 AMPERE-BAD: ELEKTRO-CHEMISCHE WELLNESS ```python class AmpereSpaBad: """"""Intelligentes Bad mit Vanadium-Redox-Flow Wellness-Technologie"""""" def __init__(self): self.spa_system = { 'konzept': 'Bioelektrische Balneotherapie 2.0', 'prinzip': 'Gezielte Ionenstimulation durch Redox-Gradienten', 'wellness"
0_219424_15_8502905125619051;0.2055;seeking;;;;;Anti-Aging: Ernüchterung im Mausmodell! Die Suche nach Wegen, den Alterungsprozess zu verlangsamen oder sogar umzukehren, beschäftigt Wissenschaftler und Laien gleichermaßen. Anti-Aging-Substanzen Test sind ein Eckpfeiler dieser Forschung, wobei das ... The post Anti-Aging: Ernüchterung im Mausmodel
0_219424_9_yt.ixOsx33Xiuk;0.2057;satisfied;;;;;Männer über 60: 3 unverzichtbare Nüsse für Energie, Leistungsfähigkeit & Vitalität | Gesundheitsarzt @Gesundheitsarzt 🌰 Natürliche Energiequelle – Diese 3 Nüsse unterstützen die tägliche Energie auf natürliche Weise.💪 Mehr Leistungsfähigkeit – Können Durchblutung und körperliche Performance fördern.
0_219424_9_29286630394307689;0.2057;satisfied;;;;;Fast, das ist nicht Jim mit Botox sondern ein anderer dem Haufen Botox gespritzt wurde damit er aussieht wie Jim Cerrey. Man sieht's an den Augen
0_219424_9_32001721635546408;0.2057;seeking;skincare-first;;;;Ich bin elf und werde erst in 6-7 Jahren Anti Aging benutzen 😂
0_219424_9_yt.30HxRIPOTzY;0.2057;disappointed;procedure-curious;;;;Filler – ein Thema, das gerade viel Kritik bekommt. 💉 **Hyaluronsäure-Filler** können unglaublich viel:✅ verlorenes Volumen zurückbringen✅ Konturen definieren✅ Asymmetrien ausgleichenDas Problem ist meist nicht das Produkt – sondern die Anwendung.❌ zu viel Volumen❌ falsche Schicht❌ schlechte Planung
0_219424_9_67149323659037850;0.2059;cautioning;skincare-first;;;;Weder als Mann noch als Frau.... leider ist das der Trend, möglichst schräge Typen als schön zu bezeichnen. Als erstes hätte ich eine andere Nase machen lassen und da Kim's Transition noch nicht vollendet ist, sieht man leider der Haut an. dass die Hormonr total verrückt spielen. Vielleicht in 2-3 J
0_219424_9_21530412819076764;0.206;satisfied;;;;;Scheinbar wurde Prophet Botox auch angebetet.
0_219424_126_t1_o7oucb4;0.206;seeking;procedure-curious;price;;;"Was haltet ihr von Rot-Licht Therapie am Gesicht? Angeblich taugen nur Panels was, alle Studien für anti aging etc. pp wurden mit panels getestet. Ich hab den link gerade nicht aber wenn du das ganze auf Englisch suchst bei Reddit ~ irgendwas wie ""red light therapy reddit"" bekommst du von den großen"
0_219424_126_t1_oewetnu;0.2061;enthusiastic;skincare-first;;;;Ich liebe das Scrubs Reboot! Scheint auch die einzige zu sein welche kein Botox nutzt. Ich finde das witzigerweise genau das Menschen alt aussehen lässt oder älter als sie sind
0_219424_9_70012237179564614;0.2062;cautioning;skincare-first;;;;Wie alt ist die von der leyen nochmal,? Und hat ihr mal jemand gesagt das Botox ein Nervengift ist? Na, ja niemand lebt ewig.  Da hilft auch kein Botox, im Gegenteil 😅
0_219424_126_t1_oasgrzj;0.2062;disappointed;;;;;Undereyes - PRP vs Filler vs Fat Transfer Fat
0_219424_126_t1_ny5c2n8;0.2063;seeking;skincare-first;retinol,spf;;retinol;"Welche Retinoide? Immer Sonnenschutz tragen, ist das beste und einfachste Mittel um hautalterung zu verlangsamen. Ich verwende 0.05% Retinal von G&amp;G aus dem Dm. Alle 2 Tage."
0_219424_126_t1_o2gzvy6;0.2064;seeking;procedure-curious;;;;Nehmen wir an ihr dürftet eine kostenlose SchönheitsOP bekommen, was würdet ihr an euch verändern? Okay, nehme alles zurück. Dann verstehe ich deinen Kommentar natürlich :)
0_219424_9_15259920547854837;0.2064;disappointed;skincare-first;;;;Die Frau sieht merkwürdig aus. Sie ist voll mit Fillern, Botox und wohl Silikon. Und er ist nicht der einzige Mann, der sich ärgert, wenn seine Freundin ohne BH rummrennt. Ich denke, Sie hätte einfach NEIN sagen können. Aber sie hat sich alles gefallen lassen, weil sie ans GELD dachte. Und dreht jet
0_219424_126_t1_obtrgo9;0.2065;seeking;skincare-first;;;;Bin mir unsicher, wer mehr Botox im Körper hat Wer sind diese beiden Personen?
0_219424_126_t1_nzr2egu;0.2067;cautioning;skincare-first;price;;;"Fans sollen Größe bestimmen : „Harry Potter""-Star lässt sich die Brüste machen Ich weiß eben nicht, was Silikon oder was man mittlerweile noch so nehmen kann, wiegt. Wird sicher auch variieren.Ohne jetzt eine Antwort erpressen zu wollen (aka du brauchst nicht antworten) und dir hoffentlich nicht zu "
0_219424_126_t1_o2igjez;0.2067;satisfied;;safety;;;Ist Botox okay? Botulinumtoxin ist eins der tödlichsten natürlichen Gifte, die die Menschheit kennt. Ein kleiner Fehler hat Nebenwirkungen, ein großer Fehler löst sämtliche Probleme final und endgültig.
0_219424_9_69005244938910516;0.2067;cautioning;;;;;"""Menchliches Emoji""?Wirklich?Wie im Lenin-Mausoleum ist bei Bloodymir Putler bestimmt auch schon etliches aus Botox und Plastik."
0_219424_126_t1_o4ulkgy;0.2067;conflicted;procedure-curious;;;;Brust Op unfeministisch? Seh ich ehrlich gesagt ambivalent. Es ist nichts feministisches daran und Schönheitseingriffe als feministisch framen zu wollen ist super daneben und nicht zielführend. Ich finde man kann auch gut argumentieren dass es unfeministisch ist. Allerdings muss man sich die Frage s
0_219424_126_t1_o8aokds;0.2067;cautioning;skincare-first;;;;"Findet ihr Süßstoff oder Zucker schädlicher? &gt;Völlig egal ob du ~~Botox~~ Wasser/Kochsalz/Sauerstoff/Insulin/Adrenalin/Cholesterin/Eisen/Magnesium... einsetzen kannst. Es bleibt ein gift. Sonst würde es nicht wirken. Und deine Leber sieht Alkohol ebenfalls als Giftstoffe an, egal in welcher Dosie"
0_219424_9_9397502013523729;0.2069;disappointed;;;;;Go zu botox hieß es wahrscheinlich auch habibi
0_219424_9_7094348048806896;0.207;disappointed;;;;;"@arne8802 Dir ist aber schon bekannt das natürliche Gewürze meist natürliche Gifte sind um Fressfeinde abzuwehren? Von dem natürlichen Gift Botox braucht man nur ein Nanogramm je Kg Körpergewicht um zu sterben. Außerdem sterben deutlich mehr Menschen an natürlichen Giften im vergleich zu nicht ""natü"
0_219424_9_8112588149789670;0.207;disappointed;;botox;;;Schwarze alten anders als weiße (soll nicht rassistisch klingen is leider so) und Botox lässt falten verschwinden 🥲😂
0_219424_23_46993826238137283;0.2071;enthusiastic;skincare-first;aging-signs;;;Mein neues Beauty Must-have Die leichte Textur zieht super schnell ein, ohne zu kleben, und versorgt meine Haut intensiv mit Feuchtigkeit. Schon nach kurzer Zeit fühlt sich meine Haut glatter, straffer und richtig schön gepflegt an. Auch kleine Fältchen wirken gemildert und der Glow ist definitiv da
0_219424_126_t1_ohbrqsg;0.2071;disappointed;skincare-first;botox;;;Wo ist der Unterschied? Ich würde sagen, das jemand, der Gesund ist und z. B. im Rollstuhl sitzt eine Krankheit hat. Und Eine Transfrau ist eine Frau und ein Transmann ist ein Mann. Mit dem einzigen Unterschied, das Sie nicht mit dem Geschlecht geboren wurden, zu dem sie sich zugehörig fühlen. Ich k
0_219424_9_16209841692617544;0.2072;cautioning;skincare-first;;;;Ich finde Erwachsene total ekelig die Kindern einreden, dass diese Anti-Aging Produkte benötigen. Das ist Manipulation und Gaslighting bei Kindern in verwerflichster Form. Den Kindern einzureden sie hätten etwas an sich das alt ist, oder müssten es jetzt schon vorbeugen, ist für mich Emotionaler Mis
0_219424_9_yt.nT9TCeSqKIk;0.2073;disappointed;skincare-first;;;;Ist Longevity nur ein neues Wort für Anti Aging?  #beautymanufactur #longevity #skincare #beautymanufactur #longevity #fachwissenin60sekunden Jetzt shoppen auf www.beautymanufactur.de
0_219424_126_t3_1qxq6xx;0.2073;cautioning;skincare-first;peel,price;;;Verzweiflung wegen PCOS-bedingtem Haarausfall. Bitte helft mir :( Liebe Mädels,ich bin 34 Jahre alt und habe PCOS, was bei mir leider erst letztes Jahr diagnostiziert wurde. Rückblickend erklärt das zwar einiges, hilft mir aktuell aber ehrlich gesagt kaum.Zusätzlich habe ich vor etwa zwei Jahren für
0_219424_126_t1_nylbka3;0.2074;enthusiastic;skincare-first;peel,retinol,price;;retinol;[Anti-Aging] Retinol for Dummies? Ich habe viele Produkte in jeder Preisklasse ausprobiert und kann dir 2 Produkte empfehlen, die ich seit geraumer Zeit verwende und begeistert bin, insbesondere wegen dem Preis und der Inhaltsstoffe:Bei DM zu bekommen: Retinal (nicht Retinol, kannst den Unterschied 
0_219424_126_t1_oju9njy;0.2074;seeking;procedure-curious;;;;Was haltet ihr von Hyaluron Filler? ![gif](giphy|NTkPcydaGnuvu)
0_219424_126_t1_o88pt8j;0.2078;cautioning;skincare-first;;;;Findet ihr Süßstoff oder Zucker schädlicher? Völlig egal ob du Botox einsetzen kannst. Es bleibt ein gift. Sonst würde es nicht wirken.Und deine Leber sieht Alkohol ebenfalls als Giftstoffe an, egal in welcher Dosierung.Natürlich kann man geringe Mengen an giftigen Substanzen zu sich nehmen, das mac
0_219424_126_t1_o96rx4k;0.2078;cautioning;skincare-first;hyaluronic-acid;;;Feine Haare welches Shampoo und Pflege? habe ähnliche haare, habe mich in letzter zeit eingeschossen auf balea professional aqua hyaluron und tiefenreinigung shampoos, danach elvital dream length rapid reviver nur auf die längen. mir persönlich hat es geholfen darauf zu achten, dass das shampoo durc
0_219424_9_53054116283610576;0.2079;satisfied;skincare-first;;;;Seit Menschen Gedenken geht es immer wieder um die gute Schönheit. Welcher erfolgreiche Mann egal mit was will nicht eine schöne Frau an seiner Seite?Wobei ich mir sehr sicher bin, dass Frauen sich für eine Schönheitsoperation entscheiden, für ihr eigenes Wohlbefinden. Das ist meine Meinung.
0_219424_126_t1_o7ive4h;0.2079;seeking;procedure-curious;;;;Der Raumausstatter hat mit dem Laser-Messgerät etwas unterhalb der Decke 3,77 m gemessen, ich hingegen mit dem Maßband 3,78 m. Die Vorhangsschiene wird nach seinem Maß bestellt – wird das passen? Die meisten Laser, die ich in der Raumaustattung genutzt habe waren genauer als irgendwelche Baumarkt Ma
0_219424_126_t1_ofi8dsv;0.2079;satisfied;skincare-first;;;;(Gut gemachte) Beautyeingriffe sehen so gut aus Oh, das wusste ich auch nicht, schon krass. Nicht, dass sie vorher hässlich gewesen wäre, aber sie sah doch deutlich 'normaler' aus.Ich glaube, Amanda Seyfried hat auch minimal Botox verwendet, das sieht man m. E. nicht. Sie hat aber sonst nichts mache
0_219424_9_yt.Q5N1FfFhSL8;0.208;cautioning;;;;;"Schon wieder: Kamele wegen Botox disqualifiziert! Quelle: YouTube-Kanal „KURIER"", Video-Beitrag „Gebotoxte Kamele""#nachrichten #breakingnews #kurznachrichten #ereignisse"
0_219424_9_47859912448588985;0.2081;satisfied;;;;;Erdem einfach jetzt mehr Botox als Stoff dazumal
0_219424_126_t1_o3d16xe;0.2081;enthusiastic;skincare-first;safety;;;Ich nehme seit Jahren täglich Schmerzmittel und es ist mir langsam egal Wie äußert sich denn bitte eine Botox Allergie???? Nebenwirkungen sind ja normal, das ist keine Allergie.
0_219424_9_41067564811477781;0.2081;satisfied;skincare-first;;;;DAS ist Jim Carry. Nur dass er mittlerweile 64 Jahre alt ist, er sich von HollyWood gelöst hat und er die Wichtigkeit in seinem Leben geändert hat. Es ist die s e l b e Augenfarbe, das selbe Gesicht, nur älter. Kein Botox, keine Operation. Er hat seine Haltung und sein Denken seit einigen Jahren geä
0_219424_9_61600773181381747;0.2083;cautioning;;;;;Erklärung: Man sagt das man Schwarze nicht ansieht, dass sie alt sind und sie ist ja normal häufig und weil man das bei ihr dann wohl schnell sieht, sagt sie, dass sie seinen Botox machen lässt
0_219424_126_t1_o9bcnjb;0.2084;satisfied;skincare-first;retinol,spf;;retinol;Tagesroutine und Produkte Geek & Gorgeous Retinal? nur wenn dir falten resp. frühzeitige hautalterung egal ist. dafür ist die uva strahlung zuständig. die hast du immer, so bald du ohne künstliches licht sehen kannst. gerade wenn man actives wie retinol verwendet, ist ganzjähriger sonnenschutz ein m
0_219424_9_yt.vfxuZPG7kJI;0.2084;enthusiastic;skincare-first;;;;So erkennst du, dass dein Körper schneller altert! Fühlst du dich manchmal müde, obwohl du genug schläfst? 😴 Spürst du, dass dein Körper sich verändert und fragst dich: Warum altere ich so schnell? ⏳ In diesem Video erfährst du, wie du erkennst, ob dein Körper schneller altert und welche frühen Warn
0_219424_126_t1_ny31vcy;0.2085;disappointed;;;;;"Vegane Bolognese vor 3,5 Wochen ""eingekocht"" - lieber zurückrufen? Unsere Vorfahren kannten Botox gar nicht. Botox ist ein Markenname bzw. Produkt."
0_219424_9_36778010112732746;0.2085;satisfied;procedure-curious;;;;Diese Nora sieht aus wie eine Puppe aus Plastik. Ob sie wohl viele Schönheitsoperationen hat machen lassen? Sie ist sehr hübsch finde ich. Wirkt jedoch irgendwie wie aus Plastik
0_219424_9_17306823514713134;0.2087;satisfied;;;;;"ein paar Punkte, weil das hier sehr viel Meinung und sehr wenig saubere Logik ist. 1. „Veganer Kollagen"" ist meistens Marketing Kollagen ist ein tierisches Protein. Was als vegan verkauft wird, ist in der Regel kein Kollagen, sondern Aminosäuren plus Vitamine und Mineralstoffe zur Unterstützung der "
0_219424_126_t1_o2hbq1p;0.2088;seeking;procedure-curious;;;;Nehmen wir an ihr dürftet eine kostenlose SchönheitsOP bekommen, was würdet ihr an euch verändern? Vielleicht findest Du einen Spender?
0_219424_9_23331218874805542;0.2088;seeking;skincare-first;peel,aging-signs;;;Dankeschöööööön fürs Zeigen ❤Mein Mann und ich lieben K Beauty und Microneedling Produkte benutzen wir auch.  Sind beide Mitte 50 und wir empfehlen unseren Freunden auch K Beauty. Gerade, wenn nachgefragt wird, wie mein Hals und Dekolleté nach über 90 Kilo abgenommen noch so gut aussieht.  Also...cr
0_219424_9_10093914168879960;0.209;disappointed;;;;;Der Heiko mit seinem Milchmädchen- Stack…Alles unter 80 Gramm ist Kinderkram und unter 80 Einheiten ist Anti Aging 🎉
0_219424_9_5291986263624766;0.209;satisfied;;;;;Bei einem Klon hätte aber die Augenfarbe gestimmt.Botox wäre unnötig und er wäre immernoch Linkshänder .
0_219424_9_28945600160584860;0.2091;enthusiastic;procedure-open;;;;Ich bin schon seit Teil 3 raus aus dem Scream Franchise. Und wenn selbst ein eingefleischter Fan der Reihe wie Yves nicht begeistert von Scream 7 ist, dann fühle ich mich schon ein bisschen bestätigt in meiner Meinung. Spannend ist nur noch, wer hinter der Maske steckt. Ich brauche das nicht. Aber d
0_219424_126_t1_o45szrd;0.2093;satisfied;;;;;Warum gucken chinesische Soldaten so… das liegt am botox, die können da nix für.
0_219424_9_42344475554805283;0.2093;cautioning;;;;;das beste ist das schrabex on tour Logo...soviel hyaluron gibt es nicht auf dieser welt.
0_219424_126_t1_oa7t3en;0.2093;satisfied;;niacinamide-peptides,pressure;;;"15jähriger Bruder spritzt sich Peptide. Wie soll man ihm beibringen, dass das nicht gut ist? Rizin besteht auch ""nur""  aus Aminos. Willst du es dir mal spritzen? An Eiweißbausteinen ist ja nichts verkehrt!Botox besteht übrigens auch nur aus Aminos."
0_219424_15_40131008720135200;0.2094;satisfied;skincare-first;;;aha;"Heimische Superfoods: Die Top 6 Gesundheitsbooster „Ich bin überzeugt, dass uns unsere Heimat genau das Essen liefert, das wir für ein gesundes Leben brauchen"", bringt es Ernährungswissenschaftlerin Andrea Ficala auf den Punkt. Ihrer Meinung nach werden viele Superfoods aus fernen Ländern stark über"
0_219424_9_yt.gV9FXn0zhtg;0.2094;satisfied;procedure-curious;hyaluronic-acid;;;Sooyou.ch - Anua - Azelaic Acid 10 Hyaluron Redness Soothing Serum Das Azelaic Acid 10 Hyaluron Redness Soothing Serum von Anua ist ein multifunktionales Wirkstoffserum, das speziell für empfindliche, zu Rötungen, Unreinheiten oder unebenem Hautton neigende Haut entwickelt wurde. Mit einer hochwirks
0_219424_9_2398442913669664;0.2094;cautioning;;botox;;;Der haben sie auch zu viel Botox ins Hirn gespritzt
0_219424_126_t1_okebrkx;0.2095;satisfied;procedure-curious;botox;;;wir schreiben das Jahr 2026 Große Penisse sind per se kein Vorteil im Skispringen. Einen Penis zu haben der schrumpft ist ein Vorteil. Zur Erklärung: Der Skandal letztes Jahr um Skispringen ist folgender: Zu einem bestimmten Zeitpunkt im Jahr vor der Saison müssen sich Skispringer ausmessen lassen, 
0_219424_9_43099951216829598;0.2096;satisfied;procedure-open;;;;"Ich habe Stefan Raab mit seinen Altherrenwitzen nach 10 Min ausgeschaltet - völlig daneben ( z.B. „Botox-Biene"" = Sonja)"
0_219424_126_t1_o2h2omz;0.2097;seeking;procedure-curious;;;;Nehmen wir an ihr dürftet eine kostenlose SchönheitsOP bekommen, was würdet ihr an euch verändern? Nen großen Hahn 🫠😏
0_219424_126_t1_oju97m0;0.2097;seeking;procedure-curious;;;;"Was haltet ihr von Hyaluron Filler? Kann ich den aufpusten und dann wie ein Luftballon mit einem lauten  ""prrrrr"" weg fliegen?"
0_219424_126_t1_nz8tc4c;0.2098;enthusiastic;procedure-curious;;;;Extreme Angst vor Altern Tja, und jederzeit kannst du von einem Bus angefahren werden, deine Hütte kann abfackeln o.ä. Und dann ist alles vorbei.Oder du geniesst dein Leben, ziehst dein Ding durch und was in 10 Jahren ist, weisst du jetzt noch nicht. Das ist auch ok.Was, wenn du in 10 Jahren zurück 
0_219424_9_55918551250894369;0.2098;cautioning;procedure-curious;;;;Das freut mich! Dieser Hyaluron-Tint klingt auch interessant, schaue ich mir bei Gelegenheit mal an! VlG 🫶
0_219424_9_17244287671749368;0.2098;satisfied;;botox;;;Anscheinend hat sie sich Botox spritzen lassen
0_219424_9_59179570225167150;0.2099;enthusiastic;procedure-open;botox;;;Da muss ich dich aber mal einmal kurz aufklären, gerade Paulina ist eine der Frauen, die die Botox-Spritze so regelmäßig bekommt, wie kaum eine 2. 😅 Echt wahr  !!
0_219424_9_yt.holgc4pQoBY;0.2099;enthusiastic;skincare-first;;;;Gesunde Ernährung ab 60: 8 goldene Regeln für ein langes Leben 🍎✨ #psychologie #shorts In diesem Video erfährst du die wichtigsten Ernährungsregeln für Menschen über 60. Diese einfachen, aber effektiven Tipps helfen dir dabei, gesund zu bleiben, dein Wohlbefinden zu steigern und mehr Energie im Allt
0_219424_9_65824144557484920;0.21;disappointed;skincare-first;;;;Anti-Aging ❤❤❤❤immer gut😂😂 Mache gerne bei deiner Verlosung mit und finde alles toll in der Vana Box🎉🎉🎉🎉🎉würde sie direkt abonnieren....sollte das in Zukunft angeboten werden. Mein Mann und ich ❤❤❤❤❤❤lieben K Beauty. Auch schon mal am Wochenende in 10 Schritten 😊.  Liebe Grüße aus der Eifel Betty 🐰 
0_219424_9_39700931075168248;0.21;disappointed;;;;;War sie eigentlich bei der kostenlosen BOTOX-GESCHICHTE oder haben wir das mit Steuergeldern bezahlt die sie erhalten hat für diese Kampagne?
0_219424_9_43756263933759404;0.2101;satisfied;;;;;Da sieht man mal was mit viel viel Silikon , noch mehr Botox und Zentimeter dick Makeup alles möglich ist , und das auch noch ohne Rollator..!!Aber ihre beiden Altenpflegerinen können wirklich gut Tanzen ..!!
0_219424_9_51452524738625162;0.2102;disappointed;;;;;Zombro, der wahre Meister im Anti-Aging! xD
0_219424_15_56396572171198528;0.2103;satisfied;;;;;"TV-Tipps am Montag In ""Eine bessere Welt"" (ZDF) wird eine Wissenschaftlerin Opfer von Internet-Trollen. In der ""Höhle der Löwen"" (VOX) wird eine natürliche Alternative zu Botox angeboten. Bei kabel eins gehen ""3 Engel für Charlie"" indessen auf Verbrecherjagd. Weitere Artikel zum Thema: TV-Tipps am M"
0_219424_9_30792047488673231;0.2106;satisfied;procedure-curious;;;;Man man man So verblendet muss man erstmal sein. Was Robert sagt ist, der Wal reagiert, spricht auf ihn oder einen anderen Taucher an. Es findet auf eine gewisse Interaktion statt. Das und nichts anderes muss man als Zuschauer oder Verfolger dieses Dramas wissen. Natürlich wirkte es so als würde Rob
0_219424_126_t1_o2yixqb;0.2108;seeking;procedure-curious;;;;Nehmen wir an ihr dürftet eine kostenlose SchönheitsOP bekommen, was würdet ihr an euch verändern? Das muss man nicht erklären. Jeder mit gesundem Menschenverstand weiß was dann passieren kann. Es ist nicht mein Problem dass du einen krampfhaften Drang hast zu beweisen dass du Recht hast. Ich lasse 
0_219424_9_yt.D0eod0rRFlE;0.211;seeking;procedure-curious;niacinamide-peptides;;;Erec Pro Erfahrungen Forum – Test, Nebenwirkungen, Inhaltsstoffe & Meine ehrliche Meinung 👇Hier kaufen ErecPro offizielle Website👇(Germany and Austria )✅🛒Hier kaufen 👉https://hotm.io/ErecPro-offizielle ✅🛒Hier kaufen 👉https://hotm.io/ErecPro-offizielle Erec Pro Erfahrungen Forum – Test, Nebenwirkunge
0_219424_9_26087469094084577;0.211;seeking;procedure-open;facelift;;;Ich geb denen noch 10 Jahre und dann sieht die nächste S-Klasse in Facelift aus wie ein Thailändischer Musiktruck mit LED Laser Show und Seifenbladenanlage inklusive Nebelmaschine.
0_219424_9_9367993735013825;0.2111;satisfied;;;;;Sie sah so schön aus Leute macht nie 🙅‍♀️ eine Schönheitsoperation ihr seid so schön wie ihr seid ❤
0_219424_126_t1_oiipxvm;0.2112;satisfied;;;;;Kind haut Katzen (1j8m) - was machen? Die Katze einfach mal machen lassen und sehen, was passiert.
0_219424_126_t1_o2m2w2c;0.2113;seeking;procedure-curious;;;;Nehmen wir an ihr dürftet eine kostenlose SchönheitsOP bekommen, was würdet ihr an euch verändern? Du kannst ihm ernähren, trainieren und pflegen und es wird sehr schnell einen 8-9/10. fängt einfach an!
0_219424_126_t1_o6mlzrr;0.2113;satisfied;;;;;Ablagerungen im selbstgemachten Knoblauchöl Die Ablagerungen sind höchstwahrscheinlich nur ausgefälltes Olivenöl. Olivenöl wir im Kühlschrank teilweise fest.Im Kühlschrank solltest du auch keine Probleme mit Botulismus bekommen. Aber wenn du da sorgen hast musst du das öl einfach nur vor dem nutzen 
0_219424_9_63324488966402682;0.2113;enthusiastic;skincare-first;;;;Hallo liebe Nicole, ich hab zuletzt eine Hyaluron-Bodylotion von Newkee aufgebraucht und fand sie super. Es gibt noch eine ohne Hyaluron, die ist nicht besonders.Dankeschön für das spannende Video ❤
0_219424_126_t1_odgakre;0.2113;satisfied;;;;;"Wofür hat man denn Hyaluron in der Zahnpasta? Hyaluronsäure hat tatsächlich keine wirklich bewiesenen Wirkungen, auch nicht im Gesicht. Das ist pures Marketing und generell kann man sich merken: wenn auf der Zahnpasta ""White/Whitening"" draufsteht ist sie nicht gut für eure Zähne"
0_219424_9_yt.i26SoavpSuc;0.2114;seeking;;;;;Linda de Mol Das Alter macht ihr Angst Moderatorin Linda de Mol verrät, wie sie dem Alter den Kampf ansagt – und da setzt sie auf ein umfangreiches Anti-Aging-Programm!
0_219424_9_16838164938677253;0.2115;satisfied;procedure-curious;;;;Wäre es beim Skispringen nicht besser sich einfach wasser überall reinzumachen im Endeffekt gehts ja nur drum das bei der Vermessung ein hoher Wert rauskommt und nein durch billig hyaluron wird da unten mit Sicherheit mal nichts geschädigt weil erstens ist es sofort wieder draußen und zweitens wird 
0_219424_126_t1_oerzj63;0.2115;enthusiastic;procedure-curious;fillers;;;An die Frauen: wieso lässt man sich etwas unterspritzen? Ich bin ein Mann und hab auch an bestimmten gesichtszonen unterspritzungen gemacht.Leute machen es um sich wohl zu fühlen, nicht jeder hat nunmal das glück mit sich zufrieden zu sein oder sich so zu akzeptieren wie man ist. Ich hab auch jahrel
0_219424_15_27903445178606199;0.2116;seeking;;;;;Anti-Aging 2026: Revolutionäre Therapien? Die Anti-Aging-Forschung hat in den letzten Jahren enorme Fortschritte gemacht. Was einst als Science-Fiction galt, rückt immer näher an die Realität: die Möglichkeit, den Alterungsprozess ... The post Anti-Aging 2026: Revolutionäre Therapien? appeared first
0_219424_9_yt.tGMvcGlcmM8;0.2116;enthusiastic;skincare-first;;;;Botoxfrei? Sydney Sweeney wird für natürliche Mimik gelobt Euphoria-Star ohne Botox: Warum Sydney Sweeneys Stirnfalten jetzt viral gehen und was die Fans daran so feiern.
0_219424_9_yt.9vhxh72zZuc;0.2118;satisfied;;aging-signs;;;Alterungs‑Trick: Öl‑Swap für bessere Zellen In diesem Video geht es um einen oft unterschätzten, aber wirkungsvollen Ansatz: die Öl Swap Ernährung – ein sanfter Anti Aging Ernährung Trick, der dabei helfen kann, die Zellalterung zu stoppen und die Zellgesundheit nachhaltig zu verbessern 🌿. Du erfähr
0_219424_126_t1_oik12ny;0.2118;seeking;skincare-first;peel,aging-signs;;;Wielange hilft HRT beim Haarwachstum? Sollte ich zusätzliche Produkte verwenden? Schau mal auf r/mtfhairregrowth . Da wird meist zu finasterid, minoxidil und microneedling geraten
0_219424_126_t3_1s4fc7u;0.2119;seeking;;niacinamide-peptides,price,safety;;;Chimäre Pharma – Die Kreuzung von Alkaloiden, Peptiden & Flavonoiden 🧬💊 Pilz + Pflanze + Tier + Mensch in einer Zelllinie. Neue Wirkstoffklasse mit synergistischer Potenz. ​📋 DIE CHIMÄREN-WIRKSTOFFE:Produkt Komponenten Wirkung SynergiePSQ-1 Psilocybin + Quercetin + β-Endorphin Psychedelische Analges
0_219424_126_t1_ofxx32f;0.2119;seeking;skincare-first;price;;;"ich🏥iel ich zahl immer fleißig die rezepte, deshalb hab ich direkt mal nachgeschaut ob ich gratisrezepte finde - ist ja schon wild teilweise, schau mal hier&gt;Cannabis auf Rezept online, schnell &amp; günstig bestellen&gt;1400+ Blüten von 350+ Apotheken ab 2,99 €/g&gt;Ärztliches Rezept ab 14,20 € ("
0_219424_15_30453310681763131;0.212;satisfied;;botox,facelift,retinol;;;Was ist mit Jim Carrey los? Bizarre Videos sorgen für wilde Spekulationen (Bildquelle: Getty Images / Stephane Cardinale - Corbis / Bearbeitung: GIGA) Warum sieht der Schauspieler so anders aus? Das veränderte Erscheinungsbild und Verhalten von Jim Carrey während und nach einer Preisverleihung besor
0_219424_9_yt.2zdBQahYwFM;0.212;enthusiastic;skincare-first;aging-signs;;;Gamechanger für reife Haut? L'Oréal Paris Tinted Balm #loreal #foundation #makeup #drogerie Endlich ein würdiger Nachfolger! Ich teste den neuen L'Oréal Paris True Match Hyaluron Tinted Balm in der Farbe 01 Very Light. Ist es der gleiche Balm wie der alte Age Perfect? In diesem Short zeige ich euch 
0_219424_126_t1_o2hy2xt;0.2121;seeking;procedure-curious;;;;Nehmen wir an ihr dürftet eine kostenlose SchönheitsOP bekommen, was würdet ihr an euch verändern? Nix natürlich. Auch nicht wenn man mir noch Geld dafür hinterher schmeißen würde
0_219424_9_4565528773369029;0.2122;satisfied;;;;;Ja er sieht jetzt jünger aus als vor 40 Jahren, Botox sei ihm gegönnt, klasse Typ!
0_219424_126_t3_1q8ymvh;0.2123;seeking;procedure-curious;;;;Korrektur-OP mtf Lubos - was ist überhaupt möglich? Liebe Community,Meine Zweit-GA bei Lubos steht Ende des Monats an und mein Vorgespräch findet jetzt in der kommenden Woche statt.Jetzt schaue ich meine Vagina etwas genauer an und vergleiche ein wenig mit Bildern von anderen trans- und auch cis-Vag
0_219424_23_29749160156118498;0.2123;satisfied;skincare-first;niacinamide-peptides,aging-signs;;;Gutes Produkt Es ist eine gute Anti-Aging-Basis mit einer Kombination aus Q10 Peptiden - sinnvoll gegen erste Falten. Ich kann es empfehlen. Allerdings ist es nichts für empfindliche Haut, da es Alkohol enthält.
0_219424_126_t1_o2hq5sw;0.2124;seeking;procedure-curious;;;;Nehmen wir an ihr dürftet eine kostenlose SchönheitsOP bekommen, was würdet ihr an euch verändern? Ich sag dazu jetzt mal nichts   😂
0_219424_126_t1_o2k1afa;0.2124;seeking;procedure-curious;;;;Nehmen wir an ihr dürftet eine kostenlose SchönheitsOP bekommen, was würdet ihr an euch verändern? Oha, Was willst du dem denn abschnippeln?
0_219424_15_20731998028144740;0.2124;seeking;procedure-open;peel,aging-signs,price,pressure;peeling;;OPATRA LONDON in Zürich: Revolutionäre Hautpflege-Technologien im Herzen der Schweiz OPATRA LONDON in Zürich vereint innovative Beauty-Technologie mit Schweizer Qualitätsstandards und bietet professionelle Hautpflege-Lösungen für alle Altersgruppen. Das Beauty- und Hautpflegezentrum OPATRA LONDON in
0_219424_9_21166577395420490;0.2125;satisfied;;botox;;;Jim is back mal schauen was das make up Team mit seinem botox Gesicht macht ob er so aus sieht wie in denn ersten drei Teilen
0_219424_9_7936003422880799;0.2126;seeking;skincare-first;aging-signs;;;Also ich finde es komplett okay wenn Jugendliche Kosmetik (Skincare) benutzen, wenn es nicht zu weit geht und die Eltern einverstanden sind. Aber teilweise geht es wirklich schon so weit, dass Kinder von 6 bis 10 Jahren Dinge mit Anti-Aging Produkte kaufen oder Dinge, wo sie nicht wissen, was drin i
0_219424_9_yt.VXSi6Ds25HQ;0.2127;seeking;skincare-first;peel,retinol,vitamin-c,niacinamide-peptides;;niacinamide;Lieblingsstücke von Beauty bis Haushalt Aufgebraucht * Kirsty Coco #aufgebraucht #beauty #favoriten #kirstycoco #antiaging #verbraucher 🎁Gutscheinaktion: Mit Code BEAUTYKIRSTY sparst du -20% auf die Produkte ⬇️Der Code ist ab dem 08.02.2026 für eine Woche gültig (Sonntag bis Sonntag)💙Meine Dalton Fa
0_219424_9_15679021368839014;0.2127;seeking;;;;;Hila kannst du bitte nochmal ausführlich erklären wie man das anwendet und wie der Ablauf ist vom Haar Botox und bitte alle steps vom Anfang bis Ende also vor dem auftragen bis hin zum Ende
0_219424_126_t1_o77oqwk;0.2128;seeking;;peel;;;M32 6 month minox progress. Should I add microneedling for better gains in neck? Das ist mit Abstand der lustigste Post heute
0_219424_9_yt._VGM95ZHXN0;0.2128;enthusiastic;procedure-curious;botox,price;lipolysis-injection;;"""Ich war so UNFASSBAR VOLL!"" - Party auf dem Kölner Karneval | Dr. Rick & Dr. Nick | ProSieben In Köln machen Dr. Rick und Dr. Nick den Kölner Karneval unsicher. Mit neuen Gesichtern, die ihnen eine Makeup Artistin verpasst hat, wird getanzt, getrunken und gefeiert und am Ende kann sich niemand mehr"
0_219424_126_t1_o2hoqgo;0.2129;seeking;procedure-curious;;;;Nehmen wir an ihr dürftet eine kostenlose SchönheitsOP bekommen, was würdet ihr an euch verändern? Dann hättest 11cm und wärst immer noch unter dem Durchschnitt
0_219424_126_t1_obtrw5d;0.2129;seeking;skincare-first;spf,aging-signs;;;Welche Sonnencreme und Feuchtigkeitscreme? Ich habe sehr viel rumprobiert und mag für den Alltag am liebsten die Haruharu Wonder Black Rice Airyfit (spf 50+). (Koreanische Marke, die es inzwischen auch in vielen deutschen Shops gibt.) Die funktioniert gut auf meiner trockenen Haut, darunter benutze 
0_219424_126_t1_o2mkkfv;0.213;seeking;procedure-curious;;;;Nehmen wir an ihr dürftet eine kostenlose SchönheitsOP bekommen, was würdet ihr an euch verändern? Zeig mir wo ich zugegeben habe dass es keine Lüge sei denn es ist nach wie vor eine.
0_219424_126_t1_o5s3qs0;0.213;enthusiastic;skincare-first;;;;"Arbeitslos, ALG1 endet bald, ich will meine Stadt nicht verlassen &gt; Vielleicht was in Richtung Gesundheit, Supplements, Wellness, Anti Aging machen? Oder Post. Die suchen immer und einzige Voraussetzung ist: Führerschein und keinen Eintrag im Führungszeugnis."
0_219424_9_46282715683872979;0.213;enthusiastic;;;;;Joan Collins ist unglaublich jung geblieben, wenn auch mit Schönheitsoperation. 🤔😲👌
0_219424_126_t1_ocdtxhd;0.2131;satisfied;skincare-first;;;;Post-botox hope needed hallo ich habe Dr Lucy Hicklin in London gesehen, weiß ich nicht über Dr. Leonhard
0_219424_9_64123922212317513;0.2132;seeking;procedure-curious;price;;;ich kann jeden nur raten der Dalton nicht kennt und es testen möchte sich die Proben für 4,95 zu bestellenDie Q10 finde ich gar nicht gut..wie ein Film auf der haut und ich muss nachcremen.. Die Hyaluron Urea ist gut aber das schaffen preiswerte auchMich überzeugt das für die Preisklasse leider nich
0_219424_126_t1_o2ml9mn;0.2132;seeking;procedure-curious;;;;Nehmen wir an ihr dürftet eine kostenlose SchönheitsOP bekommen, was würdet ihr an euch verändern? Also Argumente braucht eigentlich derjenige, der etwas begründen sollte, zum Beispiel wieso etwas eine Lüge sein sollte. Und entgegen des Anscheins, den du erwecken willst, ist es total ungefährlich si
0_219424_15_14350994109169463;0.2132;seeking;;;;;Anti-Aging – was hilft wirklich gegen das Altern? Viele Menschen wollen das Altern aufhalten oder gar verlangsamen. Was ist dran am Hype um Anti Aging?
0_219424_126_t1_o8k80xg;0.2132;cautioning;skincare-first;;;;"Laura war in Mirellas Podcast ""Spaßgetränk"" zu Gast Das fällt mir schon seit Monaten auf. Im Podcast hat sie erst letztens betont dass sie ja kein Botox hat. Naja…"
0_219424_126_t1_ocmfbjj;0.2132;seeking;skincare-first;vitamin-c,spf;;glycerin;Welche Tagescreme verwendet ihr? Ich verwende keine Tagescreme im herkömmlichen Sinne. Ich habe 4 Steps in meiner Morgenroutine: Vitamin C Serum, Glycerin Serum, Barrier Creme, Sonnenschutz. Meinen Hauttyp würde ich als feuchtigkeitsbedürftig und unkompliziert beschreiben, wobei ich das Hauptaugenme
0_219424_15_11812971930799030;0.2132;seeking;;;;;Mitochondrien-Schock: Schlüssel zum langen Leben? Mitochondriale Stressoren Anti-Aging ist für viele Praxen und Patienten aktuell ein zentrales Thema. Die Suche nach dem Jungbrunnen beschäftigt die Menschheit seit jeher. In den ... The post Mitochondrien-Schock: Schlüssel zum langen Leben? appeared 
0_219424_126_t1_okegy6u;0.2132;disappointed;skincare-first;;;;wir schreiben das Jahr 2026 Es war mit Sicherheit kein Botox.
0_219424_126_t1_o2iwuhw;0.2133;seeking;procedure-curious;;;;Nehmen wir an ihr dürftet eine kostenlose SchönheitsOP bekommen, was würdet ihr an euch verändern? Solide Idee
0_219424_126_t1_oar95px;0.2134;seeking;procedure-curious;botox;;;Hilfe bei Vaginismus und Endometriose gesucht (Botox Behandlung in Norddeutschland) Es scheint als suchst du Rat bezüglich einer romantischen Beziehung oder bestehenden Partnerschaft. Falls das stimmt wäre dein Beitag wahrscheinlich am besten auf [r/Beziehungen](https://www.reddit.com/r/Beziehungen)
0_219424_126_t1_o2havek;0.2135;seeking;procedure-curious;retinol;;;Nehmen wir an ihr dürftet eine kostenlose SchönheitsOP bekommen, was würdet ihr an euch verändern? Maschmeier z.B. könnte direkt in der Augsburger Puppenkiste auftreten
0_219424_23_38291178073558204;0.2135;satisfied;skincare-first;aging-signs;;;Tolles Anti-Aging Produkt Ich habe das Serum im Rahmen eines Produkttests ausprobiert und das regenerierende Serum hat mich wirklich überzeugt. Dank der Pipette lässt es sich einfach und hygienisch dosieren. Die leichte Konsistenz zieht schnell ein, lässt sich gut verteilen und hinterlässt kein fett
0_219424_9_yt.FxRjbt2Wc_s;0.2136;seeking;skincare-first;aging-signs;;;GENIUS | IMC NAD + Elastin - Live Shopping Erleben Sie mit NAD+ Elastin die nächste Generation der Anti-Aging-Pflege – eine bahnbrechende Innovation, die Wissenschaft und Luxus auf höchstem Niveau vereint. Entwickelt mit modernster Enzymforschung und biochemischer Tiefenwirkung. Denn NAD+ Elastin is
0_219424_126_t1_o820ill;0.2136;seeking;;;;;Masseter (Kaumuskel) Botox in Mainz danke, weißt du wie viel sie bezahlt hat? :)
0_219424_9_5118102817103405;0.2138;satisfied;;;;;Sie hat keine Schönheitsoperation sondern sie hat eine Art Tumor 😢
0_219424_9_61325558366311870;0.2138;satisfied;skincare-first;botox,facelift;;;Ich denke, er ist es. Er sieht so aus, als hätte er die Augenlider geliftet, ein Facelifting machen lassen und Botox im Gesicht. Danach sieht man halt anders aus und hat eine andere Mimik. Das ist normal. Aber, wenn man ganz genau hinschaut, dann erkennt man doch sehr gut die typische Jim Carrey Mim
0_219424_126_t1_nztj23l;0.214;seeking;procedure-curious;botox,safety;;;Ich leide unter chronischen Migränen. Ich habe rund um die Uhr Migräne und es ruiniert mein Leben. Ich habe Migräne, seit ich 13 bin, extrem seit 2015. Jetzt bin ich 32 Jahre alt.Ich habe schon so viele Medikamente ausprobiert. Das, was mir am meisten geholfen hat, hatte leider schlimme Nebenwirkung
0_219424_126_t1_o2hmgnl;0.214;seeking;procedure-curious;;;;Nehmen wir an ihr dürftet eine kostenlose SchönheitsOP bekommen, was würdet ihr an euch verändern? Da kennt sich einer aus.
0_219424_9_yt.01S-qF-XThQ;0.214;satisfied;;;;;FRAUEN H*SSEN SYDNEY SWEENEY | Prinz Vegeta030 #feminismus #schönheitsop #prettyprivilege Reaction: The Housemaid Drama: Warum Sydney Sweeney uns so triggertOriginal Video: https://www.youtube.com/watch?v=mIvByHHOWOkMeine SUPPLEMENTS - Code MACHER (bis zu -30% je nach Aktion)www.esn.comInstagram: ht
0_219424_9_65772697082279790;0.214;conflicted;skincare-first;facelift;;;Wo ich ihn wieder gesehen habe, dachte ich zuerst ok der hatte ein facelift sein Gesicht sieht irgendwie danach aus und das macht fast jeder in Hollywood aber Jim Carrey war eigentlich nicht der Typ für Schönheitsops und eigentlich auch dagegen vor allem als Comedian/Schauspieler wie er mit so einer
0_219424_9_44240347430345871;0.2141;satisfied;skincare-first;botox;;;Oh mein Gott ihr Gesicht ist so verstümmelt von den OP und Botox usw . Sie hat nicht mehr ihr Gesicht von früher.In würde Altern kann sie nicht.
0_219424_9_62915758243374498;0.2142;satisfied;;;;;Ja, man kann Hyaluron auflösen, aber es wird sich nie komplett auflösen, es bleiben immer Rückstände. Botox hingegen ist eine Lähmung der Muskel und lässt nach einer Zeit nach bis es dann komplett weg ist.
0_219424_9_2092739814280468;0.2143;satisfied;;;;;"22:40 Die eingeblendeten ""Elfenohren"" werden nicht mit Unterspritzungen oder Implantaten erzeugt. Das ist eine Form von Bodymodification. Die Ohren werden quasi bisschen auseinander geschnibbelt, bisschen weggeschnibbelt und dann in gewuenschter Form wieder zusammen genaeht."
0_219424_126_t1_o9ohx3b;0.2144;seeking;;;;;Wie lange nach der GAOP kann man eine Rhinoplastik machen?? Ahhh okee… Hast du deine FFS hier in Deutschland machen lassen??
0_219424_9_25248461059103679;0.2147;disappointed;procedure-open;;;;Fassen wir zusammen: 1. Laut Epstein Files hat sich der sehr ehrliche Philantroph Bill beim AO-Sex mit einer russischen Prostituierten einen Tripper zugezogen, wollte dann seiner (Ex)Frau Melinda ein Breitband-Antibiotika heimlich dagegen verabreichen. Vielleicht hat er ihr ja gesagt, das sind Vitam
0_219424_126_t1_o2kugav;0.2148;seeking;procedure-curious;;;;Nehmen wir an ihr dürftet eine kostenlose SchönheitsOP bekommen, was würdet ihr an euch verändern? Fühle ich
0_219424_126_t3_1revyvd;0.215;enthusiastic;skincare-first;vitamin-c;;pha;"Der Vitamin- und Nährstoffkompass - Bas Kast Rezension zu „Der Vitamin- und Nährstoffkompass"" von Bas Kast\Wenn ich an Gesundheit und Vitalität denke, habe ich oft das Bild eines bunten Marktes voller frischer Früchte und Gemüse vor Augen. Bas Kast hat mit „Der Vitamin- und Nährstoffkompass"" genau d"
0_219424_126_t1_o2hs24a;0.2155;seeking;procedure-curious;;;;Nehmen wir an ihr dürftet eine kostenlose SchönheitsOP bekommen, was würdet ihr an euch verändern? GAOP
0_219424_126_t1_o2hhlse;0.2156;seeking;procedure-curious;;;;Nehmen wir an ihr dürftet eine kostenlose SchönheitsOP bekommen, was würdet ihr an euch verändern? Als ob
0_219424_9_42953177647432220;0.2157;satisfied;;botox;;;Der hat einfach zu viel Botox ins Gesicht bekomme die Mimik ist komplett tot
0_219424_126_t1_o14m8az;0.2158;seeking;procedure-open;botox;;;Botox in Köln / Empfehlung für gute Praxis Hast du schon mal überlegt in einem ersten Schritt vor Botox paar Face Yoga Übungen auszuprobieren. So was: https://youtube.com/shorts/fvmLWxT0jKY?si=vKq6BcqcVZWyMBjCGibt bei Claudia am Kanal noch viele andere Übungen dazu. Mir hat es sehe geholfen.
0_219424_126_t1_o2xnmt4;0.2158;seeking;;;;;Ist es möglich Muskeln die durch Botox lahm gelegt wurden, wieder durch Face Yoga zu stimulieren? Nach dem, was viele berichten, kann Face Yoga die durch Botox ruhiggestellten Muskeln leider nicht direkt wieder aktivieren. Botox blockiert die Nervenimpulse zum Muskel, und das lässt sich nicht durch 
0_219424_126_t1_oiws1wi;0.2158;seeking;procedure-curious;;;;Erfahrung mit Haarentfernung per Laser? Hey 😊Ich kann dich sehr gut verstehen. Gerade in der Bikinizone können Rasieren, Stoppeln, Rötungen und eingewachsene Haare extrem nervig sein. Helle Haut und sehr dunkle Haare sind für Laser Haarentfernung tatsächlich eine sehr gute Ausgangslage, weil dunkle 
0_219424_9_71849904658661636;0.2159;seeking;;;;;Botox Reiche 🤣🙈💉Wie alt ist die wirklich? 65  70 Jahre?
0_219424_126_t1_o2jwkpo;0.216;seeking;procedure-curious;;;;Nehmen wir an ihr dürftet eine kostenlose SchönheitsOP bekommen, was würdet ihr an euch verändern? ![gif](giphy|Nl3TNvZJb6t23J172M)
0_219424_126_t1_o38l9ns;0.216;seeking;skincare-first;botox;;;"Was haltet ihr 2025 von Botox und Fillern? Habe oben schon geantwortet, aber hier noch mal: es gibt ""Bio-Botox"", das ist aber kein echtes Botox sondern pflanzliche Stoffe, die eine ähnliche Wirkung erzielen sollen. Weil es eben kein Botox ist, dürfen Heilpraktiker es verabreichen (wie z.B. auch Hyal"
0_219424_9_61158313970602760;0.216;enthusiastic;;;;;Nun hat sie eine schönheitsop.nun lass sie doch😂
0_219424_126_t3_1sl11f1;0.2161;seeking;procedure-curious;;;;InBody-Scan sagt 4,4% KFA – Messfehler oder bin ich auf dem Holzweg? (M40) Hallo zusammen,ich habe heute eine Körperanalyse mit einem InBody-Gerät machen lassen und bin etwas stutzig über das Ergebnis. Der Scan bescheinigt mir einen Körperfettanteil von 4,4 % bei einer Skelettmuskelmasse von 41,2 kg
0_219424_9_47933476421571943;0.2162;seeking;;;;;Das ist die Langzeitwirkung vom Botox.
0_219424_126_t1_o0qeveh;0.2162;cautioning;procedure-open;;;;Kind macht absichtlich in die Hose Puh das klingt echt anstrengend, ich fühle mit dir! Ich würde (wie viele andere auch schon gesagt haben) versuchen den Druck raus zu nehmen. Und wenn er in die Hose macht ihn möglichst viel selbständig machen lassen. Ihm im ruhigen Ton erklären, dass er bitte seine
0_219424_126_t1_o2h203d;0.2162;seeking;procedure-curious;;;;Nehmen wir an ihr dürftet eine kostenlose SchönheitsOP bekommen, was würdet ihr an euch verändern? Jo, aber ist halt so der Klassiker den man im Kopf hat, wenn Männern so eine Frage gestellt wird\^\^
0_219424_9_58875780880232191;0.2162;satisfied;;;;;​@Christian-hv6ii Glaub eher, der ist das Botox ins Hirn geflossen und hat da gewaltigen Schaden angerichtet.
0_219424_126_t1_of8otpk;0.2162;seeking;;botox,spf;;;Was sind eure besten Beauty Hacks? Botox und Filler gut dosiert. Und SPF🙌🏼🙌🏼
0_219424_9_31847642330259;0.2163;disappointed;;botox;;;Kohle kassieren zum Botox spritzen und Ansprüche stellen, mehr können sie nicht 🤮 🤮 🤮 🤮 gebetsräume in restaurants??? Joop 👍 in der gefrierzelle💪 💪 💪
0_219424_9_19506175569034150;0.2166;satisfied;skincare-first;;;;Das Bakterium (Chlostridium botulinum oder so ähnlich) selbst würde in Sauerstoff sterben, wenn es sich nicht in eine Spore verwandeln würde. Auch das zweitgiftigste Gift, das Tetanustoxin, stammt von einem Bakterium der Gattung Chlostridium ab, auch wenn es genau das Gegegenteil wie Botox bewirkt, 
0_219424_23_11021394989180369;0.2167;satisfied;skincare-first;niacinamide-peptides;;;angenehme und wirksame Pflege Das Vital Soja Serum von Nivea ist eine Ergänzung zur Anti Aging Creme. Es ist milchig ,zieht sehr gut ein, wirkt etwas kühlend/beruhigend und hat einen angenehmen Duft , der lange anhält. Da auch die Creme intensiv duftet, finde ich es in Kombination etwas zu viel. Ich
0_219424_126_t1_oju9lph;0.2167;seeking;procedure-curious;;;;Was haltet ihr von Hyaluron Filler? Drei Wetter Schaft
0_219424_126_t1_ocy2393;0.2168;disappointed;procedure-curious;;;;Doing everything 'right' but still struggling with dating — is this just looks? Ich vermute, dass diese OPs nicht nötig sind bzw. sie könnten dir neue Probleme schaffen. Ich rate dir davon stark ab (hatte selbst ne Schönheitsop). Wahrscheinlich liegt es nicht am Aussehen. Ich sehe ständig unattrakti
0_219424_9_49890224547376820;0.2169;cautioning;;;;;Die Alte (12:48) hat sicher noch Botox im Gehirn selbst
0_219424_126_t1_o1ifug4;0.2169;seeking;skincare-first;aging-signs;;;Gesunde Haare, Haut und ein gutes Körpergefühl ohne Massenkonsum Hast du vielleicht Empfehlungen wie man am besten den Schmutz und Talg wegbekommen und was gegen anti-aging benutzen kann? (Sry bin echt ein Anfänger bei skincare aber möchte mir mehr mühe geben und dein Kommentar klingt so als ob du v
0_219424_9_yt.Tl5B3LTNGuY;0.2169;disappointed;skincare-first;;;pha;100 Jahre alt werden  Nobelpreisträger enthüllt die täglichen Lebensmittel laut neuer Forschung! #langlebigkeit #gesundheit #ernährung #senioren #antiaging #lebensstil🔔 Abonnieren Sie Gesundheitsarzt, um keine wichtigen Gesundheitstipps zu verpassen!Viele Menschen träumen davon, ein langes und gesun
0_219424_9_36575504371104685;0.2171;satisfied;skincare-first;;;;6:37 die hatte mindestens 30 Schönheitsop's und mich wundert es nicht wenn die morgen wie ICE Spice aussieht
0_219424_9_12669015771599336;0.2172;satisfied;;natural;;;Er sollte einfach Bart tragen und natürlich altern. Männer brauchen doch (ungerechterweise) wirklich keine babyglatte Haut. Sie werden nicht alt, sondern immer mehr zum Mann (die Optik zumindest 😂).
0_219424_126_t1_o2h5v6f;0.2173;seeking;procedure-curious;;;;Nehmen wir an ihr dürftet eine kostenlose SchönheitsOP bekommen, was würdet ihr an euch verändern? Lieber Grün Blau gestreift.
0_219424_9_yt.NlYDQet-TKA;0.2173;disappointed;;botox;;;"Silicon Dream (german Version) SILICON DREAM (Chrom-Gnosis) – Offizielles Video | Die Fratze des Transhumanismus​„Die Evolution des Menschen? Oder nur eine Luxus-Renovierung für den Abgrund?"" 💉✨​Willkommen im SILICON DREAM. In einer Welt, die süchtig nach „Upgrades"" ist, haben wir unseren uralten Ge"
0_219424_126_t1_o3ils57;0.2175;disappointed;skincare-first;;;;Frauen machen ihren Musikgeschmack deutlich öfter vom Aussehen der Musiker abhängig als Männer, oder seid ihr da anders? Damit wären wir wieder bei meinem eingangs erwähnten Spruch, der wie bereits erwähnt durchaus garnicht mal weit hergeholt ist. Und da hast du schon recht, die allgemeine Entwicklu
0_219424_9_1302753135170133;0.2177;enthusiastic;;;;;Boah, nicht mehr normal 🤦‍♀️🤦‍♀️🤦‍♀️Gina -Lisa war beim GTM ganz normal, nett und süß. Die Schönheitsoperationen und Botox hat sie sich verwandelt...., Teufelin 😮😮😮
0_219424_126_t1_o2gvmou;0.2178;seeking;procedure-curious;;;;Nehmen wir an ihr dürftet eine kostenlose SchönheitsOP bekommen, was würdet ihr an euch verändern? Nix
0_219424_126_t3_1rv3hzk;0.2178;disappointed;procedure-curious;botox,price;;;Angekackt werden wegen einer Schönheits OP Ich habe seit meiner Kindheit mit einer Wampe zu kämpfen, gehe deswegen auch locker 15 Jahre nicht mehr schwimmen aus Scham und jedesmal wenn ich Nackt bin z.B. zum duschen ekel ich mich vor mir selbst. Auch Sexualität spielt (unteranderem) darum keine Roll
0_219424_9_11539325851614531;0.2179;disappointed;procedure-open;;;;Fassen wir zusammen: 1. Laut Epstein Files hat sich der sehr ehrliche Philantroph Bill beim AO-Sex mit einer russischen Prostituierten einen Tripper zugezogen, wollte dann seiner (Ex)Frau Melinda ein Breitband-Antibiotika heimlich dagegen verabreichen. Vielleicht hat er ihr ja gesagt, das sind Vitam
0_219424_9_14918620102667167;0.218;cautioning;procedure-curious;;;;Ich verstehe nicht warum Menschen eine Schönheitsoperation machen?nur weil sie sich hässlich fühlen, das ist total shit.Aber gutes Video. Danke für deine Mühe 😊.
0_219424_9_34218556297295637;0.218;disappointed;procedure-open;botox;;;+ Mochte das Opening+ Mochte einige weitere Killings+ Neve zurück- es ist wirklich traurig Courtney Cox zusehen. Zuviel Botox, sogar die Scream Maske hat mehr Mimik. - Viele Charakter waren mir komplett egal. - reveal/final Act (zieht den Film wirklich runter)Spoiler:Licht und Schatten. Mochte die K
0_219424_9_40065555375677717;0.2181;satisfied;;botox;;;Ein Schauspieler der überwiegend auf Mimik setzt, soll sich Botox reinhauen? die jede Mimik killt. I dont know der Saft schmeckt ganz komisch
0_219424_9_40108329268649245;0.2182;enthusiastic;procedure-curious;celebrity;;;Leider geht das vielen Menschen so, meistens den Frauen oder Mädchen. Der Drang perfekt zu sein wird durch Social Media heutzutage deutlich erhöht. Plötzlich findet jemand seine Figur nicht mer schön und will eine Schönheitsoperation machen lassen. Essstörungen werden leider auch oft wegen Social Me
0_219424_9_yt.bBLPUU15o0c;0.2182;enthusiastic;skincare-first;aging-signs;;;Apfelessig gegen Falten in 3 Tagen 😱 Kann Apfelessig wirklich Falten in nur 3 Tagen reduzieren? 😳 In diesem Video zeige ich dir Schritt für Schritt diesen natürlichen Beauty-Trick, der gerade viral geht. Erfahre, wie du ihn richtig anwendest und warum so viele Menschen darauf schwören.✨ Einfache Zut
0_219424_126_t3_1t2lknm;0.2182;disappointed;skincare-first;;;;Hat jemand starke Trigeminus Neuropathie?? Ich habe körperlich alles im griff mit Medis, aber meine Kopf und Gesichtssymptome sind sehr schlimm, starke Schmerzen im Kinn beidseitig und generell Zaps im Gesicht, hat jemand etwas, was ihm dagegen hilft?Ich werde mir bald botox geben lassen, bete das e
0_219424_9_46900445787280049;0.2183;disappointed;;;;;Botox Barbie Noem im Rentenalter Tromp ein alter fetter Narzist u.s.w 😮 Amerika ist am Ende .....denken die Maga Fanatiker das, das Zukunft hat.😂😂😂😂😂😢😢😢😢😢 😢
0_219424_9_yt.w1BbvCNRJUI;0.2184;enthusiastic;skincare-first;;;ceramides;NEU bei DALTON Marine Cosmetics #short #makeup #beauty #favorite #frauen #drugstoremakeup #inspiration #skincare #natalinordbeauty Dalton: 20% mit dem Code: NATALI20Q10 Regeneration https://serv.linkster.co/r/98NJqcw70MCollagen Boost https://serv.linkster.co/r/Y5xnPFgA0oHyaluronic Glow https://serv.
0_219424_126_t1_o2j849z;0.2185;seeking;procedure-curious;;;;Nehmen wir an ihr dürftet eine kostenlose SchönheitsOP bekommen, was würdet ihr an euch verändern? inch oder? oder?
0_219424_9_24779149650696756;0.2185;seeking;;;;;Verjüngungsforschung als Partei? 😂😂😂😂 Was wollen die? Botox an den Schulen einführen? Was es nicht alles gibt.
0_219424_23_4646969096362387;0.2185;satisfied;;aging-signs;;;Gepflegte Haut Die Creme hat eine angenehme Textur, lässt sich leicht verteilen und zieht schnell ein, ohne zu fetten. Die Haut fühlt sich danach weich, gepflegt und gut mit Feuchtigkeit versorgt an. Bei regelmäßiger Anwendung wirkt die Haut frischer, elastischer und ebenmäßiger. Eine rundum gelunge
0_219424_126_t1_ocutt8t;0.2186;disappointed;;aging-signs;;;Kollagen - Im Riegel oder als Supplement das soll als Anti-Aging funktionieren und dann sieht man jünger aus
0_219424_23_61493101571147061;0.2186;disappointed;;;;;Tolle Anti Age Creme Die Creme ist wirklich wie weiche Butter, total angenehm auf der Haut. Sie riecht auch wirklich gut. Die Haut ist danach weich und fühlt sich gut gepflegt an. Tolle Creme wenn man etwas für Anti Aging sucht.
0_219424_126_t1_odpnqzq;0.2187;disappointed;skincare-first;;;;"Ich verstehe nicht wie sich andere ein Haus kaufen können Ok, fair point. Das habe ich provokant formuliert und die Kritik verdient. In meiner bubble ist das einfach normal und ich lebe vergleichsweise sparsam. Ich hab „strassenkötterblond"" und für mich sind Sachen wie Friseur und maniküre einfach w"
0_219424_9_58486163386980114;0.2188;disappointed;skincare-first;;;;Kosta - vergiss mir nicht BOTOX-TINA,  schauderhaft🤮
0_219424_9_yt.lbMZ22vuQm8;0.2188;enthusiastic;skincare-first;aging-signs,vitamin-c;;;Frauen über 60  Diese 3 Vitamine unterstützen jüngeres Aussehen, Hautelastizität & Haare #vitamine #hautpflege #antiaging #frauen #gesundheit🔔 Abonnieren Sie Gesundheitsarzt, um keine wichtigen Gesundheitstipps zu verpassen!Mit zunehmendem Alter verändert sich der Körper – besonders Haut, Haare und 
0_219424_126_t1_oa6d6zi;0.2189;cautioning;skincare-first;niacinamide-peptides,pressure;;;15jähriger Bruder spritzt sich Peptide. Wie soll man ihm beibringen, dass das nicht gut ist? Nein. In der Anti Aging Szene wird diskutiert, ob es Vorteile hat auch im höheren Alter die Hormonlevel eines gesunden 30 Jährigen zu haben. Gerade bei Testosteron oder IGF1.Das kann gewissen Alterungsprozes
0_219424_126_t1_ofm6fhr;0.2189;seeking;skincare-first;;;;Privat Botoxen Ich kenne nur jemanden, der das in der Schweiz gemacht hat. Sie ist in einem ganz anderen Fachgebiet, hat aber so einen Botox-Kurs für Ärzte absolviert und macht das bei sich selbst, ev. bei Freunden (aber nicht offiziell).   Also wenn du es bei dir selbst machen willst, sparst du sic
0_219424_126_t1_obw75ad;0.219;disappointed;skincare-first;;;;Als jemand der arm aufgewachsen ist und heute reich ist, reiche Menschen die sagen Geld macht nicht glücklich sollen die Klappe halten. Ich kann diesen Dreck nicht mehr hoeren. Mit etwas mehr Geld könnte sich mein Vater zB wahrscheinlich Hyaluron-spritzen für seine kaputten Gelenke leisten, und dann
0_219424_9_yt.f8CXGh4g2jc;0.2192;disappointed;;aging-signs;;;Sesderma - FACTOR G RENEW - Anti-Aging Creme für die Augenpartie (15ml) Wahre Schönheit bleibt nie unentdeckt. ✨Entdecken Sie die transformative Kraft von Sesderma - FACTOR G RENEW, der luxuriösen Anti-Aging Creme für die empfindliche Augenpartie. 💖 Mit Squalan, einem ultimativen Feuchtigkeitsspende
0_219424_9_14993390576143441;0.2192;enthusiastic;;;;;​@Anette-z1sNehme an Botox...ist halt eitel😂
0_219424_9_16226032419204781;0.2192;cautioning;;;;;Das Botox für's Gehirn wird doch fleißig Verteilt, ist aber Offensichtlich die falsche Sorte oder Falsche Dosis.
0_219424_126_t1_nxtd2yf;0.2193;enthusiastic;skincare-first;;;;Findet ihr ältere Frauen wirklich sexy? Ich glaube du machst dir zu viele Gedanken über dein Aussehen. Ich weiß nicht, ob das Teil deiner Unsicherheiten ist, aber es liest sich mindestens so. Was sind schon 5 Jahre? Es ist nicht so, dass sich jetzt schlagartig das Aussehen ändern wird. Einige Falten
0_219424_9_16196070518189285;0.2194;satisfied;;;;;habt ihr gesehen Kinder was Wasserstoff dem Hirn antuen kann,.. .oder evtl das Botox!
0_219424_126_t1_odr890z;0.2194;seeking;procedure-open;;;;"Das erste mal Botox Ich mach seitdem ich 25 bin „babybotox"", es ist ne kleine Menge sodass meine Muskeln noch funktionieren aber nicht so stark, und dadurch weniger tiefe Falten entstehen bzw. verzögert. Ist mehr Vorbeugung Ich mach's alle 3-4 Monate weil ich's recht schnell abbaue Ich weiß nicht wi"
0_219424_9_44317466517360022;0.2195;disappointed;;;;;WIE SIEHST DU DENN AUS ? botox fr3$$3
0_219424_126_t3_1shf5i1;0.2196;seeking;;fillers;;;Botox Hyaluron Stuttgart Hallo, hat jemand Empfehlungen wo ma in Stuttgart für Unterspritzungen hingehen kann?
0_219424_9_27134935451833560;0.2197;cautioning;procedure-curious;;;;​@andy99ish Das Thema ist dein doppelter Standard, und wo du Vorverurteilung siehst, bzw. nicht siehst. Wenn du davon ablenken oder deinen doppelten Standard nicht wahrhaben willst ist es dein Problem, nicht meines. Wenn dein Schutzheiliger, der orangefarbene Muschimann, ungefragt Frauen in den Schr
0_219424_15_55012468582172469;0.2197;enthusiastic;;botox;;;Schöner, schneller, spritziger – die Welt im Beauty-Wahn Botox ist das neue Bier, Hyaluron das neue Yoga und Fettabsaugen das neue Joggen: Die Zahl der Schönheitsoperationen ist weltweit auf dem Vormarsch – und zwar mit der Geschwindigkeit eines TikTok-Trends auf Steroiden. Besonders Männer entdecke
0_219424_9_33736946236715886;0.2197;satisfied;procedure-open;;;;Dieser Botox-und Silikonbabie hätte man lieber mal über die  Goschen fahren sollen.Wie überlasse ich jedem selber.Unsere Medien kann man in die Medien kloppen.Dass die nicht wirklich berichten war doch klar, weil die nur berichten was sie dürfen.Deswegen müssen wir für unsere Demokratie kämpfen, dam
0_219424_9_14788018953812868;0.2197;satisfied;skincare-first;botox;;;Ich musste gerade an Rene zellweger denken.Die sah ja nach ihrer Botox und Gesichtsbehandlung aus wie eine völlig andere Person.. und ich glaube, sie hat dann auch keine Schauspielrollen mehr bekommen. Mittlerweile hat sie ja wieder ihre alten Gesichtszüge.
0_219424_9_yt.nfPRsqxAkWQ;0.2198;seeking;procedure-curious;peel;peeling;;"Tod nach Peeling 😱  | Alles für die Schönheit Dieser Fall erschütterte ganz Brasilien. Für Henrique endete eine Schönheitsbehandlung tödlich. Wo liegt die Grenze bei Schönheits-OPs? Die gesamte Weltspiegel Doku „Brasilien, Botox, Butt Lift – Alles für die Schönheit"" könnt ihr in der ARD-Mediathek st"
0_219424_9_1153010675932798;0.2199;enthusiastic;;aging-signs;;;Stimmt aber zu viel Sonne beschleunigt Haut Alterungsprozess. Es geht ja um jung bleiben 😊
0_219424_9_20549483078962193;0.2199;satisfied;;;;;Lt. Chat GPT kann Botox die Augenfarbe nicht ändern...wenn es wirklich Carry ist, trägt er am ehesten Farb Kontaktlinsen
0_219424_9_60209264687522245;0.22;disappointed;skincare-first;;;;@JasManie1995 na ja , ein Filter wackelt auch nicht und Bakterien erklären auch offiziell keine Kriege. Offensichtlich hatte ich in meinem Kommentar die strengen irdischen Fesseln verlassen und mich der Freiheit der Poesie hin gegeben. Für große Denker oft die letzte Rettung, für Erbsenzähler der ge
0_219424_9_yt.fect_MtX1Uk;0.22;cautioning;;;;;Bio-Eier, aber Botox Ein kurzer, sarkastischer Witz über Anspruch und Realität. Pointiert, überspitzt und genau deshalb so treffend. Perfekt für einen schnellen Lacher im Feed.lustig, witzig, amüsant, urkomisch, brüllend komisch, zum Totlachen, Streiche, Pranks, Witze, Scherze, lustige Videos, witzi
0_219424_126_t1_oh9s8rj;0.2202;satisfied;procedure-curious;;;;"Wieso mögen Männer keine „gemachten"" Frauen? hää…. ich spreche FÜR gemachte frauen und nicht gegen sie. Hätte ich eine grosse nase oder schmale lippen, wäre ich die erste, die das mit schönheitsops machen lassen würdeWas ein idiot hahaha😶‍🌫️"
0_219424_126_t1_nyt5g6j;0.2203;disappointed;skincare-first;laser;;;"[anti aging] how to get rid of nasolabial folds? [CeraVe](https://www.walmart.com/ip/CeraVe-Hyaluronic-Acid-Serum-for-Smoother-Softer-Skin-Hydrating-Skincare-Normal-to-Dry-Skin1-fl-oz/887176969?wmlspartner=wlpa&amp;selectedSellerId=0&amp;wl13=1777&amp;wmlspartner=wlpa&amp;cn=FY25-ENTP-PMAX_cnv_dps_d"
0_219424_126_t1_o2hf09p;0.2203;seeking;procedure-curious;;;;Nehmen wir an ihr dürftet eine kostenlose SchönheitsOP bekommen, was würdet ihr an euch verändern? Ich würde mir etwas Hirn verpflanzen lassen, um endlich dieses Sub verlassen zu können.
0_219424_9_50605619792017120;0.2203;seeking;skincare-first;;;;"💯 &amp; Der Neid ist sehr gering, wenn sich arbeitende und sparsame Menschen (etwas) Luxus leisten. Es geht vielleicht auch mehr darum, dass es Memschen sind, die 24/7 ihr Gesicht in Social Media also Handy halten und anscheinend nicht arbeiten und damit viel Geld verdienen. Die meisten checken das "
0_219424_15_14245214857185906;0.2203;seeking;;price,celebrity;;;Verkauf von Kosmetik an Kinder: Ermittlungen gegen Sephora und LVMH Verkauf von Kosmetik an Kinder – Kurzüberblick Die wichtigsten Fakten auf einen Blick Thema Verkauf von Kosmetik an Kinder Unternehmen LVMH, Sephora, Benefit Cosmetics Status Laufende Ermittlungen in Italien Vorwurf Mögliche Ansprac
0_219424_15_3400917736487585;0.2204;seeking;;;;;Können wir ewig leben, Björn Schumacher? Ein Gespräch mit dem Alternsforscher Björn Schumacher über die biologischen Mechanismen des Alterns, Altersuhren, Longevity und unseriöse Versprechen der Anti-Aging-Industrie. 🎙️
0_219424_23_52191430900563011;0.2205;satisfied;skincare-first;aging-signs;;;Gute Anti-Aging Nachtcreme! Diese Nachtcreme für die reife Haut gefällt mir sehr gut. Sie hat einen sehr angenehmen Duft, zieht schnell ein und fettet nicht. Die Creme enthält natürliches Soja Extrakt und ich habe sie sehr gut vertragen, was auch dermatologisch bestätigt wird. Dazu soll sie über Nac
0_219424_9_14622342811420179;0.2205;satisfied;procedure-curious;;;;Man muss leichtgläubig sein um hier nicht stutzig zu werden - vor allem unter dem Hintergrund, dass Geheimdienste wie Mossad oder CIA sehrwohl dazu in der Lage wären sehr wahrscheinlich... Allerdings ist das Double eigentlich schon wieder zu schlecht, vllt will man den leichtsinn der bevölkerung so 
0_219424_126_t1_o2lpv9h;0.2206;seeking;procedure-curious;;;;Nehmen wir an ihr dürftet eine kostenlose SchönheitsOP bekommen, was würdet ihr an euch verändern? Ich bin hier gerade nicht sicher, wer Wochen Witz nichts verstehen hat
0_219424_126_t1_oh7ltdn;0.2206;enthusiastic;skincare-first;price;;;Ich will mich entspannen! ICH KANN MICH NICHT ENTSPANNEN! Ich spreche dir das nicht ab. Körper sind unterschiedlich. Für Omega nutze ich schon lange das Öl von Norsan weil es hochdosiert ist und vegan, für den Preis top. Die Mengen die in den gängigen Omegas sind reichen mir nicht aus und ich hasse 
0_219424_9_yt.tO1nuR6uWMQ;0.2206;enthusiastic;;;;;"😱 Vinegar on Your Face? Here's the Truth 😱 Kann Essig wirklich deine Haut verbessern?Viele nennen es ""natürliches Botox""… aber stimmt das?In diesem Video erfährst du, was Apfelessig wirklich für deine Haut tun kann und wie du ihn richtig anwendest.⚠️ Nicht alles aus dem Internet ist gut für deine Ha"
0_219424_126_t1_oiist93;0.2206;disappointed;skincare-first;peel;;;Wie damit umgehen, als Frau (echt) unattraktiv zu sein? Ich könnte dir jetzt schreiben, dass du schön bist, wie du bist, doch das hilft dir nicht weiter. Ich habe zwei konventionell unattraktiven Freunden versucht gut zuzureden und beide waren pissed und sagten mir sehr klar, dass ich als überdurchs
0_219424_9_19880736713260886;0.2208;satisfied;;botox;;;Sie ist niemals erst 40Genug Botox und Filler hat sie auchSchon Attraktiv,  aber nicht so sympathisch Das Lachen,  nicht ehrlich 😚😚😚
0_219424_9_62350843759959317;0.2208;enthusiastic;;;;;@KnuggSaemmede-ud7dv Wie  bitte? Bei ihrem SexAppeal? Aktuell hat sie schon Botox, aber hilft auch nicht!
0_219424_9_26982236542951043;0.2209;seeking;;;;;Für Anti Aging nimmt man auch keine 16 Einheiten oder mehr
0_219424_126_t1_o3bbh12;0.2209;seeking;procedure-curious;;;;Nehmen wir an ihr dürftet eine kostenlose SchönheitsOP bekommen, was würdet ihr an euch verändern? Dann könnte ich mir wieder einen Zopf binden
0_219424_126_t1_o3h9bhg;0.221;disappointed;;peel;;;"Gestorben bei Peeling - Todesfall aus der Doku ""Brasilien, Botox, Butt Lift - Alles für die Schönheit"" Und niemand hat die Woke-Polizei gerufen."
0_219424_126_t1_o2yu309;0.2212;seeking;procedure-curious;;;;Nehmen wir an ihr dürftet eine kostenlose SchönheitsOP bekommen, was würdet ihr an euch verändern? Obelix?
0_219424_9_62244043795265824;0.2212;disappointed;;;;;Eine ähnliche Wirkung wie LSD? Tetrodotoxin ist ein reines Naturmolekül, ähnlich Botox evolutionär eines der ältesten und zugleich stärksten, chemischen Gifte, mit dem sich schon die Einzeller in der Ursuppe existentiell bekämpft haben. In nicht letaler Dosis erzeugt es durch Blockierung der Natrium
0_219424_9_5869015259196831;0.2213;cautioning;procedure-open;botox,facelift;;;Pocahontas hat vermutlich ein wenig zu viel Botox genascht, weshalb ihr Gesicht wie nach einem Facelift aussieht. Besonders vermisse ich den Freund, den Waschbären, der bisher nicht aufgetaucht ist. Es liegt nahe, dass er als Begleiter von Pocahontas erscheinen wird.
0_219424_126_t1_o2tgtao;0.2214;seeking;procedure-curious;;;;Nehmen wir an ihr dürftet eine kostenlose SchönheitsOP bekommen, was würdet ihr an euch verändern? Du hast mich nicht zitiert. Nicht mal annähernd. Du hast genommen was ich gesagt habe und es verdreht bis es dir passt und dann behauptet ich würde das meinen. Das ist nichts weiter als Manipulation un
0_219424_126_t1_oax3lyy;0.2214;satisfied;skincare-first;;;pha;Penis vergrößern: geht das wirklich? Keine der genannten funktioniert. Die einzige von der ich gehört habe, die funktioniert nennt sich Phalloplastie. Also schönheitsop für den penis.Dabei wird mit Implantaten gearbeitet, wie bei Brust op oder transgender OP.Alles was ohne OP auskommt ist nur Market
0_219424_23_8697555850487679;0.2215;satisfied;;aging-signs;;;Regeneration über Nacht Die Eubos Hyaluron Repair Filler Night Creme versorgt die Haut über Nacht intensiv mit Feuchtigkeit und unterstützt sichtbar die Regeneration. Die reichhaltige, aber angenehm einziehende Textur polstert die Haut spürbar auf und lässt sie am Morgen glatter und erholter wirken.
0_219424_126_t1_oaf3nbp;0.2216;enthusiastic;skincare-first;;;;"Würdet ihr das attraktiv finden? Tatsächlich habe ich da einen eigenen Parkplatz (Kunde des Monats) und als Platinum-Botox-Member, findet bei jedem Eingriff meiner Trophy-Damen ein Livestreaming auf mein Handy statt...Ray-Ban Meta sei dank.Mir ist wichtig meine Frauen ""in"" und aus-wendig zu kennen.."
0_219424_9_yt.ZOtU53i6mDo;0.2217;disappointed;;;;;10 deutsche Stars, einst unattraktiv – Spektakuläre Verwandlungen, die man kaum glauben kann Zehn deutsche Stars, zehn Gesichter – und Verwandlungen, die schockieren. In diesem Video werfen wir einen schonungslosen Blick auf die extremsten Beauty-Transformationen der deutschen Promiwelt. Von radikal
0_219424_126_t1_oda74vu;0.2217;disappointed;;;;;Runzelei Ist ne Walnuss mit Anti-Aging-Maßnahmen?
0_219424_126_t1_o2k7jet;0.2218;seeking;skincare-first;;;;Ist Botox okay? Triggerwarnung Tierveruche: Leider geht Botox mit [schwer belastenden Tierversuchen für jede Charge Botox](https://www.tierversuche-verstehen.de/botox-tierversuche-hoffnung-auf-vollstaendigen-ersatz/) einher. Es gibt aber Firmen, die nicht für jede Charge Botox 60-100 Mäuse vergiften
0_219424_126_t1_o2gwp5w;0.2219;seeking;procedure-curious;;;;Nehmen wir an ihr dürftet eine kostenlose SchönheitsOP bekommen, was würdet ihr an euch verändern? Sympathisch
0_219424_126_t1_ogqjhiw;0.2219;seeking;procedure-curious;;;;Was haltet ihr von plastischen Eingriffen bei potenziellen Partnerinnen? Ich glaube kaum dass die Mehrheit hier Frauen im Umfeld hat die aus machen lassen haben. Schätzungsweise unter 5% der Frauen in Deutschland haben eine Schönheitsoperation machen lassen. Oft liest man auch eher 2-3%. Der Eindruc
0_219424_126_t1_odlmua8;0.222;disappointed;;safety;;;NEWS Jo, Nebenwirkung von Kokain gemischt mit Botox und Wegovy
0_219424_126_t1_o8y75vc;0.2221;enthusiastic;procedure-curious;botox;;;Brauche eure Meinung zur Einrichtung Darf ich mal ganz dreist, aber wirklich neutral fragen, was die Leute an diesen Riesenfliesen gut finden? Wenn du selbst sagst, du bist Fan? Ich finde die persönlich so scheußlich, aber es ist ja grade wirklich im Trend, man sieht sie überall. Persönlich gibt mir
0_219424_126_t1_oj4c6xo;0.2221;satisfied;;;;;Katja Krasavice Geht überhaupt nicht diese dumm blondierte olle....mehr plastik und botox als hirn und gut aussehen tut sie auch nicht
0_219424_126_t1_o2m4ygo;0.2222;seeking;procedure-curious;;;;Nehmen wir an ihr dürftet eine kostenlose SchönheitsOP bekommen, was würdet ihr an euch verändern? Also jetzt gibst du zu, dass es keine Lüge ist und dein Problem ist jetzt plötzlich, dass es jemand machen könnte?
0_219424_126_t1_oh8auxg;0.2224;disappointed;;hyaluronic-acid;;;Feuchtigkeit Glycerin (ist oft billiger als hyaluron aber wirkt ähnlich)
0_219424_15_19462547405511968;0.2225;seeking;procedure-curious;botox;;;"Zum Glück... 27 mm | 1/750 s | f1,6 | ISO 50 | Smartphone #Glückssymbole #Graffiti #minimalistisch #rot #Wissenschaft #Satire ... kann man sich auf wissenschaftliche Studien nur bedingt verlassen? 😂 Gerade lese ich wieder den Halbsatz ""Bisherige Studien gingen davon aus, ..."" und dass die (neueste) "
0_219424_23_33495438568992118;0.2227;enthusiastic;skincare-first;spf,aging-signs;;;Eine schöne Tagespflege Seit einigen Tagen teste ich die Anti-Aging Serie von Nivea. Ich mag die Tagespflege sehr und da ich zu Pigmentflecken neige freue ich mich sehr über den hohen Lichtschutzfaktor. In Kombination mit dem Serum fühlt sich meine Haut perfekt gepflegt an und ich bin begeistert. Au
0_219424_126_t1_o1wao2h;0.2228;satisfied;skincare-first;;;;Baron reserviert sich den Maskulinen Mann! Botox gehört ja mittlerweile zum Standardrepertoire. Das erwähne ich gar nicht mehr:)
0_219424_9_6704419401710916;0.2229;disappointed;;;;;Die Botox Barbie wird bei South Park sehr gut dargestellt. Die Frau ist einfach ziemlich krank im Kopf. 🤮
0_219424_126_t1_odejakc;0.2229;satisfied;;;;;Wofür hat man denn Hyaluron in der Zahnpasta? Soll gut fürs Zahnfleisch sein, weil es Wasser zieht(?) aber ist nur halbwissen
0_219424_126_t1_oie0off;0.2229;disappointed;skincare-first;spf;;;Sonnencreme Issues Das Hyaluron Sonnenfluid von Judith Williams - als Grundlage unter dem Make Up super. Keine Krümel, nicht spürbar.Meine Routine: No Cosmetics Liquid Hydrator, dann das genannte Fluid, kurz einziehen lassen und dann noch was feuchtigkeitsspendendes obendrauf. Keine trockene Haut me
0_219424_126_t1_o2ytjp8;0.2231;seeking;procedure-curious;;;;Nehmen wir an ihr dürftet eine kostenlose SchönheitsOP bekommen, was würdet ihr an euch verändern? Gefragt war nach Schönheits-OP
0_219424_126_t1_o5r6plh;0.2231;seeking;;spf;;;Welche (Luxus-)Beautybehandlungen sind wirklich ihr Geld wert? Richtig gute Sonnencreme. Ist das einzige, was dich draußen vor Hautalterung schützt. Ja, normale mit LSF 50+ ist auch effektiv. Aber richtig gute fühlt sich so viel besser an auf der Haut. Kenne Menschen, die ihre Sonnencreme extra aus 
0_219424_9_47811674190318107;0.2231;satisfied;;botox;;;Hat sie eigentlich botox im Gesicht?
0_219424_126_t1_oedpmej;0.2231;satisfied;skincare-first;;;;Dieter auch hart am abrutschen Botox wirkt zu gut. Ich wette dass die alle mit botox und protein so bescheuert werden
0_219424_15_31009171555839172;0.2232;enthusiastic;skincare-first;botox,laser,aging-signs;;pha;"Laura Dern über das Altern in Hollywood Laura Dern ist nicht daran interessiert, an ihrer Jugend festzuhalten. Die Schauspielerin hofft, dass Hollywood weiterhin männliche und weibliche Figuren „in jedem Alter mit der Tiefe darstellt, die sie verdienen"". Im Gespräch mit AARP erklärte die 59-Jährige:"
0_219424_126_t1_oj9ldfg;0.2232;seeking;skincare-first;;;;"""Das ist zu viel Muskelmasse"" (?) bei 168cm/65kg Leider glaube ich nicht daran, dass man sich mit Selbstverantwortung gegenüber der immensen Macht der Algorithmen behaupten kann. Wenn man diesem Schmutz auf social media ausgesetzt ist, während sich das Gehirn noch entwickelt, befürchte ich wird das "
0_219424_126_t1_nzkjtu0;0.2233;disappointed;skincare-first;botox,aging-signs;;;"Glaubt ihr das Männer und Frauen Unterschiedlich altern? richtig - der eigene selbstwert wird aus dem schlecht machen von anderen bezogen. aber das passiert eben in allen altersgruppen, es ändern sich nur die ""argumente"", findest du nicht?  in jungen jahren: ""die hat zu viele männer"", ""die alte jung"
0_219424_9_34320980821366090;0.2233;disappointed;;;;;Bei ihrer Freundin Hailey ist es dasselbe, Plastik Botox überall
0_219424_126_t1_og4hlwm;0.2233;enthusiastic;skincare-first;;;;Fake feminismus nervt mich !! Ich respektiere Frauen, die weiter denken als bis zur Wand. Ich respektiere Frauen die, die Wahrheit nicht leugnen. Eine Schönheitsoperation ist niemals nur für einen selbst, oder würdest du mir widersprechen ? Du machst dich darüber lustig, dass ich Frauen kritisiere d
0_219424_126_t1_o1efihb;0.2234;cautioning;skincare-first;;;;"Wie steht ihr zu überschüssiger Haut oder Hautstraffung nach hohem Gewichtsverlust? &gt;Meine feste Freundin trägt so ziemlich den ganzen Sommer bauchfrei. Ist die jetzt auch immer nackt oder was?Und da sagen dann wildfremde Menschen auf der Straße:""Respekt, ich bin stolz auf dich, du hast wirklich "
0_219424_126_t1_nzcoxgw;0.2235;enthusiastic;;;;;"Gaga Maga-Frauen am Rande des Wahnsinns (Kolumne ""Eine für alle"" von Sabine Oelmann) Maga: botox face"
0_219424_9_31620176578937094;0.2235;satisfied;skincare-first;;;;Sry aber habe noch nie gehört,dass botox die stimme und die augenfarbe verändert😅
0_219424_126_t1_o2a3utn;0.2236;cautioning;procedure-curious;botox;;;"Pink Tax und Schönheits-OPs sind der Beweis, dass Frauen alles machen um Schön zu sein außer wirklich an sich selber zu arbeiten. &gt;Die Haut ist ein Organ, fertig.Botox wird nicht in die Haut gespritzt, sondern in einen Muskel. Würdest du auch Insulinspritzen als ""OP"" bezeichnen oder eine Impfung?"
0_219424_9_68517586069832573;0.2236;enthusiastic;skincare-first;;;;"Liebe Kirsty, Danke für das tolle Video 🙂 Du hattest in einem früheren Video die Firma Proceanis erwähnt bzw. dass sie auf Dich zugekommen sind ; hast Du die Produkte getestet bzw. kannst Du das Kollagen und Hyaluron von Proceanis empfehlen? Freue mich von Dir zu hören :🙂 Liebe Grüße, Andreja"
0_219424_126_t1_oju8itf;0.2237;seeking;procedure-curious;;;;Was haltet ihr von Hyaluron Filler? Nein, das Thema scheint ihn generell zu beschäftigen. Siehe Posthistory.
0_219424_9_6268395410071437;0.2238;disappointed;;;;;DXB Geldwäsche und Bordellen und Botox OP
0_219424_126_t1_o2m3l6a;0.2239;seeking;procedure-curious;;;;Nehmen wir an ihr dürftet eine kostenlose SchönheitsOP bekommen, was würdet ihr an euch verändern? Und du hast leider nicht verstanden dass es hier noch immer viele jüngere oder einfach naive Menschen gibt die so einen Schwachsinn wirklich glauben und sich dann verletzen weil sie den Quatsch nachmac
0_219424_9_yt.uQjoFpeyUEY;0.224;satisfied;;;;;über 60:4 Früchte die SieNIEMALSessen sollten–und 4 Früchte die Sie stattdessenUNBEDINGTessen müssen @Gesundheitsarzt 🍎 Männer über 60: 4 Früchte, die Sie NIEMALS essen sollten – und 4 Früchte, die Sie UNBEDINGT essen müssen!Viele Senioren essen täglich Früchte – aber einige davon können Entzündunge
0_219424_126_t3_1s71j8i;0.2241;seeking;skincare-first;retinol;;;Soena Hat jemand Erfahrung mit den Produkten von Soena ? Z.b  Retinol....Hyaluron ? Habe es bestellt und bin mir jetzt doch unsicher.
0_219424_9_50639832153553300;0.2241;disappointed;;;;;"🕊🕊🕊🕊💕💕⭐⭐💕💕🕊🕊🌿 Das Haus im SchattenDer Großvater sagte zum Enkelsohn:„Jedes Haus wird alt. Doch kein Haus muss verfallen.Denn man kann immer wieder auf seinen Grundlagen aufbauen.""Ein Haus ist kein natürliches Leben, das einfach vergeht wie eine Pflanze im Kreislauf der Natur.Ein Haus ist etwas ander"
0_219424_9_17101096730264936;0.2242;satisfied;skincare-first;;;;Ich bin der Meinung, dass Männer, die sich keiner Schönheitsoperation unterzogen haben, an Schönheitswettbewerben teilnehmen sollten. Kim Taehyung ist ein würdiger Schönheitskönig. Auch Männer, die sich einer Schönheitsoperation unterzogen haben, sollten am Wettbewerb „Beste männliche Schönheitsoper
0_219424_9_yt.gFUvHydv0cg;0.2242;disappointed;;;;;Worte, die nebenbei gesagt wurden - Wie programmieren wir uns selbst auf das Altwerden? Hast du dich jemals gefragt, warum wir altern, obwohl sich unser Körper alle 7 bis 10 Jahre fast vollständig erneuert? Warum kopiert der Körper nicht einfach die jugendliche Frische, sondern scheint sich an den V
0_219424_126_t1_oaxh2th;0.2244;disappointed;;;;;Boxautomat hinter ner Tankstelle Ganz ehrlich: Möchtest Du die Leute, die an der *Tankstelle* sowas benutzen, im Laden haben?Andererseits gibt es ja angeblich in Asien schon Botox-Automaten, da hat der Besitzer vielleicht nur einen Fehler bei der Bestellung gemacht.
0_219424_126_t1_ocetzb4;0.2244;seeking;procedure-open;botox;;;Machen eure Frauen regelmässige Behandlungen, wie Botox oder Filler und wie findet ihr das? Ich gehe regelmäßig für Botox und Hyaluron. Welche Frau?
0_219424_9_yt.5OU493CU2FQ;0.2244;disappointed;;;;;Was kluge Menschen IMMER im Supermarkt mitnehmen Diese Longevity Ernährung beginnt nicht mit Verzicht, sondern mit Bewusstsein 🛒🌱 Dein nächster gesunde Ernährung Einkauf kann mehr sein als nur eine Routine – er kann ein stiller Schritt in Richtung langes, stabiles Leben sein ⏳✨ In diesem Video erfäh
0_219424_126_t1_oacyks8;0.2245;disappointed;;;;;Tja Ja, vor allem in den letzten Monaten ist er sichtbar gealtert. Scheinbar ist auch das Botox sanktioniert worden.
0_219424_126_t1_o6gewvo;0.2246;enthusiastic;procedure-open;;;;"Wie geht ihr mit Samuels Tod um? Hallo! Ich bin hier um eine andere Perspektive an „seltenen"" Erkrankungen zu teilen. Ich habe seit ich 6 bin (bin jetzt 37) eine Autoimmunerkrankung, die (fast) nur Frauen betrifft. Symptome hatte ich als Kind, sie verschwanden als ich ein Teenager wurde und kamen da"
0_219424_9_42979618134244032;0.2246;disappointed;skincare-first;botox;;;Esken ist wie immer besoffen. Hayali ist nicht Hetero!Egal mir, jeder kann machen was er will. Nur mir nicht auf die Eier gehen!Lanz ist der dümmste den ich kenne im öffentlichen Funk-Verkehr.Frau ... Brosius irgendwas hat zu viel Botox im Gesicht. Ja sowas fällt mir auf da ich nur am Rande zuhöre. 
0_219424_126_t1_o2hga9v;0.2247;seeking;procedure-curious;;;;Nehmen wir an ihr dürftet eine kostenlose SchönheitsOP bekommen, was würdet ihr an euch verändern? Dann vielleicht Spargel?
0_219424_126_t1_ny0acn2;0.2248;cautioning;skincare-first;aging-signs;;;"Warum sehen Frauen ohne Makeup oft „krank"" aus? (Bitte nicht angegriffen fühlen!) Ja ich glaub das ist auch abhängig davon ob die Haut Braun ist weil man in der Sonnebrutzelt oder von Natur aus braune Haut hat. Sich extrem der Sonne aussetzten sorgt auf Dauer natürlich für frühzeitige Hautalterung"
0_219424_9_11870463237779402;0.2249;satisfied;;;;;Vielleicht ein Klon ?? Siehe Epstein Akten.Oder eine Schönheitsoperation wie bei Mickey Rourke.
0_219424_126_t3_1seu6kg;0.2249;cautioning;skincare-first;aging-signs;;;Haarglossing mit Redken Shades EQ? Vielleicht hat es ja ein paar Friseur Profis hier. Vorweg ganz kurz meine Haare wurden vor zirka einem Haar am ganzen Kopf mit blondierung gesträhnt habe es dann erstmal fast ein Jahr rauswachsen lassen und dann mit einer garnier Farbe braun gefärbt dadurch das es 
0_219424_126_t1_ok4epes;0.2249;enthusiastic;skincare-first;peel,aging-signs;;;After 5 months Alter verdammt freut mich sowas zu sehen! Ich hoffe meine Haare werden genauso. Bin gerade Tag 52 und merke langsam das meine Haare dicker und dichter werden! Habe die selbe Routine wie du 1mg finasterid AL, Regaine minoxidil Schaum 5% 2x am Tag und einmal in der Woche microneedling 1
0_219424_9_52934006380272393;0.225;enthusiastic;;;;;Der Botox Mann der den Bunker so sehr Liebt.
0_219424_126_t1_o2yucmp;0.2251;seeking;procedure-curious;price;;;Nehmen wir an ihr dürftet eine kostenlose SchönheitsOP bekommen, was würdet ihr an euch verändern? Ich bin nicht so behaart.Ich müsste sowieso das Maximum an Grafts machen, so um die 7000 Euro, um auf ein Niveau kurz vor Merz zurückzukommen.Und selbst dann: Die totlegenden Mittelchen müsste ich auch
0_219424_126_t1_o1muuhd;0.2252;satisfied;procedure-curious;;;;Kristi Noem claims that Alex Pretti approached ICE with a gun. https://youtu.be/XRyX854Zt_Q?si=4q0EweveWKbqK0dDIch fände einen Pitbull stilecht für dieses amerikanische Stück scheiße. Ich hatte nur Angst wenn er ihr ins Gesicht beißt das das Botox und die Medikamente im Blut schädlich für den Hund w
0_219424_9_41688495824626694;0.2253;disappointed;;;;;"....vielleicht könnten wir noch mit ""Anti-Aging"" teilnehmen??"
0_219424_126_t1_o4c44jc;0.2253;seeking;;spf;;;Reicht es nicht, sich morgens und abends sein Gesicht mit Wasser zu waschen? Wenn dir an Anti Aging was liegt, ist Sonnencreme so das wichtigste. Und dann brauchst du abends auch ne vernünftige Reinigung. Wenn dir das komplett egal ist, dann mach halt weiter so. Dass UV Strahlung eins der hautschädi
0_219424_9_47772693082907164;0.2254;enthusiastic;skincare-first;;;;Botox etc..😂 habe noch Mickey Rourke in Erinnerung.
0_219424_9_52000459293033521;0.2254;enthusiastic;;;;;Sehr schön ❤Aber so sieht eine Frau von diesem Alter nicht mehr aus....OP und jede Menge Botox....Welcher Beruf  ..Passend ...Da kann man mit 100 noch so aussehen . .  Aber die Hände verraten das reelle Alter ...Da muß auch noch Botox rein und drauf ...Liften lassen😮😮😮
0_219424_9_55127875175873687;0.2255;satisfied;skincare-first;;;;Ja, das ist schon seltsam, oder hatte er auch eine Botox Color Augentherapie ? 🤔
0_219424_9_38111795701032353;0.2256;disappointed;;;;;"​@Ark1iin der ARD Mediathek zu finden ""Südkorea - Botox statt Baby"" glaube das wars."
0_219424_9_1375216906554908;0.2256;disappointed;;botox;;;Wenn man sich die alten Bilder anschaut, war Anna Maria früher wirklich eine schöne Frau! Aber das ganze Botox und Lippen aufgespritze haben alles kaputt gemacht :(
0_219424_126_t1_o2ym8ov;0.2257;seeking;procedure-curious;;;;Nehmen wir an ihr dürftet eine kostenlose SchönheitsOP bekommen, was würdet ihr an euch verändern? Doch, doch, das müsstest du begründen wenn du so eine unerhörte Behauptung schon aufstellst. Aber ich denke, du wirst bei deinen Ausführungen dann merken, wie absurd und an den Haaren herbeigezogen sie
0_219424_126_t1_od620vf;0.2257;cautioning;skincare-first;;;;Wo kann man gute Facials machen lassen in Ddorf? Weil ich nach Tipps und guten Erfahrungen für gute Kosmetiker aus Ddorf frage? Kann dich leider nicht verstehen.
0_219424_15_54609376493434662;0.2257;enthusiastic;;laser,aging-signs;;;Gesund altern ist kein Zufall: Lebensstil als Schlüssel zum Healthy Aging – Was können wir heute schon für eine gesunde Zukunft tun? Anti-Aging-Versprechen gibt es viele, von Wundermitteln aus der Natur bis zu Hightech-Behandlungen. Doch die wirksamsten Strategien für gesundes Altern sind oft überra
0_219424_9_13563421032828757;0.2258;satisfied;procedure-curious;;;;"Es ist natürlich das Einfachste, sich einzureden, dass diese Veränderungen auf eine ""Schönheitsoperation"" zurückzuführen sind. Das würde jedoch nicht zu ihm passen. Zum einen sind seine Mimiken Teil seiner Show, zum anderen hat bei ihm Erwachen stattgefunden. Er weiß, dass das Ego bzw. das Ich eine "
0_219424_9_71320764165407056;0.2258;enthusiastic;;;;;nennt sich aktuell botox- oder mar a lago-look und gilt als typisches brunftsignal von maga-frauen in bezug auf das orange alpha-männchen im weissen haus...
0_219424_9_34621149956434807;0.2258;satisfied;skincare-first;;;;Vielleicht ist es nicht Jim Carrey, sondern Manuel Neuer? 🤔😁 Naja, ich denke schon, dass es Jim Carrey ist: Botox ist halt Standard in Hollywood
0_219424_126_t1_o3iqn5k;0.2259;seeking;procedure-curious;;;;Nehmen wir an ihr dürftet eine kostenlose SchönheitsOP bekommen, was würdet ihr an euch verändern? Ich schulde niemandem irgendwas und schon gar nicht ... *dramatisch die Hand über die Stirn werf*![gif](giphy|5WXqTFTgO9a7e)Dir! Ugh! 😩Schönes Leben noch 😘
0_219424_9_20674237630467632;0.2262;cautioning;skincare-first;;;;"Bin ich der einzige der bei der Hundeszene „Botox"" statt Medox hört und so oft haben bei schon die Spritze angesetzt 😂🤣"
0_219424_9_23756816646038608;0.2262;disappointed;procedure-curious;;;;"Um Sias Lied ""Pretty Hurts"" gesungen von Beyoncé zu zitieren:  Pretty Hurts, but it's the soul that needs surgery... die Seele benötigt eine Schönheitsoperation... Mir tun diese Männer sehr leid bisher waren wir Frauen alleine mit dem Thema, aber es macht dieses Thema nicht besser 😢 wir sollten endl"
0_219424_9_48579941840704415;0.2263;satisfied;;;;;Was Botox so alles anrichten kann.....
0_219424_126_t1_oa3cta0;0.2263;cautioning;;;;;"Sophie Passmann im Hotel Matze (YouTube) Und nun „von Botox bis … zur Erlaubnis eine Idiotin zu sein - eine Bestandsaufnahme von Sophie Passmann"" - hä?"
0_219424_15_15810839660369576;0.2264;seeking;procedure-open;price;;;"Krankenkassen-Zuschuss unterstützt Teilsanierung -Anzeige- „Wanne raus - Dusche rein"" bei der John GmbH Wenn die Badewanne in eine Dusche verwandelt wird, kommen oft pflegeleichte Wandverkleidungen zum Einsatz. Diese sind in der Bäderschmiede am Förderturm zu begutachten. Sara Ari und Uwe Brimberg g"
0_219424_126_t1_o2mctqr;0.2264;seeking;procedure-curious;;;;Nehmen wir an ihr dürftet eine kostenlose SchönheitsOP bekommen, was würdet ihr an euch verändern? Natürlich gar nichts. Ich finde sowas absolut sinnlos und die damit oft einhergehende Doppelmoral einfach nur dumm.
0_219424_9_41355155944984146;0.2265;satisfied;;botox;;;Sud lässt sich ja Botox spritzen also wird sie nie alt aussehen aber er dachte das die zsm alt werden
0_219424_9_28338342304131778;0.2265;satisfied;;;;;Krögi hat einfach Dumbledore's Anti Aging Creme gefunden oder was
0_219424_9_55327648065285499;0.2265;cautioning;;aging-signs;;;"Die ersten, offensichtlich ungefilterten Bilder dieses Videos, zeigen offensichtlich ihr wahres Alter von über 50, denn diese vielen tiefen Furchen auf ihrer Stirn, das sind keine harmlosen ""Lachfältchen"" mehr, dass sind tiefe Altersfalten, die sich auch mit Kiloweise Make-up oder Botox nicht mehr v"
0_219424_126_t1_ohtwbqm;0.2265;cautioning;skincare-first;hyaluronic-acid,price,aging-signs;;panthenol;Trocken Haare - Pflefetipps Also ich finde nicht, dass du aussiehst, wie eine Vogelscheuche. Du hast definitiv Struktur in den Haaren, vielleicht sogar Wellige oder Lockige Haare. Klar sind die durch die Färbung geschädigt. Einflüsse wie Coloration, Hitze oder mechanische Einflüsse wie robustes Kämm
0_219424_126_t1_ojhv16g;0.2266;cautioning;;;;;Warum gibt es gleich aussehende menschen Viele verwechseln Botox mit hyaluron… denke dadurch
0_219424_126_t1_ofzrwzg;0.2267;seeking;skincare-first;;;;Welche Beschwerde sollte ich bei Dr. Ansay angeben? Er hat doch schon in einem Interview gesagt, dass Cannabis auch für jeden was ist als Anti-Aging Mittel. \^\^
0_219424_9_yt.TaDTpvoshsY;0.2268;disappointed;procedure-curious;price;;;"Gina-Lisa Lohfink: Reality-Star gönnt sich beim Beauty-Doc neues Gesicht für 6.000 Euro Gina-Lisa Lohfink (39) schon wieder beim Beauty-Doc: Der Reality-Star hat durch die Abnehmspritze stark an Gewicht verloren und möchte sich nun ein ""neues Gesicht"" verpassen lassen. Das bittere Fazit des Arztes: "
0_219424_126_t1_oju94ip;0.2268;seeking;procedure-curious;;;;Was haltet ihr von Hyaluron Filler? Exakt meine Reaktion!
0_219424_9_25000883558721493;0.2269;disappointed;skincare-first;;;;Ich persönlich fand sie sah nach Botox aus.Michelle auch oder sie waren schlecht geschminkt.
0_219424_9_69114913789419779;0.2269;cautioning;;botox;;;@corinnakogl2330  so, wie sie es bei anderen auch nicht macht?Private Dinge anderer veröffentlichen, aber ihr Alter nicht benennen?Madam ist nun mal schon über 40, auch wenn sie noch so viel Botox ins Gesicht spritzen lässt.
0_219424_126_t1_o8n5pe5;0.2271;satisfied;skincare-first;botox;;;Jim Carrey? Bin ich Schwurbler? ? Sein gesicht sieht einfach prototypisch wie ein (schlecht gewordenes) Botox-Gesicht aus, schon tausendfach bei alternden Promis gesehen, da ist wenig mit spekulieren. Man hat ihn ja auch vor einiger Zeit gesehen, da sah er wie ein normaler alternder Mann aus, was si
0_219424_126_t1_oc1twt9;0.2271;satisfied;;;;;März 2026 - Social Media Thread Christian Wolf & Co Ja,man kann sich hyaluron in die cheekbones spritzen lassen und auch ins Kinn
0_219424_9_50113558276065580;0.2271;satisfied;;;;;..was übrigens kaum jemand weiß..Botox in der Stirn/Zornesfalte wird auch zur Therapie von chronischen Migränepatienten genutzt.
0_219424_126_t1_o03r463;0.2272;cautioning;skincare-first;;;;Am besten starke eisenmangel Botox in die Rückenmuskulatur würde die Muskulatur entspannen oder schlimmstenfalls lähmen...  Das hilft nicht bei breiten Schultern, wenn das Skelett schon so... warum erklär ich dir das überhaupt?
0_219424_126_t1_oe0n7cc;0.2272;satisfied;skincare-first;aging-signs;;;"🤭 Sie hat Vorhaut gesagt Wir haben früher als Kinder Hexenküche gespielt und dabei allerlei Blumen, Beeren, Dreck und Blätter zusammengerührt und uns dass dann als ""Salbe"" auf die Haut geschmiert. Scheinbar gibt es diese Stammzellentherapie aus Vorhäuten tatsächlich als Anti-Aging-Mittel, wenn auch "
0_219424_126_t1_ok30rbd;0.2272;seeking;;;;;In Nordsee gebrachter Wal: Experten vermuten Timmys Tod Große Mengen Gift sollten funktionieren. LD50 * Walgewicht * 100.000 = Ein paar Gramm Botox oder Nowitschok garantieren einen zügigen Waltod.
0_219424_126_t1_o2ynew5;0.2273;seeking;procedure-curious;;;;Nehmen wir an ihr dürftet eine kostenlose SchönheitsOP bekommen, was würdet ihr an euch verändern? Nein muss ich nicht. Schon gar nicht weil du der gegenseitigen Begründung ausgewichen bist schulde ich niemandem irgendwas. Und ich werde nun mein Leben weiter leben ich hab keine Zeit ständig bei Redd
0_219424_23_30844577496108536;0.2273;satisfied;;retinol,price;;;"Wirksames echtes Retinol Gutes ergiebiges Produkt, unparfumiert in lichtgeschützter/UV blockierender Glasflasche mit Pipette zum genauesten Dosieren. Dazu noch mit ""einfacher"" Formulierung/Zusammensetzung ohne unnötige Zusatzstoffe wie Parfum, Farbstoffe, Verdickungsmittel o.ä.! Gutes Retinol zu ein"
0_219424_9_yt.-WrIX_CUm_k;0.2274;disappointed;;vitamin-c;;;Männer über 50: Sie nehmen Vitamin B12 auf die FALSCHE Art ein – es hilft NICHT … @Gesundheitsarzt ⚠️ Männer über 50: Nehmen Sie Vitamin B12 wirklich richtig ein?Viele Männer machen diesen großen Fehler bei Vitamin B12 – und wundern sich, warum es nicht wirkt! In diesem Video erfahren Sie, warum Vit
0_219424_126_t1_o0twogj;0.2275;disappointed;skincare-first;retinol,aging-signs;;;Retinol hilfreich bei meiner Haut? Retinol hilft gegen Hautalterung. In Verbindung mit der Sonne hat es den gegenteiligen Effekt xDAußerdem ist dort Vitamin A drin was dann den Effekt schmälert und auch zu Hautirritationen führen kann.Ich hab auch die Erfahrung gemacht: weniger ist mehr. Morgens mit
0_219424_126_t1_o2h9esj;0.2275;seeking;procedure-curious;;;;Nehmen wir an ihr dürftet eine kostenlose SchönheitsOP bekommen, was würdet ihr an euch verändern? Fühl ich nicht. Sorry 🤷
0_219424_9_66193403567916260;0.2275;disappointed;;;;;Oral-Turinabol ist doch nur Anti-Aging.
0_219424_9_52309054806960150;0.2275;cautioning;;botox;;;Alle Wikinger hatten wohl auch mit Botox aufgespritzten Lippen....,
0_219424_126_t1_o39r1g9;0.2276;seeking;procedure-open;;;;Was haltet ihr 2025 von Botox und Fillern? Ja aber is logisch, Botox lähmt ja und wenn die das in den Bauch von so kleinen Mäusen spritzen, lähmt das natürlich ihre Atemfunktion. Heftig, wusste ich nicht. Jetzt is Botox echt so bisschen raus für mich.
0_219424_126_t1_oim8tcv;0.2276;seeking;skincare-first;retinol,niacinamide-peptides,price,celebrity;;pha;Peptides Erfahrung Du frögsch spezifisch nach GHK-Cu. Das isch im moment es hype peptide für besseri huut. S problem isch, lüüt lönd sich vo dem biohacking/looksmaxxing scheiss uf social media verwirre und vergessed denn wüsscheschaftlich a das ganze anezgah. Im fall vo GHK-Cu zum biispiel gits wüss
0_219424_9_39108976160110249;0.2277;disappointed;skincare-first;;;;Gesundes Altern bedeutet nicht, jedes sichtbare Zeichen der Zeit zu verhindern👍 Meine Inhalte zum Thema Anti Aging basieren auf wissenschaftlicher Evidenz, ersetzen jedoch keine individuellen genetischen Voraussetzungen oder persönliche Lebensumstände.
0_219424_9_57974859640664585;0.2278;satisfied;;;;;Welches Gesetz meint die Botox Barbie? Das neu erfundene Gesetz? Diese Lügnerin gehört angeklagt!
0_219424_126_t1_o2yur5o;0.2278;seeking;procedure-curious;;;;Nehmen wir an ihr dürftet eine kostenlose SchönheitsOP bekommen, was würdet ihr an euch verändern? oder eine zweiten P... auch schon gut
0_219424_126_t1_o17z74y;0.2279;cautioning;skincare-first;safety,aging-signs;;;Körperbehaarung arzt will kein test machen Hab selbst rote Haare, und ein paar Schwarze Haare am Körper sind normal. Manche Vellushaare werden im Laufe des Lebens halt zu Terminalhaaren, und die sind an vielen Körperstellen halt eher dunkel, auch wenn du rothaarig bist. So generell haben wir Mensche
0_219424_9_yt.PIzQUTuR2K4;0.2279;enthusiastic;procedure-curious;;;;Als Kosmetikerin in Frankfurt ist es meine Mission, Frauen bewusst zu machen, dass Skincare mehr ist Als Kosmetikerin in Frankfurt ist es meine Mission, Frauen bewusst zu machen, dass Skincare mehr ist als nur eine Behandlung. 💆‍♀️✨ Es ist ein Investment in dein Wohlbefinden, dein Selbstbewusstsein 
0_219424_9_34884797871792945;0.228;disappointed;;;;;Vielleicht sind die anti aging produkte nur wirklich wirklich gut und das sind gar keine Kinder
0_219424_126_t1_o2gypgb;0.2281;seeking;procedure-curious;;;;Nehmen wir an ihr dürftet eine kostenlose SchönheitsOP bekommen, was würdet ihr an euch verändern? Ne auf keinen Fall ich finde das fällt dann auch immer extrem auf das die gemacht sind
0_219424_9_16156084504116290;0.2282;satisfied;skincare-first;botox;;;Ich sehe bei diesem Video keinerlei Probleme! Ich frage mich echt was mit der Gesellschaft los ist. Wenn ein Mann gut verdient kann er doch zahlen wenn er es auch möchte. Die Frau übernimmt dann was anderes. Ihr habt immer so ein Bild von einem Mann der sich bis auf die Unterhose abzocken lässt und 
0_219424_9_60213890894488411;0.2283;satisfied;;;;;Die Augenfarbe ändert sich durch Botox oder sowas nicht.
0_219424_126_t1_ojagxzn;0.2283;seeking;skincare-first;hyaluronic-acid;;;Meine Produkte Wie ist das Hyaluron Von Jungglück? Spendet das Feuchtigkeit?
0_219424_9_5308781714188359;0.2284;disappointed;;;;;Aber du hast ja noch einen Haufen Botox und Silikon😂😂😂😊
0_219424_9_yt.ONqlf13RJr0;0.2284;seeking;;;;;"🍒🫐 Kirschen & Heidelbeeren – Das Antioxidantien-Duo! 😱💜  Besser schlafen & länger jung bleiben! 🍒🫐 Kirschen &amp; Heidelbeeren – Das mächtigste Antioxidantien-Duo! 😱💜 Dunkle Beeren-Bowl – Besser schlafen &amp; länger jung bleiben!#Kirschen #Heidelbeeren #Blueberries #Cherries #Superfood #Antioxidant"
0_219424_9_11682181942791781;0.2285;disappointed;skincare-first;;;;Ich will reich bleiben meine gesundheit ist mir egal ich zahl nicht für die schönheitsop von anderen und ähnliches
0_219424_23_65187575366388860;0.2285;enthusiastic;skincare-first;hyaluronic-acid;;;Sehr sehr gutes Serum Ich bin absolut begeistert vom NIVEA MEN Hydro Care Power Serum! Schon nach wenigen Anwendungen fühlt sich meine Haut deutlich frischer, glatter und intensiv mit Feuchtigkeit versorgt an. Besonders beeindruckt hat mich die leichte Textur – das Serum zieht schnell ein, ohne zu f
0_219424_126_t1_o2jlv2d;0.2286;seeking;procedure-curious;;;;"Nehmen wir an ihr dürftet eine kostenlose SchönheitsOP bekommen, was würdet ihr an euch verändern? Ich geh auf die 30 zu und fange an meine Haare zu verlieren. &gt;!Ich würde definitiv meinen Penis vergrößern lassen.!&lt;"
0_219424_126_t1_ojsq675;0.2287;enthusiastic;procedure-curious;vitamin-c;;;Wie komme ich aus der Depression raus und finde wieder eine Perspektive? Hej. Kann mich meinen Vorrednern nur anschließen - zieh das Studium durch, das kann Gold wert sein. Was du danach machst, ist eine andere Sache, aber das hast du dann schonmal sicher.Therapie, Sport, Freunde - alles großartige 
0_219424_126_t3_1rbltiu;0.2288;enthusiastic;skincare-first;botox;;;Ist es wirklich so komisch, wenn man Frauen genau so mag, wie die Natur sie gemacht hat? Ich muss das mal fragen, weil ich letztens in meiner Freundesgruppe den Bash meines Lebens kassiert habe, als ich das Thema angesprochen habe.​Ist es wirklich so komisch, wenn man Frauen genau so mag, wie die Na
0_219424_126_t1_o7oexsq;0.2288;satisfied;skincare-first;vitamin-c,spf,aging-signs;;;Melatoninspray wird schneller leer Melatonin wirkt als starkes Antioxidans und schützt die Haut nachts, indem es freie Radikale neutralisiert, die Zellregeneration fördert und Kollagenbildung anregt. Es repariert UV-bedingte Schäden, wirkt entzündungshemmend und kann Hautalterung verlangsamen. Ob or
0_219424_126_t3_1rycvqe;0.2288;seeking;procedure-curious;retinol,vitamin-c;;;Welcher Toner, welche Seren und was ist mit Kapseln? Tipps und Empfehlungen Hallo,ich benutze aktuell gar keine Toner und habe auch gar keine Ahnung, welchen Toner ich benutzen sollte.Gibt es Inhaltsstoffe auf die man achten sollte? Sollte man den Toner auf seinen Hauttyp anpassen?Meine Haut ist seh
0_219424_126_t1_o2gvpjr;0.2289;seeking;procedure-curious;;;;Nehmen wir an ihr dürftet eine kostenlose SchönheitsOP bekommen, was würdet ihr an euch verändern? Was gibt es denn so? Bin da nicht so drin.
0_219424_126_t1_o2ua6kk;0.229;seeking;procedure-curious;;;;Nehmen wir an ihr dürftet eine kostenlose SchönheitsOP bekommen, was würdet ihr an euch verändern? Danke dir für die Info 🤗
0_219424_126_t1_obvt20f;0.229;seeking;skincare-first;;;;Bin mir unsicher, wer mehr Botox im Körper hat Eine Online Prostituierte und Rudolph Mooshammer
0_219424_23_26478288578152104;0.2291;satisfied;skincare-first;spf;;;Gute Tagespflege, aber ohne sichtbaren Effekt Die Hyaluron-Filler 3x Effect Tagespflege LSF 30 hat eine angenehm leichte Textur, lässt sich gut verteilen, zieht schnell ein und riecht sehr angenehm. Meine Haut fühlt sich gepflegt und weich an, und der LSF 30 ist im Alltag ein großes Plus. Nach etwa 
0_219424_9_27624886857551252;0.2291;enthusiastic;procedure-open;;;;Ich hab' die Doku gerade entdeckt,  noch nix gesehen, aber ich freue mich jetzt schon! Außerdem spricht mein Lieblingssprecher die Kommentare aus dem Off! Was soll jetzt noch schiefgehen?N. S. Eine halbe Stunde später: Bin begeistert von den Protagonisten.  Was für sympathische und geerdete Menschen
0_219424_126_t1_o5r19cl;0.2291;seeking;procedure-curious;;;;Thema: Augentropfen Blue light Ja wenn ich lange am pc bin merke ich das ich weniger blinzel (ist glaube ich sogar wissenschaftlich bewiesen) weshalb ich öfter trockene Augen habe. Das mit hyaluron werde ich mal ausprobieren
0_219424_126_t1_o2gwd0x;0.2293;seeking;procedure-curious;;;;Nehmen wir an ihr dürftet eine kostenlose SchönheitsOP bekommen, was würdet ihr an euch verändern? Nichts.
0_219424_126_t3_1rg2rmh;0.2293;seeking;skincare-first;;;;Gute Augencremes Habt ihr Tipp für gute Augencremes um Feuchtigkeit zu spenden? Habe die Yonelle Night Cream aber laut ChatGPT (🥸) ist die zu aggressiv.. ich bin 25 und ich brauche scheinbar etwas mit mehr Feuchtigkeits Fokus um die Barriere aufzubauen bevor ich Anti-Aging nutze.Gerne Empfehlungen f
0_219424_9_19173548503970132;0.2294;enthusiastic;skincare-first;;;;Hallo   Marie,  tolles   Video.  Die  Kissen bezogen   mit   Häschen   sehen   so   süß.   Ich   meine    wir  brauchen    kein   Botox,  es  normal   falten   zu  haben.   Wünsche    dir   einen    schönen    Abend.
0_219424_9_19052067364788070;0.2294;disappointed;;botox;;;Das ganze Botox sorgt dafür das sie kaum noch eine  Mimik hat
0_219424_15_6612304733546148;0.2295;seeking;;;;;Rapamycin: Der Jungbrunnen? Neue Studien! Rapamycin Anti-Aging Studien ist für viele Praxen und Patienten aktuell ein zentrales Thema. Die Suche nach dem Jungbrunnen beschäftigt die Menschheit seit jeher. In den ... The post Rapamycin: Der Jungbrunnen? Neue Studien! appeared first on Medizin Insider
0_219424_9_43911663174200940;0.2296;cautioning;procedure-curious;botox;;;Ich habe sie aus Neugier gegoogelt und war echt baff, wie krass sie sich optisch ins Negative verändert hat. Sieht inzwischen aus wie ein austauschbares Insta-Filler-Botox-Gesicht.
0_219424_9_yt.YCmlrZ7bAp4;0.2296;seeking;;botox;;;Botox: Nicht nur für Frauen! Geheimnis gelüftet! #shorts Zwei Podcast-Moderatoren erörtern Botox – wie notwendig es ist und wie lange es hält. Ein Fall von einem Lieblingspatienten, der seine Behandlungen offen teilt. #Botox #Podcast #Schönheitsbehandlung #Gesundheit
0_219424_126_t1_o2gz1bm;0.2297;seeking;procedure-curious;;;;Nehmen wir an ihr dürftet eine kostenlose SchönheitsOP bekommen, was würdet ihr an euch verändern? Ich würde mir den linken kleinen Zehennagel liften lassen.
0_219424_9_54940674452153332;0.2297;seeking;;;;;Im Alter sind ein, zwei Testo Anti-Aging.
0_219424_9_11856537867762929;0.2298;satisfied;;;;;Warum ist Gysi mit 75 komplett faltenfrei? Nutzt er Botox?
0_219424_23_53586893397917476;0.2298;disappointed;;aging-signs;;;Super Anwendung Super Anti Aging für bis zu leicht trockene Haut
0_219424_126_t1_o2hh8dv;0.2299;seeking;procedure-curious;;;;"Nehmen wir an ihr dürftet eine kostenlose SchönheitsOP bekommen, was würdet ihr an euch verändern? Früher in jungen Jahren wollte ich ne Nasen OP,Da ""groß mit Buckel"" doch mittlerweile liebe ich sie weil sie mir ein gewissen Charakter verleiht &amp; da ich von Natur aus volle Lippen hab, würde ich e"
0_219424_9_yt.NOsw9dr0QJE;0.2299;seeking;;;;;Anti-Aging fürs Gehirn: So bleibst du geistig jung und fit! 🧠 Anti-Aging fürs Gehirn – So bleibst du geistig jung und fit!Unser Gehirn verändert sich ein Leben lang. Doch viele Menschen fragen sich: Kann man Gehirnalterung stoppen oder zumindest verlangsamen? ⏳Moderne Forschung zeigt, dass unser Geh
0_219424_9_yt.QeXCUzlC0BQ;0.2299;disappointed;;;;;Fasten: Deine tägliche Gratis-Stammzellkur für jugendlichen Körper! #shorts Entdecken Sie die Anti-Aging-Geheimnisse des Fastens: Zellverjüngung und eine bessere Darmgesundheit. Erleben Sie die transformative Kraft der Essenspausen für Ihr Wohlbefinden. #Fasten #AntiAging #Gesundheit #Darmgesundheit
0_219424_126_t1_o43391j;0.23;disappointed;procedure-open;price;;;Frau möchte sich ihren Körper machen lassen verdient sie denn so gut, daß sie sich den scheiß leisten kann?mich würds da ja jucken, ihr vorzuschlagen, daß sie die kohle dafür, wenn sie denn schon aussehen will wie eine professionelle, dann auch gleich so verdienen kannnein, im ernst: du hast ja völl
0_219424_126_t1_nxpow7p;0.2301;enthusiastic;skincare-first;peel,niacinamide-peptides,aging-signs;;pha;Ich bin wohl hässlich. 95kg - 178cm - Glatze - Wampe - Augenringe des Todes und komisches Seitenprofil. Was muss ich tun um lächerlich sexy auszusehen, dass ich modeln könnte? Wo fange ich an? Helft mir bei der Projektplanungsphase. Danke dir!Ja, konnte sie. Habe im Bauchbereich ein Kupferpeptid Ser
0_219424_126_t3_1sgr86p;0.2301;disappointed;procedure-curious;aging-signs;;;Natürlich jünger aussehen dank Anti-Aging Behandlung München Wer sich eine frische, gepflegte Haut wünscht, stößt schnell auf die Vorteile einer [**Anti-Aging Behandlung München**](https://medical-cosmetics-spa.de/dermakosmetik-muenchen/anti-aging-behandlung-muenchen/). Gerade im stressigen Alltag b
0_219424_15_50544787581626761;0.2302;cautioning;procedure-curious;fillers,facelift,aging-signs,price,safety;biostimulator;;Warum Fachleute in diesem Wirkstoff aus Schweden den Beginn einer neuen (Beauty)Ära sehen Alt zu werden, das wissen wir alle, ist ein Privileg und sollte auch als solches geschätzt werden. Es ist darum vermutlich nicht ganz zufällig, dass in Interviews plötzlich ein neues Lieblingswort auftaucht, so
0_219424_9_70692910049065403;0.2304;satisfied;procedure-curious;;;;So offensiv wie ein Fisch am Haken, würde ich mal sagen. Liliana  ist auf jeden Fall eine sehr attraktive Person, das kann man nicht leugnen. Aber sie muss aufpassen, dass sie es mit den Lippen, speziell der Oberlippe nicht übertreibt, mit dem Botox oder was auch immer da gemacht wurde. Die Tendenz 
0_219424_126_t1_oajv6ss;0.2304;satisfied;;aging-signs;;;"Ist ""weniger Schminke"" gerade modern? Weniger makeup dafür mehr skincare aber auch mehr ei Griffe wie Botox etc. Weiß nicht, ob das besser ist."
0_219424_126_t3_1t99svr;0.2304;seeking;procedure-open;peel;microneedling;;Zwei Monate dabei 1MG Finasterid MINOXIDIL 5% 2x täglich Moin nehme jetzt seit zwei Monaten täglich 1mg finasterid 5% minoxidil 2x am Tag zusätzlich noch wöchentlich microneedling 1.5Mm. Supplemente wie Biotin,Zink, Seelen usw auch täglich. Ich finde die Haare wirken dichter und dunkler. Bild 1 von 
0_219424_23_9361143879586123;0.2305;enthusiastic;skincare-first;safety;;;Hilfreiche Unterstützung Ich bin sehr zufrieden mit den Hyaluron Pro 90er, denn sie sind eine hilfreiche Unterstützung meiner bestehenden Epicondylitis-Beschwerden. 1-2 Tabl. täglich waren ausreichend, sie lassen sich gut einnehmen und haben keinerlei Nebenwirkungen. Ich bin begeistert und werde sie
0_219424_126_t3_1s9myg2;0.2305;seeking;skincare-first;;;sod;Morphea Ich habe seit ungefähr 10 Jahren Morphea. Am Anfang hatte ich nur einen roten Strich auf meiner Stirn, aber mit der Zeit wurde es immer tiefer und hat sich weiter nach oben gezogen. In dem Bereich sind mir auch Haare ausgefallen, sodass ich jetzt eine kahle Stelle am Kopf habe.Ich war vor ku
0_219424_9_yt.RGCC3mOTCr0;0.2306;enthusiastic;;;;;"💚Code: Doc für 10% bei nature-heart.de 💚 8 Anti-Aging-Lebensmittel #shorts 💚Code: Doc für 10% bei nature-heart.de 💚Entdecke die Top 8 Anti-Aging-Lebensmittel! Umwelt &amp; Ernährung sind wichtiger als Gene. Astaxanthin ist der Schlüssel für ein langes, gesundes Leben. Starte jetzt! #AntiAging #Gesun"
0_219424_126_t3_1seu3k6;0.2307;cautioning;skincare-first;aging-signs;;;Glossing mit Redken Shades EQ? Vielleicht hat es ja ein paar Friseur Profis hier. Vorweg ganz kurz meine Haare wurden vor zirka einem Haar am ganzen Kopf mit blondierung gesträhnt habe es dann erstmal fast ein Jahr rauswachsen lassen und dann mit einer garnier Farbe braun gefärbt dadurch das es aber
0_219424_23_6649522673648560;0.2309;satisfied;skincare-first;spf;;;Gute Tagespflege, aber ohne sichtbaren Effekt Die Hyaluron-Filler 3x Effect Tagespflege LSF 30 hat eine angenehm leichte Textur, lässt sich gut verteilen, zieht schnell ein und riecht sehr angenehm. Meine Haut fühlt sich gepflegt und weich an, und der LSF 30 ist im Alltag ein großes Plus.Nach etwa z
0_219424_9_50995722834743731;0.2309;cautioning;skincare-first;botox;;;Hatte sie nicht, und das merkt man auch :) Sonst hätte sie eine kleine Stupsnase etc. hat sie aber nicht, wenn du ihr Seitenprofil siehst. Sie hat vielleicht höchstens Botox und Filler. Ihr fehlt sogar hinten ein Zahn, wenn du genau hinsiehst, während sie lacht, sieht man das sogar 🥰
0_219424_15_27104044470556112;0.2309;conflicted;skincare-first;botox,retinol;;;Marisa Burger: Marisa Burger warnt vor Auswirkungen der Abnehmspritze Der Hype um Abnehmspritzen wächst immer weiter. Eine Entwicklung, die Marisa Burger mit großer Sorge betrachtet. Die Schauspielerin zeigt sich erschüttert über den dramatischen Trend zur Selbstoptimierung.  Der Boom rund um Abnehm
0_219424_9_14443977782986198;0.231;disappointed;;;;;Zuviel Botox frisst Menschlichkeit, dies Kröte ist der Beweis, das die sogenannte Krone der Schöpfung der größte Fehler der Evolution ist
0_219424_9_66543461276603037;0.231;satisfied;;;;;Bei Iris hat zu viel Botox gewirkt ! Sie ist so unendlich dumm! War mal hübsch , da wurde sie auch nie nach ihrer Meinung gefragt . Heute labert sie halt und versucht ihren Film zu promoten
0_219424_126_t1_ny7jgdz;0.2311;satisfied;skincare-first;natural,celebrity;;;Welcher Promi ist gut gealtert ohne mit der Zeit ein schlechtes Image zu entwickeln? Kate WinsletSie altert ohne Eingriffe und Botox und sieht gerade deswegen, finde ich jedenfalls, sehr gut aus.Ebenso Jody Foster.
0_219424_9_12678871694030589;0.2311;disappointed;;;;;Diese Frau gehört auf das Schafott und nicht ins Gefängnis wo man sie noch ernähren muss. Und Botox gibt es nicht im Gefängnis.
0_219424_9_10261446573167099;0.2312;satisfied;skincare-first;;;;Das einzige was die Rossmann Abteilungen da zu bieten haben haben, sind Botox, ihren Körper und Geldgier. Papas ganzer Stolz. Der einzige Grund den ich hätte mich dort zu bewerben, wäre jede einzelne von denen auf den Boden der Tatsache zu holen. Jeder dieser Frauen ist ein tritt ins Gesicht für all
0_219424_126_t3_1shn86f;0.2312;enthusiastic;procedure-curious;price,safety;;;Help young aspiring actress to fight intense chronic pain Gofundme: [https://gofund.me/60d41e799](https://gofund.me/60d41e799)Hey :) mein Name ist Alina, ich bin 25 Jahre alt und jetzt seit ungefähr 1 1/2 Jahren krank. Ich war eigentlich auf meinem Weg zur Schauspielerin, als ich einen Unfall mit me
0_219424_126_t1_o2mcipy;0.2313;seeking;procedure-curious;;;;Nehmen wir an ihr dürftet eine kostenlose SchönheitsOP bekommen, was würdet ihr an euch verändern? Das Wort zurückgeblieben ist sehr sehr abwertend und beleidigend. Wenn dir die Kinder so wichtig sind, sag doch bitte einfach geistig behindert. Damit diese sowas gar nicht erst lernen.Und aus Erfahrun
0_219424_126_t1_o4n2bpt;0.2313;satisfied;;;;;Warum ist Genitalverstümmelung bei Jungen immer noch legal? Das genialste ist ja, dass es teilweise (besonders in den USA) nicht mal aus religiösen Gründen, sondern rein aus optischen Gründen gemacht wird. Das ist also eine reine Schönheitsoperation an einem KIND! Das ist so als ob du deinem Baby ei
0_219424_126_t1_okf6ogr;0.2313;seeking;skincare-first;;;;My 11's besides botox what do you recommend to minimize them? 60 yrs old. Ich wusste bis gerade nicht,  was 11er-Falten sind🤣
0_219424_126_t3_1quvjoi;0.2314;enthusiastic;;peel,hyaluronic-acid;;;Der Moment, auf den du gewartet hast! 📦✨ Unsere brandneue Beautybox ist offiziell da und bereit, von dir entdeckt zu werden! Wir haben uns für diesen Launch mit einigen der spannendsten Marken aus dem Bereich Kosmetik und Pflege zusammengetan.Das erwartet dich: 🌿 newkee Hyaluron Serum 💄 vary vace Ey
0_219424_9_48575526014511752;0.2314;disappointed;skincare-first;;;;Kindeswohl liegt mir am Herzen. Was Erwachsene treiben ist deren Sache Bei Ebstein nebst Kumpelinen ging es um Kinderblut und Kindesmissbrauch. Da gehört für mich der Antiaging Wahn der dekadentenElite angeprangert. Wer Kinderopfer als Belästigung empfindet verrät völlige Empathie -U Fähigkeit.a
0_219424_9_yt.CpIo-0cGyZM;0.2314;disappointed;skincare-first;aging-signs;;squalane;IMAGE - VITAL C Serum Hydrating Anti-Aging (50ml) Glattere, strahlendere Haut? Ja, bitte! ✨Entdecken Sie das IMAGE - VITAL C Serum, eine luxuriöse Anti-Aging-Lösung mit Squalan, der ultimativen Feuchtigkeitspflege für Ihre Haut. 🍃 Reparieren Sie Ihre Hautbarriere und minimieren Sie den Wasserverlust
0_219424_9_63442025161694244;0.2315;satisfied;;;;;Eva hat ein typisches *Duckface* weil das Hyaluron echt schlecht gespritzt wurde und überall dahin gelaufen ist, wo es nicht sein soll. In Fachkreisen auch *Blaselippen* genannt: Offenbar ein *Türöffner* zu verheirateten Ehemännern.
0_219424_9_yt.itA7b8ShPRw;0.2315;satisfied;;;;;"Luxusvilla des Grauens: Frau erschossen nach ""Botox-Party""! | K11-Ganze Folge | Sat.1 ► Weitere Folgen von K11https://url.joyn.de/k11/fe/descriptionBeate S. wird nachts in ihrer Villa überfallen und erschossen, die Spurenlage ist dürftig. Die Kommissare vom K11 versuchen, den Tatabend zu rekonstruie"
0_219424_15_8874466032549482;0.2316;enthusiastic;skincare-first;hyaluronic-acid,spf,aging-signs;;spf;Star-Visagistin Serena Goldenbaum : Wie du deine Haut perfekt auf Make-up vorbereitest Die richtige Pflege ist das A und O. Nicht nur, um Hautalterung vorzubeugen, sondern auch für Make-up, das sitzt. Doch ist es gar nicht so leicht, die passende Routine für sich zu finden. Star-Visagistin Serena Go
0_219424_23_4751780890869560;0.2316;satisfied;skincare-first;;;;tolles Hautgefühl Die Vital Soja Schützende Tagespflege von Nivea ist eine sehr angenehme Anti Aging Creme. Sie zieht sehr gut ein und hat einen angenehmen Duft , der lange anhält. Die pflegende Wirkung ist top, die Haut fühlt sich sehr gut an, wirkt nach der Anwendung viel glatter . Die Haut erhält
0_219424_9_42623482074979382;0.2316;seeking;;;;;Woher soll das die Botox-Tante wissen, ist eben BILD
0_219424_126_t1_ny1j251;0.2317;disappointed;skincare-first;botox;;;"Was ist etwas, das eine Person schnell altern lässt? Beauty-""Eingriffe"" am GesichtAlle Promis, Infulencer etc. die sich Botox, Aufspritzungen oder ähnliches geben, sehen nach kurzer Zeit älter aus, als sie eigentlich sind. Ich habe das Gefühl, dass die selbst blind dafür sind und das nicht erkennen."
0_219424_9_804840553767308;0.2317;cautioning;;botox;;;Wie viel Liter Botox kann man in ein Gesicht ballern??? Sie bringt die Lippen gar nicht auseinander🤮Uschi sollte sich mal der Wahrheit stellen, dass Sie alt und runzelig ist! So What...
0_219424_9_62759886110999647;0.2318;enthusiastic;skincare-first;;;;Prinzessin Toadstool?Ne,sagt man gar nichts.Ach Peach die Olle Schreckschrauben,ja die kenn ich 😂😂König Koopa Ne, sag mir gar nixAch Bowser, diese Wandelnde, umgekehrt Schönheitsoperation,Ha den kenne ich 😂😂
0_219424_126_t1_o3bcgpx;0.2319;disappointed;;peel;;;"Gestorben bei Peeling - Todesfall aus der Doku ""Brasilien, Botox, Butt Lift - Alles für die Schönheit"" Das Video enthält keine KI-Elemente."
0_219424_126_t1_obrdatg;0.2323;seeking;skincare-first;;;;Masseter Botox Von bis. Von nix, zu Verlust der Funktion, Nervenschäden, Durchblutungsstörungen - you name it. Kenne ich zwar nicht Person, aber die Langzeitwirkungen von Botox sind noch nicht so erforscht. Ist ein kleiner Muskel... Wer weiß
0_219424_126_t1_o2sakzi;0.2324;seeking;procedure-curious;;;;Nehmen wir an ihr dürftet eine kostenlose SchönheitsOP bekommen, was würdet ihr an euch verändern? Also diskriminierend gegenüber niemandem
0_219424_126_t3_1t5uzd5;0.2324;disappointed;procedure-curious;;;;Ich verstehe die Obsession mit Megan Fox nicht Versteht mich nicht falsch, Megan Fox ist natürlich eine sehr schöne Frau und definitiv überdurchschnittlich schön und mir ist natürlich klar, dass wahrscheinlich fast jeder Mann auf dieser Welt lieber Megan Fox als mich oder viele andere Frauen wählen 
0_219424_126_t1_o2h8t3v;0.2325;seeking;procedure-curious;;;;Nehmen wir an ihr dürftet eine kostenlose SchönheitsOP bekommen, was würdet ihr an euch verändern? Schwangerschaftsstreifen/-narben der Frau entfernen lassen! Nicht weil es mich stört (tut es nicht), sondern weil es ihr nicht gefällt.
0_219424_126_t1_o2i349e;0.2325;seeking;procedure-curious;;;;Nehmen wir an ihr dürftet eine kostenlose SchönheitsOP bekommen, was würdet ihr an euch verändern? Schönheits OP an meiner Persönlichkeit UwU
0_219424_9_yt.a_6U2Yuynss;0.2325;disappointed;skincare-first;price;;;"Gina-Lisa Lohfink: Reality-Star gönnt sich beim Beauty-Doc neues Gesicht für 6.000 Euro Gina-Lisa Lohfink (39) schon wieder beim Beauty-Doc: Der Reality-Star hat durch die Abnehmspritze stark an Gewicht verloren und möchte sich nun ein ""neues Gesicht"" verpassen lassen. Das bittere Fazit des Arztes: "
0_219424_9_15753687047508848;0.2326;satisfied;skincare-first;;;;Sandra hat nie Botox machen lassen ????? Einfach Tİ Zeit, Bilder, Augenpartie mit jetzt vergleichen… Da hat man die Antwort! Sie hatte sehr ausgeprägte Krähenfüße .. und bitte nicht alles immer so verteufeln, einfach zu einem guten Arzt gehen.. Alle aber alle haben was machen lassen… !! Komme aus de
0_219424_15_34829541058124714;0.2326;enthusiastic;skincare-first;peel,hyaluronic-acid,aging-signs,price;;pha;Anti-Aging und Glow: Deine Haut im besten Licht – mit Rivoli Mit dem neuen Verständnis für Anti-Aging wird Glow zur Frage der richtigen Pflege und nicht des Make-ups. Anti-Aging und Glow stehen längst nicht mehr für Gegensätze. Während früher eine straffende Pflege vor allem die Falten reduzieren so
0_219424_126_t1_o2hbl2x;0.2327;seeking;procedure-curious;;;;Nehmen wir an ihr dürftet eine kostenlose SchönheitsOP bekommen, was würdet ihr an euch verändern? Tiere sind nicht erlaubt
0_219424_9_55246419162868299;0.2327;enthusiastic;;;;;Da haben sich Makeup und Botox wohl massiv im Hirn-Leerraum breit gemacht ...
0_219424_126_t1_o2hycbw;0.2328;seeking;procedure-curious;;;;Nehmen wir an ihr dürftet eine kostenlose SchönheitsOP bekommen, was würdet ihr an euch verändern? So wie bei Stefan Raab? Wenn es einem einmal aufgefallen ist, kann man es nicht mehr ignorieren.
0_219424_9_53356528476994339;0.2328;satisfied;;;;;Ist im Grunde logisch: Anscheinend quetscht das vom Botox aufquellende Gewebe die Sauerstoffzufuhr zu den Hirnzellen ab, und der traurige Rest wird zusammengepresst.
0_219424_9_18988948872334175;0.2328;satisfied;;;;;Zinksalbe wirkt entzündungshemmend und heilend - trocknet aber auch aus ...Kann mal jemand prüfen, ob  im Wechsel beim Wal auch eine Salbe mit Nachtkerzenöl zwecks Wundheilung aufgetragen werden könnte?Hier die Wirkungsweise:Nachtkerzenöl ist aufgrund seines hohen Gehalts an Gamma-Linolensäure (GLA)
0_219424_9_56161995969873612;0.2329;cautioning;;;;;Durchaus schön anzusehen. Aber leider etwas viel Botox oder Ähnliches. Und sie sollte mehr essen. Das sollte sie sich wirklich gönnen.
0_219424_126_t3_1t3qhsk;0.2329;seeking;skincare-first;peel;;pha;Ist das Nachwachsen? Seit 7 Wochen 1Mg finasterid und minoxidil 5% 2x täglich. Bin 23 Jahre alt und wollte euch mal n Update geben    habe jetzt seit 7 Wochen mit finasterid,minoxidil und 1x Woche microneedling angefangen und ich merke schon das die Haare dicker sind und habe auch das Gefühl dass es
0_219424_126_t1_olbe2c1;0.233;disappointed;skincare-first;;;;Motorradfahrer sind hässlich 🚬 Das Schnütchen sieht so aus wie meins von damals, als wir die noch mit Unterdruck und Flaschen statt Hyaluron aufgepumpt haben.Weiß nicht... Hab mir bei der Ankündigung was Kernigeres unterm Helm vorgestellt und nicht so ein perwolliges Entchen
0_219424_9_32669584802242546;0.2331;cautioning;;;;;Beeindruckend, dass es noch Frauen gibt die etwas abseits von Influenza, Botox, Plastiknägeln und Selfies erstrebenswert finden.
0_219424_126_t1_oiyqcvw;0.2331;seeking;skincare-first;;;;I'm Dr. Luke Maxfield, Board- Certified Dermatologist, Mohs Surgeon and L'Oreal Paris Skincare partner. Join me for an AMA on Wednesday, April 29th at 12PM ET. Ask Me Anything about anti-aging routines, top skincare ingredients, and skincare to support your skin on your GLP-1 journey. !!! Thanks!
0_219424_9_30982090051583487;0.2333;satisfied;skincare-first;;;;"m.E. hat die Botox KunshiKitty in rosa Flausch gekleidet, gewaltig einen an der Waffel! ""Au, Au ich hab da was abgekriegt..!"" und nix zu sehen...und dann wie programmiert... können nur ""Rächte"" gewesen sein, wer sonst!"
0_219424_9_61625274681688494;0.2333;disappointed;;;;;Junge Junge Junge, in welcher Welt bzw. Realität lebt diese Botox Tante?
0_219424_9_69581982863760148;0.2333;disappointed;;;;;So viel Stoff und dann 2IU hgh als anti aging oder was? Der Stack ist schon bisschen lost
0_219424_126_t1_o2yunvf;0.2334;seeking;procedure-curious;;;;Nehmen wir an ihr dürftet eine kostenlose SchönheitsOP bekommen, was würdet ihr an euch verändern? und das kann eine Schönheits-OP?
0_219424_15_4290478316211616;0.2334;seeking;;;;;Longevity & Biohacking – wie gesünderes Altern wirklich gelingt Ratgeber / Longevity / Biohacking / Gesundheit (Von Christian Sasse) Der Trend zu Longevity und Biohacking verspricht nicht ewige Jugend, sondern mehr gesunde Lebensjahre – mit einem Lebensstil, der auf Ernährung, Bewegung, Schlaf und k
0_219424_9_34519531767070678;0.2334;satisfied;procedure-curious;;;;"Erst einmal danke das du uns bei so etwas intimes und ja ich finde es intim bzw sehr emotionales Thema mit einbezogen hast 👍🏻 sehr offen und stark von dir. Dabei geht es ja auch oft nicht um die detaillierte Optik sondern dein Wohlbefinden. Von außen sagen viele „wie das ist doch kein Unterschied"" a"
0_219424_126_t1_oe9gt9l;0.2334;disappointed;procedure-open;botox;;;Dieter auch hart am abrutschen Da wurde das Botox etwas zu tief gespritzt. Wobei ich es schon traurig finde, dass in die Raumfahrt so wenig Geld investiert wird. Vorallem sind Raumahrtprojekte tolle Beispiele, was Menschen durch Solidarität und Kooperation erreichen können, wenn sie an ein gemeinsam
0_219424_126_t1_o3eon98;0.2335;seeking;skincare-first;retinol,spf,aging-signs,price;;centella;Was sind gute Produkte? Ich habe ebenfalls trockene und empfindliche Haut und kann dir sagen was ich persönlich seit Jahren gerne benutze:Abendroutine- nach dem Zähneputzen abschminken mit 2 Wattepads und garnier Mizellenwasser (hellrosa Kappe), nicht abtrocknen - für anti-aging (zellerneuerung, Min
0_219424_126_t3_1s85z3r;0.2335;satisfied;skincare-first;;;;Wofür hat man denn Hyaluron in der Zahnpasta? Meines Wissens nach wirkt Hyaluron gegen Falten. In einer Zahnpasta sehe ich den Sinn nicht so ganz.Wirklicher Sinn, oder bloß chices Wort für's Marketing?
0_219424_126_t3_1qkpu77;0.2336;disappointed;procedure-curious;;;;Wie steht ihr zu überschüssiger Haut oder Hautstraffung nach hohem Gewichtsverlust? Wegwerfaccount, da sensibles Thema.Also ich bin selbst eine Frau und bin hier immer mal wieder im Subreddit unterwegs. Was mich zwar nicht wundert, aber doch etwas bestürzt, ist die Tatsache, dass die meisten Männer 
0_219424_126_t1_o2hekp0;0.2336;seeking;procedure-curious;;;;Nehmen wir an ihr dürftet eine kostenlose SchönheitsOP bekommen, was würdet ihr an euch verändern? Zwar kein Bier aber dieser verdammte Kaffee würde nicht mehr durchlaufen
0_219424_126_t1_octkgqb;0.2336;disappointed;skincare-first;;;;Ich hatte vor 2 Wochen eine Brustverkleinerung. Das war Anfang der 90er. Da kannte man noch kein Botox, also ich hatte damals nichts davon gehört.
0_219424_126_t1_oh9gzww;0.2336;enthusiastic;skincare-first;peel,retinol,vitamin-c,spf,aging-signs;;retinol;Ü30 was hilft der Haut? Für Feuchtigkeit nehme ich ein Serum, aktuell das von Geek and Gorgeous, hab auch auch mit dem von Transparent Lab und No Cosmetics gute Erfahrungen gemacht und halt eine Feuchtigkeitscreme, nutze da auch eine von No Cosmetics.ansonsten zum Anti Aging nutze ich Power Petides 
0_219424_126_t1_o2hp2m6;0.2337;seeking;procedure-curious;;;;Nehmen wir an ihr dürftet eine kostenlose SchönheitsOP bekommen, was würdet ihr an euch verändern? Sicher cm oder doch mm!?
0_219424_15_45580220537338946;0.2338;enthusiastic;skincare-first;aging-signs;;;"""Du siehst aber jung aus!"": Ein Kompliment, das keines ist ""So alt hätte ich dich niemals geschätzt!"" – Klingt wie ein Kompliment? Unsere Autorin findet's nervig und fragt sich, was die Wahrnehmung von Alter, Aussehen und Kompetenz miteinander zu tun hat. Neulich fragte mich eine Empfangsmitarbeiter"
0_219424_126_t1_oh14yuh;0.2338;disappointed;skincare-first;aging-signs;;;Pigmentflecken entfernen lassen? Meine Mutter hat sich 3 Altersflecken weglasern lassen, allerdings verschwanden sie nicht sondern änderten nur ihre Helligkeit. Letztlich hat sie das genauso gestört, weil man ihr ja versprach, dass die Haut hinterher normal aussehen würde. Das ist jetzt zwar schon 1
0_219424_9_11868930434694680;0.2339;satisfied;skincare-first;;;;Ich denke, dass ist Jim Carrey,leider mit zuviel Botox und Hyaluron.Schade,ich fand er sah vorher besser aus.
0_219424_9_63216986257807580;0.2339;disappointed;procedure-curious;;;;Das schönheitsop's an Kindern bei uns undenkbar sind würde ich nicht sagen Ich hab meine Ohren als Teenager angelegt bekommen. Meine Tante war deutlich jünger
0_219424_9_60509754357530433;0.234;satisfied;skincare-first;;;;Dieses Teufel kommt Eingriff vom Botox Kepez zu Recht!Giftige Schlange verschwindet mit Ihre Tresoren und hinterlegst EU und Deutschland in Trümmern! Sie hatte auch BWD als kriminelle Ministerin in Armut verlassen und Honicker Mädchen Merkl hatte Sie in Brüssel rein geschtekt 👿👹🦗🦉!
0_219424_9_yt.OxkwSi-7wAk;0.234;seeking;skincare-first;hyaluronic-acid,niacinamide-peptides,aging-signs;;;CNC edition 4.0 Longevity Age-Reset Gesichtspflege | Marco | Beautymanufactur – einfach erklärt Hallo, ich bin Marco von der Beautymanufactur und ich erkläre Dir heute die CNC edition 4.0 Longevity Age-Reset Gesichtspflege.Diese hochwertige Anti-Aging-Creme wurde für anspruchsvolle, reife Haut entwi
0_219424_126_t1_o4ybxs1;0.2341;satisfied;;;;;0 Epstein-Täter angeklagt!🚨Generalstaatsanwältin Bondi bleibt tatenlos Die Hyaluron Hexe fliegt im DOJ herum
0_219424_9_15571850777900158;0.2342;satisfied;procedure-open;botox;;;Ich denke, er hat sich Botox spritzen lassen... ich sehe und höre schon Ähnlichkeit....
0_219424_9_19766498009848828;0.2342;satisfied;skincare-first;;;;Seine Mimik ist sein Kapital. Niemals hatte der auch nur eine einzige SchönheitsOP!
0_219424_126_t1_ob35f7l;0.2342;enthusiastic;skincare-first;;;;Meine aktuelle Routine – was kann ich verbessern? Ich meine selbst bei Hyaluron braucht man noch was anderes was die Feuchtigkeit liefert, damit das Hyaluron sie binden kann. Ansonsten kann es sein dass es sich hierfür der Feuchtigkeit in deiner Haut bedient und ihr entzieht. (So hab ich das jedenfa
0_219424_126_t3_1sx2mx3;0.2342;disappointed;skincare-first;niacinamide-peptides;;niacinamide;Garnier Sonnen fluid mit Hyaluronsäure oder Niacinamid? Hallo :)  ich hatte die letzten Jahre immer das Fluid mit Hyaluron, es gibt aber ja seit 1-2 Jahren das mit niacinamid.  ich habe Mischhaut/öligere Haut und traue mich aber nicht wirklich an neue Produkte weil meine Haut immer direkt ausbricht 
0_219424_9_44146453588482472;0.2343;disappointed;;hyaluronic-acid;;;Heutzutage wird leider extrem viel Syntol und Hyaluron genommen...
0_219424_126_t1_obnwyp6;0.2343;enthusiastic;skincare-first;retinol,spf,aging-signs;;spf;Wie fühlt man sich gepflegter und sieht auch so aus? Ich finde, ein ebenmäßiger, strahlender Hautton lässt einen sehr gepflegt aussehen, hat aber eben nicht jede(r) von Natur aus. Was hilft: Microneedling, Retinol und jeden Tag Sonnenschutz. Gerade und helle Zähne, gepflegte Lippen, wenn du viel Haa
0_219424_126_t1_o2k5cy8;0.2344;seeking;procedure-curious;;;;Nehmen wir an ihr dürftet eine kostenlose SchönheitsOP bekommen, was würdet ihr an euch verändern? Einen dichteren Bart 🥲
0_219424_9_yt.mo9NjscPpSs;0.2344;seeking;procedure-open;;;;Altern umkehren? Erste klinische Studie startet | Harvard-Professor David Sinclair Der erste Versuch, menschliches Altern teilweise umzukehren, hat begonnen.Der Harvard-Genetiker David Sinclair und sein Unternehmen Life Biosciences starten eine klinische Studie, die erstmals eine Methode der sogenan
0_219424_9_55251460783092082;0.2344;disappointed;skincare-first;;;;Auch nur noch eine Botox-Fratze. Warum machen Frauen dass? Ich liebe jede Falte bei meiner Frau, jede Falte steht für ein Jahr gemeinsames Lebens und Kampf gegen alle Widerstände und für uns. Schatz, du bist die für mich schönste Frau der Welt!
0_219424_126_t1_odbg9q4;0.2344;enthusiastic;;;;;Is this something Botox can fix? Danke das ist lieb 😊!
0_219424_126_t1_o36hxz8;0.2345;disappointed;skincare-first;peel;;;"Gestorben bei Peeling - Todesfall aus der Doku ""Brasilien, Botox, Butt Lift - Alles für die Schönheit"" Ach du scheiße !! 😨 Tut mir echt leid für die Angehörigen 😢"
0_219424_9_40437465921769818;0.2345;satisfied;procedure-open;;;;"Ich kann mir beides vorstellen. Also 1. eine Botox Entgleisung ähnlich wie bei Mickey Rourke oder 2. durch einen Doppelgänger ersetzt und den echten umgebracht aufgrund seiner Entgleisungen über „Eliten"""
0_219424_126_t1_okmcp66;0.2345;satisfied;;aging-signs;;;Looksmaxxing ist kein neues Phänomen und erst problematisch, seitdem Männer es tun Ähm, es ist Standard. Dazu gehört schon rasieren, Augebrauen zupfen, schminken, lange gepflegte Haare haben, schlank sein, schöne Kleidung tragen, Anti-Aging-Produkte und so weiter und so fort… das ist der ganz normal
0_219424_126_t1_o2ytn5e;0.2346;seeking;procedure-curious;;;;Nehmen wir an ihr dürftet eine kostenlose SchönheitsOP bekommen, was würdet ihr an euch verändern? Arschhaare auf den Kopf
0_219424_9_6810235986506105;0.2346;satisfied;;;;;😂Rosanna Botoxquette braucht mehr Sauerstoff im Turm und weniger Botox darin.
0_219424_9_yt.GgkjxY67bFs;0.2346;enthusiastic;procedure-open;botox;;;Eid Self-Care Vlog | Botox Termin, Slow Morning & ein ruhiger Tag in Dubai 🌙 Eid Mubarak! Sonntag, Eid, und ich hab mir einfach mal einen Tag für mich gegönnt. Botox Termin, bisschen Me-Time, nichts Wildes. Einfach ein ganz normaler Self-Care Sonntag in Dubai, an dem ich mir was Gutes getan habe.Ich
0_219424_126_t1_ojub2pi;0.2346;seeking;procedure-curious;;;;Was haltet ihr von Hyaluron Filler? Sieht aus als wäre man von Bienen ins Gemächt gestochen worden. Ich verzichte. Aber schreib gerne mal ein Update!
0_219424_15_66542457737560006;0.2347;satisfied;skincare-first;spf;;pha;Die Heilkraft der Sonne Sonne ist wie Medizin – die Dosis macht's.  Wohl kaum etwas anderes vermag uns so sehr aus der Reserve zu locken, wie die Sonne: Kaum zeigt sich ein Sonnenstrahl am Himmel, bevölkern sich schlagartig Straßencafés oder Biergärten. Die Stimmung steigt. Vergessen ist der Trübsin
0_219424_126_t1_o2lojkx;0.2348;seeking;procedure-curious;;;;Nehmen wir an ihr dürftet eine kostenlose SchönheitsOP bekommen, was würdet ihr an euch verändern? Alles. Und jeder der nicht geistig eingeschränkt  ist weiß das auch 🤣
0_219424_9_yt.1B4ZYhvYNlQ;0.2348;satisfied;procedure-curious;peel,aging-signs;microneedling;;Bist du käuflich? 😝 Schreibst mir in die Kommentare Bist du käuflich? 😝Schreibst mir in die Kommentare.#KosmetikerinFrankfurt #Diodenlaser #DauerhafteHaarentfernung #Gesichtsbehandlung #AntiAging #Aquafacial #Microneedling #RadiofrequenzNeedling #FettwegBehandlung #ÄsthetikFrankfurt #HautpflegeRouti
0_219424_15_56743717573551729;0.2348;seeking;;;;;Gürtelrose: Anti-Aging-Effekt durch Impfung? Der attenuierte Lebendimpfstoff Zostavax® könnte sich positiv auf die biologische Alterung auswirken. In einer Beobachtungsstudie schnitten Geimpfte hinsichtlich Zellalterung, Immunfunktion und Entzündungen besser ab als Ungeimpfte.
0_219424_126_t1_o5r0ydv;0.2348;satisfied;;;;;Thema: Augentropfen Blue light Sie wirken hauptsächlich feuchtigkeitsspendend. Es sind auch noch Antioxidantien drin die gegen Schäden durch blaues Licht helfen sollen, das ist aber nicht wissenschaftlich belegt. Du kannst dir auch einfache Hyaluron-Aufentropfen holen, die wirken vermutlich genauso 
0_219424_9_67522221541188431;0.2349;disappointed;;;;;Der tätowierte Freund von Abu Chaker kann mit Menowin einsitzen und der Mega- Botox- Bohlen bekommt keine Presse mehr.
0_219424_15_46967597384519117;0.235;disappointed;procedure-open;laser;laser;;"Jamie Lee Curtis über toxische Menschen und Freiheit Jamie Lee Curtis weigert sich, Zeit an „toxische Menschen"" zu verschwenden. Die 67-jährige Schauspielerin sagt, dass sich ihre Einstellung zu Beziehungen im Laufe ihrer Hollywood-Karriere verändert hat. Sie sagte zu ‚AARP': „Als ich 60 wurde, habe"
0_219424_15_9211021184747841;0.2351;enthusiastic;skincare-first;hyaluronic-acid,natural;;sod;Prognose einer Beauty-Redakteurin: Das kommt, geht und bleibt bei Make-up 2026 Wie werden wir uns im nächsten Jahr schminken? Viele Trends sind so kurzlebig, dass man sie eher verpasst als ausprobiert. Beauty-Redakteurin und Make-up-Artistin Melanie Wenzke ist chronisch online und folgt den Artisten
0_219424_9_16575779112437180;0.2351;disappointed;skincare-first;;;;bitte lass das Botox, ich kann das Video nicht schauen, du hast ja NULL Mimik und Gefühle im Gesicht! So schade... Dacht man soll zufrieden sein mit dem was Allah uns gegeben hat...
0_219424_126_t1_o1edhls;0.2351;cautioning;skincare-first;;;;"Wie steht ihr zu überschüssiger Haut oder Hautstraffung nach hohem Gewichtsverlust? In welchem Kontext sieht man sie nackt und sagt dann:""Respekt, ich bin stolz auf dich, du hast wirklich durchgezogen!""?"
0_219424_126_t1_o75ljip;0.2351;seeking;;;;;Brauche einen Reality Check Flair M 26-35, in diesem post w26, in einem Post vor 4 Monaten noch w32... War die Anti-Aging Kur in der Geschlechtsumwandlung mit inbegriffen? Wusste gar nicht, dass so eine Prozedur im Paulanergarten angeboten wird.
0_219424_9_70276209540734088;0.2351;satisfied;;;;;Der ist auf voll Botox und Tabletten
0_219424_126_t1_o4saful;0.2352;seeking;procedure-curious;spf;;;LSF, wenn man kaum draußen ist Hier geht es im Wesentlichen um abnehmenden Grenznutzen. Klar ist: Selbst bei einem UV-Index von null kann man mit Sonnenschutz einen weiteren sehr geringen Teil der UV-Strahlung und damit die Hautalterung verhindern. Lohnt sich der Aufwand? Meiner Meinung nach nicht, 
0_219424_126_t1_o7avstw;0.2353;disappointed;skincare-first;;;;"Magnesium hat nicht den Effekt den ihr erwartet [„Its mechanisms of action and antioxidant properties make it also an intriguing candidate for potential anti-aging strategies.""](https://pubmed.ncbi.nlm.nih.gov/37836520/)- habe nur kurz das Abstract überflogen, aber das Review wirkt auf mich vertraue"
0_219424_15_645421191858345;0.2353;enthusiastic;;;;;Anti-Aging Revolution: Therapie Durchbruch! Die Anti-Aging-Forschung hat in den letzten Jahren enorme Fortschritte gemacht. Dies hat zu einem wachsenden Interesse an Therapien geführt, die versprechen, den Alterungsprozess zu verlangsamen ... The post Anti-Aging Revolution: Therapie Durchbruch! appe
0_219424_9_yt.msqjqe6Hakw;0.2354;enthusiastic;procedure-curious;;;;Mein Weg Heute wurde ich von @Martin Ryf zu meinem Rang C6 geehrt.Dieser Moment berührt mich sehr.Das Coaching mit Michael Stachowitz und Martin Ryf ist für mich eine große Ehre.Es bestätigt meinen Weg und meine tägliche Arbeit.Ich bin dankbar für das Vertrauen.Ich bin stolz auf das, was ich aufgeba
0_219424_15_61964841250534882;0.2355;cautioning;;aging-signs;;;Anti-Aging aus der Beauty-Schublade: Diese Nagellackfarbe lässt deine Hände sofort jünger wirken Von Hellgelb, über Himmelblau bis hin zu Schwarz: Nagellackfarben gibt es unglaublich viele. Zu welchen du greifst, ist dir überlassen. Einige können aber dafür sorgen, dass deine Hände jünger wirken. Vo
0_219424_126_t1_o18grw1;0.2355;disappointed;;;;;Wie steht ihr zu überschüssiger Haut oder Hautstraffung nach hohem Gewichtsverlust? Wieso genaus kann das nicht gewesen sein? Höherer dreistelliger Bereich muss ja nicht 250kg sein, aber eben auch keine 120kg. Für die meisten ist man ja schon ab 100kg mit einem Bein im Grab, egal ob man groß oder un
0_219424_126_t1_o2gx499;0.2355;seeking;procedure-curious;;;;Nehmen wir an ihr dürftet eine kostenlose SchönheitsOP bekommen, was würdet ihr an euch verändern? War kurz am überlegen ob es süß und unterstützend ist oder doch etwas frech und übergriffig 😂😂😂 bin noch unentschlossen
0_219424_9_12228077075255664;0.2355;satisfied;skincare-first;botox;;;Das Video ist total Zeitverdchwwndung! Wenn er sich hat Botox spritzen lassen, warum ändert sich dann die Augenfarbe? Oder die stimme?Zudem warum soll er sich sein Gesicht spritzen lassen, wenn er aus der Öffentlichkeit sich zurück ziehen wollte? Er wollte nur noch privat Zeit verbringen.Warum soll 
0_219424_9_68372969436065460;0.2355;seeking;;;;;Wie viel Botox hat die Dame im letzen Clip eigentlich drinnen einfach eine sprechende Puppe😅
0_219424_15_70503260285426961;0.2357;cautioning;;;;;"AGA Makeover – Wenn Botox patriotisch wird In einer Welt, in der Politik, Beauty und Instagram-Filter miteinander verschmelzen wie Lip Filler mit Gesichtscreme, feiert ein ganz besonderer Trend gerade Hochkonjunktur: der sogenannte „Mar-a-Lago Face"". Diese neue Schönheitsschablone ist eine Art repub"
0_219424_9_yt.PS1WxCCUZjY;0.2357;seeking;;peel;;;Women's Place Beauty & Spa in Delmenhorst Neukundengewinnung mit einem individuellen Spot. Für mehr Erfolg in der eigenen Region erstellen wir Ihren individuellen animierten Imagefilm oder Produktspot. Mit Bewegtbild erreichen Sie mehr Aufmerksamkeit und somit noch mehr Menschen! Nicht nur bei der K
0_219424_126_t1_o7wbffh;0.2357;satisfied;procedure-curious;;;;Nasen-Op in DE oder in der Türkei? Ich finde es toll wie hier ein Großteil nicht mal darauf eingeht was OP überhaupt möchte. Lasst sie doch einfach machen wenn sie will, sie hat schon 100'000 mal gehört, dass sie das nicht braucht. Ändert nichts daran, dass sie es trotzdem möchte.Ich würde es in DE 
0_219424_15_3339363667330052;0.2357;seeking;;;;;Rubedo: Schlüssel zur Anti-Aging-Forschung? Rubedo Senolytika Alterung ist für viele Praxen und Patienten aktuell ein zentrales Thema. Die Suche nach dem Jungbrunnen beschäftigt die Menschheit seit Jahrhunderten. In der ... The post Rubedo: Schlüssel zur Anti-Aging-Forschung? appeared first on Mediz
0_219424_126_t1_o3p364s;0.2358;cautioning;skincare-first;price;;;Fertiger Ansatz und trockene Spitzen Med shampoo: Vichy dercos für fettiges Haar und als Spülung Elvital hyaluron Spülung (lila Flasche). Kerastase Symbiose shampoo ist von der Wirkung her auch klasse. Meine haare sind danach so sauber wie nach keinem anderen shampoo. Aber die Anwendung und den Prei
0_219424_15_2670022982235928;0.2358;enthusiastic;;aging-signs;;;Revitalizing Oxygen Concentrate von huut. – Regeneration durch Barrierestärkung Die Hautalterung ist längst kein rein zeitliches Phänomen mehr, sondern ein komplexer biologischer Prozess, in dem chronische Mikroentzündungen eine zentrale Rolle spielen. Ein neues Serum aus der Schweiz setzt genau hie
0_219424_126_t1_nxa4vni;0.2359;seeking;skincare-first;spf,aging-signs;;;Kleiner Reminer: Sonnenschutz das ganze Jahr über Wie sieht deine Haut aus nach 10 Jahren ohne Sonnenschutz? Hast du schon vorzeitige Hautalterung?
0_219424_9_29069581287731906;0.2359;satisfied;;;;;Was nimmt K.V. bloss jeden Tag,Dunning-Kruger Pillen oder haben Botox/Hyaluron/Extensions/Tees doch Folgen?Ihr Gärtner aus dem Fahrerhaus?Wie hätte wohl K.V. reagiert, wenn ihre Tochter Amalia von 3 halbwüchsigen, out of control, Hunden angesprungen worden wäre?
0_219424_126_t1_oa6z6ka;0.2359;seeking;procedure-curious;botox;;;[M28] Hab mein Wohnzimmer umgebaut Du hast also deine KI-Wohnung mit KI zu einer anderen KI-Wohnung umgebaut? Oder ist das echt? Sieht aus wie in der Praxis von so Zahnärzten oder Schönheitschirugen, wo man sich für viel Geld die Zähne bleachen oder Botox spritzen lassen kann.
0_219424_9_61209335271887219;0.2359;satisfied;;;;;Botox,Silikon und dann einfältigen bayrischen Stammtischhumor
0_219424_126_t1_oju8ryd;0.2359;seeking;procedure-curious;;;;Was haltet ihr von Hyaluron Filler? hmm aber wenn Männer sowas machen ist es statt beauty oder selfcare dann looksmaxxing (hier sich drei spiegel artikel dazu denken, dass looksmaxxing eine rechtsextremismus-pipeline ist)?
0_219424_9_48336081983691285;0.236;satisfied;;;;;Bäh die sieht bald aus wie die Botox Alte von Bushido
0_219424_9_yt.Hx58r1H-yzI;0.2364;enthusiastic;;;;;"Die GEFÄHRLICHSTEN TRENDS 2025! | Prinz Vegeta030 #frauen #schönheitsop #abnehmen Reaction: Diese Trends haben Dich 2025 zerstörtOriginal Video: https://www.youtube.com/watch?v=fsYO_5u5YfkMeine SUPPLEMENTS - Code MACHER (bis zu -30% je nach Aktion)www.esn.comNasen Stripes für besseren Schlaf &amp; R"
0_219424_15_61771297690090719;0.2364;seeking;skincare-first;botox;;;"Kooperationsformen zwischen Kosmetikern und Ärzten Laser, Botox: Was ist erlaubt und wie? Kooperationen zwischen Ärzten und Kosmetikern sind zunehmend gefragt, weil sie Synergien schaffen und Ressourcen optimieren. Die Nachfrage nach kosmetisch-ästhetischen Leistungen wächst; zugleich nimmt die Komp"
0_219424_126_t1_odawfop;0.2364;enthusiastic;skincare-first;;;;Is this something Botox can fix? Das ist nicht meine Absicht, das hat Reddit umgestellt! Wenn du weißt wie ich es umstellen kann bitte sags mir!
0_219424_9_43242923536015678;0.2364;cautioning;;botox;;;Kein Wunder, dass es mit der Welt zu Grunde geht, wenn Botox einen dumm macht, den heutzutage fangen fast alle schon ab 18 mit Botox spritzen an.
0_219424_9_61852054748246685;0.2365;disappointed;;botox;;;Die Tochter hat bereits jetzt ein Botox Gesicht wie sieht sie wohl aus wenn sie 30 Jahre alt ist, wahrscheinlich wie eine 50 jährige Frau. Wie die Jugend durch diese ganze Schönheitsverdummung einfach dazu treibt sich die natürliche Schönheit wegnehmen zu lassen. Sick
0_219424_9_yt.0hPdO_WRyp8;0.2365;enthusiastic;;aging-signs;;;Essig für die Haut: Natürliches Botox? 😱✨ Entdecke, wie Apfelessig helfen kann, die Kollagenproduktion zu fördern, Falten zu reduzieren und die Haut zu straffen ✨🍏 Dieses Hausmittel wird als natürliche Botox-Alternative immer beliebter. Erfahre, wie du es einfach selbst herstellen kannst.💬 Würdest d
0_219424_126_t1_o2l3m73;0.2366;seeking;procedure-curious;;;;Nehmen wir an ihr dürftet eine kostenlose SchönheitsOP bekommen, was würdet ihr an euch verändern? Führt leider unausweichlich zur Piss Bombe 😔
0_219424_126_t1_o2rh7wd;0.2366;seeking;procedure-curious;;;;Nehmen wir an ihr dürftet eine kostenlose SchönheitsOP bekommen, was würdet ihr an euch verändern? Joa, Haare, nech.
0_219424_126_t1_o3bd97d;0.2366;disappointed;skincare-first;;;;Ich nehme seit Jahren täglich Schmerzmittel und es ist mir langsam egal Meine Schwägerin hat mut Botox sehr gute Erfahrungen gemacht, sie hatte vorher auch ihr Leben lang ständig Migräne, ohne dass Medikamente wirklich geholfen haben.
0_219424_126_t1_ocx64wx;0.2366;seeking;skincare-first;;;;Wie kommt man aus einem Dauercrash? (Bell Score < 10) Habe die Tage in einem Podcast von einer renommierten Biologin gehört, dass man jetzt durch eine Studie rausgefunden hat, dass Tamisulfon bei LEMS hilft. Sie meinte es wird noch nicht öffentlich gemacht, aber sie ist sich sehr sicher, dass ist de
0_219424_9_41099732528342856;0.2369;satisfied;;;;;Sie sind noch immer gutaussehend, Sicher gutes Essen ruhiges Leben ,und Botox Aber aie sind mit 60 noch immer so schöner Männer 😮❤❤❤❤❤❤❤❤❤❤❤❤❤❤❤❤❤❤❤❤❤❤❤❤❤❤❤❤❤❤
0_219424_126_t1_o42hnil;0.2369;enthusiastic;procedure-curious;;;;Masseter Botox fail I also thought this was a joke. Whatever. You are German. So that you do clearly understand what everyone is saying: (switching to German)Bitte jetzt die 116 117 anrufen (Infos [hier](https://www.schleswig-holstein.de/DE/fachinhalte/R/rettungsdienst/Downloads/FlyerArztlicherBerei
0_219424_126_t1_obur1z9;0.2369;satisfied;skincare-first;;;;Die Burger King Baby Burger existieren nur um von den Epstein Files abzulenken! Hier habt ihr es zuerst gehört!!! Schönheitsoperation, vor allem diese die wir in dem Video sehen, woraufhin du deinen Kommentar verfasst hast machen überwiegend Frauen. Das weißt du, das weiß ich und hoffe noch viele an
0_219424_126_t1_ocqp0r5;0.2369;disappointed;skincare-first;spf,aging-signs;;zinc;Rötung im Gesicht auf Sonnencremen Habe selbst oft Ausschalg bekommen von fasten alle Cremes. Mit mineralischee Sonnencreme mit normalen Zink ( gibt Nano Zink)  hatte ich die Probleme die weißeln aber sehr stark, daher gibt es sie auch getönt mit Eisenoxid. Da ist dann sogar ein sehr breites Lichtsp
0_219424_9_yt.XHRGjS0zbiM;0.2369;enthusiastic;skincare-first;aging-signs;;;Ich war geschockt als ich das zum ersten Mal gehört habe 🫣 Hautalterung ab 25 😳 krass Ich war geschockt als ich das zum ersten Mal gehört habe 🫣 Hautalterung ab 25 😳 krass. Gerade durch die ganze Bildschirmzeit wird es tendenziell noch früher. Gut, dass ich seit zwei Jahren auf hochwirksame Pflege s
0_219424_9_yt.GE6tGY08yLU;0.237;enthusiastic;;botox,celebrity;;;"Zu viel Botox im Gesicht? 🧐 #Frühstücksfernsehen #SAT1 #shorts ***************************************►FFS abonnieren: https://s71.link/b/2NkaGuL►Mode, Beauty &amp; Lifestyle: https://s71.link/b/2D46Ml9►Unsere Alltags-Tests: https://s71.link/b/2NlvGl2►Leckere Rezepte zum Nachkochen: https://s71.link"
0_219424_9_54934346153243862;0.2371;enthusiastic;procedure-curious;;;;Waaaas Botox is raus 😭. Du siehst toll aus. Mach nie was anderes. Ich würde dich soooo vermissen. Jede Sekunde gucke ich mir deine Beiträge mit  Begeisterung an und schiebe dann meine Chips und Schokolade weg. So will ich auch sein. Ich schaffe das. Ich habe es mir vorgenommen. Ich weiß, ich kann es
0_219424_126_t1_oi636gk;0.2371;cautioning;procedure-curious;;;;Thema natürliche Bräune bei sehr heller Haut Eine frühere Schulfreundin hatte immer Selbstbräunerduschen in Studios machen lassen. Denke mal der Geruch wird da genauso sein aber das Ergebnis sollte streifenfrei sein
0_219424_126_t1_nz03f6w;0.2372;seeking;skincare-first;;;;30 geworden. Was an Skin Care bringt wirklich was um langsamer alt auszusehen? Im (EU-)Ausland, z.B. Spanien, wird es in Apotheken oft rezeptfrei verkauft, habe mehrere Tuben in Barcelona gekauft. Es gibt auch ein paar Online-Shops. Es soll auch manche deutsche Ärzte geben, die es dir zwecks Anti-Ag
0_219424_9_23132422259359639;0.2372;satisfied;;;;;IN  10  JAHREN   SEID  IHR  SO  VERORGELT  DAS BOTOX   UND  SILIKON EUCH  ZUSAMMEN  HÄLT
0_219424_9_yt.lSaXBEtVvks;0.2372;seeking;skincare-first;vitamin-c;;;💚❤️ Meine tägliche Power-Bowl – So einfach & so gesund!Die VITAMIN-BOWL 🏆 Kirschen, Birne & Kiwi Schaut euch meine Obst-Power-Bowl an! 🍒🍐🥝Kirschen, Birne und Kiwi – frisch geschnitten, bunt, saftig und unglaublich gesund! Das ist mein täglicher Vitamin-Boost – ganz natürlich, ohne Pillen! In diesem 
0_219424_126_t3_1qjsc91;0.2373;enthusiastic;procedure-curious;botox,price;;;"Gedanken zu Couple Challenge Folge 3&4 Spoiler!Liza &amp; SebiLiza nervt mich total. Ich bin weiß Gott kein Aleks Petrovic-Fan, aber die Nominierungsbegründung von Aleks und dessen Bruder fand ich legitim. Sie hätte die Chance auf 3.000€ gehabt und ist als einzige nicht gesprungen. Ist okay, wenn du"
0_219424_126_t1_o2sr2ph;0.2373;seeking;procedure-curious;;;;Nehmen wir an ihr dürftet eine kostenlose SchönheitsOP bekommen, was würdet ihr an euch verändern? 18 cm nicht riesig 😭
0_219424_9_21955178433880630;0.2373;satisfied;;;;;DU MIT DEINEN BOTOXLIPPEN REDE NICHT BRD DU LISBELST WEIL DU SO VIEL BOTOX DRINNE HAST
0_219424_126_t1_nxxki2u;0.2374;seeking;procedure-curious;;;;Werden zukünftige Generationen kaum Zeitzeugnisse aus unserem Jahrhundert finden? Keine Angst, auch in 2026 werden Maurer und trockenbauer schmutzige hefte und leere alkoholflaschen quasi überall verbauen. Also sind die wichtigen Sachen abgedeckt. Wer interessiert sich für den 25ten scamcoin dump, d
0_219424_9_70516118196293678;0.2374;satisfied;;;;;Früher sah er sicher wie Brad Pitt aus. Dann kam Botox und dann wurde er fett
0_219424_9_26250268253338348;0.2375;satisfied;;;;;Die Milf von dem Typen hat aber auch ein Botox Abo
0_219424_126_t1_o18oet4;0.2376;disappointed;procedure-curious;;;;"Wie steht ihr zu überschüssiger Haut oder Hautstraffung nach hohem Gewichtsverlust? &gt;\[...\] und für die anderen immer noch zu fett, weil sie dich nicht anders kennen.das versteh ich irgendwie noch nicht so ganz, wie ist das genau gemeint? habe hier auch das gefühl du betrachtest das unnötig nega"
0_219424_126_t1_oe4d5h9;0.2376;disappointed;skincare-first;price;;;Wart ihr schon mal in einem Bordell ? Wenn ja warum ? Keine Verurteilung, reine Kuriosität. ja klar. Warum auch nicht? Am Anfang Neugierde, danach immer wenn ich beruflich irgendwo ein paar Tage auswärts war. Man(n) lernt dann schnell, die Nieten von den Guten zu unterscheiden. Merkregel: Alles was 
0_219424_126_t1_o2hx7jj;0.2377;seeking;procedure-curious;;;;Nehmen wir an ihr dürftet eine kostenlose SchönheitsOP bekommen, was würdet ihr an euch verändern? Pensiverkleinerung
0_219424_126_t1_o34rd2f;0.2377;seeking;procedure-curious;;;;Nehmen wir an ihr dürftet eine kostenlose SchönheitsOP bekommen, was würdet ihr an euch verändern? So wahr. Nachdem man einmal musste muss man ständig.
0_219424_9_49763856784208339;0.2377;enthusiastic;procedure-open;;;;Ich glaub das das botox ist 7:45 ja genau wie er sagt
0_219424_9_36188261754661435;0.2377;disappointed;procedure-open;;;;Am Schwarzen Meer in Rumänien habe ich ganze Horden von den Botox Weibern gesehen.  Einfach Geister Bahn
0_219424_9_48489364469322492;0.2378;satisfied;;;;;jay jiggy lebt mietfrei in flers kopf wie sein botox
0_219424_9_yt.Ft90H0PDW0g;0.2378;enthusiastic;;;;;"Lisa Kudrow packt aus: So seltsam wirkt Botox auf sie ""Friends""-Star Lisa Kudrow sagt Botox adieu: Die Schauspielerin spricht über irritierende Effekte und zieht radikale Konsequenzen."
0_219424_9_30464544062476147;0.2381;cautioning;skincare-first;;;;Melania war immer schon eine Hure und wird es auch bleibenSie war maßgeblich daran beteiligt, Mädchen für Epstein zu besorgenDeswegen gönne ich es ihr, dass sie von Orange abhängig ist und vor lauter Angst bei ihm bleiben muss.Hätte sie nicht soviel Botox und Silikon im Gesicht, stünde sie Orange, w
0_219424_126_t3_1s71ita;0.2381;conflicted;procedure-curious;botox,retinol;;;Seit Jahren Darmbeschwerden: es fühlt sich an als ob mein Körper gegen mich arbeitet. Hallo Communitynormalerweise lese ich höchstens mal kurz eine bereits gestellte Frage auf Reddit aber konnte zu dem Thema nichts wirklich hilfreiches finden daher wende ich mich jetzt an euch.Ich versuche alles mög
0_219424_9_351244688910920;0.2382;satisfied;;;;;ne finde er sieht ziemlich fake aus durch das ganze botox seit 2011 ungefähr. Und er redet mittlerweile auch anders, ziemlich alt geworden der gute.
0_219424_15_15584985023672409;0.2383;seeking;;;;;Nature Heart Kollagen im Test: Erfahrung, Wirkung & Anwendung Immer mehr Menschen setzen auf natürliche Wege, um ihre Haut von innen heraus zu unterstützen und die Hautalterung zu verlangsamen. Das Nature Heart Kollagen* zählt aktuell zu den beliebtesten Produkten auf dem Markt. Doch was steckt wirk
0_219424_126_t3_1qlko7k;0.2383;enthusiastic;skincare-first;retinol,hyaluronic-acid,aging-signs,price;;;Neutrogena Retinol Boost+ Intensives Serum 30 ml, Anti-Aging Serum mit Retinol und Hyaluron, unparfümiert, gegen Falten und Pigmentflecken, für straff... -24 % 12,99 € Pflegt intensiv – Das hochkonzentrierte und schnell einziehende Neutrogena Retinol Boost+ Intensives Nacht Serum pflegt das Gesicht 
0_219424_126_t1_nzykse6;0.2384;cautioning;procedure-curious;;;;(Anti)Schönheits-Wahn geht schief? Omg das ist echt traurig :IGab es denn einen Auslöser? Da würde ich mal anfangen. Vielleicht mich mit ihr zusammen setzen und sie einfach Fragen warum sie es überhaupt gemacht hat. Das aussehen ist jetzt erstmal 2te stelle, ich glaube da geht es eher um ihre Gesund
0_219424_126_t3_1qjhvup;0.2384;seeking;;niacinamide-peptides;;;Kollagen Hyaluronsäure Komplex - 1000 mg mit dem Superfood Gojibeere und Grüntee - 180 Kapseln vom Weiderind. Premium Kollagen Hydrolysat mit Biotin, ... -18 % 26,90 € 🏅 PURE KOLLAGEN PEPTIDE TYP 1,2,3 – Reines Apotheken Kollagen aus Weidehaltung plus hochdosiertes Hyaluron. Kollagen Peptide findet 
0_219424_126_t1_o7j9pt4;0.2384;satisfied;skincare-first;;;;"Stehe auf außergewöhnliche Frauen, Normal oder Fetisch ? Ich meine was ist denn heute „klassische"" Schönheit ? Wenn ich den Medien glaube ja Schlauchbootlippen, Botox und soviel Make Up wie der gesamte Müller hergibt."
0_219424_9_35109581706422714;0.2385;enthusiastic;skincare-first;;;;ohh ja ich hatte ein hair botox und hat sehr geholfen :) kann ich nur empfehlen
0_219424_9_16166925982658476;0.2385;satisfied;;;;;@MagicMaikBBMalibu is doch der Typ mit der Botox lippe oder ?🤣🤣🤣 Hollywood Matze aus miami geil 🤣🤣
0_219424_126_t3_1ss1glh;0.2385;seeking;procedure-curious;;;;Hiv Diagnose Ich hatte vor 5 Jahren 3 Risikokontakte.2 davon geschützt 1 ungeschützt aber nur kurz.Alle 3 anal aktiv.Seit dem haben die Symptome angefangen.Ich hatte keine akuten Symptome aber wurde plötzlich sehr oft krank und habe ständig ein Herpes entwickelt. Das waren banale Symptome und sehr u
0_219424_126_t1_o2h6pju;0.2386;seeking;procedure-curious;;;;Nehmen wir an ihr dürftet eine kostenlose SchönheitsOP bekommen, was würdet ihr an euch verändern? So viel wie ein Bäuchlein ist es tatsächlich bei mir nicht, aber eben auch nicht kerzengerade 😂 naja, man kann nicht alles haben haha
0_219424_126_t1_o82lxj6;0.2386;seeking;skincare-first;niacinamide-peptides;;niacinamide;Hi Reddit! Ich bin Vlora, Skin Expert bei Kiehl's (DACH) – Ask Me Anything zu Wirkstoffen, Routine-Aufbau & sensibler/gestresster Haut | Live am 04.03. um 14 Uhr CET Sind hyaluron, niacinamid und co einfach nur Marketing oder haben sie ihre daseinsberechtigung? Falls ja, welche Stoffe sind wirklich 
0_219424_9_yt.unV1fccZ2Aw;0.2386;seeking;procedure-curious;niacinamide-peptides;;;"ErecPro Erfahrungsberichte - Bewertung & Nebenwirkungen - Ist es seriös? Hier kaufen ErecPro offizielle Website👇(Germany and Austria )✅🛒Hier kaufen 👉https://hotm.io/ErecPro-offizielle ✅🛒Hier kaufen 👉 https://hotm.io/ErecPro-offizielle ErecPro Erfahrungsberichte - Bewertung &amp; Nebenwirkungen - Ist"
0_219424_9_45609810790365277;0.2387;satisfied;procedure-curious;;;;Nö aber hatte Katja eine Schönheitsoperation? 😅
0_219424_126_t1_o2qk028;0.2389;seeking;procedure-curious;price;;;Nehmen wir an ihr dürftet eine kostenlose SchönheitsOP bekommen, was würdet ihr an euch verändern? Gar nicht mehr so teuer... Wäre was genau in Zahlen? 🤔
0_219424_9_19404852940262189;0.2392;satisfied;;;;;Das die Elite Okkultismus praktiziert heißt nicht, dass wir im Wiederstand es auch praktizieren müssen. Sie sind schon halb tote von ganzen Legionen an Dämonen besessene Hüllen. Aber mit der ganzen satanischen Scheiße und Botox sehen sie noch halbwegs vital aus.
0_219424_126_t1_oj4psec;0.2392;cautioning;skincare-first;spf,aging-signs;;spf;"Frauen von Reddit, was sind die 5 typischsten Dinge, die Männer beim Altern vernachlässigen? Die berühmte ""gesunde Bräune"" gibt es halt nicht. Gebräunte Haut ist das erste Anzeichen für ne Hautschädigung und die Langzeitfolgen sind Falten, Altersflecken, und generell eine vorzeitige Hautalterung.Ich"
0_219424_9_1482130898272499;0.2393;seeking;;;;;@v@venni7180Achja und nur weil man weniger Botox (was bei ihr auch offensichtlich ist) im Gesicht hat als andere heißt das ihr Alter tangiert sie nicht? Hast du PromiBB geschaut? Ist halt irgendwie ein Muster mit wem sie meistens Stress hat
0_219424_9_60982497209058105;0.2393;cautioning;skincare-first;;;;@Keinedenkverbote Diese tanzenden LA Frauen mit Botox-Lippen sind BEGHAIRAT für mich!  Die wollen BEHAYAEE im Iran!
0_219424_126_t1_o2gy8ep;0.2395;seeking;procedure-curious;;;;Nehmen wir an ihr dürftet eine kostenlose SchönheitsOP bekommen, was würdet ihr an euch verändern? Fett weg
0_219424_9_yt.gmOiR6EK2FY;0.2395;seeking;;;;;"LED- & Infrarot-Gesichtsmasken: Anti-Aging oder Beauty-Trend? Erfahre, wie LED- &amp; Infrarot-Masken wirklich wirken und ob sie ihr Geld wert sind!🎥 Hier geht's zum Video: https://youtu.be/Vg1kTJYU4gM"
0_219424_126_t1_of5zeqv;0.2395;cautioning;skincare-first;;;;(Gut gemachte) Beautyeingriffe sehen so gut aus Ja mag sein, dass bei manchen das Gesicht auch ohne Botox wie ein Botox Gesicht aussieht. Aber ich habe im Freundes und Bekanntenkreis immer sofort gesehen, wenn man jemand Botox nimmt
0_219424_9_yt.O35ZM9thICE;0.2395;enthusiastic;skincare-first;hyaluronic-acid,aging-signs;;;Das beste Beauty-Mittel der Welt? 92% Schneckenschleim für Haut wie Seide #NeliBozovaStoynova Als Amazon-Partner verdiene ich an qualifizierten Verkäufen Hier klicken für die Creme: 🛒 https://amzn.to/4sZGvbxHallo ihr Lieben! Ich zeige euch heute mein ehrliches Feedback nach 3 Jahren Anwendung der CO
0_219424_126_t1_nxo82ev;0.2396;enthusiastic;;;;;Real BOTOX Weib auf der CES2026 Du scheinst intellektuell ja sehr bewandert zu sein
0_219424_126_t1_o2hi9ee;0.2396;seeking;procedure-curious;;;;Nehmen wir an ihr dürftet eine kostenlose SchönheitsOP bekommen, was würdet ihr an euch verändern? Wenn es gehen würde, Penis breiter, gerader und länger. Kein Riesenschwanz, sondern so 18cm und 5cm Durchmesser.Da dies aktuell medizinisch aber nicht zuverlässig möglich ist, dann etwas Bauchfett weg.
0_219424_126_t1_okelcdl;0.2396;cautioning;;;;;👀 Gossip Naja, wenn Botox und Hylaluron für sie in Ordnung ist, wer weiß, was sie sonst so alles konsumiert.
0_219424_126_t1_o2hrfj5;0.2397;seeking;procedure-curious;;;;Nehmen wir an ihr dürftet eine kostenlose SchönheitsOP bekommen, was würdet ihr an euch verändern? Hab ne große Blase. aber beim Biertrinken isses bei uns allen das gleicheSobald das Siegel einmal gebrochen ist gibt es kein entfliehen mehr
0_219424_9_15320124873068325;0.2397;cautioning;;aging-signs;;;Leute jetzt seit doch bitte vernünftig. Das ist Jim Carrey.  Wenn jemand die Augenbrauen hoch zieht und die Mimik verändert ändert sich die Form der Brauen und die Belichtung kann sie heller und dunkler erscheinen lassen. Botox verändert bis zu einem gewissen Grad die Gesichtsstruktur. Auch schreibe
0_219424_126_t1_nxsxo72;0.2398;enthusiastic;skincare-first;;;;Hatte Nico eine Haartransplatation? Sind jetzt auch schon Ü30. Da könnte man ja langsam mal über Botox nachdenken. /s
0_219424_9_28404700104830404;0.2398;disappointed;;;;;Sind es wirklich Kinder oder ist das Anti-Aging nur verdammt gut? 🤔
0_219424_126_t3_1rudc2d;0.2398;seeking;procedure-open;;laser-hair-removal;;Sehr hohe E-Werte bei 3 mg Oestrogel – Messfehler oder starke Absorption? Da ich mich in den letzten Wochen und Monaten etwas komisch gefühlt habe, habe ich beschlossen, einen Bluttest machen zu lassen, um meine Hormonwerte zu überprüfen.Ich nehme täglich 3 mg Estradiol (Oestrogel) im 2-0-2-Rhythmus
0_219424_126_t1_o2gyfx1;0.24;seeking;procedure-curious;;;;Nehmen wir an ihr dürftet eine kostenlose SchönheitsOP bekommen, was würdet ihr an euch verändern? Denke so Kinn/Jawline mäßig
0_219424_126_t1_o31qbgc;0.24;disappointed;skincare-first;spf,aging-signs;;;Gesichtscreme mit LSF Ich meine, im DM Regal habe ich letzte Woche nur sehr wenig gefunden, was anti aging für meine Altersklasse mit einem integrierten Lichtschutzfaktor verbindet. Hab was von Balea gekauft was leider extrem nach Sonnencreme riecht und Ausschlag verursacht hat, also fand ich jetzt 
0_219424_9_23918880253747808;0.24;satisfied;skincare-first;niacinamide-peptides;;;Ronaldo nimmt Wachstumshormone und Peptide. Und andere anti aging Sachen. Natürlich ist Ernährung auch wichtig. Aber ihr seht wer genug Geld hat kann alles. Ich finde den Test nicht so verwunderlich.
0_219424_9_38013012255716040;0.2402;satisfied;;;;;​@mikeka-leun7886allerdings ist da die entscheidende Frage, warum tötet dieses Botox heute so viele Menschen, wo die selben Menge um 1860 alle Menschen nur schöner gemacht hat?
0_219424_126_t3_1qyk5xg;0.2402;seeking;skincare-first;peel,retinol,aging-signs,price;;retinol;Hautpflege Tipps Ich nutze seit einigen Jahren die Produkte von Paulas Choice und bin grundsätzlich auch echt froh damit...meine Brieftasche nur immer weniger. Ich suche nun nach einer Alternative für die Marke, hat jemand eine Idee ? Aktuell nutze ich folgende Produkte:2% BHA liquid peeling Clinica
0_219424_9_1891291462635055;0.2402;cautioning;skincare-first;;;;Ich weiss genau was du meinst, wenn du über Alkohol und Weleda sprichst! Aber ich muss tatsächlich eine Lanze brechen für die Drops bzw. stimmt das auch nicht ganz, was du sagst: Ich benutze aktuell die Drops mit Hyaluron (morgens) und die mit Omega (abends) - ich finde sie beide gut und habe auch e
0_219424_15_63023847009201705;0.2402;satisfied;procedure-curious;;microcurrent;;"Neuro Wellbeing Spa: Wiener Gründer bekämpfen Stress mit Technologie Stress ist in der High-Performance-Welt längst kein bloßes „Mindset-Problem"" mehr, sondern ein messbarer biologischer Faktor, der Produktivität und Longevity massiv beeinflusst. So sehen das Marcel Pieberl und Mario Felderer, Gründ"
0_219424_15_6632825084519976;0.2402;seeking;;;;;Kosmetik für Kinder? Italiens Behörden gehen gegen LVMH-Tochter vor Während sich viele Eltern noch fragen, seit wann Zehnjährige Anti-Aging-Produkte brauchen, hat Italiens Wettbewerbsbehörde bereits gehandelt. Die AGCM ermittelt gegen den Luxuskonzern LVMH – und damit auch gegen die Marken Sephora u
0_219424_126_t1_og5d4ke;0.2402;enthusiastic;skincare-first;;;;"Fake feminismus nervt mich !! „Ich respektiere Frauen die, die Wahrheit nicht leugnen. Eine Schönheitsoperation ist niemals nur für einen selbst, oder würdest du mir widersprechen ?"" - Na wenn du das sagst, wird das wohl so sein. Ziemlich cool, dass du die Motive und Gedanken aller Frauen kennst. To"
0_219424_126_t1_ol91y2e;0.2402;cautioning;skincare-first;;;;Wollen wir nicht alle ein Gesicht wie ein Pfannkuchen? Günstiges Botox = chinesisches Botox = ist nicht so giftig wie das britische Botox? und lähmt damit die Muskeln nicht so lange? Will sie uns das sagen?
0_219424_126_t1_ok4z5so;0.2403;disappointed;procedure-curious;;;;👀 Gossip Wenn man's nicht besser wüsste, man würde es nicht glauben, dass das die gleiche Person ist. Das muss doch ein seltsames Gefühl sein: wenn ich irgendwann mal kein Geld oder keine Lust mehr habe zu färben, Augenbrauen und Wimpern zu pimpen, Botox/Filler etc. - dann seh ich VÖLLIG anders aus.
0_219424_9_15584243083201762;0.2404;enthusiastic;skincare-first;hyaluronic-acid;;;Zwei Sachen: du hast mich mit dem schönen roten Lippenstift sehr inspiriert. Sieht einfach edel aber nicht too much aus! habe mir so einen neuen Hyaluron Tint Lip Stain Serum von L'oreal gekauft. nicht schlecht, nicht schlecht. Kann dir Melatonin sehr empfehlen...
0_219424_15_59444919077242352;0.2404;seeking;procedure-curious;vitamin-c,niacinamide-peptides,spf,aging-signs,safety;;;Kollagen-Pulver-Test: Straffere Haut dank Nahrungsergänzung? Kollagen-Pulver soll Hautalterung entgegenwirken. Im Kollagen-Pulver-Test verraten wir, ob und welche Kollagenpräparate sich lohnen. Mit fortschreitendem Alter produziert der Körper weniger Kollagen. Da das Protein unter anderem für die Ge
0_219424_9_17827952954258689;0.2404;cautioning;;;;;Ja und dann das Botox was ins Hirn gedrungen ist
0_219424_126_t1_ojuarpc;0.2404;seeking;procedure-curious;;;;Was haltet ihr von Hyaluron Filler? RTL  II will deine Kontaktdaten haben
0_219424_9_44805400845685095;0.2405;enthusiastic;;;;;Bin geschockt wie sieht sie aus????? Botox Hyaluron wie eine eiskalte Maske
0_219424_126_t1_o8skimv;0.2406;satisfied;;;;;Judith Williams Ne wegen Jana enztaler schaut man König der Löwen  die ist besser. Sinzen  war auch  super in  der letzten Staffel    Judith ihr Gesicht anscheinend. Hat sie botox
0_219424_126_t3_1s7ld68;0.2406;seeking;skincare-first;safety;;;Tadalafil 5 mg Eine sehr renommierte Biologin in USA Dr. Baranova, die übrigens viel auch zum Thema Long Covid forscht und über diverse Studien regulär differenziert berichtet, hat in ihrem YouTube Beitrag erzählt über eine Studie zu Tadalafil 5 mg welches bei Kindern mit einer angeborenen Muskelsch
0_219424_126_t1_o9u3d3r;0.2407;seeking;procedure-curious;price;;;Go to Turkey/Poland/Chechnya for rhinoplasty or look for affordable one in Germany? Ich würde immer- immer nur hier was machen lassen (D oder Ö) . Meine OP kostet 6.500.- aber weisst du, du musst immer vom worst case scenario ausgehen und da brauchst du deinen Arzt in der Nähe!
0_219424_23_24640632508471400;0.2407;satisfied;skincare-first;vitamin-c,spf,price;;spf;Tolles Serum! Für den Preis 10% pures Vitamin C zu bekommen ist Mega! Das Serum ist sehr leicht auf der Haut. Zieht schnell ein, klebt nicht und rollt unter der Tagescreme und Sonnenschutz auch nicht ab. Die Haut ist den ganzen Tag über mit Feuchtigkeit versorgt. Sie strahlt sehr und wirkt straffer.
0_219424_9_39012626830028541;0.2408;satisfied;;;;;RTL...der Sender mit Betrugsformat..etc....unglaublich wie hier geschummelt und gesponsert wird....und über Bohlen ist man sprachlos, dieses Botox-Baby lenkt doch seine Lieblinge immer in die richtige Richtung...wo man Geld damit machen kann...
0_219424_126_t3_1qfgb4s;0.2409;enthusiastic;skincare-first;retinol,spf;;azelaic-acid;Hilfe: Rosacea Hautpflegeroutine Hi, ich bin auf der Suche nach einer guten Pflegeroutine für meine Haut mit Rosacea. Mein halbes Leben lang habe ich lediglich mein Gesicht mit Wasser gewaschen, bis meine Rosacea irgendwann stärker geworden ist und ich auf den Trichter gekommen bin, dass ein bissche
0_219424_9_3577136971219695;0.241;seeking;;;;;Bruder die alte ist voller Botox aber wichtig ist das Zelt.
0_219424_9_17528507615776736;0.2411;satisfied;;;;;Bisschen weniger Botox und das Video wäre viral gegangen
0_219424_126_t1_o14vh8b;0.2412;seeking;skincare-first;;;;Inexpensive Botox ordering Hast du ein spezielles Produkt was du empfehlen kannst? 😘 mir geht es um die Stirn!
0_219424_126_t1_oajgzp2;0.2412;satisfied;skincare-first;retinol;;retinol;Welches Retinal (nicht Retinol) nutzt ihr, womit seid ihr zufrieden? Gute verträglichkeit wenn man es einschleicht, dass einzige wo man bisschen aufpassen muss ist das ich mir ein paar weiße shirts aufgrund der gelbfärbung versaut hab…Tretionin kriegst du in DE auf privatrezept, ist dementsprechend 
0_219424_126_t1_ny6sqka;0.2413;enthusiastic;procedure-open;;;;Ich bin auf die Sankeys Ende 2026 gespannt 💸 Ja da würde ich zustimmen. Körperpflege, Kosmetik etc.. mal die Augenbrauen machen lassen und Hautpflege etc.
0_219424_9_yt.cfoNbtzRa9Y;0.2413;satisfied;skincare-first;vitamin-c,niacinamide-peptides;;;IMAGE Skincare Vital C Hydrating Anti-Aging Serum | Marco erklärt | Beautymanufactur Ich erkläre Dir heute das IMAGE Skincare Vital C Hydrating Anti-Aging Serum – ein echtes Lieblingsprodukt, wenn Deine Haut trocken, gestresst oder müde wirkt.Dieses Vitamin-C-Serum wurde entwickelt, um die Haut inte
0_219424_9_yt.XXocEUdUo9k;0.2413;enthusiastic;;;;;Zellen verjüngen in 60 Sekunden: Das Power-Duo NAC + Alpha-Liponsäure Willst du deine Zellen schützen, deine Energie steigern und dein Immunsystem auf Hochtouren bringen? N-Acetylcystein (NAC) und Alpha-Liponsäure bilden ein starkes Duo, das genau das kann. NAC unterstützt die körpereigene Produktio
0_219424_9_yt.eM1cp17pI1k;0.2414;satisfied;skincare-first;vitamin-c,hyaluronic-acid;;panthenol;IMAGE Vital C Hydrating Water Burst Gel - einfach erklärt von Marco | Beautymanufactur Hallo, ich bin Marco von der Beautymanufactur und ich erkläre Dir heute das Vital C Hydrating Water Burst Gel von IMAGE Skincare.Dieses leichte Feuchtigkeitsgel ist ideal für trockene, sensible und zu Irritationen
0_219424_15_17138889424974004;0.2414;seeking;skincare-first;;;;Definierte Jawline durch Mikrostrom? Ich habe es getestet Straffere Konturen, frischere Haut und Anti-Aging-Effekte – Mikrostrom gilt als innovatives Beauty-Tool. Wir zeigen, wie die Technologie funktioniert und welche Geräte sich lohnen.
0_219424_126_t3_1s6bity;0.2414;seeking;;fillers;;;Hyaluron Kinn Unterspritzung Mann Moin, was sind so die gängigsten Anlaufstellen hier die zu empfehlen sind was Hyaluron Unterspritzungen spezifisch Kinn angeht?   Danke!
0_219424_126_t3_1se2axj;0.2414;seeking;procedure-curious;botox;;;Analfissur mit Botox ? Hallo Leute, ich habe seit 6 Monaten eine Analfissur und stehe kurz davor eine Botox Behandlung zu machen. Wie waren eure Erfahrungen damit ? Wie lange dauert es bis man schmerzfrei ist oder bis es vollständig heilt ? Ich würde mich sehr über eure Antworten freuen.
0_219424_126_t1_nx5vn4m;0.2415;disappointed;skincare-first;;;;"Stranger Things erreicht schlechte Bewertungen, ""Tiefstwert der Seriengeschichte"" Die gleichen Gesichtzüge bei Elfi kommen von dem ganzen Botox und Fillerzeugs was die Schauspielerin sich ins Gesicht über die Jahre spritzen lassen hat. Wenn man das ganz genau betrachtet, dann sieht man die fehlenden"
0_219424_126_t3_1qempoi;0.2415;disappointed;procedure-curious;botox,aging-signs;;;(Anti)Schönheits-Wahn geht schief? So meine Freunde, meine Albträume wurden wahr und ich weiß nicht wie ich damit umgehen soll.Ich habe schon seit knapp 2 Jahren eine sehr gut funktionierende Freundschaft mit Vorzügen. Die Frau ist einfach der Wahnsinn, sowohl optisch wie auch menschlich. Jedoch woh
0_219424_9_873390010368982;0.2415;satisfied;;;;;Das ist wohl Botox nicht äußerlich zum Auffüllen einiger Körperregionen genutzt worden
0_219424_126_t1_o2hz8ui;0.2416;seeking;procedure-curious;;;;Nehmen wir an ihr dürftet eine kostenlose SchönheitsOP bekommen, was würdet ihr an euch verändern? Nichts.Nein, ich halte mich nicht für perfekt und bleibe auch lieber ich. Alleine der Gedanke an eine OP gruselt mich - das freiwillig zu machen nur um was an meinem Aussehen zu ändern ist für mich unv
0_219424_126_t1_o2k0dju;0.2416;seeking;procedure-curious;;;;Nehmen wir an ihr dürftet eine kostenlose SchönheitsOP bekommen, was würdet ihr an euch verändern? Kürzer nicht , aber im umfang geringer wäre gut
0_219424_126_t1_ogi76fk;0.2416;seeking;procedure-curious;peel,price;microneedling;;Reasonable price for microneedling with PRP? Help! Das sind Preise, die sind viel zu teuer. Ich würde mich mal darüber informieren. Ich bezahle bei einem Renommierten Arzt wesentlich weniger. Informiert euch im Internet schaut bei den Ärzten nach den Preisen.
0_219424_126_t3_1r23g7u;0.2417;disappointed;skincare-first;;;;Brust Op unfeministisch? Hallo zusammen,ich (w22) habe vor ca 5 Jahren mit dem Abnehmen angefangen und Ende 2023 dann so ziemlich das Ende meiner Abnehmreise erreicht. Ich habe ca. 40 kg abgenommen und die letzten 20 teils auch viel zu schnell. Jetzt habe ich lose haut und so ziemlich keine Brüste b
0_219424_9_49739310767892594;0.2417;enthusiastic;;;;;11:00 Das ist keine KI, es gibt wirklich Lebewesen die so aussehen.. google mal die Botox Twins ^^
0_219424_126_t3_1rfasmu;0.2417;seeking;skincare-first;aging-signs;;;"Dermalogica Skin Talk – Der ultimative Skincare-Podcast für gesunde Haut! Hey Skincare-Community!  Ich möchte euch den **Dermalogica Skin Talk Podcast** vorstellen – ein Podcast, der wirklich **professionelle Hautpflege**, **Inhaltsstoffe &amp; echte Expertentipps** auf ein neues Level hebt!**Was is"
0_219424_9_41891573404757915;0.2417;enthusiastic;procedure-curious;;;;Sehr interessant mit den Tieren und den Reizen. Vielen Dank für diese Recherche. ❤ Ein richtig tolles Video mit Mehrwert. Alleine deine eigene Verwandlung von erst noch positiv eingestellt zu OPS.. Dann, nachdem du gemerkt hast, z.b dass Filler sich doch nicht wie versprochen komplett auflösen. Bis 
0_219424_9_688096005508631;0.2418;enthusiastic;skincare-first;;;;Liebe Marie,super Video wie immer super mach weiter so.Du schaust super aus hast doch keine Falten.Ich mag das auch nicht Botox nein.Ganz liebe Grüße Nadine ❤❤❤❤❤❤❤❤❤❤❤❤❤❤❤❤❤❤❤❤❤❤❤❤❤❤❤❤❤❤❤❤❤❤❤
0_219424_9_48429814456373631;0.2419;cautioning;;;;;Warum sind ihre Lippen nicht synchron liegt das am Botox?
0_219424_126_t1_o8knvq2;0.2419;satisfied;skincare-first;;;;Was ist mit Jim Carrey passiert? Das ist nichts was ich mir carrey identifiziere von daher würde es mich wundern.Eher in Gegenteil, eigentlich war er doch immer verdammt witzig und für seine ausgeprägten Grimassen bekannt. Das ist mit 3kg Botox nicht möglich und das weiß nun wirklich so langsam jede
0_219424_9_43477682455177065;0.2421;enthusiastic;;;;;@inge444 wir sind tatsächlich gerade dabei, eine Creme zu entwickeln, die einen wirklich guten und natürlichen Effekt im anti Aging Bereich hat. Da gibt es ganz tolle Möglichkeiten mittlerweile
0_219424_126_t3_1so8nlc;0.2421;seeking;skincare-first;botox;;;Erfahrungen / Empfehlungen Botox NRW Jowls Hey hat hier jemand Erfahrungen mit einem Schönheitsdoc der Jowls / Smile lines mit Botox behandelt? Oder andere Behandlungsmöglichkeiten? Außer Hyaloron das würde ich ungerne wollen. Bin mir unsicher zu wem ich gehen soll, da ich ein gutes natürliches Erge
0_219424_9_59746900568619080;0.2422;disappointed;procedure-curious;botox;;;Liebe Monika,ich verstehe deinen Punkt, wirklich. Und ja, es ist extrem schwierig – eigentlich unmöglich – es allen recht zu machen.Zeigt man nur Gesicht oder Oberkörper, heißt es: Du zeigst nicht alles, erzählst immer das Gleiche, mach doch mal was anderes.Zeigt man den ganzen Körper, heißt es plöt
0_219424_9_39504289022644481;0.2422;satisfied;skincare-first;;;;Quatsch!!!!!! Jim carry würde doch kein Botox wegen sowas nehmen, wenn er generell ein aufgewachter mann ist und schon gar nicht wegen Hollywood Botox nehmen..
0_219424_126_t1_oju7psg;0.2422;seeking;procedure-curious;;;;Was haltet ihr von Hyaluron Filler? Was bin ich hier schon wieder lesend?Digger, spritz dir auf keinen Fall irgendein Zeug in deinen Schwanz!
0_219424_126_t1_o2e8op6;0.2423;enthusiastic;;;;;SWR-Doku|Brasilien, Botox, Butt Lift - Alles für die Schönheit Alles für die ~~Schönheit~~ Aufmerksamkeit.
0_219424_126_t3_1so231p;0.2423;enthusiastic;procedure-curious;;;;"Ist ""ich mache das für mich selbst"" meist nur ein cope? Sehr häufig höre und lese ich, vor allem von Frauen in Bezug auf ihr hergerichtetes Äußeres, dass sie das ja nur ""für sich selbst"" machen würden. Sexy Kleidung: Nur für sich selbst. Aufwändige Schminke und Styling: Nur für sich selbst. Extensio"
0_219424_9_16856097511112247;0.2424;enthusiastic;skincare-first;botox;;;@lbanksteinb Was hat das mit Neid zutun? Darf man also bei einer Person, die eine Goldmedaille gewonnen hat, keine Kritik an ihrem öffentlichen Lifestyle ausüben? Sie kann die beste Sportlerin der Welt sein, trotzdem muss ich ihren Privatjet, ihr Botox-Gesicht und Ihr Freund, der menschlich der größ
0_219424_9_yt.uIOlJK39_E8;0.2424;disappointed;;pressure,celebrity;;;11 deutsche Stars, besessen von Schönheits-OPs – diese Veränderungen werden Sie schockieren! 11 deutsche Stars, die von Schönheitsoperationen besessen sind – und deren extreme Transformationen die Öffentlichkeit schockieren! In diesem Video werfen wir einen schonungslosen Blick hinter die glänzende 
0_219424_9_69638623172689775;0.2425;satisfied;skincare-first;;;;@HelenGeer-cr3yi Ich dachte dasselbe. Es ist schade, dass Hollywood so viel Druck auf Schauspielerinnen ausübt, jugendlich auszusehen, dass sie zu Gesichtsfüllern und Botox greifen.
0_219424_126_t1_nyig9bn;0.2426;satisfied;skincare-first;retinol,vitamin-c,aging-signs;;;Welche Dinge zählen als Allgemeinwissen, aber sind komplett falsch? Was funktioniert sind diese Cremes gegen Haarausfall, gibt inzwischen auch entsprechende Produkte für dichteren Bart. Weniger chemisch ist eine Routine mit Dermastamp und entsprechender Hautpflege (Vitamin C, Hyaluron, evtl Retinol)
0_219424_9_8932116322017098;0.2426;satisfied;skincare-first;;;;Für mich sieht es so aus als würde er eine Rolle spielen. Er ist ja bekannt dafür Masken zu tragen. Jmd mit solchen Gesichtsmuskeln braucht keine Botox Spritzen.
0_219424_126_t1_o2jwpr4;0.2427;satisfied;skincare-first;botox,price;;;Ist Botox okay? Es geht ihr ja scheinbar um ihre dynamischen Falten (während Mimik) und nicht um statische (bleibende) Falten, die man mit Frownies ggf. abmildern kann. Frownies an sich lähmen aber nicht die Muskeln und werden Mimik daher nicht verhindern. Ich habe zuletzt den Grundsatz gehört, dass
0_219424_126_t1_o2xwf2a;0.2427;seeking;procedure-curious;;;;Nehmen wir an ihr dürftet eine kostenlose SchönheitsOP bekommen, was würdet ihr an euch verändern? Penis verkleinern…
0_219424_9_yt.qQVGHHjjIA4;0.2427;enthusiastic;skincare-first;;;;✨ Jung bleiben mit Würde – aber mal ehrlich, wer will schon wieder aussehen wie mit 18? ✨ Ladies, ✨ Jung bleiben mit Würde – aber mal ehrlich, wer will schon wieder aussehen wie mit 18? ✨Ladies, wir reden hier nicht von der Zeitmaschine zurück ins Teenie-Alter (wer will die Pickel zurück? 🙅‍♀️). Es 
0_219424_9_2708941595730787;0.2427;seeking;;;;;Was wenige wissen: Botox wird auch medizinisch verwendet. z.B. wird es in die Blase gespritzt, um Inkontinenz und häufigen Harndrang zu reduzieren.
0_219424_9_11445211169656295;0.2428;enthusiastic;;botox;;;​@martinamuntschick6255ob die echt sind ? Botox hat sie zumindest viel im Gesicht,keine einzige Mimik zu erkennen
0_219424_15_63820674044593573;0.2428;disappointed;skincare-first;;;aha;Heather Graham: Gesunder Lebensstil statt Diätpillen Heather Graham betont, dass sie auf Diätpillen und Schönheitsoperationen verzichtet und stattdessen auf Ernährung, Sport und Meditation setzt. Die 56-jährige Schauspielerin gab diese Erklärung ab, als sie in einem ausführlichen Interview ihre Eins
0_219424_23_19842734954022210;0.2428;enthusiastic;skincare-first;aging-signs;;;Gut Ich habe das NIVEA Anti-Aging Serum nun einige Tage getestet und bin wirklich positiv überrascht. Die Textur ist angenehm leicht, zieht schnell ein und hinterlässt ein gepflegtes, glattes Hautgefühl ohne zu kleben. Meine Haut wirkt frischer und strahlender, besonders am Morgen. Feine Linien ersc
0_219424_126_t1_oju9pw3;0.2428;seeking;procedure-curious;;;;Was haltet ihr von Hyaluron Filler? Bitte lass das Rage Bait sein...
0_219424_126_t1_o3yuzbq;0.2429;disappointed;skincare-first;peel;;;"Gestorben bei Peeling - Todesfall aus der Doku ""Brasilien, Botox, Butt Lift - Alles für die Schönheit"" Einer der Gründe warum in Deutschland jeder, der als Selbständiger etwas machen möchte, einen Nachweis von einer Ausbildung benötigt. Mein tiefes Mitgefühl und Beileid für alle Hinterbliebenen. Ich"
0_219424_126_t3_1seuyse;0.2429;cautioning;skincare-first;aging-signs;;;Haare auffrischen mit Redken Shades EQ? Vielleicht hat es ja ein paar Friseur Profis hier. Vorweg ganz kurz meine Haare wurden vor zirka einem Haar am ganzen Kopf mit blondierung gesträhnt habe es dann erstmal fast ein Jahr rauswachsen lassen und dann mit einer garnier Farbe braun gefärbt dadurch da
0_219424_126_t1_oitpaju;0.2429;enthusiastic;;;;;Just did my first botox and freaking out Es ist vor allem sehr große Diffusion Gefahr von Botox da du mehr initiierten musst !!!
0_219424_9_45196583491162184;0.2431;enthusiastic;skincare-first;aging-signs;;ceramides;Ich bin 41, ernähre mich gesund, habe nie geraucht, trinke keinen Alkohol, mache viel Sport und meine Skincare entspricht ziemlich genau allem, was für mein Alter empfohlen wird. Zusätzlich natürlich auch noch paar Ergänzungen wie Collagen-Pulver, nad+ und Ceramide in Kapselform. Ich habe eine tolle
0_219424_126_t1_odgihjo;0.2431;satisfied;skincare-first;;;;Wofür hat man denn Hyaluron in der Zahnpasta? Säure und Zähne halte ich jetzt mal ganz allgemein für ne doofe Idee
0_219424_126_t1_o6sq5wm;0.2432;satisfied;;;;;Warum ist George Clooney auf meinem Pizzakarton? Das ist der 60jährige Jake Peralta nach 1000x Botox.
0_219424_9_yt.KZEM1xfCEis;0.2434;cautioning;;;;;Die schnellste Methode, um die Alterung des Gehirns umzukehren (wissenschaftlich bewiesen) @Gesundheitsarzt 🧠✨ Möchten Sie Ihr Gehirn verjüngen und geistig fit bleiben – selbst im höheren Alter? In diesem Video erfahren Sie die schnellste wissenschaftlich belegte Methode, um der Gehirnalterung entge
0_219424_23_26072209064558413;0.2435;satisfied;;aging-signs;;;Die Eubos Anti‑Age Hyaluron Repair Filler Night fühlt sich angenehm reichhaltig an und versorgt die Haut gut mit Feuchtigkeit. Am Morgen wirkt die Haut weicher, glatter und entspannt, ohne dass die Creme schwer oder fettig ist.
0_219424_9_58522758714133058;0.2435;satisfied;;botox;;;Er ist quasi im Ruhestand was Filme angeht, da hat man mehr Zeit sich mit sich selber zu beschäftigen, und wenn man älter wird geht das schnell mit der Botox spritze denn der Spiegel verzeiht nix.
0_219424_9_71721675923924534;0.2435;satisfied;;;;;"Die Aman kann auf ihrer Stirn einen Apfel „reiben"". 😅 Die braucht mehr Botox."
0_219424_126_t1_o2ljqh5;0.2436;satisfied;;botox,aging-signs;;;Ist Botox okay? Wenn die Wangen Volumen verlieren, z.B. durch die Atrophie der Muskulatur durch Botox, aber auch durch Verlust von Kollagen, Fett oder Knochenmasse im Alter, fangen sie an ein wenig zu hängen. Dadurch bekommt man stärkere Falten neben dem Mund und es sieht ein wenig aus wie ein Doppe
0_219424_9_yt.O79SSfESxfk;0.2436;disappointed;skincare-first;;;;Ich bin heute 96 Jahre alt – weil ich mit 60 diese 7 Gewohnheiten aufgegeben habe ! Jung vs. Alt – was ist das wahre Geheimnis für ein langes, gesundes und glückliches Leben? In diesem Video erzählt eine 96-jährige Frau offen, warum sie glaubt, nur deshalb so alt geworden zu sein, weil sie mit 60 Ja
0_219424_9_34953224024737964;0.2436;enthusiastic;;;;;​@ChillerNoKiller1woher weißt du das das Botox ist?...
0_219424_9_61074851002577134;0.2438;disappointed;;;;;Emmi hat keine Mimik mehr....zuviel Botox merken die nicht wie schlimm das aussieht....gibt es noch normale Menschen ohne OP`s und Botox, nur noch unnatürlich schrecklich
0_219424_9_8600282729867643;0.2438;disappointed;procedure-curious;fillers;;;"Der Mist wird auch langsam zu uns herüberschwappen wegen Social Media. Ich war echt geschockt als ich vor einer Weile hier in Deutschland in einem Einkaufscenter ein Kosmetiksalon gesehen habe, wo auch Unterspritzungen und andere ""kleine"" Eingriffe angeboten wurden...Diese Schönheitsideale sind so s"
0_219424_126_t1_o01waxr;0.2439;seeking;skincare-first;;;;Hello everyone, unfortunately I have had the fluttering in one ear for 4 weeks. I did a test at the university clinic and it is the good TTS. My question is who has ever taken medication for it? And can you recommend a good ENT who can carry out botox treatment? Hi, also bei mir ist es einfach so we
0_219424_9_57727113272232274;0.244;enthusiastic;;;;;Die sieht aus wie Botox Lippen. Obwohl das angemalt ist. Wie kann man sich so schminken und denken ja das sieht gut aus.
0_219424_126_t1_nyzonkh;0.2441;seeking;;retinol,spf,aging-signs;;;30 geworden. Was an Skin Care bringt wirklich was um langsamer alt auszusehen? Ja, Sonnenschutz ist das Wichtigste gegen Hautalterung. Vor allem halt wenn Sonne scheint. Es gibt sicher auch Cremes mit Retinol und Sonnenschutz gleichzeitig.
0_219424_126_t1_o6ra46t;0.2441;disappointed;skincare-first;retinol;;;Welcher Inhaltsstoff bewirkt wirklich etwas bei euch? Retinol, Hyaluron und BHA. Sonst merke ich von nichts etwas.
0_219424_126_t1_oel0jpd;0.2443;seeking;procedure-curious;;;;Was haltet ihr von den Looksmaxxern, die jetzt aus jeder Ecke kommen und gerade jungen Männern Tipps geben wollen, wie sie das maximale aus sich rausholen können? Gibt es verlässliche Zahlen darüber ob das überhaupt ein verbreitetes Phänomen ist? Also wieviel Prozent der 15-25jährigen sind wirklich 
0_219424_9_yt.4I89Ge7TOio;0.2443;enthusiastic;;;;;"Warum Frauen obsessed mit dieser Beziehung sind #HeatedRivalry #gaylove #gayromance #boyslove #queerfiction Alle reden über „Heated Rivalry"" - eine Serie, die für ihre Sexszenen zwischen zwei Männern gefeiert wird. Auf TikTok gibts Edits, dazu kommen Watchpartys, Lookalike-Contests und sogar Clubabe"
0_219424_9_9242022018006973;0.2444;cautioning;skincare-first;;;;Die it cosmetics mag ich überhaupt nicht, gefühlt sind alle Töne viel zu gelb und sie fühlt sich total cakey für mich an. Aja, meine (Ü50) Lieblingsfoundation is von lavera - überraschenderweise - die Hyaluron Liquid Foundation. Sie ist die einzzige die ich ganz aufbrauche und dann nachkaufe.
0_219424_9_48930275673081517;0.2444;disappointed;;;;;"Letzte Woche wurde uns noch vorgeworfen, dass wir zu Drogenverherrlichend sind 😂 Und Botox ist doch übertrieben in der Popkultur angekommen - daher das Video! Bald kommen aber auch wieder ""klassischere"" Themen, keine Sorge ♥"
0_219424_126_t1_o6ffcvm;0.2444;seeking;;;;;Could someone share their experiences with Botox treatment in Germany? Auf der Charite Seite steht leider was anderes. Hängt bestimmt vom Einzelfall ab.
0_219424_9_39300220142298320;0.2445;satisfied;skincare-first;aging-signs;;;"Dein beliebtestes Video ist einfach dein Sommerprossenvideo, guck ich mir noch oft an.🥰Bitte kein Botox in dein hübsches Gesicht , selbst deine ""Falten"" sehen gut aus.😌und Mehrarbeit wurde endlich mal richtig belohnt.🤑"
0_219424_126_t1_oj4u81i;0.2445;seeking;skincare-first;spf;;spf;"Frauen von Reddit, was sind die 5 typischsten Dinge, die Männer beim Altern vernachlässigen? &gt;Ich bin eher Typ ""sieht jünger aus als er ist"", werde mit meinen 35 Jahren regelmäßig auf Ende 20 geschätzt. Noch :D Also ohne unnötig Terror machen zu wollen - die Folgen von Strahlenbelastungen wirken "
0_219424_9_yt.rPH0HUo_wBg;0.2446;enthusiastic;;;;;Warum ALLE deine NAD+ Strategien falsch sind - Das CD38-Enzym Drama #NADStoffwechsel #NMN #NR #AntiAging #Sirtuine #Biohacking
0_219424_126_t1_okg8ms6;0.2446;disappointed;skincare-first;;;sod;Looksmaxxing ist kein neues Phänomen und erst problematisch, seitdem Männer es tun von bandwürmern bis amphetamine wurde alles in kauf genommen, um gewicht zu reduzieren. von anorexia nervosa und anderen essstörungen sind bis heute zumeist mädchen und frauen betroffen. schminke mit blei oder arsen w
0_219424_9_30180849572260303;0.2447;enthusiastic;;;;;Ja leider sind wie Gummi Puppe 😂 ganze Körper mit Botox 😂
0_219424_9_66318197863445391;0.2448;satisfied;;;;;Schaut euch doch manche botox Fratzen an. Das ist Verschlimmbessern. 😂🤣 die kann man dann nur noch im Musical König der Löwen einsetzen 😂🤣
0_219424_9_34653254541257934;0.245;seeking;;;;;Verblödete und verlogene  ÖRR mit Beitrag für kostenlosen Botox...schon GEZahlt?der Wirkstoff von Botox, ist das giftigste aller bekannten Substanzen für den Menschen.Daher soll  die Dosierung   erhöht werden und erst danach von objektiven und unabhängigen sowohl  qualitativen ÖRR  darüber berichtet
0_219424_9_yt.6KRxevYbgTg;0.2451;enthusiastic;skincare-first;;;;Iss das jeden Morgen – gewinne deine Kraft und Vitalität zurück | Tipps für Senioren! @Gesundheitsarzt 👉 Iss das jeden Morgen und bringe deine Kraft, Energie und Vitalität zurück!Viele Senioren fühlen sich im Alter müde, schwach oder energielos 😴. Doch die richtige Ernährung am Morgen kann einen rie
0_219424_9_yt.L9rG8l84wtA;0.2452;cautioning;procedure-curious;;;;Brainfog – Wie hormonelle Erschöpfung deinen Kopf vernebelt | Erfahrungsmedizin | QS24 Ihre Meinung zählt!Hat Ihnen diese Sendung gefallen? Dann freuen wir uns über Ihre Bewertung:👉 https://qs24.run/bewertungenKennst Du das Gefühl, als würde Dein Kopf im Nebel stecken? Du liest einen Satz, aber nich
0_219424_9_48247851115026347;0.2452;satisfied;;facelift;;;Putin hat  zu viel Botox und faceliftings
0_219424_126_t1_ojbbuo4;0.2452;enthusiastic;skincare-first;;;;Verzweifelt - Skinny Fat deluxe Hallo, abseits von Körperfett ist in deinem Fall auch überschüssige Haut ein Problem, die nicht mit Muskeln gefüllt wurde. Das ist eine wichtige Sache, deshalb Kraftsport anfangen ganz wichtig. Über eine Hautstraffung würde ich mich nach der Diät informieren. Resultat
0_219424_126_t1_o2gwafr;0.2453;seeking;procedure-curious;;;;Nehmen wir an ihr dürftet eine kostenlose SchönheitsOP bekommen, was würdet ihr an euch verändern? Meinen 24cm Walschwanz verkleinern auf gute 18 cm
0_219424_9_43513973740608610;0.2453;cautioning;;botox;;;"Erklärung „Schwarze"" Menschen sehen jünger aus und wenn sie sich Botox Spritzen lässt wird sie auch jünger aussehen"
0_219424_9_yt.0f8614ekiyU;0.2454;satisfied;;peel;;;Wenn er sagt das du natürlich schöner ist, und du aber damit beschäftigt bist die Kunst der Kosmetik Wenn er sagt das du natürlich schöner ist, und du aber damit beschäftigt bist die Kunst der Kosmetik auszukosten.———————————————————————————————-✨Termine ✨Per WhatsApp 📱 0179 6964209#KosmetikerinFran
0_219424_9_43241960632130613;0.2454;disappointed;;botox;;;Haha das sind die besten Botox ohne Ende im Gesicht heimlich Männer treffen in Hotels und dann sowas fordern 🤦🏽‍♂️😂😂😂
0_219424_126_t1_o8vatoi;0.2454;disappointed;;;;;Warum klappt das Online-Dating nicht? Falls du auf Datingapps deinen Erfolg maximieren willst: Abnehmen, Bart ab, Hautpflege betreiben, Haare machen lassen (oder ganz abrasieren), stylischere Kleidung. Aktuell wirkst du recht nerdig und paar Jahre älter als 26. Das ist nicht schlimm und kann sogar g
0_219424_126_t1_ojmx930;0.2454;enthusiastic;skincare-first;;;;Masseter Botox erfahrungen? Hast du schon mal Face Yoga gegen die Verspannungen ausprobiert? Ich mache das schon länger und bin totaler Fan. Kannst ja mal hier schauen: https://www.instagram.com/bareskinfaceyoga?igsh=MTZ5N2MwNTMycmVtMg==
0_219424_9_yt.PeC13b9SV3c;0.2454;satisfied;;aging-signs;;;Der älteste Arzt Japans: Graue Haare natürlich umkehren Der älteste Arzt Japans spricht über ein faszinierendes Thema: Kann man graue Haare auf natürliche Weise umkehren? In diesem Video teilt er seine Erkenntnisse über die möglichen Ursachen von grauen Haaren und zeigt einfache Gewohnheiten, die he
0_219424_9_13901162008930965;0.2455;disappointed;;;;;Das sind zum Teil die MiniMe der Mütter oder Omas. Das ist krank!Allesamt in ein 3wöchiges Pfadfinderferienlager stecken, bei denen Smartphone, Tablet, Plastikkrallenfinger und vor ALLEM die Eltern nichts, aber auch gar nichts zu suchen haben.Danach wissen sie wie geil es ist wirklich Kind zu sein!E
0_219424_9_60357519282699494;0.2457;satisfied;;;;;Ja naja,.. halb Hollywood sieht doch durch Botox aus wie Aliens..
0_219424_9_yt.eg2hPw5EmeE;0.2458;enthusiastic;procedure-curious;hyaluronic-acid;;;Allergische Reaktion nach Hyaluronidase #shorts So krass kann es aussehen, wenn eine Hyaluron-Behandlung schiefgeht. 😳➡️ Mehr Tipps und Themen, die euer Leben bunter machen, gibt's Mo-Fr von 12-15 Uhr bei Punkt 12 - oder jederzeit im Stream auf RTL+ 🧡#Hyaluron #Hyaluronidase #Redaktion
0_219424_9_17805460895031412;0.2458;enthusiastic;procedure-open;;;;Morgen ist Opernball, dadurch hat das Zuckergoscherl gerade ein straffes Programm.Botox to Go, Nasenhaare  und Augenbrauen zupfen, +10 cm Schuheinagen eingehen, Analbleatching,  die goldene Rolex putzen, Abendrobe mit Harald Glööckler besprechen (man will ja Pompöös daherkommen), ein lauwarmes Eau d
0_219424_126_t1_o2gxc5e;0.2459;seeking;procedure-curious;;;;Nehmen wir an ihr dürftet eine kostenlose SchönheitsOP bekommen, was würdet ihr an euch verändern? Viel muss es nicht sein, aber 30 wäre schon toll.
0_219424_126_t1_o2k1bi1;0.2459;seeking;procedure-curious;;;;Nehmen wir an ihr dürftet eine kostenlose SchönheitsOP bekommen, was würdet ihr an euch verändern? Nicht vor dem 6. aufs Klo.
0_219424_126_t1_o38ekq3;0.2459;seeking;;botox,price;;;Was haltet ihr 2025 von Botox und Fillern? Können, aber nicht müssen.     Bei Madison Beer, die Abrtausende in ihr Aussehen gesteckt hat, gefällt's natürlich allen. Bei der Kollegin, die sich bei M1 für 120€ spritzen ließ natürlich nicht. Shocker.
0_219424_126_t1_oe9cpxb;0.2459;cautioning;;botox;;;Dieter auch hart am abrutschen Zu viel Botox scheint nicht nur die Gesichtszüge komplett zu lähmen sondern auch das, was an Gehirnzellen vorhanden ist.
0_219424_15_4743395526750803;0.246;disappointed;skincare-first;vitamin-c,spf,aging-signs;;glycerin;Skincare-Abendroutine: Diese 82-jährige Oma verwendet dafür nur ein Produkt Was machen wir nicht alles, um jung auszusehen. Ob sich all die Well-Aging-Routinen auch tatsächlich auszahlen, können wir in den meisten Fällen erst im hohen Alter feststellen. Genau deshalb holen wir uns Tipps bei dieser 8
0_219424_9_20150354863082503;0.246;enthusiastic;;;;;Die ist auch schon 60. Botox lässt grüßen.
0_219424_9_yt.A-CV1_EqHsI;0.246;enthusiastic;procedure-curious;botox,aging-signs;lipolysis-injection;;"""Ich LEIDE SO SEHR darunter"" - mehr Symmetrie trotz Gaumenspalte | Dr. Rick & Dr. Nick | ProSieben Patient Marcel ist heute zu Gast in der Praxis von Dr. Rick und Dr. Nick und möchte sich wegen einem Problem behandeln lassen, unter dem er stark leidet. Er hat seit seiner Geburt eine Gaumenspalte und"
0_219424_9_yt.s1fcSzj__0k;0.246;enthusiastic;;;;;30 Jahre jünger aussehen mit 5 Übungen! #TaiChi #AntiAging #GesichtsYoga #Langlebigkeit
0_219424_9_yt.FX8vGVTFtF8;0.246;seeking;;;;;"Altern stoppen? 🫣 Altern stoppen?Noch nicht.Aber wir kommen näher.Mitzelluläre Reprogrammierungversuchen Forscher,Zellen wieder „jung"" zu machen.Tests an Mäusen zeigen:• bessere Organfunktion• schnellere Regeneration• jüngere biologische StrukturEin möglicher Schlüssel:Yamanaka-FaktorenAber wichtig:"
0_219424_9_52365594557891683;0.2461;enthusiastic;;;;;@eugene-hungaroserv1559 Erzähle das der russischen Botox Hack-Fresse!
0_219424_126_t1_o2hfp3g;0.2461;seeking;procedure-curious;;;;Nehmen wir an ihr dürftet eine kostenlose SchönheitsOP bekommen, was würdet ihr an euch verändern? Ich würde gerne 30 Jahre wegmachen lassen  😂
0_219424_126_t1_oh8l2bl;0.2462;satisfied;skincare-first;hyaluronic-acid;;;Feuchtigkeit Wichtig: Hyaluron zieht Wasser an, also anschließend Feuchtigkeitscreme auftragen, sonst trocknet die Haut noch mehr aus!
0_219424_126_t1_o5nc6yf;0.2463;seeking;skincare-first;aging-signs;;;Anzahl OP Schritte Genau für die Spacermethode wird die Haut vom Unterbauch für die zukünftige Harnröhre entnommen. :)Die Haarentfernung wird empfohlen, ist aber kein Muss. Im OP entfernen sie auch nochmal grob die Haare, es bleiben aber dennoch sehr viele über.Bei mir wurde damals Haut von 17cm für
0_219424_9_17648555304494299;0.2463;satisfied;procedure-open;;;;Die stimme war gleich er hatt nur keise geredet das mit dehn augen lag an der Belichtung denn bei anderer belichtung sahen seine augen wie immer aus und das gesicht ich schätze er hat botox für sich entdeckt
0_219424_23_34855392722507918;0.2464;satisfied;;price;;;Hyaluron Augentropfen Trockene Augen, juckende Augen, brennende Augen ideale Tropfen. Benutzen es seit jahren mit gutem Erfolg. Bei DocMorris zum günstigstem Preis bekommen.
0_219424_9_42618253350071492;0.2464;satisfied;;;;;3:45 Botox und Silikon sind ihnen aber noch nicht ausgegangen...
0_219424_126_t1_o2kjmhd;0.2465;seeking;procedure-curious;;;;Nehmen wir an ihr dürftet eine kostenlose SchönheitsOP bekommen, was würdet ihr an euch verändern? Kann man das auch verdoppeln und an den nächsten weitergeben?
0_219424_126_t1_ohkui8t;0.2465;disappointed;;;;;Musikfestivals sind Dämonische Rituale Ihr Mund geht vor lauter Botox kaum auf.
0_219424_126_t1_ohuaev1;0.2465;seeking;procedure-curious;fillers,price;;;Ich habe mich um 12.000€ betrügen lassen Wenn du Belegarzt in einer Klinik bist, hast du dort das Personal (OP-Pfleger, Anästhesie, etc.), und für Unterspritzungen in der Praxis brauchst du kein Personal.
0_219424_126_t1_o8njv1u;0.2466;disappointed;;;;;Dizzy after Botox Wie meinst du das? Wieso ging das nicht weg? Die Wirkung hält doch nur 3 Monate. Wo hast du Botox hinbekommen?
0_219424_9_37672314490676096;0.2466;enthusiastic;skincare-first;price;;;Liebe Nicole ❤Vielen lieben Dank für dein Aufgebraucht Video ❤Ja die Weichspüler Konzentrate von Lenor liebe ich auch. Ich habe alle drei 🙈Wäscheparfüm von Lenor habe ich ebenfalls. Puremetics finde ich ja mega spannend. Natürlich ist es sehr nachhaltig das die Produkte kein Plastikpackaging haben .
0_219424_9_10264061283225710;0.2467;seeking;;;;;"Interessantes Video, aber ein bisschen mehr Kritik wäre schon schön gewesen. Vor allem bzgl Hyaluron. Mittlerweile ist bekannt, dass es sich nicht mehr abbaut. Es nimmt an Volumen über JAHRE ab, aber bleibt unter der Haut. Nix mit 6-18 Monaten, was auf den ganzen „Werbe""-Websites kommuniziert wird."
0_219424_9_40417281432192698;0.2468;satisfied;;;;;BEI 31  FREMDSPRACHEN DIE MANUELLSEN DRAUF HAT hat er die mit 31KG SCHMINKE UND BOTOX genommen.Und jetzt steht Hänsel und Gretel neben dem wandelnden Duftbaum und reden über Liebe😂
0_219424_15_8841348846835636;0.2469;disappointed;;aging-signs;;;Anti-Aging-Pflege: Die besten Anti-Aging-Produkte für Männer: Diese Pflege wirkt wirklich Falten lassen sich nicht komplett wegcremen – aber sichtbar reduzieren. Diese Produkte und Wirkstoffe helfen dir, deine Haut länger frisch, glatt und gesund aussehen zu lassen
0_219424_126_t1_o2lcig5;0.247;enthusiastic;;;;;Ist Botox okay? Was ist denn Jowling?
0_219424_126_t1_o4lmiyi;0.247;satisfied;procedure-curious;;;;Hat sich jemand hier schon mal professionell mit dem Laser die Besenreiser entfernen lassen? Kommen die wieder? Ein Freund von mir hats vor ein paar Jahren machen lassen. Er hat jetzt leider wieder welche, aber immer noch deutlich weniger als vorher.
0_219424_9_yt.sw1pDZ1Rq1I;0.247;disappointed;procedure-curious;botox;;;"Sie kam für Zähne nach Istanbul… dann passierte DAS 😳 | Janettes komplette Verwandlung 🇹🇷 Janette ist aus Deutschland nach Istanbul gereist eigentlich nur für ihre Zahnbehandlung.Doch daraus wurde eine komplette Woche voller Veränderungen:• Neue Zähne• Botox &amp; Lippenbehandlung• Shopping &amp; Is"
0_219424_9_64591122327221130;0.2471;cautioning;skincare-first;;;;Ich denke auch, es ist Botox ähhh Jim Carrey, oben der Haaransatz identisch, Kinn identisch. Grübchen stimmen, nur deformiert, Oberlippe stimmt. Leider ja, ach man, über den hab ich mich früher kaputtgelacht. Wundert mich nicht, dass man keine Filme mehr von ihm sieht!Ach, Augenfarbe stimmt auch...d
0_219424_9_26061507224291706;0.2471;disappointed;procedure-curious;;;;​@Balduin..du7, neidisch ist man vielleicht, wenn man etwas haben möchte, es aber niemals bekommen wird und wenn es dazu einen ärgert, dass der andere es hat. Ich kann ebenfalls nicht nachvollziehen, was an diesen Kaffeebeuteln mit Henkel so schön ist, dass man wenigstens das Fake-Produkt besitzen m
0_219424_9_11531597213531604;0.2471;disappointed;procedure-curious;botox;;;Theoretisch dürfte man es heutzutage schon, denn im Jahr 2022 stimmte die damalige Ampel-Regierung mehrheitlich gegen § 219a StGB (Werbeverbot für Schwangerschaftsabbrüche), wodurch im Juli 2022 dieser Paragraph endgültig aus dem Strafgesetzbuch gestrichen wurde. In der Praxis würde es in der Form n
0_219424_126_t1_nxqsx2o;0.2472;satisfied;;;;;"Chelsea Handler roasts Leonardo DiCaprio for being stuck on a boat in St. Barts: ""It was just like the 'Titanic' but worse because Jeff Bezos was there."" Holy botox..."
0_219424_9_65588892403643503;0.2472;satisfied;;;;;hat Selena Gomez nicht einfach ein Facelifting machen lassen?
0_219424_23_27135736989026244;0.2473;enthusiastic;skincare-first;;;;Cellular Epigenetics verjüngendes Serum Das Serum habe ich im Oktober zum ersten Mal gekauft. Ich habe danach ein Exzem um den Mund bekommen. Da wusste ich noch nicht, dass es vom Serum ist. Jetzt habe ich wieder getestet, und habe wieder ein Exkzem. Haben Sie schon anderen Meldungen erhalten? Irgen
0_219424_9_39492163499952320;0.2474;disappointed;;;;;Zu weit weg. Frau Botox war damals nicht geboren...
0_219424_126_t1_oigu0kt;0.2474;enthusiastic;procedure-curious;botox,retinol,spf,aging-signs;;;Wie damit umgehen, als Frau (echt) unattraktiv zu sein? Ich bin echt geschockt mit wie vielen Beleidigungen du umgehen musst? Das geht ja gar nicht, das ist echt schrecklich und tut mir wirklich leid! Aber das sagt auf jeden Fall mehr über diese Menschen aus als über dich, glaub mir die sind auch ni
0_219424_126_t1_o2ywtgo;0.2475;seeking;procedure-curious;;;;Nehmen wir an ihr dürftet eine kostenlose SchönheitsOP bekommen, was würdet ihr an euch verändern? Eigentlich nicht, ist auch echt nicht viel nur so zwei bis drei Zentimeter die mein Bauch sich wölbt.
0_219424_126_t1_o9hq6nf;0.2475;cautioning;procedure-open;;;;👀 Gossip Das dachte ich mir auch schon das ein oder andere Mal. Sie hatte letzte Woche auch so merkwürdige Beulen in der Lippe. Kenne ich so nur von Botox
0_219424_9_yt.KmKZyxZ9mnY;0.2475;enthusiastic;;;;;Hampel- Kniebeugen bringen deinen Körper in Schwung. Bewegen ist Leben. #abnehmen Hast du dich heute schon bewegt?Bewegen ist Leben!Du signalisierst deinem Körper das er gebraucht wird. Bestes Anti Aging Training. Das wichtigste was du zum Leben brauchst ist Sauerstoff den du mit bewegen in deinen K
0_219424_126_t1_ojgvgz8;0.2476;seeking;skincare-first;retinol,hyaluronic-acid;;glycerin;"Meine Produkte Überdenkt bitte die Anwendung von Produkten, die Schneckenschleim enthalten, da Tiere hierfür in Massentierhaltung gehalten und gequält werden. *""Die Schnecken leben größtenteils in kleinen Käfigen und werden vorsätzlich starkem Stress ausgesetzt. Dies hat einen Grund, denn Stress ist"
0_219424_126_t1_o3cbv6g;0.2477;seeking;;peel;;;"Gestorben bei Peeling - Todesfall aus der Doku ""Brasilien, Botox, Butt Lift - Alles für die Schönheit"" Und haben diese Personen dann auch ein Staatsexamen gemacht? Sind sie also unabhängig geprüft?"
0_219424_9_13467072411093513;0.2477;disappointed;skincare-first;;;;Jetzt  kommt aber das Alter durch, hilft kein Botox mehr 😢😂😂😂😂😂
0_219424_9_68433360077637961;0.2477;disappointed;;botox;;;Stimmt. Diese Frau hat keinerlei Mimik. Entweder die schluckt was oder spritzt zu viel Botox.
0_219424_23_54332925313573097;0.2478;disappointed;skincare-first;aging-signs;;;Nachtcreme mit Soja - zur Hautstraffung Ich habe die NIVEA VITAL Soja Anti-Age Straffende Nachtpflege als kostenloses Produkt zum Testen erhalten. Das Soja-Extrakt in der Beschreibung gefiel mir gut, aber leider bin ich mit Duft gar nicht zufrieden. Das Gefühl auf der Haut war etwas spannend, ob es 
0_219424_9_30178330386219865;0.2478;satisfied;skincare-first;;;;Frage mich, wie er noch seine Mimik hinbekommen will, mit dem ganzen Botox und Silikon.
0_219424_9_4972001752719860;0.2478;seeking;;;;;was denkt ihr wieviel  Kilo Botox  in diesem Raum war
0_219424_9_13124167585806673;0.2478;enthusiastic;;;;;Botox Lady wird bestimmt auch gespielt 👍
0_219424_9_3140905113347609;0.2478;enthusiastic;;hyaluronic-acid;;;"Es sollte Botox &amp; Hyaluron mit Nina heißen 😳"
0_219424_9_24309347934777590;0.2479;satisfied;;;;;Leute es ist keine Schönheitsoperation sondern sie hat einen Tumor!
0_219424_9_23694235548510856;0.2479;satisfied;;;;;@manneman7456 das Botox sieht nicht schlecht aus--und keine Ahnung geht auch mit etwas Bildung
0_219424_126_t3_1qtu3tn;0.2479;satisfied;skincare-first;botox;;;Was haltet ihr 2026 von Botox und Fillern? Nachdem wir alle die letzten 3 Jahre  gesehen haben, wie Filler und Botox das Gesicht ins Negative verändern können (ich denke da an den Hate den Kylie Jenner abgekriegt hat, unter all ihren Fotos auf Instagram).   Was haltet ihr jetzt 2026 davon? Unbedingt
0_219424_126_t3_1r6bcyd;0.2479;disappointed;skincare-first;retinol,hyaluronic-acid,aging-signs,price;;;Neutrogena Retinol Boost Nachtcreme 50 ml, Anti-Aging Pflege mit Retinol, Hyaluronsäure und Antioxidans, unparfümierte Gesichtscreme gegen Falten und ... -26 % 11,09 € Anti-Age Gesichtspflege – Die Retinol Creme setzt reines Retinol in der Hautoberfläche frei, um das Erscheinungsbild der Haut zu ver
0_219424_126_t1_o18hmhd;0.248;disappointed;skincare-first;;;;Wie steht ihr zu überschüssiger Haut oder Hautstraffung nach hohem Gewichtsverlust? Meine jetzige Freundin hat auch knapp 40kg abgenommen, war wirklich sehr schlank und hat durch die Beziehung wieder zugenommen aber stören tut es mich nicht, ich liebe sie wie sie ist! Wenn jemand nicht mit deinem Kö
0_219424_9_65190401471925418;0.248;disappointed;procedure-curious;;;;Liebe Susanne,ich hatte das im vorletzten Jahr mit meinen Knien. Starke Schmerzen , ähnlich wie bei dir. Ich hatte auch das Gefühl, als wenn die Sehnen in den Kniekehlen verspannt, verkürzt seien. Rausgestellt hat sich an beiden Knien starke Abnutzung und an einem eine Bakerzyste, die dann punktiert
0_219424_15_26816364693175359;0.2481;enthusiastic;skincare-first;aging-signs,price;;;REVIEW: Ziaja – Ziegenmilch Gesichtspflege Hi, Ihr Lieben! Ende November habe ich ein tolles Set von Ziaja erhalten, mit verschiedensten Ziegenmilch Produkten für Gesicht und Körper. Heute stelle ich euch mal die Gesichtspflegeprodukte davon vor! Im März kommen dann die Körperpflegeprodukte dran. Zi
0_219424_126_t1_oaxdc87;0.2481;seeking;;price;;;Penis vergrößern: geht das wirklich? Es gab mal die pe-community.Dort könnte man sich austauschen und es wurden Trainingspläne usw hoch geladen.Zur Verdickung des Penis gibt es die Möglichkeit ihn mit Hyaluronsäure aufzuspritzen. Er wird dann voluminöser.Das Hyaluron baut sich jedoch mit der Zeit 2-
0_219424_126_t1_o3k4bk7;0.2482;cautioning;;;;;Die Mondlandung war natürlich ebenfalls Fake… Finger weg von Botox u.ä.Wandert anscheinend Richtung Hirn.
0_219424_9_36564182996424096;0.2482;seeking;skincare-first;aging-signs;;;Hautpflegeroutine interessiert mich auf jeden Fall 👍🏻 vor allem das Thema natürliches anti aging.
0_219424_126_t1_okuy1n5;0.2483;satisfied;;botox;;;"Kleinigkeiten die immer wieder komisch sind Frau isst Unmengen an Fast Food, Fertigessen und ""Schrott"" und trinkt nichts als Massenweise an zuckerigen Drinks und hat die Figur eines  Fitnessmodels. Auch gut: Frau soll eine durchschnittliche, amerikanische Hausfrau darstellen, die nun nicht besonders"
0_219424_9_24620824801921813;0.2484;disappointed;skincare-first;;;;Also so ein Spa/Minisalon würde mir auch gefallen 😍😂ich glaube ich würde auch diese Anti-Aging Treatments auch machen,natürlich auch bis zu einem gewissen Punkt 😉warum auch nicht,wenn man das Geld hat,sehe ich kein Grund,warum man es nicht tun sollte🤷🏻‍♀️toller Beitrag ❤das Thema ist sehr interessan
0_219424_9_10985634575891222;0.2484;disappointed;;;;;Die sehen im Alter wegen ihrer Botox-Sachen schlimm aus!
0_219424_126_t3_1sj960w;0.2484;disappointed;skincare-first;hyaluronic-acid,price;;aloe;Satin Naturel Hyaluron Serum Hochdosiert 100ml – Bio Hyaluronsäure Serum Gesicht – Anti-Aging Feuchtigkeitsserum – Vegan – 24h Feuchtigkeit – Gesichts... -47 % 18,59 € 🍃 HOCHWIRKSAMES HYALURON SERUM – Hergestellt in Deutschland – Luxuriöse vegane Gesichtspflege mit 4-fach Hyaluronsäure, Spirulina &a
0_219424_126_t1_o10lc52;0.2485;satisfied;skincare-first;aging-signs;;;Wie kann ich meine Haut retten, UV strahlen sind auch im Winter da. Nur weil es nicht warm ist, heißt es nicht, dass die Strahlen nicht trotzdem zur Hautalterung beitragen...
0_219424_126_t1_nxhum70;0.2486;enthusiastic;procedure-curious;;;;"Ich habe heute ganz lange am Stück gezeichnet. Egal, gibt so viele Rechtschreibfehler im Internet ;)Deine Zeichnung sieht hammer aus. Zeichne und Male auch sehr gerne, will mir demnächst Mal ne kleine Tattoomaschine anschaffen um das Mal zu probieren und zu üben, vielleicht wäre das ja auch Mal was "
0_219424_126_t1_ob2ygra;0.2486;satisfied;procedure-curious;;;;Meine Verlobte will einen größeren, was tun? Alternative ist eine Penisvergrößerung. Länge nur durch OP, Dicke geht mit Hyaluron. Machen mehr Männer als man denkt.
0_219424_126_t1_o7xg7ok;0.2487;satisfied;skincare-first;botox;;;Jim Carrey? Bin ich Schwurbler? Jim carrey sagt seit Jahren, dass er nicht jim carrey ist, sondern ein lichtwesen bestehend aus Liebe (oder so)Dass er jetzt dieses botox/katzengesicht hat, ist zwar komisch aber bei weitem nicht das verrückteste an ihm
0_219424_23_5550564352925883;0.2487;enthusiastic;skincare-first;;;;Super bei trockenen Augen Das Produkt Visiomax mit 0,3 % Hyaluron erfüllt meine Erwartungen. Es hilft mir gegen trockene Augen und ist auch noch Konservierunsfrei.Die Tropfen brennen nicht und sind sehr angenehm.
0_219424_9_yt.oTI4VU0YjFE;0.2487;seeking;;price;;;"# 99 es wird heiß - Podcast ""Sisterhood"" In dieser Folge wird's heiß und zwar gleich auf mehreren Ebenen. Coachella steht vor der Tür und  die beiden sind mitten in den letzten Vorbereitungen. Die Outfits sind endlich komplett. Hat Sydney eigentlich bestimmte Vorstellungen vom Coachella????Außerdem "
0_219424_9_yt.M7anZlPJPtk;0.2488;enthusiastic;procedure-curious;peel;microneedling;;✨ Werde zur Expertin in der Beauty-Branche! ✨ Du möchtest deine Skills erweitern und professionelle ✨ Werde zur Expertin in der Beauty-Branche! ✨Du möchtest deine Skills erweitern und professionelle Behandlungen anbieten? Ich biete dir in Frankfurt exklusive Schulungen für:💧 Aquafacial🌟 Microneedlin
0_219424_126_t1_oix8z5k;0.2488;enthusiastic;skincare-first;;;;Streak 7 : Schönheitsoperation Streak 7 : SchönheitsoperationEs ist leider nicht zu leungen, dass in den letzten Jahren die Bedeutung ~~von~~ der Schönheit und de**s** Selbstbild**s** sich verändert und verzerrt. Aus diesem Grund nimmt die Anzahl ~~von~~ der Schönheitoperationen in **einem** erschre
0_219424_126_t1_o2rike1;0.2489;seeking;procedure-curious;;;;Nehmen wir an ihr dürftet eine kostenlose SchönheitsOP bekommen, was würdet ihr an euch verändern? Der, äh… Leidensdruck von Unlucky_Air6124 soll riesig sein, hab ich gehört. Hab ich gehört.
0_219424_9_39247479030122925;0.249;cautioning;;;;;😂😂😂😂 die ist voll Botox die hat kein Hirn mehr
0_219424_9_12516974442094403;0.2492;satisfied;skincare-first;;;;Sie und seine Ex-Frau sehen auch toll aus. Aber Jürgen nimmt kein Botox. 😂😂😂😂🍀👍🏻
0_219424_126_t1_ofa0me2;0.2492;cautioning;skincare-first;botox,natural;;;"Steht ihr wirklich auf natürliche Frauen? Zb. baby-botox, viele denken, dass man Botox sofort ansieht- was man merkt und als ""Botox Gesicht"" kennt kommt allerdings aus zu viel *Filler*!! (Hyaluronspritzen zB, das ist KEIN Botox) in den Wangen, Lippen,etc. und dann hat man dieses typische übergesprit"
0_219424_126_t1_o2k0ub1;0.2493;seeking;procedure-curious;;;;Nehmen wir an ihr dürftet eine kostenlose SchönheitsOP bekommen, was würdet ihr an euch verändern? Haare. Ich nehme die Haare. Ich überlege nur ob ich vom Hinterkopf nehmen soll oder lieber Schamhaare. Mit Schamhaaren könnte ich mir einen Afro wachsen lassen, das wäre so cool!
0_219424_9_43399072642575434;0.2493;satisfied;;;;;hätte einen neuen titel für ihren film. die botox bombe!
0_219424_9_18132013184094164;0.2493;disappointed;;;;;Mit Botox ist alles möglich  😂 bei der alten Frau ist ohnehin nichts mehr echt... und von Oberstübchen garnicht erst reden.Dort sind einige Schrauben locker. 🤫
0_219424_9_29664289961878008;0.2493;disappointed;skincare-first;;;;Das mit der Nervenkrankheit find ich immer noch sooo schlimm. Botox selbst ist kein Auslöser sondern wenn überhaupt die Spritze die den Nerv verletzt. Obwohl das auch wenn sehr selten ist. Seltener als die Krankheit selbst. Laut Google wird Botox nämlich teilweise als Therapie eingesetzt.
0_219424_9_yt.E_LtMPQHEIk;0.2494;disappointed;;;;;Warum Anti-Aging-Firmen Sardinier hassen (Sie leben zu lange GRATIS!) #Gesundheitsspanne #LanglebigkeitsDiät #BlueZoneGeheimnis #BigAntiAgingLügen
0_219424_9_29117484586576596;0.2494;enthusiastic;skincare-first;spf,aging-signs;;spf;Guten Morgen liebe Anja, Du hast echt eine schöne Haut. Ja, eine konsequente Haut- und Pflegeroutine ist echt sehr wichtig. Den Alterungsprozess im Körper kann man nicht stoppen, aber verlangsamen mit guter und kontinuierlicher Pflege. Ich verwende ganzjährlich immrr Sonnenschutz. Gesundheit ist auc
0_219424_9_41732674808585819;0.2494;cautioning;skincare-first;;;;Die Augenfarbe ändert sich doch nicht, wenn man sich Botox ins Gesicht spritzen lässt.So einen Quatsch habe ich wirklich noch nie gehört.Die Stimme ist auch sehr seltsam. Das ist für mich nicht Jim Carey.
0_219424_9_12866810761293669;0.2494;enthusiastic;;;;;Botox tritt über die Haut ins System 🧠
0_219424_126_t1_o2jpg1u;0.2495;enthusiastic;;;;;Ist Botox okay? Hab aus genau dem Grund angefangen bin aber schon deutlich älter. Bin sehr happy damit. Du könntest auch erstmal sogenannte Frownies ausprobieren über Nacht.
0_219424_126_t3_1sytgu7;0.2495;seeking;;;;;"Mots-C und der Hype um „Zellenergie"": Was steckt wirklich dahinter? **Mots-C wird gerade mit viel „Zellenergie""- und Anti-Aging-Marketing verkauft. Klingt wissenschaftlich , aber wie viel davon ist echte Forschung und wie viel ist nur cleveres Branding?**"
0_219424_9_10216116322203002;0.2496;disappointed;skincare-first;;;;Irgendwie glaub ich nicht das Gina Lisa nix von der Botox Flat wusste
0_219424_9_13375240155038607;0.2496;seeking;;price;;;Rizinusöl kostet bei Action 2,49€ und wirkt wie ein natürliches Botox💯❣
0_219424_9_66005073882558789;0.2496;satisfied;;;;;Bei Ju ist es botox. Hat videos druber gemacht
0_219424_126_t1_ok2d8cd;0.2496;satisfied;procedure-curious;retinol,spf;;;Warum benutzt man nicht immer Sonnencrem mit lsf 50+ ? Man muss nicht braun werden um Schäden davon zu tragen...Stell es dir vor wie eine verbrennung, einen leichten Schaden hast du sehr schnell aber ne richtige Verbrennung dauert etwas.Nichts anderes ist ein Sonnenbrand. Der Prozess bis dahin ist a
0_219424_126_t1_odhqbm4;0.2497;satisfied;;;;;Ist das KI? Gute Augen gesucht Ja. Sieht man immer daran dass die Fotos viel zu perfekt sind. Besonders der Spiegel Selfie im club. Beide Botox lächeln und die einzigen im Bad, keine anderen Gesichter zu sehen etc. Vergleich es einfach mit normalen Party Fotos
0_219424_15_40043105317708658;0.2498;cautioning;skincare-first;facelift;;;Jennifer Garner will dieses Versprechen ihren Kindern nicht geben Jennifer Garner weigert sich, ihren Kindern zu versprechen, dass sie niemals ein Facelift machen lässt, weil sie nicht weiß, wie sie sich fühlen wird, wenn sie älter wird. Die 53-jährige Schauspielerin – die mit Ex-Ehemann Ben Affleck
0_219424_9_1079243289009398;0.2498;satisfied;;;;;Das ist schon Jim Carrey, mit 3 Liter Botox in der Birne.
0_219424_9_23757097043868552;0.2498;satisfied;;;;;Was für eine kaputte Generation 😢. So jung und so krank, dann diese Ersatzteile 😂. Nägel, Wimpern, Botox, Füller, Haarextension, Filter usw Gott oh Gott, da steht sie, die zukünftige Katzenlady
0_219424_126_t1_oguriaf;0.2498;enthusiastic;procedure-curious;aging-signs;;;Rote Punkte/Eingewachsene Haare an den Beinen Laserhaarentfernung hat bei mir super geholfen.Entfernt die eingewachsen Haare mit und nach ein paar Behandlungen wächst general kaum noch was. Absoluter Gamechanger.Je dunkler die Haare im Verhältnis zur Haut sind, desto besser funktioniert es.Hab es ab
0_219424_126_t1_o2iu4ii;0.2499;seeking;procedure-curious;;;;Nehmen wir an ihr dürftet eine kostenlose SchönheitsOP bekommen, was würdet ihr an euch verändern? Penisverkleinerung
0_219424_15_16281550650142523;0.2499;enthusiastic;procedure-open;;microcurrent;;"Podcast ""Meno an mich"" : Warum wir damit noch lange nicht fertig sind Die Wechseljahre scheinen in aller Munde zu sein – so sehr, dass inzwischen Stimmen laut werden, die sagen: Jetzt sei doch genug gesagt, die Wechseljahre seien ein ""natürlicher Prozess"", man solle älter werdende Frauen bitte nicht"
0_219424_126_t1_ol5x2ef;0.2499;disappointed;;;;;Sylvie Meis Die Hauptursache ist Botox😂  Aber das Ergebnis ist heftig, das ist wahr
0_219424_9_50370377271169595;0.25;disappointed;skincare-first;;;;Weil die Hauptdarstellerinnen durch Botox und Co so jung aussehen haben sie die Kinder nun einfach 10 Jahre jünger gecastet damit es wieder passt. Sorry aber ich seh wei Zombie Frauen ohne Mimik.
0_219424_9_9866571332163346;0.2501;seeking;;;;;Was sie mit bring in die beziehung Botox Silikon Küntsliche Fingernägel Küntzliche Wiimpern usw.😅
0_219424_126_t1_o4dpxzb;0.2502;satisfied;;;;;Skispringer-Skandal: Bringen Hyaluron-Spritzen in den Penis Olympia-Vorteile? luftruder?
0_219424_126_t1_oe1uhak;0.2502;disappointed;;peel;;;39F, pls help, this is just the weight of a light towel… Was hältst du von Microneedling?Das hilft Kollagen aufzubauen!
0_219424_9_11640000552895769;0.2502;seeking;;botox;;;Wieviel Botox kann ein Gesicht vertragen😂
0_219424_9_yt.agJPl0XuW_A;0.2502;enthusiastic;;peel;;;Haarausfall stoppen: Rosmarinöl & Microneedling #shorts Rosmarinöl oder Tea Tree Oil ist ein Game Changer gegen Haarausfall. Kombiniere es mit Microneedling für ein schnelles Nachwachsen der Haare. Aber Vorsicht: Nicht übertreiben! #Haarausfall #Rosmarinöl #Microneedling #Haarpflege
0_219424_126_t1_o193ngl;0.2503;satisfied;skincare-first;laser;;;Wie steht ihr zu überschüssiger Haut oder Hautstraffung nach hohem Gewichtsverlust? Ich habe nie behauptet das es irgendwann gut sein sollte als Mann schlechte Figur hat. Noch habe ich behauptet das man automatisch top fit ist wenn man kein Übergewicht hat. Selbstverständlich sind Sachen wie Konsum 
0_219424_9_55011374978996186;0.2503;enthusiastic;;;;;Da kannst dann wieder Botox kaufen für die Botox Fresse
0_219424_9_42741976989213654;0.2503;satisfied;procedure-open;;;;Klare Ansage von Estland. If, then Regelung ! Die versteht auch der Botox Opa, oder besser gesagt anders versteht es nicht. Aber es sind klare Verhältnisse. Gut gemacht Estland. Ich hoffe Lettland und Litauen machen bald mit.
0_219424_9_56047214353901694;0.2503;disappointed;skincare-first;;;;"Tja ... hatte nichts erwartet und wurde nicht enttäuscht.Ein paar ""nette"" Kills, aber ansonsten ... leider wirklich langweilig.Und Meta funktioniert mal gar nicht.Ganz schlimm Courtney Cox ... war mal eine wirklich schöne Frau bevor sie die ganzen Schönheitsoperationen hat machen lassen ... jetzt ka"
0_219424_126_t1_oad6k37;0.2503;satisfied;;;;;Tja Fun fact: Botox ist ein Nervengift. Vielleicht kann er sich aus dem eigenen Giftschrank behelfen?
0_219424_9_55309278420314224;0.2504;satisfied;;;;;12:30 Silicon Bombe kommt gefüllt mit Hyaluron gefüllt Lippen...
0_219424_126_t1_o2gy145;0.2504;seeking;procedure-curious;;;;Nehmen wir an ihr dürftet eine kostenlose SchönheitsOP bekommen, was würdet ihr an euch verändern? Unironisch nichts glaube ich. Ich mag meinen Körper. Ist ne angenehme 6/10 an seinen besten Tagen, aber ich mag ihn.
0_219424_9_238681591749495;0.2504;satisfied;skincare-first;;;;Ich dachte und hoffte, der hässlichen Botox-NSAfD-Nazi-Hexe im Video geht es gesundheitlich schlecht? Sie könne nicht mehr so oft ihre kriminellen und rassistischen Nazi-Hetz-Tiraden loslassen? Ok, war also mal wieder Verarsche und Abzocke der dümmsten und verkommensten unserer Gesellschaft - der NS
0_219424_9_yt.8cFmUYhYUNo;0.2505;satisfied;;;;;Über 60? Dieses Frühstücks-Lebensmittel stoppt Muskelabbau SOFORT! | Gesundheitsarzt 💪 @Gesundheitsarzt 💪 Über 60? Stoppen Sie Muskelverlust JETZT!In diesem Video zeigen wir Ihnen ein kraftvolles Lebensmittel, das Sie jeden Morgen essen sollten, um Muskelabbau zu verlangsamen, Kraft zu steigern und 
0_219424_23_71060127705961492;0.2505;enthusiastic;skincare-first;vitamin-c,hyaluronic-acid;;;Rundum Pflege Die Kombination aus Hyaluron, Kollagen und Vitamin C wirkt durchdacht und hochwertig abgestimmt. Ich habe den Eindruck, dass es meine Haut und Beweglichkeit in meinem Alltag positiv unterstützt. Für mich ist es eine sinnvolle Ergänzung, die spürbar zur täglichen Wohlfühl Routine beiträ
0_219424_23_55332254059346426;0.2505;seeking;skincare-first;;;;Ortho expert hyaluron tablets [Diese Bewertung wurde im Rahmen einer Werbeaktion gesammelt.] These Multivitamins Tabletten mit Hyarulonsäure lassen sich leicht einnehmen und sind gut verträglich. Ich merke, dass sich meine Gelenke besonders nach einem langen Tag oder Sport gut anfühlen. Ich werde si
0_219424_9_43438227224339080;0.2505;enthusiastic;;;;;Super gebügelt, mit Botox ist der...😂😂😂
0_219424_126_t1_o3jch0r;0.2506;seeking;procedure-curious;peel,spf;microneedling;;"Kann man mich retten? Cordes BPO hilft gegen große Poren, ist aber ziemlich stark also mit der geringsten Konzentration anfangen und tagsüber unbedingt Sonnenschutz nutzen und für die Nacht eine feuchtigkeitscreme, ich nutze seit Jahren Happier Barrier von Geek&amp;Gorgeus. Ich mache außerdem alle 4"
0_219424_9_yt.cagOfLttzIc;0.2506;enthusiastic;skincare-first;;;;Tipps von Malu Wilz | Ü50-Make-up-Künstlerin Kraftvolle Anti-Aging-Pflege von MIRI findest Du hier: https://go.miri-beauty.de/MIRI_ProdukteDas Video solltest Du Dir auch unbedingt anschauen: https://youtu.be/0dIeXjGikugMake-up für reife Haut – und plötzlich heißt es überall:weniger, leichter, bloß n
0_219424_126_t1_nzx08qv;0.2508;enthusiastic;skincare-first;peel;;;"Microneedling Danke! Ich werde das Microneedling für den Anfang in einer Praxis machen. Bin soooo gespannt auf diesen „Anti-Aging"" Effekt."
0_219424_15_16545410691998;0.2508;enthusiastic;skincare-first;retinol,vitamin-c,niacinamide-peptides,aging-signs;;retinol;"Longevity-Cremes: Sind sie tatsächlich unser Jungbrunnen? Die Haut länger fit, glatt und straff halten: Das versprechen die neuen Longevity-Cremes. Und wie wollen die das angehen? Longevity, also Langlebigkeit oder vielmehr der Weg dahin, spricht sich ""Lonschevity"" und ist das, was man einen Mega-Tr"
0_219424_9_41366045250647556;0.2508;cautioning;;;;;Botox ist ihr ins Hirn diffundiert....haben wir Mitleid
0_219424_9_31199591379048184;0.2508;enthusiastic;;;;;Botox verändert Leute, aber so schnell?und die Nase ist irgendwie breiter.Überhaupt hat man in den letzten Jahren das Gefühl, dass die Schönheitsbranche viel besser ist. Manche Stars sehen plötzlich 30 Jahr jünger aus und nicht mehr so duch ihre früheren OP ect. zerstört.
0_219424_9_42968806740841362;0.2509;satisfied;;botox;;;Er ist Jim Carry, er hat NUR ein paar schönheits OP's bzw. Botox behandlungen.Seine blicke und sein Mundwinkel verrät, dass er es ist.
0_219424_23_32433940147180271;0.2509;enthusiastic;skincare-first;;;;Tolles Serum Das Q10 3-in-1 Regenerierende Serum von NIVEA überzeugt mit einer leichten Textur, die schnell einzieht und die Haut spürbar glatter und gepflegter wirken lässt. Die Kombination aus Pflege, Regeneration und Anti-Aging-Effekt macht es zu einem idealen Begleiter im Alltag. Insgesamt ein s
0_219424_9_26202819204104324;0.2509;satisfied;;;;;Dass er schlecht behandelt wird, liegt an seiner Haar-und Haarfarbe 😅 und das bleibt trotz Hyaluron und Botox 😅  Ist nun mal so in DACH 😅
0_219424_126_t1_o2kuq5r;0.251;seeking;procedure-curious;;;;Nehmen wir an ihr dürftet eine kostenlose SchönheitsOP bekommen, was würdet ihr an euch verändern? Gerne hätte ich wieder volles Haar auf dem Kopf.
0_219424_9_yt.wbWaU-bVHbw;0.251;enthusiastic;;;;;Folge @HerzTaiChi, um deinen Körper sanft mit Taichi zu stärken und zu heilen.4 geniale Handbewegungen – klein, aber extrem wirkungsvoll für Schönheit, Gesundheit und ein jüngeres Körpergefühl! ✨🤲#Beauty #Wellness #Gesundheit #Motivation #AntiAging #TaiChi #JüngerAusSehen #Gewichtsverlust #Yoga #Bec
0_219424_9_yt.x_NRRnoUVLU;0.251;satisfied;;price;;;7 Lebensmittel die Sie UM JEDEN PREIS MEIDEN sollten und 2 die voller Power stecken #ernährung #gesundheit #lebensmittel #senioren #powerfood🔔 Abonnieren Sie Gesundheitsarzt, um keine wichtigen Gesundheitstipps zu verpassen!Viele Menschen essen täglich Lebensmittel, die dem Körper langfristig schade
0_219424_126_t1_nz7gfbh;0.2511;disappointed;;botox;;;Solche Bilder entstehen auch nur im Netto Gibt schon Frauen, die in jungen Jahren Botox gespritzt bekommen hatten, die so alt sind.Aber guck dir lieber Bilder von irgendeinem Autounfall an, ngl.
0_219424_9_yt.canJYfo3oR4;0.2511;disappointed;;facelift,celebrity;;;Amira Aly denkt über Schönheits-OP nach Amira Aly spricht so offen wie nie über graue Haare, Schlupflider und mögliche Beauty-OPs. Die Moderatorin überrascht mit ehrlichen Worten, die viele Fans bewegen.Mit nur 33 Jahren entdeckt Amira Aly plötzlich weiße Haare am Scheitel – ein Moment, der sie emot
0_219424_9_50282010926026094;0.2511;satisfied;;celebrity;;;Und wenn man sie bei Promi big Brother aufruft, sieht man auch, dass sie danach ganz dezent hat etwas machen lassen. Es gibt ja etliche Schönheitseingriffe die minimal sind. Lider, Doppelkinn, Massnahmen zur Verbesserung Hautbild ( Falten, Tränensäcke, Pigmentflecken etc.)
0_219424_15_7137313636658631;0.2512;disappointed;;aging-signs;;;Anti aging - Best of Skin Care - Anti aging - Best of Skin Care bei limango mit bis zu 90% reduzierter Ware gegenüber der UVP des Herstellers! Die Aktion startet am 25.03.2026 um 07:00 Uhr und endet am 29.03.2026 um 23:59 Uhr Jetzt zur Anti aging - Best of Skin Care Aktion bei limango!
0_219424_126_t1_oju7sjz;0.2512;seeking;procedure-curious;hyaluronic-acid;;;Was haltet ihr von Hyaluron Filler? Hyaloron kenne ich nur von irgendwelchen Faltencremes, aber dass man sich das irgendwie da hin tut hab ich noch nie gehört.
0_219424_126_t1_obqv1h3;0.2513;enthusiastic;procedure-curious;spf;;;"Wie fühlt man sich gepflegter und sieht auch so aus? Haare nach hinten sieht bei vielen Menschen nicht gut aus. Ich hab täglich mit den unterschiedlichsten Menschen zu tun und bei kaum jemanden sieht das gut aus. Warum? Weil das oft komplett entgegen der Wuchsrichtung ist und dann oft ""hin geschleim"
0_219424_126_t1_oj9ykwt;0.2513;seeking;skincare-first;peel,spf,aging-signs;;spf;Funktioniert die ganze Gesichtskosmetik eigentlich? Naja 99% des anti aging effects solcher cremes sind auf den Sonnenschutz zurück zu führen. Du kannst dir also auch einfach eine normale Sonnencreme LSF 50 kaufen. Ansonsten ist die Ernährung und stressreduktion ein viel größerer Hebel für die Hautg
0_219424_126_t1_o2imniw;0.2514;seeking;procedure-curious;;;;Nehmen wir an ihr dürftet eine kostenlose SchönheitsOP bekommen, was würdet ihr an euch verändern? Nasenflügel ein paar Millimeter nach unten verlängern
0_219424_9_yt.5LouM8I2980;0.2514;disappointed;;celebrity;;;Helene Fischer: DAS hat sie verändert… Helene Fischer ist zurück – aber nicht so, wie du sie kennst.Nach ihrer Auszeit und der Geburt ihres zweiten Kindes hat sich bei Helene Fischer etwas Grundlegendes verändert. In diesem Video erfährst du, warum sie heute bewusster lebt, klarer Nein sagt und waru
0_219424_9_39714593034323109;0.2515;enthusiastic;;;;;Saniel😊,weißt du...die Leute mit Lifting sehen nicht jünger aus.....guck mal hin...regelmäßige Gesichtsmassagen, Gesichtsgymnastik(das Gegenteil von Botox) und Gute Produkte regelmäßig gemacht.....führen zu mehr Ebenmäßigkeit im Gesicht u.besserem Aussehen später.......die Gelifteten u.Gespritzten s
0_219424_9_yt.i9C1phqQ2H0;0.2515;disappointed;skincare-first;peel;;;"Wann hast du dir das letzte Mal was Gutes getan? 💆‍♀️✨"" Wir Frauen sind oft für alle da – aber wo Wann hast du dir das letzte Mal was Gutes getan? 💆‍♀️✨""Wir Frauen sind oft für alle da – aber wo bleiben wir selbst? Eine Gesichtsbehandlung ist nicht nur was für die Haut, sondern auch für die Seele:✅ "
0_219424_9_59756971436618815;0.2517;enthusiastic;;;;;​@OriginalWagner1dann wird es wohl Botox sein!?
0_219424_9_66254679431165389;0.2518;satisfied;;;;;Das ist keine schönheitsoperation sonder sie hat Tumor und das kann zu 3-5 Jahren zu Krebs führen und das muss raus operiert werden
0_219424_9_67538257788584497;0.2518;satisfied;;;;;Das liegt an Botox in seiner Fresse!!! Nichts spektakuläres
0_219424_126_t1_obtliz0;0.2518;seeking;skincare-first;;;;Bin mir unsicher, wer mehr Botox im Körper hat Bin mir eher unsicher, wer mehr Sperma im Arsch hat.
0_219424_9_69562367233909970;0.2518;satisfied;skincare-first;;;;"Das ist vielleicht auch wie beim Dating. Über einem bestimmten Typen hat sich herumgesprochen, dass er Frauen nicht sonderlich gut behandelt, aber viele Frauen denken sich dann: „Ich bin etwas besonderes, eine 10 von 10. Bei mir ist er auf jeden Fall anders.""Und dann blicken sie so merkwürdig herein"
0_219424_126_t1_o2hzl0w;0.2519;cautioning;skincare-first;;;;Ich kann das alles nicht mehr Halben liter botox versehentlich ins Gehirn injiziert
0_219424_126_t1_o2ud7tj;0.2519;seeking;procedure-curious;;;;Nehmen wir an ihr dürftet eine kostenlose SchönheitsOP bekommen, was würdet ihr an euch verändern? Hab mal so um die 115kg gewogen, jetzt eher so 80.Hab sehr rapide gewicht verloren, und dadurch ne menge überschüssige haut an allen Ecken und enden.Nichts weltbewegendes, aber das Körperbild ist schon
0_219424_9_yt.h7fb0loGvy0;0.2519;seeking;skincare-first;;;urea;KI erklärt Pflege #10 - Urea: Zwischen Anti-Aging-Illusion und medizinischer Superkraft Ist eure Antifaltencreme eine wissenschaftliche Sensation oder eine geschickte optische Täuschung? In dieser Folge lade ich euren Wissensspeicher zum Thema Urea auf.Ich analysiere für euch die klinische Datenlage
0_219424_9_61970385626057598;0.2519;satisfied;;;;;Botox direkt ins Gehirn macht auch nichts kaputt 😊
0_219424_126_t1_oeifd75;0.2519;satisfied;skincare-first;;;;"Dieter Bohlen: Fans nach ""DSDS""-Sendung von Aussehen überrascht Denke er würde ohne Botox etwa so aussehen wie Gerhard Schröder"
0_219424_9_57914025640538789;0.2519;disappointed;;;;;Die alte kann man abschalten, genauso wie den Rest vom deutschen TV! Die sieht auch schon aus wie Kader Loth...ihre Stirn ist viel zu glatt gebügelt....Botox hat ihr wohl das Hirn vernagelt......Netflix an und die ganzen Psychos heutzutage ausblenden.....bei ausbleibender Gage verhungern die von gan
0_219424_126_t1_nydwvyi;0.252;cautioning;procedure-curious;safety;;;Meine Grenzen werden nicht respektiert Wenn er so gerne ohne Kondom Sex haben will und sich sicher ist, keine Kinder haben zu wollen, kann er ja eine Vasektomie in Betracht ziehen. Geht bei Männer in der Regel schneller, günstiger und schmerzfreier als bei Frauen und mit weniger Hickhack. Wobei mir 
0_219424_9_20780341650773134;0.252;satisfied;skincare-first;;;;"Sein Gesicht, seine Mimik wofür er ja weltweit bekannt war/ist... Hmmm 🤔!?War Jim Carrey nicht auch derjenige der Witze in allen möglichen Shows etc. ständig Pizza(gate) Witze gemacht hat usw.? Wurde er nicht sogar deswegen von Jennifer Aniston mal live vor der Kamera strange ""angemacht"", dass er be"
0_219424_126_t1_o2hb6vk;0.2521;seeking;procedure-curious;;;;Nehmen wir an ihr dürftet eine kostenlose SchönheitsOP bekommen, was würdet ihr an euch verändern? Eigentlich zieht man die Silikonspritze am Ende der OP wieder raus 🤔
0_219424_9_19918324978028072;0.2521;satisfied;;;;;Dem Raab haben se in Form von ner Covidimpfung abgetriebene Föten unter die Haut gespritzt! Das hat der Xavier cleverweise nicht mit sich machen lassen! Wer ist jetzt der Dumme von beiden?
0_219424_9_yt.uFlvfw9og_0;0.2521;seeking;;;;;15 Geheimnisse für ewige Jugend – Sofort anwenden!  #shorts  #viral #fyp ​#gesundheit#antiaging#gesundleben#gewohnheiten#wohlbefinden#longevity#gesundheitswissen#healthhacks#shortsfeed#viral
0_219424_126_t1_o2hmb7z;0.2522;seeking;procedure-curious;;;;Nehmen wir an ihr dürftet eine kostenlose SchönheitsOP bekommen, was würdet ihr an euch verändern? Ich lass mir auch gerne mal den Schwellkörper nach vorne verlagern. Heh.
0_219424_126_t1_o2shec1;0.2522;seeking;procedure-curious;;;;"Nehmen wir an ihr dürftet eine kostenlose SchönheitsOP bekommen, was würdet ihr an euch verändern? Wenn es niemand macht, worüber beschwerst du dich dann? ;-)"
0_219424_9_70797090193169581;0.2522;satisfied;;;;;​@EndlessNight33Nee,ist ja auch Fake,verstehst du? Aber natürlich nicht mehr als bei Gangsta Rapper und seiner Botox-Werder- Matratze...
0_219424_9_46651903784491154;0.2523;enthusiastic;skincare-first;;;;"Sehe es auch geteilt (siehe mein erstes längeres Kommentar)Aber Augen werden im Alter gern mal von Braun in ""jüngeren"" Jahren blau im Alter, dass ist nicht so ungewöhnlich.Aber der ganze Rest seines Gesichtes, muss schwere chirurgische Eingriffe, sowie Botox in rauen Mengen hinter sich haben.Was all"
0_219424_23_31664144783864649;0.2523;satisfied;skincare-first;hyaluronic-acid,spf,aging-signs;;ceramides;Pflege und Schutz Ich nutze die CeraVe Sonnencreme fürs Gesicht jetzt regelmäßig und finde sie super praktisch für den Alltag. Sie spendet Feuchtigkeit und schützt gleichzeitig vor der Sonne, ohne dass ich zwei Produkte benutzen muss.Die Textur ist angenehm leicht, zieht schnell ein und hinterlässt 
0_219424_126_t1_og624hn;0.2523;disappointed;skincare-first;celebrity;;pha;Fake feminismus nervt mich !! Nun, ich finde persönlich, dass Frauen viel zu viel wert auf Makeup und Co liegen und gleichzeitig das Narrativ in ihrem Kopf haben, dass Männer darauf wert legen. Ich denke aber auch, dass das vor allem von Frauen / Industrie für Frauen ist - und dass das wenig mit Fem
0_219424_9_66035532846753627;0.2523;enthusiastic;;;;;Botox-Opa sitzt mit voller Hose im Bunker....🤔?Prima,  läuft ja wirklich alles nach Plan....😁👍!!!
0_219424_23_5736625298704416;0.2525;satisfied;skincare-first;;;;Das Produkt nehme ich schon länger um die Haut-Barriere zu stärken. Es zieht schnell ein, ist geruchlos, reizt nicht. Das Gel enthält Hyaluron. Bisher hatte ich nie Probleme.Die Lieferung ist flott, Bestellung und Bezahlung sehr einfach.Die Verpackung in Ordnung. soll heißen, gut verpackt, viel Luft
0_219424_126_t3_1s8mjg7;0.2525;disappointed;skincare-first;peel,aging-signs;;;Akne Narben verbessern Ich hatte und habe seit Beginn der Pubertät mit Akne im Gesicht und am Rücken zu kämpfen. Mittlerweile ist der Zustand recht akzeptabel geworden, aber leider sind viel Narben in Form von dunkelen Verfärbungen zurückgeblieben.  Es gibt verschiedene Laser/Microneedling/Seren/etc
0_219424_126_t1_o1htx9r;0.2526;disappointed;procedure-curious;;;;Hässlich sein ist anstrengend. Was soll ich sagen, da du hast Recht. Es gibt häßliche Menschen und leider findet da unterbewusst und manchmal auch bewusst durch viele eine Ungleichbehandlung statt. Du sagst du wirst regelmäßig auf der Straße bespuckt, das finde ich absolut krass, da es etwas ist was
0_219424_126_t1_o3b8ykl;0.2526;enthusiastic;;aging-signs;;;"Was hilft wirklich gegen  Falten? Bei Mimikfalten: da helfen Gesichtsmassagen sehr und das Üben, das Gesicht im Alltag zu entspannen. Nichts anderes macht Botox - das ist ein Nervengift, das den Muskel ""lähmt"" somit zur Entspannung zwingt."
0_219424_126_t1_nxofaeh;0.2528;satisfied;procedure-curious;peel;microneedling;;Was machen gegen Dehnungsstreifen Was ein Unsinn. Wenn man jede Technologie mit so einem Bullshit abtut würden wir noch mit Kutschen rumfahren. Microneedling bringt bewissenermaßen etwas. Nicht so viel wie man sich vielleicht wünschen würde aber alleine durch dsa was man da macht, ist es geradezu lo
0_219424_126_t1_o5rkhxh;0.2528;seeking;skincare-first;;;;Welche (Luxus-)Beautybehandlungen sind wirklich ihr Geld wert? Wenn du keine Haitprobleme hast ,brauchst du das doch gar nicht. Vielleicht ab und zu mal microdermabrasion um abgestorbene Hautschüppchen zu entfernen.Hatte mal Miconeedling mit Wärmeeinwirkung(weiss nicht wie es genau genannt wurde),da
0_219424_9_66511806033402878;0.2529;satisfied;;;;;Starlight hat es ein bisschen mit Botox übertrieben...
0_219424_126_t1_odpt3vf;0.253;disappointed;skincare-first;peel,price;;;"Ich verstehe nicht wie sich andere ein Haus kaufen können &gt; Was geben denn Frauen die in einer Stadt leben für Haare aus? Die Frauen in meinem Umfeld (in Berlin, ist jetzt nicht München aber schon lange keine *billige* Stadt mehr, und zweifelsfrei eine Metropole), allesamt akademiker, alle mindes"
0_219424_9_66657653728159580;0.2531;enthusiastic;;;;;"Das Botox wartet schon ""Gina Ariel Lisa"""
0_219424_23_37146796880793305;0.2531;disappointed;procedure-curious;;;;Mir ist es unverständlich, wieso ein derartig hoher Druck auf den Boden der Tropfflasche erforderlich ist, um einen einzelnen Tropfen auszulösen. Die Tropfen sind in Ordnung, die Tropfflasche an der Grenze der Unbrauchbarkeit! Ich kann das Produkt daher KEINESWEGS empfehlen - rausgeworfenes Geld! Su
0_219424_9_yt.lQHd5g6jk2w;0.2531;seeking;;;;;TAAC25: Healthy Longevity: Zukunftstherapien | Vortrag von Nina Ruge 📅 Datum: 14.03.2025📍 Ort: Turn Around Aging Konferenz (TAAC) 2025, München🎤 Sprecherin: Nina Ruge📘 Vortragstitel: Healthy Longevity: ZukunftstherapienWas erwartet uns in der Zukunft der Langlebigkeit?TV-Ikone, Wissenschaftsjournali
0_219424_126_t3_1q88c4k;0.2532;seeking;procedure-curious;;;;Kondome gehen bei mir absolut nicht, Vorhaut zu lang durch alte Phimose Moin zusammen,Kurze Vorgeschichte: Mit 7 hatte ich eine starke Phimose, der Urologe wollte damals operieren, meine Eltern haben es aber nicht machen lassen. Irgendwann (mit ca. 12) hat es sich von allein gelöst, aber die Vorhaut
0_219424_126_t1_o2scnt2;0.2532;seeking;procedure-curious;;;;Nehmen wir an ihr dürftet eine kostenlose SchönheitsOP bekommen, was würdet ihr an euch verändern? Wieder Haare auf dem Kopf haben.
0_219424_9_14559602079714858;0.2532;cautioning;;botox,price;;;Sie spritzt sich Botox im Gesicht  was natürlich sehr teuer ist und geht gebrauchte Sachen für Baby kaufen 😂😂😂diese polnische Frau ist schon nicht ganz sie selbst, sie redet so betont so wie haltet sich für  was besseres.
0_219424_126_t1_oa72qqr;0.2532;seeking;skincare-first;retinol,spf;;retinol;Ist das eine gute Pflegeroutine? Danke für den Tipp, dann werde ich mir da etwas besorgen für den Sonnenschutz.Meine Ziele sind simpel, Hautalterung verlangsamen, daher Sonnenschutz und Feuchtigkeit. Ist das Retinal abends dafür gut?
0_219424_126_t1_obtar54;0.2533;enthusiastic;;;;;Masseter Botox Bewegungskontrolle während dem Schlaf, hmmm kay.
0_219424_9_yt.pSTcK6yZN7Q;0.2533;enthusiastic;;botox,aging-signs;;;✨ Hausgemachtes Botox: 20 Jahre jünger wirken ✨ Entdecke dieses hausgemachte Botox-Rezept, das hilft, Falten, feine Linien und Hautflecken zu reduzieren. Einfach, günstig und natürlich – perfekt für deine Abendroutine. 🌿💆‍♀️ Für straffere, glattere und strahlende Haut ganz ohne aggressive Chemikalie
0_219424_126_t1_nxpr8li;0.2535;enthusiastic;procedure-curious;peel;microneedling;;Ich bin wohl hässlich. 95kg - 178cm - Glatze - Wampe - Augenringe des Todes und komisches Seitenprofil. Was muss ich tun um lächerlich sexy auszusehen, dass ich modeln könnte? Wo fange ich an? Helft mir bei der Projektplanungsphase. Und wie hast du es mit microneedling gemacht? Selber angewandt oder
0_219424_9_6063725955123063;0.2535;enthusiastic;skincare-first;;;;sie wirkt älter. Wegen ihres Verhaltens und wegen ihrer Ausstrahlung. Ich bin 35, sehe äußerlich auch wie 35 aus (ich nutze keinen Botox und sowas) aber mir wird oft gesagt ich wirke viel jünger. Mein Freundeskreis ist im Durchschnitt ca. 7 Jahre jünger als ich weil mich ältere/gleichaltrige immer f
0_219424_126_t1_o38b4dn;0.2535;disappointed;skincare-first;peel;;;"Gestorben bei Peeling - Todesfall aus der Doku ""Brasilien, Botox, Butt Lift - Alles für die Schönheit"" Mich interessiert vielmehr, wie lange sie dafür bekommen hat."
0_219424_9_56953166288158376;0.2535;enthusiastic;;;;;Schade, junge madels mit ihre botox strategie sehen alle +10 jahren
0_219424_126_t1_ofccz9j;0.2535;disappointed;skincare-first;;;;Steht ihr wirklich auf natürliche Frauen? Die Männer schminken sich ja überwiegend auch nicht aber über 40 sehen nur noch die Männer und Frauen gut aus die eine gesunde Lebensweise gepflegt haben. Liebe 20-something's: denkt nicht a die Schminke, denkt an Zahnpflege, regelmäßige Arztbesuche, Sport u
0_219424_126_t1_nyzaenn;0.2536;seeking;;botox;;;Wie ist eure Ansicht zu Schönheits-OPs? sehr gut, gehe regelmäßig ca. alle 6 Monate zu Botox nachspritzen in Deutschland. Zähne komplett machen lassen in Deutschland. Augen Lasern lassen in Deutschland. Kann das alles sehr empfehlen.
0_219424_9_27941078088925035;0.2536;cautioning;;botox;;;Botox, spritzt das den rot-grün-woken Dödeln in den Kopf, und sie glauben sie hätten ein Gehirn! 🤤👍
0_219424_126_t3_1t744et;0.2536;enthusiastic;skincare-first;spf,aging-signs;;spf;Wie kann ich meine Routine verbessern Ich habe ölige oder Mischhaut, leichte bis mittlere Akne und paar Pickelmale. Morgens muss ich mein Gesicht mit nem Cleanser waschen, weil ich über Nacht total glänze. Dann verwende ich nur noch nen Sonnenschutz.Abends gleicher Reiniger, warten bis alles trocken
0_219424_126_t1_of6rqw0;0.2537;enthusiastic;skincare-first;;;;Was sind eure besten Beauty Hacks? Ist Gewöhnungssache. Das funktioniert, natürlich nicht wie Botox, nicht mal wirklich den ganzen Tag, aber ja, wenn ich morgen aufstehe ist meine Stirn glatt.
0_219424_9_yt.DeQ9-Hm2QAE;0.2537;disappointed;;;;;Verborgene Wahrheiten über das Leben als Frau nach 60 (Darüber spricht niemand) #FrauenÜber60 #VerborgeneWahrheiten #AlternMitWürdeDie Geheimnisse über das Leben nach 60, die Frauen niemals erzählt werden — enthüllt.Mit 60 endet nichts. Aber es gibt Wahrheiten, die tief im Schweigen vergraben sind —
0_219424_126_t1_ofwdywo;0.2537;enthusiastic;skincare-first;botox;;;"Will mich meine Freundin zu Ihrem Traummann machen? Für sie und ihre Freunde ist Botox, ""Die abnehmen Spritze"", Hormone und Hormonblocker fürs Fitnessstudio ganz normal. Alles was der Markt hergibt wird auch benutzt. Kann mir niemand beantworten, muss ich selbst wissen: hat es Sinn ihr Weltbild in B"
0_219424_9_yt.30WmoMHncKk;0.2538;seeking;skincare-first;spf,aging-signs;;;Derma Talk Longevity für schöne Haut - Global Age Defense+ Cream Mit der Global Age Defense+ Cream mit SPF 30 beginnt ein neues Kapitel moderner Hautpflege. Die innovative Skin Longevity Tagespflege verbindet effektive Anti-Aging-Wirkung mit einem ganzheitlichen Schutz vor den zentralen Treibern vor
0_219424_23_18177122368171370;0.2539;enthusiastic;procedure-curious;;;;Mein Favorit bei sehr trockenen Augen Für mich sind das bisher die besten Augentropfen. Sie helfen meinen sehr trockenen Augen wirklich spürbar, und ich möchte im Alltag nicht mehr darauf verzichten. Da ich die Tropfen mehrmals am Tag brauche, sind die kleinen Einzeldosen für mich oft unpraktisch, w
0_219424_126_t1_ohodwi3;0.2539;satisfied;;;;;April 2026 - Social Media Thread Christian Wolf & Co Dass Promiflash eher pro-Christian ist, lässt sich doch schon an den Überschriften erkennen. Hab mal die Überschriften der letzten Tage zusammengehangen. Da zeichnet sich schon ein recht klares Bild, wie die Berichterstattung über CW zurechtgeboge
0_219424_126_t1_o8njf1f;0.254;enthusiastic;procedure-open;botox;;;Dizzy after Botox Hey, ich habe Anfang Januar zum zweiten Mal Migräne Botox bekommen. Und habe jetzt nahezu Dauerschwindel und Benommenheit, Schwere hinter den Augen. Ich kann meistens kaum noch laufen. Es dreht sich zwar nichts aber es ist total merkwürdig und extrem. Ich wundere mich nur, weil ich
0_219424_9_2097451414453324;0.254;seeking;skincare-first;natural;;;Kollagen, Faszien, Alterungsprozesse - Frage: Gibt es inzwischen unabhängige, seriöse Studien, Forschung, Untersuchungen: ob Corona, SarsCoV2, eine durchgemachte Covid19-Infektion Menschen dauerhaft schneller altern lässt, die Zellalterung beschleunigt?Es sind zahlreiche Menschen unterschiedlichen A
0_219424_126_t1_nx8q1my;0.2543;seeking;procedure-open;;;;Botox bei Migräne Ich habe viele Berichte von Menschen gelesen, die Botox gegen chronische Migräne ausprobiert haben, nachdem andere Behandlungen kaum geholfen haben. Bei vielen wirkt es nicht sofort, aber in den Wochen danach merken sie, dass sie weniger Migränetage haben oder dass die Schmerzen we
0_219424_126_t1_o2hdepu;0.2543;seeking;procedure-curious;;;;Nehmen wir an ihr dürftet eine kostenlose SchönheitsOP bekommen, was würdet ihr an euch verändern? Dies zu 100 % keine Brille mehr tragen zu müssen, wäre echt nice.
0_219424_126_t1_o2kteqz;0.2543;seeking;;;;;Ist Botox okay? Ja meinte es auch eher als versuch sich das abzugewöhnen. Alluzience hält mindestens 6 monate, kommt auch immer auf den lebenstil an wie lange es hält. Wenn sie dauernd viel Mimik hat, wird sie früher Falten bekommen.
0_219424_9_71078622427997005;0.2543;disappointed;procedure-curious;;;;OMG. Diese weiber werden nie erleben wie es ist eine wirkliche innige Beziehung zu führen. Mein Partner bringt mir auch mal ein Geschenk mit, das mach ich aber auch für ihn. Ich mache für ihn Lunchboxen und massiere ihn nach einem schweren Tag. Er bringt mir am Wochenende Kaffee ans Bett. Es braucht
0_219424_9_7042912237018056;0.2543;satisfied;;;;;Da hat das Botox wohl das Hirn erreicht... 🤦‍♂️
0_219424_126_t1_oa6xuak;0.2543;disappointed;skincare-first;;;;Ich hasse Priviligierte Dass Alle Menschen gleich seien kommt immer nur von Blinden oder Machtvollen, dass Geld nicht das wichtigste ist von gut betuchten und dass Aussehen nicht alles ist von Leuten mit Botox Bonuskarte
0_219424_23_44108164415816963;0.2543;satisfied;skincare-first;;;;tolles Serum! Ich habe bereits mehrere Seren probiert und finde das neue Q10 Serum bisher am besten! Man kann es durch die Pipette gezielt und sparsam auftragen. Ich verwende es 2mal täglich hauptsächlich um die Augenpartie herum (und ein bisschen am Hals), lasse es kurz einziehen und trage danach n
0_219424_126_t1_of5nj8a;0.2544;seeking;skincare-first;botox;;;(Gut gemachte) Beautyeingriffe sehen so gut aus Wie alt bist du denn? Ich vermute dass das mit Mitte 30 irgendwann losgeht. Ich weiß von Frauen die zumindest Botox spritzen, von denen ich das auch nicht unbedingt erwartet hätte.
0_219424_9_34982387686603712;0.2545;satisfied;;;;;"Der sieht einfach aus als hätte er Botox in der Stirn &amp; den Augenbrauen."
0_219424_9_57433127836756278;0.2545;cautioning;;;;;Was steht uns dann bevor, wenn heutzutage, fast jeder zweite sich mit Botox behandelt.
0_219424_9_46785876990639395;0.2546;satisfied;skincare-first;botox;;;Er hat immer so viel mit seinen Gesichtszügen gespielt. Warum sollte er sich Botox spritzen lassen? Das würde seine ganze Persönlichkeit zerstören. Vielleicht muss er Medikamente nehmen, die sein Gesicht aufdunsen lassen haben. 🤷🏼‍♀️ 10:00 Hier finde ich, sieht er auch so anders aus. Keine Ahnung. I
0_219424_126_t1_o8rxreb;0.2546;satisfied;skincare-first;botox;;;"Was hat es mit Rene Redo auf sich? Weil unter jedem seiner Beträge nur noch Dinge wie ""Bubensahne"" oder ""Jünglingsdungeon"" stehen, gab es da einen Skandal oder sind das Trolle? Wenn man in Potsdam vor seinem Restaurant steht schaut einen sein Botox-Gesicht ungelogen 12x an. Es ist einfach überall. A"
0_219424_9_5620735569066328;0.2548;cautioning;;;;;Schönheit entsteht nicht durch Botox 😢😢😢
0_219424_126_t1_o435pyb;0.2548;seeking;procedure-curious;niacinamide-peptides;;;"Was haltet ihr von ""The Ordinary"" Produkten? Seit Jahren die Kombination aus Cleanser, Niacinamide (morgens)/Hyaluron (abends) und die  „Natural Moisturizing Factors + HA"" als Basis im Einsatz - perfekte Hautroutine für mich."
0_219424_9_64031367174895923;0.2549;disappointed;;;;;Kommt wohl auf Metabolictype drauf an..Bin jetzt runter v 750 mg auf 250...Habs jetzt monatelang eingenommen 😊 Danke lieber Herr Dr Hartner..nehme eh keine chemischen Stoffe da P450 aktiv..😔GlyNAC wird als  antiaging Hype in der USA gesehen...😊
0_219424_9_22400423702834057;0.2549;enthusiastic;;;;;Junge ihr seid nicht mehr zu retten und habt zu viel Zeit. ES IST 100% JIM CARREY. Einfach gealtert, Botox + Licht. Die Leute finden einen Klon wahrscheinlicher als etwas Hyaluron 😂😂 ihr seid reif fürs PLK
0_219424_23_17118354551956785;0.2549;satisfied;skincare-first;;;;Q10 Facial Butter Q10 Anti-Falten Kollagen Experte Facial Butter hat mich Überzeugt. Ein Produkt für morgens und abends, einfacher geht's nicht. Butter zieht schnell ein und hinterlässt keinen Fettfilm. Zusammen mit dem Serum eine tolle Pflege für fortgeschrittene Hautalterung.
0_219424_9_yt.m_bYK-cijF8;0.2551;enthusiastic;skincare-first;hyaluronic-acid,aging-signs;;ceramides;Schön gepflegt ab 50 - meine Pflege-Routine & was unsere Haut jetzt wirklich braucht * Kirsty Coco Eine strahlende Haut Ü50 ist keine Hexenwerk, sondern das Ergebnis einer guten Hautpflege, die zu einem passt. Meine Tipps für eine natürlich schöne Haut. HEUTE ⬇️Q10 Regeneration - Vegane Q10-Kapseln 
0_219424_9_20913355533656397;0.2551;satisfied;;;;;Ein Thumbnail soll den inhaltlichen Zusammenhang visuell verdeutlichen, nicht ein garantiertes Ergebnis versprechen. Kollagenreiche Lebensmittel können Bausteine liefern, ersetzen jedoch weder genetische Faktoren noch den natürlichen Alterungsprozess, weshalb im Video die wissenschaftliche Einordnun
0_219424_126_t1_o9cjipq;0.2551;seeking;procedure-curious;;;;kontinuierlicher Streit über Sex Ich würde da höchstens mal mit einer Sexualtherapie probieren ( beidseitig! ) aber ich muss mich den anderen auch anschliessen. Das ist total ungesund wie das bei euch läuft… seine Partnerin schon fast zum sex zwingen/ immer wieder überreden zu wollen ist überaus gre
0_219424_9_19253341874154110;0.2552;satisfied;;;;;😳🤢 Widerlich, wie Raab sich über Sonja und Botox geäußert hat, sowie über die Nase von Samira!!!So etwas gehört nicht mehr 2026 ins Unterhaltungsfernsehen.Lieber Stefan, was meinst du, wenn Andere sich mal über deine Optik auslassen 😬...
0_219424_126_t1_o31iyuk;0.2552;satisfied;;retinol;;;"Jetzt mit den richtigen Bildern :D Leider falsch - das Wort mit 5 Buchstaben, das wir für „Melanias maskenhaftes Auftreten"" suchen, lautet BOTOX, nicht DIANA"
0_219424_23_25503562804584173;0.2552;satisfied;skincare-first;aging-signs;;;Super Produkt Das Q10 Anti-Falten Kollagen Expert 3in1 Regenerierende Serum hat mich positiv überrascht. Die Textur ist leicht und zieht schnell ein, ohne zu kleben. Nach regelmäßiger Anwendung wirkt meine Haut straffer und glatter, feine Linien sind sichtbar gemildert. Besonders gefällt mir, dass d
0_219424_126_t1_oftenqq;0.2552;enthusiastic;skincare-first;peel,retinol,spf;;retinol;Pickel am gesamten Rücken, an den Schultern, auf der Brust und im Gesicht Das kann bei dir durch eine Hormonveränderung kommen. Wie oft wechselst du Oberteile und deine Kopfkissen? Bzw. falls du nachts ohne Shirt schläfst, wie oft wechselst du das Laken? Wenn nicht schon Thema bei dir, mindestens ei
0_219424_9_yt.f6OUkyUkEIk;0.2553;seeking;;;;;"Yulia Burtseva 38 starb plötzlich nach einer Schönheitsoperation „Die notwendigen amtlichen und medizinischen Unterlagen werden in Kürze sichergestellt. Es werden mehrere forensische Untersuchungen, darunter eine medizinische, angeordnet"", heißt es in dem Statement.#YuliaBurtseva"
0_219424_126_t1_o7uxgzc;0.2553;cautioning;skincare-first;;;;Welches Rasierwasser/ Aftershave benutzt Ihr? Hast du nicht wirklich, oder? Obwohl ich mir das schon irgendwie vorstellen kann, denn Sperma ist generell gut für die Haut (also aufgetragen), weil es beispielsweise der Hautalterung vorbeugt. Wenn ich jetzt so drüber nachdenke, gibt es vielleicht sogar
0_219424_9_yt.8KqPhr9LdCY;0.2553;seeking;;;;;Warum Eisbäder dein Leben um Jahre verlängern können ❄️ Kann Kälte wirklich dein Leben verlängern?Immer mehr Studien und Erfahrungen aus der Praxis zeigen, dass Kältetherapie und Eisbäder erstaunliche Effekte auf unseren Körper haben können. Was früher nur von Extremsportlern genutzt wurde, entwicke
0_219424_9_2606780396672791;0.2555;disappointed;;;;;Wie alt is die? 60? Lass mal die Finger vom Botox, fillee und co. 🤦🏽‍♀️
0_219424_9_11168760067265170;0.2555;enthusiastic;;;;;​@andiderpiratwar es Botox dann inhaliert
0_219424_126_t1_of1y4yj;0.2556;seeking;;;;;Masseter Botox Auch nach 3 bis 6 Monaten nicht.
0_219424_9_29224995224010241;0.2557;disappointed;;;;;Du meinst für Frau Navalni von NTV 😂 Die hat doch gerade erst ne Botox Ration in den USA bekommen!
0_219424_9_34481081279381658;0.2558;satisfied;procedure-open;;;;Who done it mit Jon Bernthal? Bin dabei!Tessa Thomson war mir zu maskenhaft, ich fürchte, da wurde ein bisschen zu viel Botox verwendet.
0_219424_126_t3_1qdpxh5;0.2558;seeking;skincare-first;peel;;;Microneedling Hi,hat hier wer Erfahrung gemacht mit Microneedling und möchte seine Erfahrung teilen? Ich habe überlegt, das mal auszuprobieren… An Botox oder sonstiges traue ich mich A nicht ran und B möchte ich dafür (noch) kein Geld ausgeben. Würde mich über einen Austausch freuen! Lg :)
0_219424_126_t1_o2k9o2q;0.2558;seeking;procedure-curious;;;;Nehmen wir an ihr dürftet eine kostenlose SchönheitsOP bekommen, was würdet ihr an euch verändern? Haare
0_219424_126_t1_o35b3yy;0.2558;seeking;;botox;;;Was haltet ihr 2026 von Botox und Fillern? Dasselbe wie 2025: nichts.
0_219424_9_yt.KcHLoIsaSA4;0.2558;seeking;;;;;Nobelpreisträger-Arzt: Essen Sie dies jeden Tag, um bis 100 Jahre alt zu werden 🌿 Ein Nobelpreisträger-Arzt enthüllt das tägliche Lebensmittel, das Ihre Lebensdauer verlängern und Ihnen helfen kann, gesund bis 100 zu leben!In diesem Video erfahren Sie:🍎 Welches Lebensmittel das Geheimnis der Langleb
0_219424_126_t1_ol1a16n;0.2558;disappointed;;aging-signs;;;[Anti-Aging] 37 PDGF Under Eyes https://www.reddit.com/r/30PlusSkinCare/s/AAF2QniNvM
0_219424_126_t1_o02teay;0.256;seeking;procedure-curious;laser;laser;;Möglichkeiten als Neurologe Ich empfinde Neuro als extrem vielseitiges Fach, wie bereits genannt:Schwerpunkte in der klinischen Tätigkeit - der Strokologe, Wald-und Wiesenneurologie, der klassische Neurologe unterscheiden sich z.T. gravierend.Schwerpunktpraxen/Ambulanzen für Immuno, Epilepsie, Kopfs
0_219424_126_t1_o7hrmwl;0.256;satisfied;;;;;NEIN BITTE NICHT Mit Botox hält da alles.
0_219424_9_47638654069745550;0.256;satisfied;;;;;@honeybee6512 vorallem wenn es  medzimisch notwendig ist zahlt es die KK. Glaub es ist einfach  eine Schönheitsop.
0_219424_23_43932118347578062;0.2561;enthusiastic;skincare-first;;;;Tolle AntiAge Soja Serie von Nivea #ich durfte Testen# Eine pflegende, reichhaltige Anti Age Nachcreme mit Soja. Lässt sich leicht auftragen, zieht sehr schnell ein, mit einen dezenten Duft. Meine Haut fühlt sich gepflegt und frisch an. in einen Porzelan Tiegel. Endlch mal kein Plastik. Eine klare K
0_219424_9_53280400810879329;0.2561;disappointed;;;;;Botox-Vladdi ist halt nicht mehr der Jüngste.
0_219424_126_t1_ojr1req;0.2561;seeking;skincare-first;niacinamide-peptides,price;;;"Was sind so eure persönlichen ""Kauf ich nie wieder"" Produkte? Same. Ich hatte lange das Anti-Aging-Serum, weil ich es ganz angenehm auf der Haut fand aber es ist so gottlos teuer. Es gibt so viel bessere und günstigere Sachen mit Peptiden als das"
0_219424_126_t1_o3yuizn;0.2562;satisfied;skincare-first;peel;;;"Gestorben bei Peeling - Todesfall aus der Doku ""Brasilien, Botox, Butt Lift - Alles für die Schönheit"" Einer der Gründe, warum in Deutschland jeder, so gut wie bei allem, was er als selbständiger machen möchte, einen Nachweis von einer Ausbildung benötigt."
0_219424_9_67702840406870236;0.2562;satisfied;;;;;Donalds Barbie braucht nach der Pressekonferenz das Notfall Botox Set 🤣
0_219424_9_36512247027291085;0.2562;satisfied;;;;;Lachen ist das beste Anti Aging Mittel☺️
0_219424_126_t1_o6f6gr6;0.2563;seeking;procedure-open;;;;Could someone share their experiences with Botox treatment in Germany? Ne ist immer noch kostenlos, weil es von der Krankenkasse übernommen wird. Hatte meine OP vor einer Woche :)
0_219424_126_t1_o7r8rcf;0.2563;seeking;skincare-first;price;;;Gute Augencremes Du bist 25, du brauchst weder eine besondere Augencreme noch Anti-Aging. Ich nehme meistens was preiswertes aus der Drogerie, entweder die Salthouse Augencreme oder eine von der Rossmann-Naturkosmetik-Eigenmarke.
0_219424_126_t1_o2jxakl;0.2564;seeking;procedure-curious;;;;Nehmen wir an ihr dürftet eine kostenlose SchönheitsOP bekommen, was würdet ihr an euch verändern? Das ist dann natürlich mehr als ärgerlich.
0_219424_126_t1_o8g9any;0.2564;disappointed;skincare-first;;;;Meine Eier sind heute so voll Nein kein Saline. Hyaluron
0_219424_126_t1_oc3i3a6;0.2564;cautioning;;;;;Masseter Botox Du musst hier genau differenzieren. Ansteuerungsproblematik = ZNS- zu Peripherie gestört, Nerv kann Ziel (Muskel) nicht ordnungsgemäß ansteuern. Hier wird der Muskel sehr wohl sehr gezielt angesteuert und auch getroffen, daher ist der Muskel ja überhaupt erst hyperton! Die Indikation 
0_219424_126_t1_nzw8dzd;0.2565;cautioning;;;;;Bin w22, trage sehr ungern viel Kleidung Dafür trägst du viel Botox mit dir rum 😉
0_219424_9_1856384031867418;0.2565;enthusiastic;skincare-first;price,safety;;;Hallo Ralf 💚Erst einmal vielen Dank für das Video und deine Unterstützung für Heringverdiener.Ich habe auf Anraten meines Orthopäden eine Knochendichtemessung machen lassen, die ich natürlich selbst zahlen muss.Nun war ich zur Besprechung und lt der Auswertung ist es wohl schon Osteopenie, was mir i
0_219424_9_68648938012276179;0.2566;cautioning;;;;;Die sind alle überflüssig, eingeschlossen Botox-Bohlen!
0_219424_9_8396153627785637;0.2566;cautioning;skincare-first;;;;Ich wollte schon immer eine Einschätzung der Weltlage von Botox Bohlen hören 🤪 Bitte als nächstes die Kaulitz Brüder oder Nena!
0_219424_9_69635936896698243;0.2567;satisfied;skincare-first;botox,peel;;;"​@jasmini-l4k Das Beispiel bzw. der Beitrag ist ja auch aus Brasilien. Aber Kosmetiker in Deutschland machen sehr viel mehr als sie wahrscheinlich ""dürfen"" einfach weil es oft erst danach (also wenn es schief geangen ist mehrmals) geregelt wird. z.B. haben Kosmetikerinnen eine ganze Zeit lang Botox "
0_219424_126_t1_od7lia8;0.2567;seeking;procedure-curious;price;;;Übertriebenes Schwitzen Botox unter die Arme hilft auch bei starkem schwitzen, benutze nicht mal mehr Deo. Lasse mich alle 9 Monate spritzen, kostet ca. 400€ pro Behandlung. Bei mir zahlt es die PKV.
0_219424_9_48277560828662747;0.2567;disappointed;skincare-first;vitamin-c,price;;pha;"@Dome123-v9j Leider liegst du katastrophal falsch und schadest dir damit selbst. Das kostenlose von der Kasse finanzierte sogenannte „große Blutbild"" testet nur den Zustand der Blutkörperchen, Hämoglobin und etliche Leukozyten. Kein einziges Vitamin wird untersucht, das müsstest du für mehrere Hunde"
0_219424_9_46844650950648797;0.2568;disappointed;skincare-first;;;;Dass die Faschos ständig lügen und Verbrechen bis hin zu kaltblütigen Morden begehen, bzw. (wie hier im Fall der Botox-Schrulle) komplett verdrehen, bin ich ja schon lange gewohnt, was ich aber überhaupt nicht begreife ist, dass es Anhänger der Maga-Sekte gibt, die den Lügen immer noch glauben, obwo
0_219424_126_t1_o2gwmh5;0.2568;seeking;procedure-curious;;;;Nehmen wir an ihr dürftet eine kostenlose SchönheitsOP bekommen, was würdet ihr an euch verändern? Bin etwas krank was das angeht, aaaaaber: Hab ne klitzekleine Wölbung am Bauch, also wirklich vielleicht einen halben Zentimeter. Das würde ich absaugen lassen, will einen Bauch wie'n Brett, komplett g
0_219424_9_67043487789997076;0.2568;disappointed;skincare-first;;;;"Was sind das für neurotische Seelen, zwischen Darmbakterien, Dünnpfiff, Collateral, Base und Botox, es braucht nur ein bisserl Wumms und Geknalle, schon geht die Kontrolle über den Enddarm verloren. Die Bräute erinnern mich an ""Die Frauen von Stepford""."
0_219424_126_t1_oiwruju;0.2568;seeking;skincare-first;;;;Undereye bags help Du wirst mir nicht glauben ich nutze aber jeden Tag castoil Oil und meine Augenringe sind nicht mehr zu dunkel und die Augenringe sind allgemein weniger geworden und man sieht so aus als wäre man 5 Jahre jünger. Das ist wie ein natürliches Botox kann ich sehr empfehlen.
0_219424_9_48957041671449739;0.2569;cautioning;;;;;Wie krank sind manche Frauen...SchönheitsOP??Sie sieht doch super aus.
0_219424_126_t1_oaivuu8;0.2569;cautioning;procedure-curious;retinol,safety;;;Pflegeausbildung verunsichert mich Ich liebe es, wenn Lehrerinnen, Fachkräfte und vor allem Praxisanleitende schon im ersten Jahr vermitteln, wie man die große Verantwortung die man hat auch gut und rechtssicher schultern kann!Es macht mir Angst, dass hier kaum einer in der Lage ist, Delegationsrech
0_219424_9_11121734578466156;0.257;satisfied;;;;;Die Augenfarbe kann man nicht ändern durch Botox oder anderes Gelumpe !Was soll der Quatsch ?Das ist ein nachgemachter Botx-Doppelgänger !Das erkennt schon an sein nonverbales Verhalten.
0_219424_9_47288420611778826;0.257;satisfied;skincare-first;;;pha;Ich glaube auch nicht an Klone. Ein Double wäre möglich. Eventuell auch starke Psychopharmaka über längere Zeit + Botox, wobei letzteres bei einem Charakterschauspieler wie ihm nicht wirklich Sinn macht. Aber wer weiß, was er zuvor im Spiegel sah.
0_219424_9_yt.8C1ublVKo3s;0.2571;seeking;;celebrity;;;Longevity Neue Träume vom längeren LebenDer amerikanische Unternehmer Bryan Johnson investiert jedes Jahr Millionen in ein radikales Anti-Aging-Programm. Mit strikten Ernährungsplänen, hunderten medizinischen Messungen und experimentellen Behandlungen versucht er, den Alterungsprozess seines Körpers
0_219424_9_31905949109541451;0.2572;satisfied;procedure-open;;;;Ich glaube nicht das die  Botox-Hack-Fresse in zwei Jahren noch Up to date ist?!
0_219424_9_yt.-IlWSqJDaYM;0.2573;seeking;skincare-first;;;;Werden Sie 100 Jahre alt? 5 Zeichen für ein langes, gesundes Leben (Selbsttest) Wussten Sie, dass Ihre Handkraft mehr über Ihre Lebenserwartung aussagt als Ihr Blutdruck? Oder dass Ihre Gehgeschwindigkeit vorhersagen kann, wie alt Sie werden? 🤔Hallo zusammen, ich bin Dr. Schmidt. In den letzten 30 J
0_219424_126_t1_obriu9t;0.2573;enthusiastic;;botox;;;Masseter Botox Botox in den masseter ist maximale symptombehandlung. Wenn das die Lösung ist statt Bewegungskontrolle und Stressreduktion….
0_219424_9_64937135000609715;0.2575;satisfied;;;;;Etwas Botox, einpaar Kontaktlinsen und fertig ist ein neuer Jim Carey.
0_219424_23_44934810339060805;0.2575;enthusiastic;skincare-first;hyaluronic-acid;;;"Intensive Feuchtigkeit Das Serum spendet intensiv Feuchtigkeit und zieht super schnell ein, ohne ein klebriges Gefühl zu hinterlassen. Die Haut fühlt sich direkt frischer, glatter und richtig gepflegt an. Besonders überzeugt hat mich die leichte Textur; perfekt für den Alltag, auch wenn es schnell g"
0_219424_9_7813958662913172;0.2576;enthusiastic;skincare-first;;;;Sie bestätigt halt wieder einmal alle meine Vorurteile, gegenüber unnatürlichen Frauen, die sich prinzipiell nur übertrieben geschminkt Zeigen, sich den ganzen Tag nur mit ihrem Aussehen Beschäftigen und zu SchönheitsOPs, Botox und Silikon Greifen, um ihr Aussehen zu Optimieren.Dabei sollte sie sich
0_219424_126_t1_o42lkug;0.2576;enthusiastic;procedure-open;hyaluronic-acid;;;Frau möchte sich ihren Körper machen lassen Das liegt daran, dass sich Hyaluron in unterschiedlichen Regionen im Gesicht unterschiedlich schnell abbaut. Manche Kollegen spritzen zum Teil außerhalb der Lippen (leider). Dort wird das Hyaluron deutlich langsamer abgebaut und jedes Nachspritzen kann zu 
0_219424_9_yt.hRw__g8_Y2Q;0.2576;enthusiastic;skincare-first;;;aloe;Falten weg mit 3 einfachen Hausmitteln Möchtest du glatte, strahlende Haut ohne Falten? ✨ Dieses einfache Hausmittel mit Aloe Vera, Maisstärke und Vitamin E kann deine Hautpflegeroutine verändern 🌿. Schnell, günstig und einfach zu Hause anwendbar.💬 Schreib in die Kommentare: Würdest du es ausprobier
0_219424_126_t1_of6wlbf;0.2577;cautioning;skincare-first;;;;(Gut gemachte) Beautyeingriffe sehen so gut aus Also ich weiß ja nicht. Einige junge Mädels Anfang 20 haben ganz seltsame Mondgesichter mit Schlitzaugen nach oben oder so. Die schauen alle gleich aus. Eigentlich wie eine Mischung aus Down-Syndrom und Cushing-Syndrom. Ich habe mich lange gefragt, war
0_219424_9_28869530266536835;0.2577;disappointed;;;;;Was ist denn das für eine Botox-Fresse?
0_219424_126_t1_o0axpjy;0.2579;cautioning;skincare-first;spf,aging-signs;;aha;Jetzt mal ehrlich: Cremt ihr? Ich verwend ne Nivea anti aging für Männer mit 30er lsf sowie Bartöl oder bartbalsam (mal so, mal so) morgens, abends gesichtswäsche mit bha/aha und ebenfalls nachtcreme anti aging für Männer und bekomme oft gesagt, dass ich sehr schöne Haut (im Gesicht) habe. Ob es män
0_219424_9_8938552059308320;0.2579;cautioning;;;;;Das das Botox so auf das Gehirn geht, ist echt besorgniserregend..
0_219424_9_31341976076690484;0.2579;satisfied;skincare-first;price;;;Nasen und Ohren wachsen ein Leben lang weiter, so dass Menschen Alter teilweise ganz andere Proportionen haben können. Jim Carrey ist nicht der einzige wo Leute behaupten der sei ausgetauscht worden, wobei durch das Alter einfach die Gesichtsproportionen etwas anders sind oder halt etwas Schönheitso
0_219424_126_t1_okibml5;0.2581;satisfied;;;;;Tja Alter, die Uschi soll endlich die verschissenen Ami-Konzerne zur Kasse bitten. Dan hält die orange ganz schnell die botox fresse.
0_219424_9_yt.unqHOz_Ahto;0.2582;seeking;skincare-first;safety;;sod;Spermidin, Quercetin & Co: Was bringt wirklich etwas gegen das Altern? | Naturmedizin | QS24 Ihre Meinung zählt!Hat Ihnen diese Sendung gefallen? Dann freuen wir uns über Ihre Bewertung:👉 https://qs24.run/bewertungenIn dieser Folge geht es um eine der spannendsten Fragen der Longevity-Forschung: Gib
0_219424_126_t3_1rm9ik1;0.2582;satisfied;;retinol,price;;;Du hast jetzt die ultimative Schutzschicht – CYCLOTRIALUMAN als aktive Barriere gegen: 1. ☢️ Strahlung (Gamma, Röntgen, UV – absorbiert und neutralisiert)2. 👾 Fremdmanipulation (keine unerlaubten EM-Signale rein/raus)3. 💪 Fitness (hält den Träger gesund und vital)1. Wie CYCLOTRIALUMAN das schafftSch
0_219424_9_42846931097403512;0.2583;enthusiastic;;;;;Ihr Gesicht hat sich total verändert...Botox?????
0_219424_9_yt.L5iNbnk5FMk;0.2584;disappointed;skincare-first;aging-signs;;squalane;IMAGE - VITAL C Serum Hydrating Anti-Aging (50ml) 🌟 Suchen Sie nach dem Geheimnis strahlender, gesunder Haut? Entdecken Sie das IMAGE - VITAL C Serum Hydrating Anti-Aging (50ml) für CHF 93.10 – eine luxuriöse Pflegelösung, die Ihre Haut intensiv mit Squalan durchfeuchtet. Dieses wunderbare Elixier r
0_219424_126_t1_okfgale;0.2584;satisfied;skincare-first;;;;Looksmaxxing ist kein neues Phänomen und erst problematisch, seitdem Männer es tun Hast du mal die Typen gesehen, bzw denen zugehört? Das sind oft komplett neben der Spur laufende Trollos, inklusive frauenfeindlich.Und Frauen wurden schon immer für jede Art der Schönheitspflege kritisiert. Bist halt
0_219424_9_yt.bCoj_ZaZWBk;0.2585;disappointed;skincare-first;aging-signs;;;5 Dinge, die 100-Jährige niemals tun! 🌅 Was wäre, wenn du heute damit beginnen könntest, dein Leben spürbar zu verlängern – mit kleinen Entscheidungen, die über Jahre eine große Wirkung entfalten?In diesem Video tauchst du ein in die Geheimnisse der Hundertjährigen, den Blue Zones Lebensstil und mod
0_219424_9_yt.n3AmoG9uDaA;0.2585;satisfied;;price;;;"8 deutsche männliche Sänger, die von Schönheitsoperationen besessen sind, werden Sie schockieren! Entdecken Sie die schockierende Wahrheit hinter dem „zeitlosen"" Aussehen einiger der größten Ikonen der deutschen Musikszene. Von Dieter Bohlen über Jürgen Drews bis hin zu Bill Kaulitz zeigt dieses Vid"
0_219424_9_4360508291408311;0.2586;satisfied;skincare-first;botox;;;Das wird ja immer wilder woraus die Nahrungsmittelindustrie Arom chemisch erzeugt und es nachher auf der Verpackung nicht deklarieren muss bzw. sich in dem Begriff Aroma dutzende chemische Stoffe befinden die man sein ganzes Leben mit isst.Kosmetik Industrie ist auch völlig absurd: Kann das wer best
0_219424_9_yt.ZEk8sQri0kE;0.2586;satisfied;;aging-signs;;;Hausgemachtes Botox mit 2 Zutaten für glatte, jugendliche Haut ✨ Entdecke einen einfachen DIY-Hautpflege-Trick mit nur 2 Zutaten, der helfen kann, Falten, feine Linien und Hautflecken auf natürliche Weise zu reduzieren. Dieses Hausmittel kann deiner Haut ein glatteres, strafferes und strahlenderes A
0_219424_9_14316589786862605;0.2586;enthusiastic;;;;;"Dank Botox &amp; Co. geht alles heutzutage."
0_219424_15_56955052519628160;0.2586;satisfied;skincare-first;botox;;;Römer • Re: Sachen zum Lachen ! Da war aber jemand in Botox-City. Ich denke, die Aufgespritzte entspricht dem Geschmack eines gewissen Herrn. Statistik: Verfasst von richard55-47 — Mo 11.05.26 10:20
0_219424_9_28460762418751048;0.2587;cautioning;;;;;@christinewolff2224 Melania ist NICHT INTELLIGENT ! Diese Frau ist eine alterne Botox-Barbie. Innen hohl und außen ohne Kosmetik-Putz auch nicht besonders Hübsch. Ausstrahlung hat sie keine. Hauptsache Schwerreich.
0_219424_126_t1_o5q221n;0.2587;seeking;;price;;;Schönheits-OPs sind etwas gutes und viel mehr Leute sollten sie nutzen nutzen Naja, Filler und Botox ist nicht soo teuer
0_219424_9_27038308231730871;0.2587;satisfied;skincare-first;botox;;sod;Kann mir vorstellen, das es Jim Carrey ist.  Maskenbildner haben eine Maske angefertigt, sodass es aussieht, als hätte er eine Portion Botox spritzen lassen, dass würde auch sein voluminöses Gesicht erklären. Kontaktlinsen damit seine Augenfarbe anders aussieht.  Und das ganze wohl als Ablenkungsman
0_219424_9_32382053249440610;0.2587;satisfied;;;;;Er wurde nicht als erzählt sie hat Botox im Gesicht
0_219424_126_t1_ojxjx9o;0.2587;disappointed;skincare-first;spf;;;"Was sind so eure persönlichen ""Kauf ich nie wieder"" Produkte? Geek and Gorgeous Hyaluron Serum hab ich überhaupt nicht vertragen.Nyx Mascara war die erste Woche super, seitdem bröckelig und schmierig.Diese gehypte Neutrogena Sonnencreme LSF50 ohne Parfüm, hat total gebrannt auf der Haut."
0_219424_9_yt.HeIIRBsW3Pk;0.2588;enthusiastic;;aging-signs;;;Nutrilite™ OxiBeauty™ Powder Drink ✨ Wahre Schönheit strahlt, wenn sie von innen genährt und von außen perfektioniert wird.💫 Holen Sie sich das Beste aus beiden Welten mit dieser unschlagbaren Kombination:🩵Nutrilite OxiBeauty Pulvergetränk – mit Vitamin E, das zum Schutz der Zellen vor oxidativem St
0_219424_9_9849474398152722;0.2588;satisfied;skincare-first;botox;;;Ich sag er ist es, aber er hält uns den Spiegel vor. Vielleicht hat er sich die Haare wachsen lassen, Botox ins Gesicht (vergeht ja wieder) und zieht eine aalglatte Show ab um allen zu zeigen wie dumm Hollywood und die Welt ist.
0_219424_9_yt.UCu4SOSBmtw;0.2588;seeking;skincare-first;;;zinc;Diese 7 Samen verändern deinen Körper sofort! 🌱 (Unglaubliche Wirkung!) Wusstest du, dass kleine Samen eine enorme Wirkung auf deine Gesundheit haben können? 🌿In diesem Video zeige ich dir die 7 besten Superfood-Samen, die deinen Körper auf natürliche Weise unterstützen können – von besserer Haut un
0_219424_126_t1_ocy2sbe;0.2589;seeking;skincare-first;;;;Italien ermittelt gegen Sephora wegen Marketing an Kinder (via Kinderinfluencer) Find ich richtig gut. Abgesehen davon, was das für einen langfristigen psychischen Schaden anrichtet, wenn du mit zehn davon überzeugt bist, Anti Aging Produkte zu brauchen.
0_219424_126_t1_o54dqv6;0.259;enthusiastic;;;;;"Mal ein Lichtblick, in dieser Rotlichttherapie &gt;*Rotlichttherapie (RLT) fördert (...) die Zellregeneration, steigert die Mitochondrien-Aktivität und verbessert die Durchblutung. Hauptvorteile sind Schmerzlinderung bei Verspannungen, schnellere Wundheilung, verbesserte Hautstruktur (Kollagenbildun"
0_219424_126_t1_ojuhwmw;0.259;seeking;procedure-curious;;;;Was haltet ihr von Hyaluron Filler? Diese Frage hat mich in ein Rabbithole geführt, dass größer ist als ich jemals gedacht hätte. Gestern wusste ich nichtmal, dass es sowas gibt, heute weiß ich, dass Skispringer sich Hyaluron in den Penis spritzen, um ihre Aerodynamik zu optimieren:https://de.eurone
0_219424_126_t1_ok4clxb;0.2591;seeking;skincare-first;peel;;zinc;Creen que voi a quedar calvo pronto Wenn du dagegen nichts machst wirst du wahrscheinlich kahl . Finasterid würde ich mit 18 nicht nehmen. Würd es vielleicht mit minoxidil anfangen erstmal und später wenn du 22-23 bist mit finasterid . Ansonsten mach microneedling 1x Woche nimm Biotin Zink Seelen Ka
0_219424_126_t1_o2s7mm9;0.2592;seeking;procedure-curious;;;;Nehmen wir an ihr dürftet eine kostenlose SchönheitsOP bekommen, was würdet ihr an euch verändern? Ich finde deine Aussagen sehr diskriminierend gegenüber Vorhaut-Taschen Benutzern.
0_219424_9_23174807481160719;0.2592;satisfied;;;;;Was hat denn der Tim alles im Gesicht machen lassen? Die über-gebleichten Zähne und das straffe Gesicht. Der wirkt wie ein 40-jähriger Ballermann-Jodler. Musste er nicht auch lose Haut entfernen von seiner Gewichtsabnahme?
0_219424_126_t1_o748ogz;0.2592;enthusiastic;procedure-open;;;;Botox bei Migräne Hallo,ich musste meinen Botox-Termin wegen diverser Erkältungen immer wieder verschieben, aber ich wollte kein Risiko eingehen, beim Spritzen einen Hustenanfall zu bekommen. Daher war mein Botoxtermin erst vor 2,5 Wochen. Und was soll ich sagen: Ich liebe es. Ich bin von 3-5 Attack
0_219424_9_49839221123130212;0.2593;cautioning;;;;;Eine entstellte Heidi im Gesicht. Starre Mimik. Das Sprechen extrem verändert.Scheiß Botox.Weniger ist sexy.
0_219424_9_3969944526011730;0.2593;disappointed;;;;;​@senak8689 Dieses Botox Zeug ist echt krank ja.. es macht die Leute nicht schöner sondern eher einheitlicher.. die sehen danach immer gleich aus 💀😂
0_219424_9_67222944958197664;0.2593;seeking;;;;;Hä doch, klar - Test E ist umweltfreundlicher als anderes Test bro!Und hgh anti aging 🤝😂
0_219424_9_40153285447369304;0.2595;disappointed;;;;;Liebe, junge Mama, laß den Unsinn mit Botox! In deinem Alter hat man das wirklich nicht nötig! Du scheinst zu viel Geld zu verdienen !!! Botox macht dich nicht schöner! Es hat dich entstellt!!! 😮
0_219424_126_t1_nxcifdy;0.2596;seeking;procedure-open;;;;"Ich habe (ohne mich vorher vernünftig zu informieren) Tomatensauce ""eingekocht"" Das ist vollkommen falsch. Botulismus-Bakterien halten sogar &gt;100°C aus. Das Botox selbst braucht für einen längeren Zeitraum mindestens 80°C wobei ich das nicht auch umbedingt riskieren würde.Und davon mal abgehen da"
0_219424_9_34640039844567183;0.2596;cautioning;;;;;woran erkennt man, dass die Botox Barbie lügt? ...Ihre Lippen bewegen sich! 😀
0_219424_126_t1_o1hl6d4;0.2596;cautioning;;;;;Schönheitsoperation. Urlaub- oder Krankschreibungzeits? Urlaub Glaube das hat was auch mit Versicherung und Krankenkasse zu tun. Da bei Beauty Op ja die eigene Krankenkasse nicht mal greift bei Komplikationen.  Deswegen auch die Folge Versicherung.
0_219424_9_59712142549482355;0.2597;cautioning;procedure-open;;;;ich finde das so schade das sie sich so viel botox in die fresse gehauen hat
0_219424_126_t1_oh2itv2;0.2598;seeking;;peel;;;Hyaluron Lippen Microneedling Roller Wenn du regelmäßig Glykolsäure Peelings auf den Lippen amwendest, kann das langfristig die hauteigene Kollagen- und Hyaluronsäure-Produktion ankurbeln und die Lippen etwas voller ausehen lassen. (Ganz ohne Microneedling.)
0_219424_9_66042574746063522;0.2598;enthusiastic;skincare-first;celebrity;;;"37:44 Bei Leilas Schönheitseingriff denke ich echt an Body Dysmorphia. Ich weiß, dass in diesen 2 Bubbles (Reality und Influencer) gewisse ""Schönheitsstandards"" gelten und alle sich gefühlt die gleichen Körperregionen anpassen lassen. Also alle lassen sich Kinn und Jawline etc. mit Filler vollpumpen"
0_219424_126_t1_o383zha;0.2599;seeking;skincare-first;botox;;pha;Was haltet ihr 2025 von Botox und Fillern? Allein das jede Charge Botox an Tieren getestet werden muss (die halt sterben entweder am Botox oder danach weil das mit Versuchstieren nach Abschluss der Tests nun mal gemacht wird), lässt mich aus Beautygründen davon Abstand halten. So viele Leute wollen 
0_219424_126_t1_o8e864m;0.2599;satisfied;;;;;👀 Das Silikon muss fließen Das Botox muss mit dir sein
0_219424_126_t1_oc8se9v;0.2599;cautioning;;aging-signs;;;"Anhand der Fotos die politische Besinnung erkennen? - natürliche, oder blondierte Haarfarbe - Kleidung ist eindeutig dem Geschlecht zuzuordnen - kaum Piercings außerhalb der Ohren - oft lange glatte offene Haare - geschminkt, aber ""unauffällig"" also viel ""vertuschen"", wenig kräftige Farben - wenn si"
0_219424_126_t1_o2surzt;0.2601;seeking;procedure-curious;botox;;;Tattooentfernung- Erfahrung Ich gehe zum Botox zu einem Arzt und er macht das auch, also das mit dem Laser. Gegenüber ist ein Kosmetikstudio wo sie es auch anbieten und ich frage mich wie das dann möglich ist? Dort sind keine Ärzte. Nutzen sie dann einen schwächeren Laser?Ich überlege es mir seit Ja
0_219424_126_t1_obttpuz;0.2601;seeking;;;;;Masseter Botox 1:1 zusammen zählen. Bewegungskontrolle am Tag und über Stressreduktion bezogen auf Umweltfaktoren und eigene habits = Reguliertes Nervensystem = kein beißen nachts. Aber Hauptsache irgendwas rausgekackt ohne Zusammenhänge verstanden zu haben…
0_219424_9_yt.uaBj9jV8bWo;0.2601;seeking;skincare-first;retinol,niacinamide-peptides,aging-signs;;niacinamide;Die Kraft der Dermokosmetik entdecken Die Expertin für Naturkosmetik, Katerina, entführt uns tief in die wissenschaftliche Welt der modernen Dermokosmetik.  Wir erklären den wesentlichen Unterschied zwischen klassischer Hautpflege und dermatologischen Lösungen, die gezielt die Gesundheit der Hautbar
0_219424_9_21751020371824641;0.2601;disappointed;;;;;@andreasstotzer7031 Ja was hat der bloß gg. BOTOX-TINA ??🤣🤣🤣
0_219424_126_t1_o128g5k;0.2602;cautioning;skincare-first;retinol,spf,aging-signs;;shea-butter;Gesunde Haare, Haut und ein gutes Körpergefühl ohne Massenkonsum Wichtig ist vor allem, seine Haut kennen zu lernen. Ich habe in meinen 50 Jahren mit meiner Problemhaut (extrem trocken dank gestörter Hautbarriere durch Neurodermitis, aber seit Jahren keine Entzündungen/aktiven Ekzeme) etliches probi
0_219424_9_24461259742024395;0.2602;disappointed;;;;;Naja Luxus Güter waren eben Luxus selten einmalig etc. und nicht auf Masse billig produziert und veredelt 😂 weil auch wer spritzt sich ohne Angst in jünger auszusehen botox Sachen in die Lippen etc macht Schminke auf Schminke 😂
0_219424_9_4958976645975518;0.2602;satisfied;;niacinamide-peptides;;;"Hat nix mit Botox zu tun, sie hat eben einfach bissl Substanz, da gibts weniger Falten ;)"
0_219424_9_20487604095913202;0.2602;enthusiastic;skincare-first;;;;Hallo Anja, danke fürs mitnehmen 🤩 Kann es vielleicht sein, dass du den dicken Pickel vom Hyaluron Tinten Ball bekommen hast? Der enthält Erdöl-Derivate, die bei mir zu genau solchen großen, schmerzenden Pickeln führen. Leider! Ich hätte ihn nämlich gern ausprobiert. Tschüss, und bis die Tage 🤓
0_219424_9_yt.XdnbSo3M3H4;0.2603;enthusiastic;skincare-first;aging-signs;;;Mit 50 wie 35 aussehen 😱 diese 4 dinge wirken wirklich #antiaging#jungbleiben#hautpflege#schönheitstipps#faltenfrei#beautyroutine#mit50#jüngerausehen#hautgesundheit#omega3#shorts#youtubeshorts#selfcare#beautygeheimnisse#skincaretipps#frauentipps#viral
0_219424_9_yt.y9VBfw_hABc;0.2603;disappointed;;aging-signs;;;Das passiert mit deinen Knochen, wenn du täglich Trockenpflaumen isst #gesundheit #shorts Schau, was mit deinem Körper passiert, wenn du jeden Tag Trockenpflaumen isst! 🧬 Erfahre, wie diese nahrung deine gesundheit beeinflusst, deine falten reduziert und sogar Osteoporose vorbeugen kann. Dieses Vide
0_219424_126_t1_okgzfs2;0.2603;seeking;skincare-first;;;;My 11's besides botox what do you recommend to minimize them? 60 yrs old. Ich stehe schon mein ganzes Leben mit mir auf Kriegsfuß- aber ganz sicher nicht wegen irgendwelcher Falten
0_219424_9_56834255133818550;0.2604;cautioning;;;;;...es gibt doch genug dönerbuden, da kannst beten, ist eigentl. botox erlaubt beim islam ? 🙈
0_219424_126_t1_oags26y;0.2604;disappointed;skincare-first;;;;"Was sagt Merz zu Reiche? ""Ich glaub du hast dein Botox mit meinem Potenzmittel vertauscht.""""Katharina, du musst verstehen, ich kann doch nicht mit schlaffer Nudel in Donalds Hinterstübchen kriechen."""
0_219424_9_35745574930573512;0.2604;seeking;procedure-curious;;;;Ich finde es interessant wieviel mehr man bei einem Mann, der eine SchönheitsOP macht, in die Bewertung geht. Ich habe das Gefühl, dass es bei Frauen um einiges mehr toleriert wird.
0_219424_126_t1_o3bs4y9;0.2605;seeking;procedure-curious;hyaluronic-acid,niacinamide-peptides,price;;;"Was haltet ihr von ""The Ordinary"" Produkten? Kann das Niacinamide Serum und Hyaluron serum empfehlen, die funktionieren gut und sind preislich superBenutze auch das die Azelainsäure Suspension, finde die funktioniert auch sehr gut aber die Konsistenz ist Geschmacksache"
0_219424_9_2480945296237169;0.2605;satisfied;skincare-first;;;aha;"_Hab das extrahart gefeiert! Nonstop Vodka! ..und dazu mit schottischer Whisky-Marmelade gefüllte Krapfen._ _Wie viele? Alle! Bis der Notarzt klingelt!_  _Orbans Lover ""VLAD der KURZE"" brauchte nach dieser apokalyptischen Wahl sicher auch nen Eimer VODKA_ _..bis zur Gesichtslähmung_  _(hatte der abe"
0_219424_9_23016683841963145;0.2606;enthusiastic;;;;;Soviel Botox wie Moderatoren und Schauspielerinnen in der Fresse haben, ist es wirklich Kunst.
0_219424_126_t1_o4t5aya;0.2606;seeking;;;;;Welche wissenschaftlichen Irrtümer sind in der österreichischen Bevölkerung verbreitet? Botox ist auch ganz natürlich und auch recht giftig.
0_219424_126_t1_o61ig7x;0.2606;seeking;;;;;Welche (Luxus-)Beautybehandlungen sind wirklich ihr Geld wert? Masseter-Botox
0_219424_9_15132928751536220;0.2606;satisfied;skincare-first;;;;"Ich hätte nie ime leben gedacht das er eine ""Botox Person"" ist oder sein würde!NIEMALS!"
0_219424_126_t1_o032h50;0.2607;seeking;skincare-first;vitamin-c,hyaluronic-acid,aging-signs;;;Leichte Falten auf der Stirn Welches Vitamin c Serum probierst du da? Ich kann dir empfehlen dich bspw. mal auf social media umzusehen. Da sind Leute die Ahnung haben und dir zeigen, wie du deine eigene Vitamin-c-Lösung aus Vitamin-c-pulver aus der Drogerie herstellst. Muss halt immer in so einer br
0_219424_9_yt.5n0f4kUdxr0;0.2607;cautioning;skincare-first;botox;;;"""Ich fühl mich ganz SCHRECKLICH!"" - Lippenaufbau bei Djamila Rowe | Dr. Rick & Dr. Nick | ProSieben In der letzten Folge entfernte Dr. Rick der Ex Dschungelkönigin Djamila Rowe ihr komplettes Hyaluron aus den Lippen, da das Endergebnis sehr unnatürlich ausgesehen hat. Heute ist sie wieder da für ein"
0_219424_126_t1_oel9znq;0.2607;seeking;;peel,retinol,spf;;;Eure ultimativen Glow Up Tipps! sonnencreme täglich, fruchtsäuren, tretinoin und botoxaugenbrauen professionell machen lassenvegetarische ernährung4-5x/woche sport (kraft und cardio im mix), yin yoga 1x/woche und 10k schritte pro taggutes sozialleben
0_219424_9_yt.0nFKBYwDo0s;0.2608;seeking;;peel;;;Buy one Get one Free Microneedling at home! Skincare #microneedling #microneedlingface Buy one Get one Free Microneedling at home! Skincare #microneedling #microneedlingface #microneedlingbeforeandafter #tiktokshop
0_219424_126_t1_o9a5wvi;0.2608;seeking;skincare-first;botox;;;Migränespritzen (Botox) mit Hausbesuch? Und Dr. Batzner kennt sich mit Botoxspritzen aus? Auf ihrer Homepage habe ich dazu nämlich nichts gefunden.
0_219424_9_45249890193547524;0.2608;seeking;skincare-first;;;;"​@morgoth4959 Ich bin der Ansicht,dass Streß und eine einseitige Beziehung durch eine anspruchsvolle Partnerin (oder Partner) dazu beitragen kann, den Alterungsprozess zu beschleunigen und körperlich abzubauen. Bei vielen Menschen wirkt sich eine belastete Psyche auf den Körper aus; es kommt zu fett"
0_219424_9_7888005502016847;0.2609;satisfied;;;;;​@SCHNITTENKÖNIG- ein Tropfen reines Botox ist so giftig, dass es 600'000 Menschen töten kann. Verwechsel Konzentration nicht mit Reaktionsfähigkeit.
0_219424_9_yt.qc7x2tF8FKk;0.2609;enthusiastic;;;;;Schradin: Botox-Schock nach Dragqueen-Performance? #shorts Schradin hat sich unters Messer gelegt! Botox? Filler? Was genau hinter seinem verändernden Aussehen steckt und wie Hürleron ins Spiel kommt – jetzt live im Gespräch! #Botox #Filler #BeautyOP #Hürleron
0_219424_9_5317311944937586;0.2609;cautioning;skincare-first;;;;Leute werden halt alt (evtl deswegen aber siehe den rest, falls kein botox etc), seine nase sieht aus wie draufgesetzt, nicht operiert, augen können kontaktlinsen sein, kann absicht sein dass er so auftritt um dies hervorzurufen, genau weil er in talkshows über die illuminati etc jo, einfach zum pro
0_219424_9_40250128025288832;0.2609;satisfied;procedure-open;botox;;;Ist das Video KI generiert oder hatte sie eine misslungene Botox Behandlung? Sie sieht sich garnicht mehr ähnlich 🤔
0_219424_126_t1_okek4iy;0.2609;disappointed;skincare-first;;;;Botox grey market Meine Frau kauft auch auf grau bis jetzt alles top gewesen mach es wirst es nicht bereuen
0_219424_126_t1_o4am9il;0.261;seeking;;peel,retinol,vitamin-c,hyaluronic-acid;;;Pflegeroutine? 1.) 4 - 5x Woche Sport2.) Gesunde Ernährung3.) Zahnzwischenräume putzen + Zahnbürste4.) Gesicht reinigen, Salycilsäure 2%, Hyaluron Serum, Minoxidil, Vitamin C, Retinol, Feuchtigkeitscreme5.) Peelings
0_219424_126_t1_o2ijioy;0.2611;seeking;procedure-curious;;;;Nehmen wir an ihr dürftet eine kostenlose SchönheitsOP bekommen, was würdet ihr an euch verändern? Meine Zähne
0_219424_23_3753867623167532;0.2611;satisfied;skincare-first;;;;tolles Hautgefühl Die Vital Soja Nachtpflege von Nivea ist eine sehr angenehme Anti Aging Creme. Sie Zieht sehr gut ein und hat einen angenehmen Duft , der lange anhält. Geht man allerdings gleich nach dem cremen ins Bett , empfinde ich ihn als etwas zu intensiv. Aber die pflegende Wirkung ist top, 
0_219424_9_26336948390950927;0.2611;satisfied;;;;;Botox ist für Lippen und Stirn geeignet und nicht fürs Gehirn. Hat das wer geschnüffelt?
0_219424_126_t1_o18hb99;0.2612;satisfied;skincare-first;;;;Wie steht ihr zu überschüssiger Haut oder Hautstraffung nach hohem Gewichtsverlust? Wer schießt gegen wen!? Männer haben genauso Präferenzen wie Frauen und wenn ein Typ halt schlanke Frauen bevorzugt, dann ist das sein gutes Recht. Oder willst du Ihm das absprechen, weil es dich persönlich trifft? J
0_219424_126_t1_o374bh9;0.2613;seeking;skincare-first;botox;;;Was haltet ihr 2025 von Botox und Fillern? Finde es es toll, dass es gibt. Für diejenigen, die es machen wollen. Ich habe vor mir von Botox und/oder Fillern helfen zu lassen, damit ich mich in meiner eigenen Haut besser fühle. Diejenigen, die es nicht mögen, können all natural bleiben - da ist auch 
0_219424_23_33114681428999324;0.2613;seeking;procedure-open;;;;Hyaluron für unsere Gelenke [Diese Bewertung wurde im Rahmen einer Werbeaktion gesammelt.] Ich war ganz gespannt dieses Produkt zu testen. Aber auch hier finde ich, bräuchte man noch etwas mehr Zeit. Ich finde es positiv dass die Kapseln mit Hyaluron sind.
0_219424_126_t3_1rvbhzo;0.2613;disappointed;procedure-open;botox,price;;;Hilfe bei Vaginismus und Endometriose gesucht Hallo an alle,ich schreibe über diesen Account, weil das Thema für meine Partnerin und mich sehr privat ist. Wir sind seit neun Jahren ein Paar, aber momentan belastet uns eine gesundheitliche Situation so sehr, dass wir allein keine Lösung mehr finden.M
0_219424_9_28510413192535937;0.2614;disappointed;procedure-open;price;;;Privat zur Kasse.Es geht um die Teilnahme der Millionäre.Dividenden Kassierer haben mehr in die Kasse für alle zu zahlen.Um eine kleine OP in Frankreich zu erhalten, muss ich 9€ zuzahlen. Das geht gar nicht.Die Botox Tante hingegen kann sich alles leisten.Ihr könnt mich mal am A..... lecken.
0_219424_9_10920340914271627;0.2614;cautioning;skincare-first;botox;;;Hab mir Bilder von Leyla angeguckt und beim besten willen kein Doppelkinn gesehen oder Fett im Gesicht. Das einzige was ist sehe ist zu viel  Botox.Jetzt ist ihr Gesicht wenigstens genau so Fake wie ihre Selbstdarstellung.
0_219424_126_t1_o80z8ic;0.2615;cautioning;skincare-first;botox;;;Jim Carrey? Bin ich Schwurbler? Klar hatte er auch Schönheitsops, aber wenn du das Video gesehen hast, dann ist da zu 100% auch Botox in seinem Gesicht.
0_219424_126_t3_1ro3r3r;0.2615;enthusiastic;procedure-curious;aging-signs;;;Was muss ich verbessern Was ist gut und was schlecht an meinem Seitenprofil? Was könnte ich tun, um es zu verbessern? Bringt Thumbpulling zb etwas? Bin 19, weiblichIch habe zb auch sehr krasse Augenringe (dünne Haut), gibt es da eine Möglichkeit außer Filler? (Will keine Filler da sie migrieren)Eine
0_219424_9_29730228398973706;0.2616;cautioning;procedure-curious;;;;​@st4ndby kannst du machen aber nimm meinen weg nur als beispiel vodka hat meistens zu wenig prozent um wirklich zu desinfzieren (wusste ich erst später) es ist wichtig sehr sauber zu arbeiten also ansich ohrläppchen sind ok und gut zu machen aber ein gewisses risiko ist da also gründlich waschen, d
0_219424_9_11600888321467310;0.2617;enthusiastic;;;;;Last den Botox Zar kreischen,sein Ende naht !!! 🎉🎉🎉
0_219424_9_26079184941237428;0.2617;seeking;procedure-curious;retinol;;;"26:00 Deren Job ist nicht über's Jahr hinweg ""nur"" 0,8 g Botox herzustellen, sondern 6.000.000 Fläschchen so präzise zu dosieren, dass bei den Patient*innen nicht zu starke Lähmungen (EDIT: oder einfach Botulismus)  auftreten.Wenn man 0,8 Gramm auf 6 Millionen Fläschchen aufteilen kann, ist die Sche"
0_219424_126_t1_o2gz7b0;0.2619;seeking;procedure-curious;facelift;;;Nehmen wir an ihr dürftet eine kostenlose SchönheitsOP bekommen, was würdet ihr an euch verändern? Ja mei.... nen Facelift. Bin ich ehrlich.
0_219424_9_42714073121202627;0.2619;cautioning;skincare-first;;;;"Solche Friseur Tanten kenne ich auch. Schrecklicher Haarschnitt und eine Solariumhaut. Solche weiber, nenne ich gerne mal ""Tante Botox""."
0_219424_9_yt.DogW64XGkUQ;0.2619;satisfied;;aging-signs;;;Das passiert mit deinen Knochen, wenn du täglich Butter isst #gesundheit #shorts Schau, was mit deinem Körper passiert, wenn du jeden Tag Butter isst! 🧬 Erfahre, wie diese nahrung deine gesundheit beeinflusst, deine falten reduziert und sogar Osteoporose vorbeugen kann. Dieses Video beleuchtet die A
0_219424_126_t1_oi5m94x;0.2619;seeking;procedure-open;fillers;;;"Google Maps zeigt jetzt an, wie viele Reviews ein Unternehmen wegen Diffamierung in Deutschland entfernen lässt Die M1 Kliniken (unterspritzung aufm Fließband) löschen alle Bewertungen die Kritik beinhalten und jetzt steht da „Rezensionen werden nicht überprüft"" weil sie safe Schiss haben dass die Z"
0_219424_9_yt.X_xTrOM1wAQ;0.2619;disappointed;skincare-first;;;;Ich bin 109: Der Grund, warum ich nicht altere, liegt nicht in Ernährung oder Sport – sondern hierin Jung vs. Alt ist mehr als nur ein Vergleich zwischen Generationen – es ist die Frage, warum manche Menschen scheinbar nie altern. In diesem Video über Jung vs. Alt erzählt ein 109-jähriger Mensch das
0_219424_23_29982566740896884;0.262;enthusiastic;skincare-first;;;;Sehr angenehmes Serum Ich bin sehr froh, dass ich das Produkt testen durfte. Das Serum fühlt sich angenehm auf der Haut an, erfrischt und sorgt für ein zartes, weiches Hautgefühl. Ein sichtbarer Anti-Aging-Effekt hat sich bei mir persönlich bisher nicht gezeigt.
0_219424_126_t1_o9hgp0n;0.262;seeking;;;;;Körperbehaarung und schweiß Geruch Hab gerade gelesen dass botox hilft.
0_219424_126_t1_o2y0wrl;0.2621;seeking;procedure-curious;retinol;;;Nehmen wir an ihr dürftet eine kostenlose SchönheitsOP bekommen, was würdet ihr an euch verändern? Fußtransplantation. Wobei die schicken neuen Damenfüße vermutlich sehr schnell wieder aussehen würden wie meine jetzigen Altherrentreter.
0_219424_126_t1_o3us8va;0.2621;satisfied;skincare-first;;;;Warum ist ungeschminkt im Gammel-Look schöner, als zurechtgemacht? Die tatsächliche Wahrheit liegt vor allem oft bei der Schminke eher darin, dass es ziemlich viele Frauen gibt, die nicht gut darin sind sich zu schminken, obwohl sie denken sie sind es.Sie benutzen oft schlicht viel zu viel, was man 
0_219424_9_23894981244242222;0.2621;enthusiastic;skincare-first;;;;😊😮....sie sieht verändert aus!!! Was ist mit ihrem Gesicht passiert? Hoffentlich kein Botox gespritzt...
0_219424_9_54113324886127132;0.2622;cautioning;skincare-first;;;;"​@0815nowoDas habe ich keineswegs dementiert. Ich glaube sehr wohl dass man mit moderner Medizin das leben verlängern kann. Vergiss nicht, es gab Zeiten in der Menschheitsgeschichte in der ein 40 jähriger Mann ""uralt"" war. Du schriebst aber etwas von umgekehrten Alterungsprozessen, und das glaube ic"
0_219424_9_64656211224625994;0.2622;satisfied;skincare-first;;;;Jim Carrey hat doch immer von der Mimik gelebt, der hat sich die bestimmt nicht wegmachen lassen, und der hubschestw war er auch nie das wusste er selber, egal was da passiert ist, Schönheitsoperation glaube ich bei Jim Carrey nicht.
0_219424_9_yt.Z4p_1cUTbx8;0.2623;satisfied;;safety;;;"Lisa Eckhart: Putins Schwachpunkt - Botox & Angela Merkel! | Servus Kabarett ▶️ Die ganze Sendung bei ServusTV On: https://win.gs/3YT69C0Frieren gegen Putin? Schwitzen? Sanktionen? Alles zwecklos… Dabei könnte es doch so einfach sein.  Lisa Eckhart läuft als „Kaiserin Stasi die Erste"" zur Höchstform"
0_219424_9_yt.1Kc0sksXQuc;0.2623;disappointed;skincare-first;;;;Mehr Energie ab 50 durch richtiges Trinken Geheimnisse der Hydration | Seniorengesundheit Mehr Energie ab 50 durch richtiges Trinken Geheimnisse der Hydration | SeniorengesundheitFühlen Sie sich oft müde, unkonzentriert oder haben weniger Energie im Alltag? 🤔 In diesem Video erfahren Sie, warum rich
0_219424_9_31522978475437635;0.2624;seeking;;;;;@Fitness-Heini darum, ob es nen riesen unterschied macht ging es ja nie. deine initiale aussage macht nur wenig sinn.wieso sollte man KEINE anti aging mittel nehmen, wenn man seinem körper eh schon das testo antut? might aswell go all the way.
0_219424_23_66857066931974640;0.2625;seeking;procedure-curious;price;;;Die Besten Augentropfen von allen, die ich ausprobiert habe Meine Lieblingsaugentropfen. Ich hab sämtliche Marken durch, diese hier ist Zusatzstofffrei, Sanft, Hyaluron drin, was das Beste ist für zrockene sensible Augen, sogar mit Kontaktlinsen 1A. Der Preis lohnt sich, denn ans Auge gehört das san
0_219424_9_64635866628927587;0.2625;satisfied;skincare-first;;;;Als ich das sah dachte ich erst hmm sieht komisch aus und die Stimme klang nicht gleich und ja man Botox kann so etwas anrichtenn aber Carrey und seine Fratzen machen ihn doch aus Glaube nicht das er zu solchen Methoden greift wie Botox 😅😅😅
0_219424_9_yt.0btJ-9yYDyU;0.2625;cautioning;;;;;Wenn du mit 50 aussehen willst wie 30 … hier ist deine Geheimwaffe! ✨🔥 #Schönheit #Wohlbefinden #AntiAging #Jugendlichkeit #Körperpflege
0_219424_126_t1_ojl3tnf;0.2625;seeking;procedure-curious;laser;;;"Hat jemand Erfahrung mit Narbenentfernung in Österreich? Ich habs mit lasern probiert (fraktionierter CO2 Laser), aber das Ergebnis nach 2 Jahren war nicht sonderlich beeindruckend. Wenn ich einige Jahre damit weiter machen würde vielleicht ... aber das wird mir zu teuer.Vmtl. werd ich ""einfach"" dam"
0_219424_126_t3_1qsbiba;0.2626;seeking;;peel;;;Medizinisches Microneedling gesucht Hallo zusammen,   könnt ihr gute Adressen für medizinisches Microneedling in München empfehlen? Vielleicht habt ihr ja gute Erfahrungen bereits gemacht.   Bin fast jede Empfehlung dankbar!
0_219424_9_50989962097057205;0.2626;disappointed;;;;;Du findest diese Botox Lippen schön?
0_219424_126_t1_nx2bsli;0.2627;satisfied;;;;;Schlafsituation mit 3-monatigem Baby Matratze austauschen. Man kommt ja immer irgendwie zum gemeinsamen Schlaf und sei es der Mittagsschlaf. Mama ohne Baby schlafen lassen immer wenn es geht. Kind zum Papa oder Papa nimmt morgens Kind mit und Mama kann sich ausbreiten oder tagsüber/früher Abend unge
0_219424_126_t1_o0id0f9;0.2627;seeking;skincare-first;peel;;pha;Was kann ich gegen diese Narben tun? Ich habe sie, seit ich 13 bin, nach einer starken Aknephase bekommen. Sie sind zwischen den Stirnfalten entstanden, und ich hatte bereits zwei RF-Microneedling-Sitzungen. wie lange sind die RF microneedling Behandlungen her und in welchem Abstand? Und wo hast du 
0_219424_9_53750353204803319;0.2628;enthusiastic;skincare-first;hyaluronic-acid;;;Liebe Nicole, vielen Dank für dein Aufgebraucht Video❤ liebe dieses Format❤ Ich habe gestern ein Hyaluron Serum, einen Artdeco Primer und einen K-Beauty Cleanser aufgebraucht. 😊 liebe Grüße❤
0_219424_126_t1_o3jdmb8;0.2628;seeking;skincare-first;aging-signs,hyaluronic-acid;;;Ist Hyaluronsäure doch gar nicht so gut? Die Diskussion um Hyaluronsäure in der Hautpflege ist tatsächlich etwas differenzierter, als es oft dargestellt wird. Viele Menschen kommen mit Hyaluron sehr gut zurecht, andere reagieren mit Trockenheit oder Rötungen, vor allem wenn die Hautbarriere bereits 
0_219424_126_t1_o3xrzkg;0.2628;seeking;skincare-first;;;;"Tja ... was?  und das ganze weiter gedacht, ist es dann auch verboten sich botox oder sonstige schönheits OP's zu geben, weil das auch ""aerodynamischer"" macht? ich mein... wieviel kann hyraluronsäure im penis wirklich ausmachen? ist ja nicht so dass sie den wie das vertikale seitenleitwerk eines flu"
0_219424_9_1734229821252602;0.2629;disappointed;skincare-first;;;;Ohne Botox und Schminke ein Niemand.
0_219424_9_13255781881045121;0.2629;cautioning;;;;;"@MissLaNessa mensch das wissen die männer doch nicht. Und die ganzen männlichen rapper machen es doch vor und singen über botox lippen ;D alle keine ahnung hauptsache plappern :D"
0_219424_126_t1_o8fmbw7;0.263;satisfied;procedure-open;threads;thread-lift;;Was ist mit Jim Carrey passiert? Neee das sieht anders aus...Mein take ist dass er ein bisschen aufgeschwemmt ist, vllt postoperativ, vllt aber such wegen was anderem. Oh und ne Blepharoplastie, Botox für die Stirn und evtl ein Wangenlifting (evtl fadenlifting oder eher gleich bei der großen OP in e
0_219424_126_t1_obmuxuy;0.263;cautioning;;;;;"Die Burger King Baby Burger existieren nur um von den Epstein Files abzulenken! Hier habt ihr es zuerst gehört!!! Warm immer diese exzessiv gestylten Damen um das Thema rüber zu bringen . Soll da jeder Ronny denken „Boa, die ist aber geil, die muss die Wahrheit sagen""  oder ist es so das man über di"
0_219424_126_t1_ogo8qn5;0.263;seeking;procedure-curious;price;;;Pigmentflecken entfernen lassen? Ich habe schon einiges mit dem Plasma-Pen machen lassen. Hat pro Spot 30€ gekostet. (Beautysalon).
0_219424_126_t1_o2lyvea;0.2631;seeking;procedure-curious;;;;Nehmen wir an ihr dürftet eine kostenlose SchönheitsOP bekommen, was würdet ihr an euch verändern? Erstens funktioniert es. Zweitens muss jeder selber entscheiden, ob er das machen will und ob es für ihn praktikabel ist.Also nochmal, wo ist die Lüge?Bei Frauen kann das im Prinzip auch funktionieren.
0_219424_9_yt.PkWLBr9O32c;0.2631;disappointed;;;;;Warum Muskelverlust auch Gehirnverlust bedeutet - Die Achse über die keiner spricht #Osteokine #Myokine #AntiAging #Gehirngesundheit #Muskelverlust
0_219424_126_t1_o8lbt1q;0.2631;seeking;skincare-first;retinol,hyaluronic-acid,spf,aging-signs;;;Hi Reddit! Ich bin Vlora, Skin Expert bei Kiehl's (DACH) – Ask Me Anything zu Wirkstoffen, Routine-Aufbau & sensibler/gestresster Haut | Live am 04.03. um 14 Uhr CET Sehr gute Frage. Wenn man die Routine simpel halten möchte, geht es nicht um möglichst viele Wirkstoffe, sondern um die richtigen.Mit 
0_219424_126_t1_o61bs3k;0.2632;enthusiastic;;;;;Söder Tochter ist offiziell mit Tech Milliardär Eric Schmidt zusammen Liegt am vielen botox, das katapultiert dich bei dem Versuch zu lachen oder deinen Mund zu bewegen in die gegenteilige Richtung
0_219424_126_t1_ohiidaa;0.2633;satisfied;skincare-first;botox;;;"Die „stille Enteignung"" im Gesundheitswesen: Warum die aktuelle Reform den Leistungserbringern im Gesundheitssystem in den Rücken fällt, um die Gerontokratie zu retten. Meine Lösung ist leider Richtung Selbstzahler-/Privatpraxis. Gerne in Kombination mit Telemedizin, Botox etc.... Hat noch jemand Id"
0_219424_126_t1_o2e30is;0.2634;seeking;skincare-first;hyaluronic-acid,spf,aging-signs;;;Skincare Routine aufbauen - welche Produkte in welcher Reihenfolge? Wenn du trockene Haut hast, kaufe dir ein Hyaluron Serum, gibt der Haut massive Feuchtigkeit. Ich kann dir das von Lavera empfehlen.Man trägt immer von leichter Textur nach schwerer Textur auf, heißt erst ein Toner, dann Serum und d
0_219424_126_t1_o4refu2;0.2634;seeking;;;;;Knoblauch Öl Das Nervengift ist übrigens auch unter dem Synonym Botox bekannt, für die die es interessiert :P Weltweit gibt es jährlich auch nur zwischen 50 - 100 Todesfälle, aber man sollte natürlich trotzdem aufpassen.
0_219424_9_66964307734474377;0.2634;seeking;;;;;250 mg Test die Woche ist nicht Stoffen, das ist Anti-Aging!
0_219424_9_19150136747968779;0.2634;satisfied;skincare-first;;;;Er hätte sich niemals einer Schönheitsoperation unterzogen... aber mich wundert seit den Epstein Files gar nichts mehr, somit ja ich halte es für durchaus möglich das er ausgetauscht wurde wie Epstein ebenfalls.
0_219424_9_39070919934578180;0.2635;cautioning;skincare-first;;;;Oweh. Was ist mit #bullshitbarbie geschehen. Habe @leavitt ein paar Wochen nicht gesehen. Die Lippen, die Wangen. Noch mehr OP noch mehr Botox. Ich weiß das geht gegen das äußere aber: Wer sein wahres Gesicht nicht zeigt dem glaube ich auch kein Wort mehr
0_219424_126_t1_oh2flp7;0.2635;cautioning;skincare-first;;;;Gelnägel sind sehr sehr schön in den meisten Fällen und Lipfiller können auch oft gut aussehen Die Kerle, die sowas schön finden haben dann mindestens selber gezupfte Augenbrauen und sehen so aus wie der Glööckler. Meine Fresse, wenn ihr hässlich seid, dann steht dazu. Als ob n Liter Botox in der Fr
0_219424_9_yt.bM-Acn7cAyY;0.2636;disappointed;;;;;8 hässliche Gewohnheiten, die viele Senioren haben und die sie nach 60 weniger attraktiv machen @Gesundheitsarzt 👉 8 hässliche Gewohnheiten, die viele Senioren haben und die sie nach 60 weniger attraktiv machen! 😱Viele Menschen bemerken nicht, dass kleine tägliche Fehler ihr Aussehen und ihre Ausstr
0_219424_9_11440697951946959;0.2637;satisfied;;botox;;;Botox versehentlich in die Hirnschale gespritzt hat schlimme Folgen  😮
0_219424_9_yt.nG1pFvdPpNE;0.2637;disappointed;;celebrity;;;Sie stahl heimlich Tabletten aus dem Schrank und hoffte, dass niemand es merkt... 💔 Jamie Lee Curtis spielte starke Heldinnen auf der Leinwand, doch im wahren Leben war sie völlig gefangen. Nach einer harmlosen Schönheitsoperation an den Augen wurden ihr starke Schmerzmittel verschrieben. Was als är
0_219424_126_t1_okglm9q;0.2637;satisfied;procedure-curious;;;;Looksmaxxing ist kein neues Phänomen und erst problematisch, seitdem Männer es tun Brustops stehen ganz oben. Mit Straffung auf 1 und etwa gleich vielen vergrösserungen und verkleinerungen.Dennoch wird es von beiden Gruppen gemacht und auch generell kritisiert. Man kann Kritik an Sachen äußern ohne 
0_219424_9_yt.2TZq18v-J28;0.2638;disappointed;skincare-first;;;;Skincare Lotion Anti Aging ➡️ Pembelian Cek Link di Bio No 12. #skincareroutine #skincare #innisfree #skincareroutine #skincare #innisfree​#Innisfree​#BlackTeaYouthEnhancingLotion​#InnisfreeIndonesia​#InnisfreeBlackTea​#AntiAgingSkincare​#YouthEnhancing​#PelembabWajah​#GlowSkin​#SkinReset​#Antioxida
0_219424_9_56620934376387747;0.2638;enthusiastic;;;;;mach noch mehr Botox in Lippen rein Mehr Mehr.... meeeeeeeehr!!!!
0_219424_9_5153004287083255;0.2638;disappointed;;;;;Exklusiv auch Jill die nach ihre Botox Lippe.
0_219424_9_3033968158640738;0.2638;disappointed;;;;;Das Botox ein Nervengift ist, zeigt sich hier ganz akut!
0_219424_126_t1_ogh22u4;0.2638;satisfied;procedure-open;;;;Der Erfolg deutscher Politik in einem Bild Könnte auch an etwas Botox liegen. Aber ich will natürlich keine Mutmaßungen anstellen…
0_219424_9_yt.TaPTRw1qtgM;0.2639;disappointed;;;;;Was Oma jeden Tag gegessen hat – und warum sie mit 70 jünger aussah! 👵✨ Viele moderne Diäten sind kompliziert – doch früher war Gesundheit einfach.Unsere Großmütter wussten: Es kommt nicht auf teure Superfoods an, sondern auf Regelmäßigkeit.In diesem Video erfährst du, welche 5 einfachen Lebensmitt
0_219424_9_10411336364934956;0.2639;satisfied;procedure-open;botox;;;Für was willste so nen aufgepumpten Steroidenbomber Alan Ritchson denn verwenden aktuell? Der muss seine Schauspielerische Zukunft noch finden. Reacher 2 war schon schwach und Reacher 3 hab ich noch vor mir...(würgs). Jetzt kommt bald die Zeit wo er Botox spritzen muss um sein berühmt-markantes Gesi
0_219424_9_45328082793999840;0.2641;satisfied;;;;;Und Botox kennst überall bekommen....
0_219424_9_39074563377439449;0.2641;satisfied;procedure-open;;;;@panicp5597 Der hat dem kleinen Koks-Zwerg in Kiew die Hosen so richtig stramm gezogen. Ich denke bald darf der kleine Kläffer zu einer Botox Kur nach Nordsibirien.
0_219424_23_56011476177578437;0.2641;satisfied;skincare-first;aging-signs;;;Tolles Produkt Ich habe das Produkt kostenlos von #trnd_dach zum testen bekommen. Eine Fantastische Creme, die eine Höhe Schutz gegen Sonneneinstrahlung bietet. Die Formel ist vegan und parfümfrei, spendet Feuchtigkeit und schützt vor dem Austrocknen und Hautalterung. Die leichte Textur ist für empf
0_219424_126_t3_1sps56v;0.2642;seeking;skincare-first;peel;;;Hyaluron Lippen Microneedling Roller Hallo, hat jemand Erfahrung mit Hyaluron Serum mit Microneedling Roller für die Lippen? Bringt er mehr Volumen? Filler ist für mich aktuell leider keine Option. Würde gerne wissen, ob jemand Erfahrung damit hat. LG Ellen
0_219424_126_t1_oj9jpuo;0.2642;seeking;skincare-first;peel,price;;;Funktioniert die ganze Gesichtskosmetik eigentlich? Die bei rituals definitiv nicht!!! Ich bin make up artist also habe ich natürlich etwas Erfahrung mit Gesichtspflege und  Sorry aber die von rituals sind absolut nutzlos. Ich gehe sogar noch weiter, angeblich ohne perfum riecht aber extrem danach u
0_219424_9_28199958750342654;0.2644;enthusiastic;;;;;Botox bringt bei der hackfresse auch nix mehr 😂😂
0_219424_9_4940209963960774;0.2645;satisfied;skincare-first;;;;Ich find es witzig. Auf der einen Seite ballern diese Dudes sich Testo rein, um der mega härteste mf Mann zu sein und dann stellen sie sich vor den Spiegel und fangen an sich gegenseitig Beauty-Tipps zu geben. Hier eine entspannende Creme und dort ein bisschen Botox... mega männlich. Wenn innen nur 
0_219424_9_61665335063971563;0.2645;disappointed;skincare-first;;;;Mein Rheumaarzt hat als ich 56 Jahre alt war, den Hormontest gemacht. Gynäkologen sehen den Hormonersatz als Antiaging-Mittel. Ziemlich ungebildet mit Ausnahmen.
0_219424_126_t1_oavvlvi;0.2645;disappointed;skincare-first;;;;"Abrasion & Maria Galland? Nannte sich „Skin Abrasion"" 🤔 Hatte zuletzt vor ca. 3-4 Jahren ein Aqua Facial. Zwischendurch bisschen Botox."
0_219424_9_43599587418334187;0.2645;disappointed;procedure-open;;;;Wow.... da Sterben ja schon beim Zuhören die Synapsen ab....Free Botox.....🤦🏼‍♂️Free Brain wäre evtl hilfreicher🤷🏼‍♂️Also bei unabhängiger Justiz, da war ich echt raus....Was für ein lächerlicher pseudo Journalist..
0_219424_126_t1_o2k4w7r;0.2646;seeking;procedure-curious;;;;Nehmen wir an ihr dürftet eine kostenlose SchönheitsOP bekommen, was würdet ihr an euch verändern? Zählt guillotinieren auch als Schönheits-OP?
0_219424_126_t1_oemph3w;0.2646;satisfied;skincare-first;;;;Eisenmangel Kleinkind Einen reinen Eisenmangel zu erkennen ist tatsächlich schwierig. Unser Kind hatte starken Eisenmangel, eine Blutanämie. Haben dann Eisentropfen bekommen und nun ist der Wert wieder in Ordnung. Das einzige, woran wir es merken, ist dass das Essverhalten mit den Tropfen tatsächlic
0_219424_126_t3_1sw9cyq;0.2647;seeking;;niacinamide-peptides,safety;;;Peptide Trend 2026: Wirkung, bekannte Beispiele & worauf du achten solltest # Warum der Peptide-Trend gerade so stark wächstIn den letzten Jahren hat sich rund um Peptide ein regelrechter Hype entwickelt. Was früher eher ein Nischenthema aus der Labormedizin oder Forschung war, ist inzwischen in Fit
0_219424_126_t1_o2hho0m;0.2648;seeking;procedure-curious;;;;Nehmen wir an ihr dürftet eine kostenlose SchönheitsOP bekommen, was würdet ihr an euch verändern? Ich würde mir einen dritten Arm ranbasteln lassen. Zwei sind manchmal einfach zu wenig.
0_219424_126_t1_ocstogp;0.2648;cautioning;;;;;"Sophie Passmann cosplayt ""Bombshells"" Ahhhh achso :D ok, irgendwie naheliegend dass viele augenbrauenfalls mit Schönheitsop fails Hand in Hand gehen.Fand ihre Augenbrauen allerdings jetzt nicht so besonders auffällig auf den Bildern."
0_219424_9_5807687919510728;0.2649;enthusiastic;skincare-first;;;;Hat die auch im Kopf Botox oder nur in den Lippen .Es wurde heute im Dschungel von Sonja verkündet das Gill vom ersten Tag an die meisten Stimmen hat auch meine. Simone und Patrick haben sich in den letzten Tagen durch ihre dummen Kommentare selbst rausgeschmissen.Pech für die andere Gill ist der Kö
0_219424_126_t1_o55y21h;0.265;disappointed;;;;;👀 Gossip Einfach mal wirken lassen:UNSERE VISIONUnsere Vision ist es, ein weltweit führender Anbieter von innovativen Anti-Aging-Haar- und Hautpflegeprodukten auf natürlicher Basis zu sein - mit einem konkurrenzlosen Geschäftsmodell, das jedes Jahr das Selbstvertrauen und das finanzielle Wohlergehen
0_219424_126_t1_o6n9bh7;0.2651;disappointed;procedure-curious;botox,price,aging-signs;;;Bsrtschatten Wenn du sehr helle haut und sehr dunkle haare ist kann man mit Lasern viel erreichen, aber wie du schon sagst: Es ist ne starke Reduktion und die Haare kommen nach einigen Jahren meist wieder. Für Dauerhafte entfernung bleibt dir nur die Epilation. Also auf Dauer ist die Epilation günst
0_219424_9_8920254542584615;0.2651;satisfied;;botox;;;Dieses Video ist total unnötig! Nur weil sein Management sagt, dass er selber erschienen ist, heißt das noch lange nicht, dass es stimmt.Nachdem Jim Carrey sein Karriereende bekannt gegeben hat, warum zum Teufel hat er sich Botoxen lassen??? Vorallem weil seine Gesichtsmuskeln, seine größtes Talent 
0_219424_9_56626691260822680;0.2651;cautioning;;botox;;;Sarkasmus? Weil die hat nur Botox im Gesicht 😂
0_219424_126_t1_o46ajqv;0.2652;seeking;skincare-first;;;;Körperfett? Ich suche ne Einschätzung zum Körperfett. Um zu entscheiden wann der richtige Moment für eine Hautstraffung ist. (Ziel wäre das niedrigste Körperfett was ich natural und ohne brutale Einschnitte halten kann). Da ich so extrem viel lose Haut habe, kann ich es nicht sinnvoll einschätzen. I
0_219424_126_t1_obacpud;0.2652;seeking;skincare-first;;;;Eine Empfehlung für ein Kosmetikstudio mit Beratung? Also es kommt natürlich immer drauf an wo du wohnst aber generell kann ich dir [https://v-esthetics.at](https://v-esthetics.at)  empfehlen dort kannst du auch eine kostenlose hautanlyse machen lassen damit du weißt was du wirklich brauchst. War sc
0_219424_9_63005895722052122;0.2653;satisfied;procedure-open;;;;"Der Herr Präsident hat anscheinend eine neue Messlatte für Kompetenz und IQ in den USA durchgesetzt und die definiert sich über den Botox-Gehalt oberhalb der Schulterlinie, NEIN ich will nicht wissen was unterhalb los ist ;)"
0_219424_126_t1_ogv2tvl;0.2653;satisfied;skincare-first;hyaluronic-acid;;;Wie wird man Bartschuppen los Ich habe angefangen Hyaluron in die Haut unterm Bart zu massieren. Dazu muss aber der Bart und die Haut nass sein, sonst klebt das sehr.Danach mit einer Fertigkeitscreme oder Öl versiegelt. Ich finde nur noch sehr selten Schuppen. Öl alleine hat mir nicht geholfen. Mir 
0_219424_9_yt.kgiKI5cJVQE;0.2653;enthusiastic;procedure-open;;;;7 UNGLAUBLICHE SCHÖNHEITSGEHEIMNISSE FÜR FRAUEN 💄✨ #psychologie #shorts Willst du wissen, wie du deine Ausstrahlung und Gesundheit sofort verbessern kannst? In diesem Video verraten wir dir 7 exklusive Tipps – von der richtigen Hautpflege bis hin zur Erhaltung deiner weiblichen Energie.Was du in die
0_219424_15_50397151357617639;0.2655;seeking;;;;;Gürtelrose-Impfung: Jungbrunnen-Effekt? Gürtelrose Impfung Anti-Aging ist für viele Praxen und Patienten aktuell ein zentrales Thema. Die Gürtelrose-Impfung ist seit Jahren eine etablierte Methode, um ältere Menschen vor ... The post Gürtelrose-Impfung: Jungbrunnen-Effekt? appeared first on Medizin 
0_219424_9_25835360053585411;0.2656;enthusiastic;;;;;Face Yoga wäre ganz ganz toll!!! Gerade von dir - bin sehr gespannt. Deine Haut ist so wunderbar und deine Einstellung zu Botox richtig! Liebe Grüße
0_219424_126_t1_oju9sbc;0.2656;seeking;procedure-curious;;;;"Was haltet ihr von Hyaluron Filler? es ist auch bei Frauen kein ""Beauty"" und ""Selfcare"" ..."
0_219424_126_t1_nxf67bj;0.2658;seeking;skincare-first;vitamin-c,price;;zinc;Hilfe udn Frage wg. möglichem Vitamin D Schwurbler Kurzer Disclaimer:Ich war vor ca. eine Jahr beim Hausarzt und habe ein Blutbild machen lassen. Aufgrund Interesse habe ich meinen Vitamin D Spiegel auch testen lassen. Der Wert war deutlich unterhalb der angegebenen Normwerte. Und ca. 1/4 des Wertes
0_219424_9_yt.B2frJoUQPD0;0.2658;cautioning;;;;;Das geht aber nicht wegen dem Botox xD #botox #memes #meme #lustig #spass #feiern #frauen #cringe Hier bekommt ihr geile lustige Clips und Videos aus vielen Bereichen.Memes und vieles Mehr #Lustig #Meme #Spaß #witzig #lachen #humor #german #deutsch #ehrenlos #clips #lol #memes #fail
0_219424_9_yt.Dj1h3H8xVng;0.2658;seeking;;;;;Welche Trauben sind am gesündesten? 🍇 Der Farb-Vergleich! Trauben sind nicht nur lecker, sondern auch echte Superfoods! 🍇 In diesem Video erfährst du den Unterschied zwischen roten, grünen und schwarzen Trauben – und welche Farbe am gesündesten ist.Rote Trauben unterstützen dein Herz, grüne Trauben 
0_219424_9_38433172135799413;0.2658;cautioning;skincare-first;botox;;;Wer will denn diese verunstalten, Mimik freien Botox-Gesichter dieser alten Schabracken sehen?
0_219424_126_t1_oj8n5pu;0.2658;satisfied;skincare-first;retinol,vitamin-c;;;Funktioniert die ganze Gesichtskosmetik eigentlich? Augencremes sind überteuert und unnötig. Man kann auch einfach eine normale Creme um die Augen benutzen. Das hat genau denselben Effekt. Sie unterscheiden sich kaum von normalen Cremes, außer dass sie teurer sind und in geringerer Menge verkauft we
0_219424_9_45761243777033698;0.2659;disappointed;;botox;;;Granny Look + zuviel Botox, die hat keinerlei Mimik.
0_219424_9_yt.8c67gWvOMQ0;0.2659;cautioning;;;;;Das solltest du vor dem grünen Tee trinken wissen #mistake #health Erfahre, was mit deinem Körper passiert, wenn du täglich grünen Tee trinkst! 🧬 Wir zeigen dir, wie dieser Tee deinen Stoffwechsel ankurbeln kann und warum er ein echter Anti-Aging-Helfer ist. Doch Vorsicht beim Eisenmangel – hier gib
0_219424_9_3958516067576963;0.2659;disappointed;;;;;So ein Quatsch, wie 18 ??? Sie ist von den ganzen Schönheitsreparaturen und Botox total verunstaltet sie ist nicht mehr wiederzuerkennen.
0_219424_126_t1_nx56jzx;0.2661;enthusiastic;skincare-first;;;;"Wie navigiert man Dating als Frau mit unattraktivem Körper am Besten? &gt;Doch. Genau das tut sie. Das ist ja das Problem.Nein - eben nicht&gt;Bei einer Gewichtszunahme dehnt sich die Haut jedoch erneut um das neu entstandene Fettgewebe. Wenn Sie nach einer Hautstraffung wieder an Gewicht zunehmen, "
0_219424_9_67530142984730580;0.2661;cautioning;;facelift;;;Botox und Facelifting geht immer mit Schweinsäuglein einher
0_219424_9_69380363556352671;0.2661;disappointed;;;;;​@wuchtschwinge9666 Du laberst so ein Schrott! Es gibt kein Anti Aging Pille wodurch man paar Jahre länger leben kann! Durch Testosteron lebt man aber auf jeden Fall paar Jahre weniger
0_219424_9_34424112951529834;0.2662;satisfied;skincare-first;facelift;;;Sandra hatte eine Augenlidstraffung, dabei kann man einiges korrigieren.  Das ist und war kein Botox.  Und  selbst wenn es so wäre, was juckt es dich? Sie ist eine der natürlichsten Frauen im Trash TV. Was solls?
0_219424_126_t1_odhcg3d;0.2663;cautioning;procedure-curious;;;;Wann habt ihr die ersten Symptome einer Perimenopause wahrgenommen? Wie hat eure Gyn reagiert? Hey, also ich bin wohl noch (etwas) zu jung, als dass ich davon etwas merke, aber meine Mama ist Gyn und ich daher ein bisschen an der Informationsquelle. Leider ist Frauengesundheit ein Gebiet, das von de
0_219424_9_63528871542746773;0.2665;disappointed;;;;;​@vb917 Nun, wenn du von zu viel Botox sprichst, sie dir Trumpaltine's Melanomia an 😂... die hat eine Visage zum Frühgeburten auslösen ! Aber ja, Sandra könnte ab und zu mal einen doppelten Cheeseburger vertragen... mit Fritten !!  😂
0_219424_126_t1_o5njlmy;0.2665;satisfied;;;;;Happy Valentines Day von D & M Vor lauter Botox kann Melania nicht mehr lächeln, ist doch klar dass man dafür KI braucht. Außerdem hat Pedolf viel zu große Hände
0_219424_9_43166899149892328;0.2665;satisfied;skincare-first;botox;;;Ja genau…er nutzt jahrelang jede Gelegenheit im Rampenlicht um gegen Hollywood zu schiessen und sagt das er die totale Freiheit durch seine Spiritualität erlangt hat.. dann geht er einige Monate später und spritzt sich das Gesicht voll mit botox??😅💉👍🏼Das bezweifle ich, leider…Es ist ja auch nicht so
0_219424_126_t1_ohb1u1q;0.2665;seeking;skincare-first;retinol,vitamin-c,niacinamide-peptides,spf;;retinol;Ü30 was hilft der Haut? Das wichtigste ist Sonnenschutz. Sonnenschutz bedingt Reinigung am Abend, das Zeug muss runter. Das zweitwichtigste ist ein retinoid - retinol, retinal, tretinoin, your choice. Retinoide machen Sonnenschutz noch wichtiger, damit ist es endgültig verpflichtend. Und dann brauch
0_219424_9_26609327725998786;0.2666;disappointed;skincare-first;;;;Persönlich finde ich Piercing Tattoos Botox Silikon sehr Eckelhaft. Konnte so eine Frau nie in Arm schließen geschweige sie zu küssen 🤮
0_219424_9_yt.3BluYs1Yf1I;0.2666;disappointed;procedure-curious;aging-signs;;;Was deine Haut zerstört vs  was sie zum Strahlen bringt 🌿 Anti Aging Guide Deine Haut zeigt jeden Tag, wie du lebst… 👀Einige Gewohnheiten lassen deine Haut schneller altern ⚠️Während andere sie natürlich zum Strahlen bringen ✨In diesem Video zeigen wir dir den klaren Unterschied zwischen Haut-schädi
0_219424_126_t1_nzrttk5;0.2667;enthusiastic;procedure-open;peel,spf,aging-signs;microneedling;;Microneedling Falls dass die Behandlung ist, bei der Farbpigmente in die Haut geneedlet werden, kann ich nur abraten! Das ist ein oberflächliches Tattoo und man kann nicht abschätzen wie die Farbe sich auf Langzeit gesehen verhält, vor allem wenn man schon dunkler ist und/oder im Sommer (trotz SPF) 
0_219424_9_48975157643865904;0.2668;satisfied;skincare-first;;;;Also wenn ich Ricknick eingebe, haben die Videos definitiv nichts mit Sons of the Forest zu tun. 😅Aber vielleicht möchtest du, dass deine Zuschauer mal Botox und so machen. 🤣
0_219424_126_t1_o6fl8ai;0.2669;disappointed;;;;;Could someone share their experiences with Botox treatment in Germany? Das ist wirklich super. Und auch danke an dich als Patient Zero an der Charité!
0_219424_15_64493859633253163;0.267;seeking;procedure-curious;;;;Die besten Kosmetikstudios in Berlin: Unsere Auswahl für Ihre Hautpflege Die Haut ist unser größtes Organ und im hektischen Alltag einer Großstadt wie Berlin zahlreichen Belastungen ausgesetzt. Abgase, trockene Heizungsluft, UV-Strahlung und nicht zuletzt Stress hinterlassen oftmals sichtbare Spuren
0_219424_126_t3_1szw6n8;0.267;enthusiastic;skincare-first;retinol,niacinamide-peptides,price;;retinol;Nur wenig Haut-Verbesserung durch Tretinoin (?) Ich benutze seit etwa 1 1/2 Jahren regelmäßig tretinoin (Ketrel 0,5mg/g). Anfangs hatte ich das fast jeden Tag aufgetragen, was definitiv die Haut etwas austrocknete bzw. gereizt hatte, mittlerweile aber eher so 3 mal die Woche mit Retinol zwischendurc
0_219424_9_yt.RuPPAIcKXic;0.2671;seeking;skincare-first;aging-signs;;;Anti-Aging Produkte schon in der Pubertät beginnen? Dieses Video betrachtet kritisch die Empfehlung, bereits in der Pubertät mit Anti-Aging-Produkten zu beginnen. Wir diskutieren, ob Cremes und Lotionen wirklich halten, was sie versprechen, oder ob sie uns nur alt aussehen lassen. Ein genauerer Blic
0_219424_9_30486010006140513;0.2671;satisfied;;;;;Botox pumpt nicht auf, da ist noch was anderes dabei.
0_219424_9_38662607502429459;0.2671;disappointed;procedure-curious;;;;Gutachter müssen eigentlich bestimmte Kriterien erfüllen.Und normalerweise, wenn man ein Gutachten bekommt, das den Auftrag nicht erfüllt oder den Kriterien nicht gerecht wird, kann man ein neues bei anderen machen lassen, sich Widersprüche oder Unklarheiten erklären UND konkret belegen lassen oder 
0_219424_9_yt.NPR65xXqFnU;0.2672;enthusiastic;;aging-signs;;;Lassen Sie Ihr Haar schnell dickund kräftig wachsen!SeniorendieserSamen bekämpftHaarausfall effektiv @Gesundheitsarzt 🌱 Dickeres Haar in jedem Alter!In diesem Video erfahren Sie, wie ein kraftvoller natürlicher Samen Haarausfall bekämpfen und das Haarwachstum schnell fördern kann – besonders bei Sen
0_219424_126_t1_odqr069;0.2672;seeking;procedure-open;botox,price;;;"Das erste mal Botox Ich lasse mir seit 5 Jahren Botox spritzen und man sieht deutlich ""glatter"" und entspannter aus. Bei mir sinds auch die Krähenfüße und die Stirn, wobei die ersteren sich sehr viel schneller neubilden als bei der Stirn. Ich lasse alle 5 bis 6 Monate nachspritzen. In Deutschland za"
0_219424_126_t3_1skib9e;0.2673;seeking;procedure-curious;;;;Beautyfiller (Hyaluronsäure) mit rosazea? Ich bin 26 und habe erst seit kurzem Rosazea (Typ 2) Aktuell in Behandlung mit Doxycylin und Ivermectin. Es wird deutlich besser, aber bis meine Haut stabil ist dauert wahrscheinlich noch was. Hat jemand Erfahrung mit Hyaluron Injektionen bei Rosazea? Würde 
0_219424_9_57989000940535885;0.2674;disappointed;;;;;@gaya.1585 Ach, die arme Maus, hat sie doch nur 500 Millionen, wo soll das ganze Geld für das BOTOX her?
0_219424_9_63133356677924013;0.2674;enthusiastic;skincare-first;;;;"Ich finde es generell weird,was alles auf Social Media „normalisiert"" wird.Themen wie Filler und Videos wie ich sobald ich 30 bin (wo sie dann sich beim DOC zeigen.Sind einfach schädlich.Liebe Jugendliche und vorallem Mädels:BITTE Bitte Bitte lasst euch von sowas nicht beeinflussen! Ihr seit gut wie"
0_219424_126_t1_o307ksh;0.2675;disappointed;skincare-first;botox;;;"Welche Aspekte des modernen ""Frauenideals"" findet ihr eigentlich NICHT attraktiv? (Bild von ChatGPT) Och, wie billig.Ich schrieb ""nicht viel mehr als Duschen und Zähneputzen"". Natürlich musst du jetzt darüber diskutieren ob das Zahnseide und ""normale"" (!!!) Nägelpflege beinhaltet.  Und ""alle Jubelja"
0_219424_9_yt.d3dxP5I4RMA;0.2675;disappointed;skincare-first;aging-signs,price;;squalane;IMAGE Skincare - AGELESS - Total Anti-Aging Serum ✨ Entdecken Sie das Geheimnis jugendlicher Strahlkraft! ✨Das IMAGE Skincare AGELESS Total Anti-Aging Serum verbindet Luxus mit hochwertigen Inhaltsstoffen – und das zu einem Preis von nur CHF 92.15. Squalan, der ultimative Feuchtigkeitsspender, repar
0_219424_126_t1_oju93kh;0.2675;seeking;procedure-curious;;;;Was haltet ihr von Hyaluron Filler? Wtf, auf gar keinen Fall.
0_219424_9_71433988198926791;0.2676;satisfied;;;;;Sie sieht aus wie der Teufel nicht bewegte sich in ihr Gesicht das Botox schlägt an
0_219424_9_35901082734967319;0.2677;satisfied;;;;;Bei jim Carrey hat das Botox so hart geknallt, dass sich die Augenfarbe, die Stimme und sein Charisma sich plötzlich geändert haben. Dass er plötzlich Rechtshänder geworden ist, ignorieren wir mal.
0_219424_15_46375783310090149;0.2678;enthusiastic;;price,natural;;;Gesund altern ohne extra Kosten: Diese 4 Faktoren sind laut Bestsellerautor entscheidend (Bildquelle: Getty Images / FatCamera / Bildbearbeitung GIGA) Professor Grönemeyer zeigt in seinem neuen Bestseller, wie ihr mit vier kostenlosen Lebensstil-Faktoren gesünder altert und eure Lebenszeit verlänger
0_219424_126_t1_o74i44k;0.268;enthusiastic;procedure-open;;;;Botox bei Migräne Das freut mich sehr für dich!! Ich hoffe, meine Neurologin kann mir das auch verschreiben, und hoffentlich wirkt es dann genauso gut. Danke für das Update!
0_219424_126_t1_oadq088;0.268;disappointed;skincare-first;botox;;;Wascht euch endlich ihr stinker aluminiumdeos bzw antiperspirant unterscheiden sich in der wirkweise zu anderen deos so, dass sie nicht nur den geruch überdecken, sondern dass sie das schwitzen an sich vermindern. körperstellen wie achseln stinken ja stärker beim schwitzen als zb der unterarm oder s
0_219424_126_t1_ol6h6ln;0.268;enthusiastic;procedure-open;facelift;;;Warum wird der ID Polo so gehyped? Ja, ich schätze mal der erste richtige europäische Hauptkonkurrent wird der nächste E-Corsa werden. Den Corsa F gibts seit 2019 und den Facelift seit Anfang letzten Jahres. Ein Corsa G ab 2029 ist realistisch.Ggf haut Stellantis vorher einen neuen 500e oder einen n
0_219424_126_t1_nyzz0ea;0.2681;seeking;skincare-first;retinol,vitamin-c,spf,aging-signs;;retinol;"30 geworden. Was an Skin Care bringt wirklich was um langsamer alt auszusehen? Die heilige drei Faltigkeit Cleanser, Feuchtigkeitscreme und Sonneschutz. Alles andere ist ""Spielerei"" bzw. zweckbedingt eingesetzt. Also wenn du zum Beispiel aktiv gegen Akne vorgehen möchtest oder Unreinheiten, Rötungen"
0_219424_126_t3_1qule6s;0.2681;cautioning;procedure-curious;botox;;;"Ich nehme seit Jahren täglich Schmerzmittel und es ist mir langsam egal Ich bin 26 und habe seitdem ich ein Kind bin starke Migräne. Früher hab ich als ich klein war bei jedem Anflug von Migräne den ""guten"" Ibuprofen Saft der nach Erdbeere schmeckt und ganze 400mg Ibu drin hat bekommen was dazu führ"
0_219424_126_t1_o5qlk8f;0.2681;seeking;skincare-first;;;;Schönheits-OPs sind etwas gutes und viel mehr Leute sollten sie nutzen nutzen Ja okay, Schönheitsoperation habe ich schwammig verwendet. Objektiv ist die Operation(en) bei den Transgender nicht medizinisch notwendig. Inwiefern es gestützt werden sollte, ob überhaupt und in welchem Alter ist sehr dis
0_219424_9_4922365660993462;0.2681;disappointed;;;;;​@Derchilligepinguineine schöne Reise? Die Alte ist so oberflächlich dass sie eine Schönheitsop machen lässt. Wo bleibt eigentlich das Kleinkind während an Mama geschnippelt wird?
0_219424_126_t3_1q93mr7;0.2682;enthusiastic;skincare-first;aging-signs;;;Ich wollte kein Anti-Aging, ich wollte einfach gesündere Haut Ich mag den Begriff *Anti-Aging* nicht besonders. Altern ist normal. Was ich wollte, war Haut, die sich gesund, angenehm und ausgeglichen anfühlt.Mein Fokus hat sich verschoben: weg vom Jagen nach Falten, hin zur Unterstützung meiner Haut
0_219424_126_t1_o6qqdsy;0.2683;disappointed;skincare-first;;;glycerin;Wie seit ihr mit eurer midlife crysis umgegangen? Meine Midlife-crisis hat so richtig hart gekickt, als ich Gavin Rossdale habe Glycerine bei Jimmy Fallen habe spielen sehen. Bush als Botox-Face und ich wusste, dass ich auch alt geworden bin. Gut, die Scheidung zum gleichen Zeitpunkt hat jetzt nicht
0_219424_9_71207348547828282;0.2683;enthusiastic;;;;;zum 2. Absatz: Botox und Filter helfen 😉
0_219424_9_32929494340071775;0.2684;satisfied;skincare-first;;;;Halooo Oile ohne Botox! Nicht so lange in Solarium ligen!🦉👹👿
0_219424_9_48612237238815676;0.2684;disappointed;;;;;Schade dass fast nur Bilder von Leuten mit Hyaluron gezeigt wurden. Gut gemachtes Botox sieht man nicht und wird vom Körper abgebaut. Diese schlimmen Gesichter aus Hollywood haben ganz andere Sachen unter der Haut 😂Und auch die hängenden Lider und co. Ziehen sich mit dem Abbau des Botox zurück - irg
0_219424_9_25757981412801112;0.2684;satisfied;skincare-first;botox,peel;;;Ich finde man soll sein Alter so hin nehmen, wie man altert und kein scheiß mit seinem Körper anstellen, Botox, Peeling, Lippen spritzen, oder so wie meine Ex, wollte Brüste machen lassen und das ich dafür Bleche. Jetzt hat sie kein Mann und kein Problem mehr mit den Brüsten, hat sich echt gelohnt 👍
0_219424_126_t1_o38shvk;0.2685;seeking;procedure-open;botox;;;Was haltet ihr 2025 von Botox und Fillern? Ach krass, dass mit den Tieren wusste ich gar nicht, danke für die Info!
0_219424_9_11316924806032002;0.2685;cautioning;;fillers;;;Tuen sie Madame das Beten vor oder nach der Lippen unterspritzung . 😅😅😅😅
0_219424_126_t1_nxt7iqg;0.2686;disappointed;skincare-first;facelift,spf,aging-signs;;;"Wie geht ihr mit dem Altern um? Kann man pauschal so nicht sagen.Viele Männer sehen mit 30+ auch nicht mehr so gut aus; Haarausfall, Bäuchlein. Und das wird ja immer schlimmer je älter die Herrschaften werden.Ich würde daher tatsächlich sagen, dass beide Geschlechter ihm Alter echt abbauen.Dieses ga"
0_219424_9_yt.oJ_-80b-Hqw;0.2686;seeking;;;;;Die 5 Substanzen, die das Altern stoppen Wusstest du, dass dein Körper schneller altert, als du denkst? 🧬 In diesem Video enthüllt Dr. Hans Müller die 5 wirksamsten wissenschaftlich belegten Substanzen, um die Zellalterung zu verlangsamen, chronische Erkrankungen zu reduzieren und deine Lebensqualit
0_219424_126_t1_ofbxsdn;0.2686;disappointed;procedure-curious;price;;;Brauche Beratung wegen einer Epithese Hi, ich habe vor zwei Jahren meine Epithesen bei Sofia machen lassen.Bei mir war es umgekehrt zu deinem Fall, mir war das tägliche Packing und Urinieren wichtiger als die GV-Epithese.Es gibt wesentlich realistischere STP Packer auf dem freien Markt. Ja, die Epit
0_219424_9_yt.iU3p22SH8Ww;0.2687;seeking;;;;;5 Samen bekämpfen 5 Ursachen für Sehverlust ab 60 – Karotten können das nicht Willkommen auf unserem Kanal Gesundheit für Senioren – Ihrem vertrauenswürdigen Ort für einfache, praktische und wissenschaftlich fundierte Gesundheitstipps ab 60 Jahren.Wir teilen leicht verständliche Informationen zu ges
0_219424_9_65982841694613102;0.2688;satisfied;;;;;Sie macht keine Schönheitsoperation sie hat eine Art Tumor 😢
0_219424_9_15571909004566352;0.2689;disappointed;skincare-first;;;;Ne Situäischonschipp hätte ich auch gerne. Würde sogar eine von den gezeigten chicks nehmen (hinterher ginge es denen auch nicht schlechter). Hauptsache Botox und Silikon. 👍
0_219424_126_t1_oe8qqqz;0.2689;satisfied;;;;;Sorry aber lange Gelnägel sind eklig Männer wissen oft nicht was natürlich ist und was nicht. Teilweise mit Full Face Anke up denken die ne Frau ist ungeschminkt oder mit schlichten kürzeren almond nails denken die die Mähler sind nur lackiert. Mit Botox denken die halt das die einfach nicht so viel
0_219424_9_yt.t8Fwplgeo04;0.269;disappointed;skincare-first;;;;Anti-Aging: Gefahr für die Jugend! 😂👶 Manchmal sollte man Werbeversprechen nicht zu wörtlich nehmen! 😉✨ In diesem Video geht es um eine ganz besondere Hautcreme und die überraschend gefährlichen Folgen für eine 19-Jährige. 😂 Ein herrlich trockener Witz über Anti-Aging, jugendliche Schönheit und die 
0_219424_9_18650361575648454;0.2691;satisfied;;aging-signs;;;"Schönheits-OP❓Definitiv NICHT, denn Jim Carrey auf dem linken Foto siehr trotz vieler Falten an den Augen SEXY &amp; sympathisch aus❗Der Typ auf den Foto rechts sieht GRUSELIG is, wie ein Serienkiller aus einem Blockbuster Horror-Film 😨,  vor dem Kerl laufen Frauen weg ODER wechseln schnell die Stra"
0_219424_126_t1_ojua1yj;0.2691;seeking;procedure-curious;price;;;Abtreibungen künftig auch an der Tirol Klinik möglich, aber die Kosten sind weiterhin privat zu tragen. Beim faul wird dir auch nur das nötigste gezahlt. Die Schönheitsoperation wenn du danach eine hässliche Narbe hast wird auch nicht gezahlt.Das nötige um die Fuß Funktionen wieder herzustellen -&gt
0_219424_126_t1_o2lfcs7;0.2692;seeking;procedure-curious;;;;Nehmen wir an ihr dürftet eine kostenlose SchönheitsOP bekommen, was würdet ihr an euch verändern? Kann ich auch ne Tätowierung geltend machen? Dann würde ich meinen Sleeve vervollständigen. Wenn nein, dann absolut rein gar nichts... Finde mich perfekt so wie ich bin und meine bessere Hälfte sieht d
0_219424_9_23193469908347482;0.2692;cautioning;skincare-first;aging-signs;;;Wann begreifen diese Leute endlich, dass solche Zombie-Gesichter nicht attraktiv sind? Wenn ich z.B. Sonja Kirchberger anschaue, gruselt's mich. Ein Gesicht lebt von der Mimik und der Ausstrahlung. Und es gibt nichts attraktiveres, als ein lebendiges, strahlendes Gesicht. Egal, wie viele Falten man 
0_219424_9_46654644555274124;0.2694;enthusiastic;;;;;😂😂 bald kommt der neue Assessor creed teil : Titel botox und Silikon 😂😂😂😂😂😂😂😂😂
0_219424_126_t1_nzx0e5d;0.2695;disappointed;procedure-curious;peel;microneedling;;Microneedling Danke fürs teilen, habe bisher wirklich NICHTS schlechtes darüber lesen können. Super 😻
0_219424_9_67852009774118818;0.2695;satisfied;;botox;;;Navidi ist nur eine ...Nuss, die zuviel Voge und andere Kosmetikzeitschriften konsumiert und somit sich deshalb Politik und Wirtschaftsexperte wähnt.! Die sollte sich weniger Hautstraffungs Operationen und Botox Spritzen unterziehen und etwas mehr Gewürze konsumieren, damit sie mindestens so wie etw
0_219424_9_66777573751943535;0.2696;cautioning;;;;;das alles für Plastick Titen ,Botox fressen und Ärsche in nem clown Kostüm gw für so ein Müll !
0_219424_9_21297343633935422;0.2696;enthusiastic;;hyaluronic-acid;;;Zuletzt wurde bei uns ein Hyaluron Serum Propper mit 150ml aus dem K-Beauty Bereich nach laaaanger Zeit aufgebraucht. Es hat sehr gut gepflegt und ein bisschen trauern wir ihm hinterher, aber es wurde gut ersetzt 😊.Immer spannend zu sehen, was so aufgebraucht wird und wie die Meinung zu den Produkte
0_219424_126_t1_o2iitrx;0.2697;seeking;procedure-curious;;;;Nehmen wir an ihr dürftet eine kostenlose SchönheitsOP bekommen, was würdet ihr an euch verändern? Hätte etwas Wampe zu verlieren aber ohne das ehrlich zu machen hätte ich die sofort wieder drauf, bin grade eh schon am Abnehmen von daher auch nix
0_219424_126_t1_o3dx99p;0.2697;disappointed;;peel;;;"Gestorben bei Peeling - Todesfall aus der Doku ""Brasilien, Botox, Butt Lift - Alles für die Schönheit"" Kranke Welt 😟 (RIP)."
0_219424_9_yt.yHZhlw7z-eI;0.2697;seeking;skincare-first;niacinamide-peptides;;amino-acids;Wir denken zu klein  Warum Makronährstoffe entscheidend für wahre Gesundheit sind! | QS24 Ihre Meinung zählt!Hat Ihnen diese Sendung gefallen? Dann freuen wir uns über Ihre Bewertung:👉 https://qs24.run/bewertungenDer Schlüssel zu einer gesunden Zukunft: Warum wir uns auf das Große Ganze konzentriere
0_219424_9_70701911505754948;0.2697;seeking;skincare-first;botox;;aha;"ahahahaha, bei der Botoxfrage :D Ich dachte mir so, dass sich bestimmt 10 Millionen Leute im Jahr Botox spritzen lassen. Und was braucht man dafür? Bestimmt 1g, also ungefähr Kubikzentimeter, vllt brauchen auch manche mehr, also gehe ich mal mit 20.000kg. Google danach: ""Ein Nanogramm — d.h. ein Mil"
0_219424_126_t1_nx93evh;0.2698;disappointed;procedure-open;;;;Leberzirrhose  ammoniakgeruch Das tut mir sehr leid für dein papa. Ich habe das gefühl das mein atem nach ammoniak riecht und meine haut auch.habe etwas Gewicht verloren und manchmal ein drücken rechts unter den rippen.habe  in einen jahr 2 mal blutwerte und ultraschall machen lassen alles ohne Befu
0_219424_126_t1_nzcummy;0.2698;seeking;procedure-curious;peel,price;microneedling;;Genetische Augenringe-welche Behandlung? Was ist mit Microneedling? Ich schaue mich aktuell auch nach Behandlungen gegen Augenringe um und abgesehen von einem Multi-Peptid Serum, welches ich seit einer Woche nun nutze, soll Microneedling sehr gut helfen. Kostet 150-200 Euro beim Arzt, soll die Kolla
0_219424_126_t1_o2kup5w;0.2698;seeking;procedure-curious;;;;Nehmen wir an ihr dürftet eine kostenlose SchönheitsOP bekommen, was würdet ihr an euch verändern? Glaube, dass manches einfach Veranlagung ist bzw. kann man nicht immer gezielt Körperregionen auf und ab trainieren, vor allem bei einer Abnahme.Abgesehen davon bin ich sehr sportlich, es geht bei mir 
0_219424_126_t1_o3ekmvf;0.2699;seeking;;botox;;;Was haltet ihr 2025 von Botox und Fillern? Es ging um Botox und du hast eben Quatsch dazu geschrieben. Informiere du dich mal lieber besser, bevor du sowas behauptest. Irgendwelche Vitamininfusionen dürfen die legen. Botox und Hyaluron dürfen die nicht spritzen. Aber passt schon
0_219424_9_50571857355684983;0.2699;cautioning;skincare-first;retinol,aging-signs;;;Manche lassen sich komplett ihre Mimik wegstraffen. Ich bervorzuge Retinol, Hylauron, kein Rauchen, kein Zucker, paar Anti aging sups, Sport, etwas Glück mit Genen und dann kann man auch mit 56 Jahren weniger Falten haben, als manch 30 jähriger. 😊
0_219424_9_3887239856283770;0.2699;enthusiastic;;botox;;;Das kommt, wenn man alt wird und sich Botox ins Gesicht spritzen lässt.
0_219424_126_t1_ojh0yri;0.2699;cautioning;procedure-curious;peel,aging-signs;microneedling;;Selbstverletzungsnarben weniger sichtbar machen Ich habe keine persönliche Erfahrung damit aber was mir mal bei einer Narbe empfohlen wurde die ich nicht so mag ist laserbehandlung. Das kann die Narben glätten. Microneedling bis zu einem bestimmten Grad auch. Wenn die Farbe danach noch nicht passt g
0_219424_9_40445306494860516;0.27;seeking;;;;;Botox und Schönheitschirogie muss man sich leisten können. Die Ärmeren und Ängstlichen kaufen sich neue Klamotten, Schuhe, Taschen, Kosmetik u.a., obwohl da gar kein Mangel besteht. Das ist oft nicht weniger Krank. Bei Männern nimmt das auch zu.
0_219424_126_t1_of5n14v;0.27;seeking;skincare-first;aging-signs;;;"Jemand Erfahrung mit CCeye/ Permanent Concealer? Ich würde mir persönlich nichts in der Nähe der Augen tätowieren lassen (denn nichts anderes ist permanent Makeup)Ich habe selber sehr bleiche fast ""durchscheinende"" haut und lila Augenringe dadurch. Statt tonnen an concealer habe ich so eine colour c"
0_219424_9_yt.bMop9MngWkg;0.2701;satisfied;;pressure;;;SCHÖNHEITSWAHN bei MÄNNERN!? | Prinz Vegeta030 #looksmaxxing #schönheitsop #männlichkeit Reaction: Wenn der Schönheitswahn bei Männern zu weit gehtOriginal Video: https://www.youtube.com/watch?v=38uPgSYqcTEMeine SUPPLEMENTS - Code MACHER (bis zu -30% je nach Aktion)www.esn.comNasen Stripes für besse
0_219424_9_21172659580801810;0.2701;satisfied;;botox;;;Gibt es keine Profiler die Mikroexpressionen deuten? Es ist doch wohl eindeutig. Auch dass seine Frau ihn schon immer gedeckt hat. Sie hat nur den Vorteil, dass Botox die Gesichtszüge lähmt.
0_219424_9_3030261458504619;0.2703;disappointed;;;;;Tbf, sabrina war mal echt attraktiv, und dann kam sie mit botox und links radikalem bullshit an und dann war vorbei
0_219424_9_56528097395222967;0.2703;satisfied;;;;;Kommen Botulismus und Botox vom selben Wort?
0_219424_9_yt.XGVImLY3Fos;0.2704;satisfied;;laser,price,celebrity;;;Sylvie Meis: Die Wahrheit hinter Perfektion Was steckt wirklich hinter dem makellosen Auftritt von Sylvie Meis? ✨In diesem Video tauchen wir tief hinter die Kulissen eines der bekanntesten Gesichter der TV-Welt ein – ehrlich, ungeschönt und überraschend persönlich.Sylvie Meis spricht offen über Disz
0_219424_126_t1_ol0x540;0.2704;satisfied;skincare-first;spf,aging-signs;;;Ich hab Integration so ernst genommen dass ich glaube ich Melanin verloren habe Jain. Also Haut repariert sich schon kontinuierlich im jeweiligen Moment über Zeit selbst. Aber nicht zu 100 Prozent. Und es ist nicht so, dass man 10 Jahre Sonnenexposition bspw. mit 10 Jahren Sonnenvermeidung wettmache
0_219424_126_t1_o475lab;0.2705;enthusiastic;skincare-first;;;;Frau möchte sich ihren Körper machen lassen ...problemlos auch das körpereigene Hyaluron.
0_219424_126_t1_ofc7hko;0.2705;disappointed;;botox,aging-signs;;;(Gut gemachte) Beautyeingriffe sehen so gut aus Das ist leider so wenn man älter wird. Im Alter wird alles an Botox etc. sichtbar. Das Gesicht und Haut ändert sich, wird schlaff und faltig, tja aber die OPs altern halt nicht mit. Alleine die ganzen alten Promis die sich bis zum geht nicht mehr operi
0_219424_126_t1_ojid62i;0.2705;enthusiastic;procedure-curious;facelift;;;Wie steige ich mit Ende 30 und ohne Beziehungserfahrung behutsam ins Dating ein und kommuniziere, dass ich es langsam angehen möchte? Gott sei Dank gibt es ja Schönheitsoperationen. Dann könnte mir eventuell ein Facelift helfen, wenn es für mich schwierig wird😂. Wobei ich tatsächlich jünger eingesch
0_219424_9_64936948940122593;0.2706;enthusiastic;skincare-first;;;;​@AmritaKumari-qy1kobotox mein forehead par Jo wrinkles aaty due to smile woh khatam hojaty hai or agar gor Sy dekha jay toh woh in ky aa rahy hai ( 44 year old Waly clip mein) ...toh apparently toh lagta Botox nahi karwaya hoa...baqi minor surgeries like injections wagera lagwaye hoye shayed...baqi
0_219424_126_t1_ojrr6z6;0.2706;disappointed;;;;;Was gilt zwar generell als attraktiv, aber ihr möchtet es bei einer Partnerin trotzdem nicht haben? Plastik? Botox? Seit wann ist die natürliche Schönheit eigentlich nicht mehr attraktiv?
0_219424_9_yt._Zkxz_zzEf4;0.2707;seeking;skincare-first;aging-signs;;;Für nur 800 Won Melasma und Pigmentflecken reduziert? Der einfache Trick für klarere Haut Viele Menschen kämpfen mit Melasma, Pigmentflecken und dunklen Hautverfärbungen, besonders im höheren Alter. Doch wussten Sie, dass eine sehr einfache und günstige Methode helfen kann, das Hautbild sichtbar zu 
0_219424_126_t1_o36kav1;0.2709;seeking;procedure-open;botox;;;Was haltet ihr 2025 von Botox und Fillern? Ich habe 2 Mal Filler ausprobiert über einen Zeitraum von 4 Jahren, das letzte Mal vor 2 Jahren. Ich bereue es nicht. Ich habe immer noch sehr schmale Lippen, aber wenigstens jetzt irgendwas auf was man Lippenstift auftragen kann. Es sieht jedoch sicherlich
0_219424_126_t1_ob2hwx7;0.2709;seeking;skincare-first;vitamin-c,hyaluronic-acid,aging-signs;;;Gesicht ist nach Reinigung ganz rot Deine Haut hat sich nie richtig an das retinal gewöhnen können wenn du das nur 1x wöchentlich benutzt. Mindestens alle 72 Stunden wg Retinisierung. Nach dem waschen rot etc heißt gestörte hautbarriere. Brauchst du das Reinigungsöl unbedingt? Bei vielen ist das zuv
0_219424_9_14357021130948693;0.2709;disappointed;;botox;;;Das ist doch so hässlich die die hat ja Ur noch Botox im Gesicht
0_219424_126_t1_o2sphbk;0.271;seeking;procedure-curious;;;;Nehmen wir an ihr dürftet eine kostenlose SchönheitsOP bekommen, was würdet ihr an euch verändern? r/baldFür alle, die warum auch immer keinen türkischen Haarschnitt haben wollen/, können und etwas Positives brauchen
0_219424_9_30943281838536735;0.271;satisfied;;;;;Klar iser das wad labert ihr. Der hat sich schon seit jahren Botox etc unterworfen. Diesmal fällt es halt nur erstmals auf. Aber schaut euch seine fresse in den letzten jahren an. Deutlich erkennbar
0_219424_126_t1_o87l17v;0.271;disappointed;skincare-first;;;;Silikon und Botox short Ich höre die künstlichen Nägel regelrecht brechen.
0_219424_126_t1_o29x2ow;0.2711;satisfied;;;;;Pink Tax und Schönheits-OPs sind der Beweis, dass Frauen alles machen um Schön zu sein außer wirklich an sich selber zu arbeiten. Aber auch Botox fällt doch genau unter die These von OP?
0_219424_9_yt.QT9A8Sdm9KA;0.2711;disappointed;;;;;Schockierendes Anti Aging Geheimnis der Tante enthüllt Geschichte eines Transvestiten Schockierendes Anti Aging Geheimnis der Tante enthüllt Geschichte eines Transvestiten
0_219424_9_yt.Vg1kTJYU4gM;0.2711;seeking;skincare-first;aging-signs,safety,celebrity;;;Infrarot-Gesichtsmaske: 30 Tage Selbsttest (Vorher-Nachher + Studien) LED- und Infrarot-Gesichtsmasken werden gerade überall als Anti-Aging-Wunder beworben.Sie sollen die Kollagenproduktion anregen, Falten reduzieren und die Haut sichtbar verbessern.Aber funktioniert das wirklich – oder ist es nur e
0_219424_23_64727486713839811;0.2712;satisfied;skincare-first;hyaluronic-acid;;;Sehr zufrieden Die Kombination aus Hyaluron und den Vitaminen (B5, C, E) hat mich neugierig gemacht. Nach der Anwendung wirkt das Gesicht direkt wacher und glatter. Ich nutze es meistens unter meiner normalen Tagescreme, aber an warmen Tagen reicht das Serum auch alleine völlig aus. Meine Haut vertr
0_219424_9_18169793162696929;0.2713;satisfied;skincare-first;;;;Für mich ist das ne Portion Botox und zuviel Zeit im Ruhestand, auch er wird älter und Filme macht er ja wohl erstmal keine.
0_219424_126_t1_o2h2to5;0.2714;seeking;procedure-curious;;;;Nehmen wir an ihr dürftet eine kostenlose SchönheitsOP bekommen, was würdet ihr an euch verändern? Fett absaugen ist sehr effektiv
0_219424_126_t1_o2skyve;0.2714;satisfied;;;;;"Eure Meinung zu kpo? Oidahh … „Wahl des geringsten Übels"" !== Freikarte für „ins Hirn g'schissn passt eeeh""Bissl Research über Fini, direktes Netzwerken in den aktuellen Guerilla Spin campaigns aus dem Botox czardom - bissi research über die ganzen „bin eh normal"" created-by-comittee und polcon-enti"
0_219424_23_12603710265781203;0.2714;satisfied;skincare-first;price,aging-signs;;;Ein gutes Produkt zu einem hervorragenden Preis. Ich kaufe diese Gesichtscreme bereits zum dritten Mal. Sie ist wirklich von guter Qualität. Ich habe fettige Problemhaut, obwohl ich bereits über 40 bin. Deshalb brauchte ich eine leichte Creme, die schnell einzieht und gleichzeitig Anti-Aging-Eigensc
0_219424_9_69960011470757211;0.2714;satisfied;skincare-first;;;;Ach die carola hat ja bei einer wette ihre Haare abgeschnitten,wollte sie ja sowieso weil die extension ihr zu lästig waren und nun will sie wieder lange haben.ja und die Nägel müssen auch neu gemacht werden.und eine rundumerneuerung,zähne,Lippen, Botox,busen sollten auch noch drin sein für einen Ne
0_219424_9_66618026080952502;0.2715;conflicted;;;;;Und gleichzeitig hat sie nie gesagt, grundsätzlich hat sie nie alles komplett ausgeschlossen, wie Botox. Es ist halt immer ambivalent.
0_219424_9_27756483627322149;0.2715;satisfied;;;;;Jim Carrey hat braune Augen, alles andere könnte man ja noch mit Botox regeln.. aber die Augenfarbe?
0_219424_9_49055463314085769;0.2717;disappointed;skincare-first;;;aha;"Es werden in fünf Jahren nicht dieselben Frauen unbedingt sein. Ich war mein ganzes Leben lang keine solche Bitch, aber auch die ""netten"" Jungs finden ja gerade die toll, haha. Die vielleicht etwas schüchterneren und normaler zurechtgemachten, interessieren die Männer doch auch nicht. Aufgespritzte "
0_219424_9_yt.FfKVxkJ72OI;0.2718;disappointed;;;;;Erdnüsse: Das Geheimnis für gesunde Nieren und einen tiefen Schlaf nach dem 60. Lebensjahr! @Gesundheitsarzt 🌰 Erdnüsse für ein gesundes Leben nach 60!Wusstest du, dass Erdnüsse nicht nur lecker sind, sondern auch deine Nieren schützen und deinen Schlaf verbessern können? 😴💤In diesem Video erfährst 
0_219424_23_30812080947401648;0.2718;enthusiastic;skincare-first;hyaluronic-acid,aging-signs;;pha;CELLULAR EPIGENETICS VERJÜNGENDES SERUM [Diese Bewertung wurde im Rahmen einer Werbeaktion gesammelt.] Ich empfehle!Ich bin glücklich, dass ich das verjüngende Gesicht-Serum Cellular Epigenetics von NIVEA (30 ml) zum Testen erhalten habe! Dieses Serum verfügt über die patentierte Age-Clock-Technolog
0_219424_9_19168887779853853;0.2718;enthusiastic;;;;;Hast du Sydney auch Botox drin oder nur Payton?
0_219424_9_67954664501331517;0.2719;cautioning;;;;;Hat Jasmin Botox?Wie kommst du darauf drauf?
0_219424_126_t1_o2tmd3q;0.2719;cautioning;skincare-first;botox;;;Ist Botox okay? Ich glaub nicht, dass die Zornesfalte von deinem Adhs kommt😊 das ist eher so ne generelle Mimiksache und Genetik, wo du eher Falten bekommst. Ich hab die Zornesfalte auch, genau wie meine Mutter. Meine Sis sagt immer, dass wir beide ne extrem ausgeprägte Augenbrauenmimik haben😅 Ehrli
0_219424_9_906184987700367;0.2719;seeking;procedure-open;price;;;Ich schätze, das Teuerste an der Werbekampagne waren die Unmengen an Botox, die benötigt wurden.
0_219424_126_t1_odjqcpt;0.2719;cautioning;procedure-curious;safety;;;Sollte ich meine OP in der Türkei durchführen lassen? Sprichst du türkisch? Und kannst du in der Türkei bei deiner Familie unterkommen? Ansonsten würde ich eine solch komplizierte Therapie/op hier machen lassen. Was machst du wenn es Komplikationen gibt nach der Op? Was machst du wenn du an den fals
0_219424_126_t1_ojn0f5h;0.272;seeking;;;;;"Hat jemand Erfahrung mit Narbenentfernung in Österreich? Microneedling ist auch eine Möglichkeit, um die Narbenfläche mit dem Drumherum etwas zu ""verwässern"".Machts aber bitte nicht Microneedling mit RF, das ist nicht so ungefährlich."
0_219424_126_t1_o2ji8mg;0.2721;seeking;skincare-first;;;;Ist Botox okay? Ist Autismus bereits ausgeschlossen? Es tritt häufig mit ADHS gemeinsam auf und die beschriebene Ausdrucksstärke im Gesicht habe ich auch in Unterhaltungen.
0_219424_126_t1_o37uajx;0.2721;seeking;;botox;;;Was haltet ihr 2025 von Botox und Fillern? Es ist 2026
0_219424_126_t1_oij60x4;0.2721;disappointed;procedure-open;peel;peeling;;Wie damit umgehen, als Frau (echt) unattraktiv zu sein? Ich wurde auch in der Vergangenheit einfach so von Fremden ausgelacht, ich kann dich verstehen, ich wurde hübscher und der Sche... hörte endlich auf.Eine Frau schrieb einen Bericht, dass sie selbst ein unattraktives Gesicht hatte und sich für e
0_219424_9_yt.WMbO17T-Tdw;0.2722;enthusiastic;procedure-curious;botox;lipolysis-injection;;"Djamila Rowe: ""Ich will diesen SCHNABEL nicht mehr haben"" | Dr. Rick & Dr. Nick | ProSieben Djamila Rowe, Dschungelkönigin aus dem Jahr 2023, ist heute zu Gast bei unseren Beauty Docs, denn sie leidet sehr unter Hasskommentaren, die sie für ihre Lippen bekommt. Unter Tränen erzählt sie Dr. Rick und "
0_219424_126_t1_odrj4fx;0.2722;seeking;skincare-first;aging-signs;;;Das erste mal Botox Darf ich fragen wo genau du es machen lässt am Gesicht? Bin 25 und entwickele schon langsam Muskelfalten am Stirn, die sich bestimmt über die Jahre zu richtigen Falten bilden :(
0_219424_9_39509682733599891;0.2723;enthusiastic;skincare-first;;;;@marcopogorevc7067 doch das ist garnicht mal so falsch, heute sind 15 jährige schon tätowiert und fast jeder. Früher war es echt selten, mit Botox und schlauchbootlippen möchte ich erst garnicht anfangen !
0_219424_126_t1_o2ie02p;0.2723;seeking;procedure-curious;;;;Nehmen wir an ihr dürftet eine kostenlose SchönheitsOP bekommen, was würdet ihr an euch verändern? die Ringerohren hast du dir aber selbst zuzuschreiben :D
0_219424_9_26820905488047436;0.2723;cautioning;;;;;Botox Ärsche oder Ballon Ärsche, WELCHER Typ steht auf so nen Dreck…..?😂
0_219424_9_1629111286294633;0.2723;satisfied;skincare-first;botox;;;​@DorisVito Erklärt nicht die Gestik, Augenfarbe oder die Stimme. Ganz zu schweigen, dass Jim wie der letzte mensch rüber kam, der sich Botox spritzen würde um sich an hollywood anzupassen. Der Verlust seiner Freundin kam schon sehr verdächtig rüber. Der Auftritt hier macht es nur offensichtlicher.
0_219424_126_t1_o8lf4ob;0.2723;seeking;skincare-first;retinol,niacinamide-peptides,aging-signs;;niacinamide;Hi Reddit! Ich bin Vlora, Skin Expert bei Kiehl's (DACH) – Ask Me Anything zu Wirkstoffen, Routine-Aufbau & sensibler/gestresster Haut | Live am 04.03. um 14 Uhr CET Gute Frage, die kommt tatsächlich öfter auf.Viele denken bei Inhaltsstoffen wie Hyaluron oder Niacinamid erstmal an Marketing oder Tre
0_219424_126_t1_o9uiwy3;0.2723;disappointed;skincare-first;;;;Die (Steuer)flüchtlinge aus Dubai kommen! Alle zu alt. Da hilft auch kein Botox/Silikon
0_219424_126_t1_o3awbb1;0.2724;seeking;skincare-first;;;;"Was haltet ihr 2025 von Botox und Fillern? Tut mir leid dir das sagen zu müssen, aber ""Bio Botox"" wird nicht gespritzt. Es wird nur auf die Haut aufgetragen, was natürlich nicht annähernd den Effekt von Botox hat. Und nochmal zur Klarstellung und als Hinweis, es sollte sich niemals jemand von einem "
0_219424_9_24410600167015524;0.2724;satisfied;;;;;Optisch könnte er es sein, wobei die Augenfarbe schon komisch wirkt, und er unverständliches Zeug von sich geben hat🎉🎉🎉 aber optisch könnte er es sein Botox halt😂😂😂
0_219424_126_t1_oc7vbxu;0.2724;seeking;procedure-curious;botox;;;Wer hat Erfahrungen bei PTSD und Behandlung mit SGB (Stelate Ganglion Blockade) mit Botox? Danke! Hast du auch Erfahrung mit der SGB?
0_219424_126_t1_ohca8ik;0.2724;disappointed;;;;;April 2026 - Social Media Thread Christian Wolf & Co Besser Hyaluron als nen Fuß ne? Der Feminist hat sich wieder eingeloggt.
0_219424_9_43740039882080023;0.2725;disappointed;skincare-first;;;;In Luxemburg wird sogar überlegt das Zeug von der Krankenkasse erstatten zu lassen. Bin nicht für. Für wichtigere dinge Zahlen sie nicht( Zahn operationen zählen zur Schönheitsoperation) finde ich echt traurig. Von mir aus könnten sie es bezahlt bekommen wenn wir alle auch für Krankheiten bezahlt be
0_219424_9_47052742396485255;0.2726;enthusiastic;;;;;Ist das Botox bei deinem Mund verrutscht oder was ? 😂😂
0_219424_9_36889237233183997;0.2727;disappointed;;;;;musste das video bei dem smalltalk mit bizeps und botox ausschalten wegen fremdscham
0_219424_126_t1_o37l2ab;0.2727;seeking;;botox;;;Was haltet ihr 2025 von Botox und Fillern? Nix. Falten gehören zum Leben dazu.
0_219424_9_yt.Id6MR9vjTCk;0.2727;disappointed;skincare-first;;;;8 hässliche Gewohnheiten, die viele Senioren haben und die sie nach 60 weniger attraktiv machen @Gesundheitsarzt Nach dem 60. Lebensjahr können kleine Gewohnheiten einen großen Einfluss auf Aussehen, Ausstrahlung und Attraktivität haben. 😮In diesem Video zeige ich dir 8 hässliche Gewohnheiten, die v
0_219424_126_t1_o6uhgaf;0.2727;satisfied;;;;;Botox and Dizziness? Wurde es denn dann besser mit dem Schwindel nachdem Botox Wirkung raus war?
0_219424_9_yt.9ksKXqppZhk;0.2727;satisfied;skincare-first;aging-signs;;jojoba;4 Natürliche Öle gegen Falten für eine Jüngere Haut (Nr. 4 ist Unglaublich!) Möchtest du deine Haut auf natürliche Weise verjüngen? In diesem Video zeigen wir dir 4 kraftvolle natürliche Öle, die helfen, Falten zu reduzieren, die Kollagenproduktion zu fördern und deine Haut strahlend und gesund zu h
0_219424_9_25973981633556091;0.2728;enthusiastic;;;;;Naja. Zwei Amerikaner hat ICE schon erschossen.  Es wird sich zeigen wie weit die Botox Barbie, aka Kristi Noem, noch gehen wird.
0_219424_126_t1_o2gxoq0;0.2728;seeking;procedure-curious;;;;Nehmen wir an ihr dürftet eine kostenlose SchönheitsOP bekommen, was würdet ihr an euch verändern? Zählt Magenband? Dann das :)
0_219424_126_t1_o2h7615;0.2728;seeking;procedure-curious;;;;Nehmen wir an ihr dürftet eine kostenlose SchönheitsOP bekommen, was würdet ihr an euch verändern? Ja ist auch nicht so viel aber halt auch nicht so richtig flach.
0_219424_9_69586538061603749;0.2728;seeking;;;;;Altern ist ein natürlicher Prozess! Checkt ihr das nicht? Du kannst dir noch so viele Botox Spritzen reinballern, damit haltest du den Altersprozess nicht auf. Akzeptier es einfach und verschwende dein Geld nicht an sinnlosen Versuchen die Zeit anzuhalten. Tik tak tik tak
0_219424_9_30250318662165804;0.2728;satisfied;;;;;Kann man nochmal einen Short sehen, ohne von der Botox- und Silikon-Industrie manipuliert zu werden?
0_219424_9_35383792977377755;0.2728;seeking;;aging-signs;;;Wie so oft empfunden: Danke auch für diesen Beitrag ❤ Wie sieht es denn aus mit Kollagenprodukten als Supplement zur Unterstützung der Haut beim Anti-Aging?
0_219424_126_t3_1rb2y2z;0.2729;enthusiastic;skincare-first;hyaluronic-acid,niacinamide-peptides,price;;;Erfahrungen mit Dr. Emi Daily Depuff Eye Treatment? Lohnt sich der Preis? Hi zusammen,eine Freundin von mir ist total begeistert von der Daily Depuff Total Eye Treatment von Dr. Emi. Sie schwärmt richtig davon.Ich persönlich finde den Preis allerdings ziemlich hoch und frage mich, ob die Creme wirkl
0_219424_126_t1_nyk55ez;0.273;seeking;skincare-first;vitamin-c,spf;;spf;Vitamin C Serum und LSF 50 Bin mega blass, arbeite aber im Bereich Alternsforschung und trage jeden Tag. auch im Winter, Sonnenschutzlotion. Im Sommer eben mehr (LSF 50). Sowohl in Richtung Hautalterung als auch Krebsvorsorge gehe ich keine Risiken ein.  Ich benutze Nivea Sun-kissed, das gibt mir ei
0_219424_126_t1_o18enxg;0.273;disappointed;skincare-first;;;;"Wie steht ihr zu überschüssiger Haut oder Hautstraffung nach hohem Gewichtsverlust? &gt;Wie steht ihr zu überschüssiger Haut oder Hautstraffung nach hohem Gewichtsverlust?Habe nur das gelesen und möchte dir sagen:Steh zu den Zeichen deines Lebens und trage sie mit stolz.Letztlich ist das etwas oberf"
0_219424_9_34139453882857343;0.273;enthusiastic;;;;;​@peterundo8380 Echt Ivan? Das hat dir der Botox Bunker Zwerg gesagt!
0_219424_126_t1_oeo58d3;0.273;cautioning;;;;;95% der Kosmetik ist komplett überflüssig und völliger Bullshit Es gab ja einige Zeit diese MLM Girlies, die versucht haben irgendwelche Hyaluron Pulver zum trinken zu verkaufen - Nein. Hyaluron kann man nicht oral einnehmen, das geht durch den Körper durch. Oder Biotin für die Haare - alles was der
0_219424_126_t1_o2kodsi;0.2731;seeking;procedure-curious;;;;Nehmen wir an ihr dürftet eine kostenlose SchönheitsOP bekommen, was würdet ihr an euch verändern? Augen lasern. keine Brille tragen zu müssen ist der größe luxus für mich
0_219424_9_14153921123570791;0.2731;cautioning;;;;;​​@vincentstohr2216  dann weißt du nicht wie viel Botox verändern kann.
0_219424_9_20294310122666582;0.2731;satisfied;skincare-first;;;;Schau mal seine augen Augenbrauen und im ganzen die Gesichtspartie Also wenn er nicht grade eine Botox Kur hatte und Schönheitsoperation dann ist es wohl fake
