id;confidence;mood;segment;topics;procedure;ingredient;text
0_219424_126_t1_o015bqg;0;disappointed;procedure-open;fillers;;;That's funny asf how niggas was sayin another episode was a filler song from that lil snippet and it ended up bein a top tier murder song onb
0_219424_126_t3_1qrm47p;0;disappointed;procedure-open;fillers;;;Youtube Kacke mit ZZTop Erwähnung gesucht. Suche eine Youtube Kacke, in der kurzläufig ZZTop erwähnt und ein Bild von jener Band gezeigt wird. Ich meine es war irgendwas mit Mediashop, bin mir aber nicht sicher. Warum ich das suche? Keinen Plan. ZZTop ist eine Blues Rock Band, die 1969 gegründet wur
0_219424_9_64639287492224286;0;enthusiastic;skincare-first;fillers;;;Filler Ark mit dem 1000 Jahre altem Drachen names Abis, seltsamer name btw
0_219424_126_t1_o9d3h2i;0;neutral;skincare-first;fillers;;;Filler Classes KIN 1304, KIN 1352, HLT 1353, HLT 3325, PSYC 2307, HDFS 3300
0_219424_9_28539706442129638;0;satisfied;procedure-curious;fillers;;;zb der ganze siegel von orikalkhos arc in yugioh war ja auch filler quasi.Oh und one piece filler waren manchmal auch ganz cool zb das mit der marinebasis nach skypia oder der regenbogennebel.
0_219424_126_t1_oe53pt6;0;satisfied;skincare-first;fillers;;;Was sind eure liebsten YouTube-Kanäle, die hochwertigen, ansprechenden Content machen? Schaue ich auch hin und wieder. Ist mir aber leider zu viel Filler in den Folgen, zumindest in denen, die ich kenne.
0_219424_126_t1_ohmvln1;0;disappointed;procedure-open;fillers;;;Gibt es eigentlich gute Country-Musik aus Deutschland? Hä klar.Truckstop in der originalbesetzung hat nur killer no filler Lieder.Und ne 35 Jährige Diskographie, bis sie dann jetzt nicht mehr sooo sind.Die alten Lieder gehen richtig tief teilweise. Da kommt man ziemlich schnell ins heulen.
0_219424_15_33019143726269260;0;disappointed;procedure-curious;fillers,pressure;;;"Thee Marloes – „Di Hotel Malibu"" // Ein zeitloses Meisterwerk des indonesischen Retro-Soul Wer an authentischen Retro-Soul denkt, landet meistens in New York, London oder Kalifornien. Doch das Trio Thee Marloes bricht diese Geografie mit ihrem neuen Album „Di Hotel Malibu"" nun radikal auf. Die dreik"
0_219424_126_t1_orukj4f;0;enthusiastic;skincare-first;botox,celebrity;;aha;Same outfits Manchild misogynist chuturu ka baap hai nallo, yogesh chuturu ke bhai ka naam hoga...naam likhna sikhao guvu ki gawar nibbio ko pehle.... ungrateful toh gugu hai jo apni aulaad bhool gayi kyunki kutta nahi puch raha tha irrelevant ko par aaj yogesh ne bheekh mein gugu ko fame followers 
0_219424_140_7662737997888097569;0;disappointed;procedure-curious;price;;;DIE BESTE NAHRUNG 🌊  Sea Moss (Chondrus crispus) gehört zu den Rotalgenarten, die entlang der felsigen Küsten Nordamerikas, Europas und der Karibik im Atlantik wachsen. Unser Sea Moss stammt aus St. Lucia, der Insel wo Fluch der Karibik gedreht wurde. Hier sind die Gewässer noch sauber 💪🏼 💢 Bekannt 
0_219424_190_3947510466662511644;0;disappointed;skincare-first;;;glycerin;Was ist Hyaluronsäure – und woher kommt sie?Hyaluronsäure ist ein Glykosaminoglykan – ein langkettiges Zuckermolekül, das natürlicherweise in der Haut, im Bindegewebe und in den Gelenken vorkommt.In der Dermis ist sie Teil der extrazellulären Matrix: des Gerüsts, das Kollagen und Elastin umgibt und 
0_218673_126_t1_n85tzrf;0;neutral;procedure-open;;;;Quallen verstopfen Kühlpumpen: Atomkraftwerk in Nordfrankreich Wir reden hier von komplett bebauten Flächen.Ist das jetzt Teil der Diskussion den gegenüber als bot zu bezeichnen?In Schleswig Holstein stehen etwa 9GW also nur etwa das 1,5 Fache diese Kraftwerks. Nur mal so zu deinen Gefühlten Falten.
0_218673_126_t3_1mtoxzj;0;disappointed;skincare-first;pressure;;pha;Maria Magdalena # BeschreibungGeboren wurde Maria Magdalena im Römerjahr 759 (6 n.Chr.) und ihr richtiger Name lautet Medalen. Die Juden nannten sie aber nach ihrer Herkunft aus Magdala: Magdalena.Maria Magdalena war eine wunderschöne und sehr reiche \[...\] Hetäre (eine Gefährtin). In der Antike ve
0_218673_126_t1_n9hile8;0;disappointed;procedure-curious;;;;"Palästina-Demonstranten feierten am Samstag die Terrorgruppe Hamas lautstark auf einer Demo in Berlin &gt;Also: Sind deiner Meinung nach nur Juden Semiten?Antisemitismus beschreibt explizit Judenhass. Zitronenfalter falten auch keine Zitronen"
0_218673_9_7321086192955064;0;disappointed;procedure-open;price;;;In 1972 bekam der Bauer für (weniger als) ZWEI Eier... 1 Liter Diesel:1 Ei: 1 Schilling ... / ...1 L Diesel: 1.70 Schilling'heute' bekommt der Bauer 0.18 Eur für dasselbe Eiund das Liter Diesel kostet 1.8 EurDas heißt: Heute muß der Bauer also für'n Liter Diesel ZEHN Eier hinlegen( das ist 5 x sovie
0_218673_9_4943109961232533;0;neutral;procedure-curious;;;;@@cccs9864 wie schnell ist denn deine Lichtgeschwindigkeit, dass du in 0 sek. irgendwo sein willst??? der Anfang war vor 13,8 Milliarden Jahren, was nur die Zeit erklärt... das älteste Licht was wir sehen können, ist 46,3 Milliarden Lichtjahre entfernt, was den Weg erklärt... Die einfache Lichtgesch
0_218673_126_t1_nbcwavl;0;neutral;skincare-first;;;;"Miese Augenringe https://preview.redd.it/zxi6xxa610mf1.jpeg?width=848&amp;format=pjpg&amp;auto=webp&amp;s=6d16c8dd7ba3463b5cc5a7581b403b70eb9bdad7"
0_218673_126_t1_nbh3gju;0;satisfied;skincare-first;;;;Was ist das für ein Insekt? Die können übrigens fliegen. Die Kneifer nutzen sie um ihre Flügel aufzustellen. Und wieder zu falten.
0_218673_15_5193339630677843;0;enthusiastic;procedure-curious;price,pressure;microcurrent;;Prinzessin Diana : Diese Geschichte steckt hinter Dianas opulenten Brautlook Die Märchenhochzeit von Prinz Charles und Lady Diana schrieb 1981 unvergessene Geschichte. Ihr spektakuläres Hochzeitskleid begeisterte damals Millionen von Menschen weltweit und machte die junge Braut endgültig zur Prinzes
0_218673_9_yt.tMfaSxK9Xeg;0;enthusiastic;procedure-open;;;;"""Humorvoll und Reif: Lustige Sprüche, die das Älterwerden feiern | ....sei dabei und entspanne!"" ***Herzlich willkommen zu meiner Videoserie ""Lets Go | Sprüche &amp; Weisheiten""***---**Thema in dieser Folge: ""Humorvoll und Reif: Lustige Sprüche, die das Älterwerden feiern | ....sei dabei und entspan"
0_218673_126_t1_neplhwa;0;advisory;skincare-first;;;aha;Anyone knows why my yorkie has white fur in his head ? Hahaha Mein hund ist auch ein yorkshire terrier und sieht beinahe identisch aus. Bei yorkies kann sich vitiligo so auswirken, das deren fell eine derartige farbe annimmt. das nächste mal wenn sein fell nass ist, kannst du ja mal nachschauen ob e
0_218673_9_34313443582673934;0;advisory;skincare-first;pressure;;;Wo sind die Aufnahmen der angeblichen Vergewaltigungen durch Hamas von jüdischen/israelischen Frauen?!Die lügen wie gedruckt und versuchen auf die Tränensäcke zu drücken.
0_218673_126_t1_ni70xr5;0;satisfied;procedure-open;;;;Sauerteigbrot Höhlen des Gollom Dehnen und falten bei 70% roggen? Davon hätte ich gern ein Video 🫣
0_218673_126_t3_1o87xuz;0;disappointed;skincare-first;;;;Samsung Android Kamera Filter ausschalten Geht um die Kamera meines Samsung (Android V 15). Wenn ich ein Selfie mache und mir das Bild anzeigen lasse, macht es nach einem kurzen Moment immer einen Filter drüber, der Falten etc wegmacht. Ich kann das nicht rückgängig machen und hab diese automatische
0_218673_126_t1_nkfv0ez;0;disappointed;procedure-curious;;;;Israel bestätigt Angriffe auf Gaza nach Vorwürfen gegen Hamas Boah ist das dumm. Zitronenfalter falten Zitronen.
0_218673_15_35561849131351965;0;satisfied;procedure-open;price,pressure;microcurrent;;"Southern Cross Gold gibt Bohrergebnisse von Golden Dyke bekannt, die eine hochgradige Goldmineralisierung und Systemerweiterung belegen Einschließlich 168 m mit 3,0 g/t AuEq (2,4 g/t Au &amp; 0,3 % Sb) ungeschnitten 23. OKTOBER 2025. Vancouver, Kanada – Southern Cross Gold Consolidated Ltd (SXGC ode"
0_218673_126_t3_1ogk4i7;0;advisory;skincare-first;;;;Oversized Shirts? Hi,Ich bin dünn und lang und würde gerne oversized t shirts tragen.Eine Nummer größer kaufen geht meist nicht, da sich dann quasi nur Falten in den Shirts bilden, anstatt richtig zu liegen.Am liebsten würde ich so (Metal) Bandshirts tragen, aber keine Band die ich kenne, bietet sol
0_218673_126_t3_1onk84z;0;enthusiastic;skincare-first;;;;Keine Tramete, aber was dann? Dazu seltsame blaue Verfärbung ... Der Pilz ist extrem dünnfleischig und hat eine Art Leisten/Falten auf der Unterseite. Auffällig sind auch die blauen Farbtöne, könnte das ein Befall sein?Und ist das Flächige vielleicht eine Nebenfruchtform oder doch ein anderer Pilz?I
0_218673_126_t1_noskjqs;0;neutral;procedure-curious;;;;I need help binding a book with roughly 6000 pages Sorry to everyone here for switching to German, but since OP said they are in Germany (and after checking out their linked IG account) I assume they understand German. Since I am from Germany too and my bookbinding terminology is better in German, I
0_218673_126_t1_nuaqxdv;0;satisfied;skincare-first;;;;3D printed homes are way stronger than you think du musst das verputzen, an den falten setzt doch überall staub an
0_218673_9_yt.HW0U2_8TWzc;0;neutral;procedure-curious;pressure;;;BEWERTUNG (2025): AIIKES Weihnachtshintergrund 10x10FT. Infos In diesem kurzen Überblick heben wir die Hauptattraktionen von AIIKES Weihnachtshintergrund 10x10FT hervor.👉 Auf Amazon ansehen: https://www.amazon.de/dp/B0CHY28Q6S/?tag=pdj06-21 (Affiliate-Link)Der AIIKES Weihnachtshintergrund in der bee
0_218673_126_t1_nv1fj4w;0;neutral;procedure-open;botox,fillers;;;"Dezember 2025 - Megathread ❄️🎄 Ema Louisehttps://preview.redd.it/07t9p6ipgd8g1.jpeg?width=4000&amp;format=pjpg&amp;auto=webp&amp;s=83f59b5864c17cfb68c3508406dc32b924b02ce8Hat sie sich eigentlich auch das Kinn machen lassen?Ich habe sie hin und wieder auf meiner FYP und frage mich das schon seit eine"
0_218673_9_8261935267408929;0;enthusiastic;skincare-first;;;;"Merz sollte Friedenstauben falten und dazu das Lied ""Kleine weiße Friedenstaube"" mit reinem Herzen singen, wenn er nach Magdeburg kommt. Passt vielleicht nicht direkt zu Weihnachten, aber ein Zeichen der Versöhnung und des Friedens wäre es."
0_218673_9_18896107604682663;0;disappointed;procedure-curious;;;;"Er hätte im Fernsehen lieber Friedenstauben falten und ""Kleine weiße Friedenstaube"" singen sollen."
0_218673_9_yt.yLE1L6BaDk0;0;neutral;procedure-open;;;;BEWERTUNG (2025): DAWNTREES Schreibtischunterlage Filz 120x60cm. Infos Erhalten Sie einen schnellen Überblick über die Kernfunktionen von DAWNTREES Schreibtischunterlage Filz 120x60cm.👉 Auf Amazon ansehen: https://www.amazon.de/dp/B0D4LT7ZD1/?tag=16w9h-20 (Affiliate-Link)Entdecken Sie die DAWNTREES 
0_218673_9_yt.oPX2dAMZGtU;0;neutral;skincare-first;pressure;;;BEWERTUNG (2025): EMART Foto Hintergrund Schwarz 3x3,6m. Infos Hier ist ein kurzer Überblick über die wichtigsten Highlights für EMART Foto Hintergrund Schwarz 3x3,6m.👉 Auf Amazon ansehen: https://www.amazon.de/dp/B07MGZXNZL/?tag=16w9h-20 (Affiliate-Link)Der EMART Foto Hintergrund in Schwarz mit den
0_218673_9_yt.k7ukeKsFFYI;0;neutral;skincare-first;pressure;;sod;BEWERTUNG (2026): Renaiss Glänzende Disco-Kulisse 2.5x2.5m. Infos Eine schnelle und einfache Anleitung zu den herausragenden Merkmalen von Renaiss Glänzende Disco-Kulisse 2.5x2.5m.👉 Auf Amazon ansehen: https://www.amazon.de/dp/B09WH178QD/?tag=16w9h-20 (Affiliate-Link)Entdecken Sie die Renaiss Glänze
0_218673_126_t1_ny2au4f;0;enthusiastic;skincare-first;;;;Blondes Haar wächst mir aus der Stirn Mir wachsen auch immer Mal einzelne Haare. Meistens aus irgendwelchen Pigmentflecken. Vielleicht ist dein blondes Haar gar nicht blond, sondern weiß? Einzelne weiße Haare hatte ich auch schon immer Mal.
0_218673_8_2008879302453141755;0;advisory;skincare-first;;;;@GoschlSusanne @RMogyorosy KI inkl. Softfilter und Verjüngungs-App (kane Falten, ....)
0_218673_9_yt.FNZTC-XS1Ig;0;satisfied;skincare-first;;;;"Papierflieger falten – Einfach & schnell -  Origami für Anfänger Papierflieger falten – Einfach &amp; schnell -  Origami für Anfänger. ""Bastelideen Easy"" ist ein Kanal, der sich rund um Bastelthemen dreht: Papier, Bastelideen, Selbstgemachtes, ... mit ganz einfachen Bastelanleitungen, die jeder selb"
0_218673_15_60936949926512102;0;satisfied;skincare-first;;;aha;Armlehnsessel nach Vorlage Karl Friedrich Schinkel 1980 Art. 6966 Art. 6966 Armlehnsessel nach Vorlage von Karl Friedrich Schinkel um 1980/90 Armlehnsessel  aus Mahagoni Massivholz mit grünem Lederbezug. In der Art des bekannten Armlehnsessels, welcher von K. F. Schinkel (1781-1841 Berlin) um 1825/3
0_218673_9_yt.mXya0XHpiWU;0;neutral;procedure-curious;;;;"Papierflugzeug falten – fliegt hoch und weit - Origami für Anfänger Papierflugzeug falten – fliegt hoch und weit - Origami für Anfänger. ""Bastelideen Easy"" ist ein Kanal, der sich rund um Bastelthemen dreht: Papier, Bastelideen, Selbstgemachtes, ... mit ganz einfachen Bastelanleitungen, die jeder se"
0_218673_15_25325032914223252;0;disappointed;procedure-curious;;;;Römer • Re: Mythologisch interessante Münzen ... Die Beschreibung habe ich von Wildwinds übernommen, die von Peus stammen soll. ... Tja, das kann passieren, wenn man von jemandem abschreibt, der das auch nur abgeschrieben hat . ... Unter Roma erkennt man einen Cuirass. ... Ich glaube, Du meinst die 
0_218673_9_yt.eZvYlbeZm6I;0;enthusiastic;procedure-curious;pressure;;;BEWERTUNG (2026): TENCOW Weihnachts Kamin Hintergrund. Infos Hier ist ein kurzer Überblick über die wichtigsten Highlights für TENCOW Weihnachts Kamin Hintergrund.👉 Auf Amazon ansehen: https://www.amazon.de/dp/B0CB67GCL9/?tag=16w9h-20 (Affiliate-Link)Entdecken Sie den TENCOW Weihnachts Kamin Hinterg
0_218673_8_2016136282640978066;0;disappointed;skincare-first;;;;@nils_nordmann @Hadmut Ich habe neulich eine Dokumentation über Wham! gesehen, da sah man auch viele von deren sehr jungen Fans. Die sahen halt original alle aus, wie unsere Muttis. Nur mit etwas weniger Falten 🤷
0_218673_126_t3_1qs6p86;0;enthusiastic;skincare-first;;;;"Die Paare und ""Romanzen"" der Serie 👩‍❤️‍👨 Ich hab hier mal ne Liste gemacht (bitte keine Hüte draus falten, 'nke)So! Zack! Locker aus der Hüfte! Was denkt ihr über die jeweiligen Konstellationen/Storys?- Biggi+Papa- Frau Hilpers+Papa- Sabbel+Papa- Sabbel+Ulf- Sabbel+Ernie- Alex (Erna Doof)+Papa- Fra"
0_218673_9_yt.PadfaaJ6zdU;0;enthusiastic;procedure-curious;pressure;;;BEWERTUNG (2026): BELECO Kosmischer Galaxie-Hintergrund. Infos Denken Sie über BELECO Kosmischer Galaxie-Hintergrund nach? Dieses Video behandelt die wichtigsten Funktionen.👉 Auf Amazon ansehen: https://www.amazon.de/dp/B0BVZ7Z8HS/?tag=16w9h-20 (Affiliate-Link)Entdecken Sie den BELECO Kosmischen Gal
0_218673_8_2018722586608246896;0;satisfied;procedure-curious;price;;;"Es war ein kühler Herbstabend am Fjord, wo der Wind schon nach kommendem Schnee roch. Die Langhäuser standen Schulter an Schulter, Rauch stieg aus den Rauchlöchern wie graue Drachen, die langsam in den Himmel stiegen.Vor dem großen Haus der Sippe von Jarl Harald „Eisenarm"" brannte das Kochfeuer hell"
0_218673_126_t1_o3hnbol;0;satisfied;procedure-curious;;;;Wieviel Gewicht spart man mit Alu statt Stahl am Auto? Bei Alu muss halt anders verstrebt werden, um die notwendige Stabilität zu erreichen. Stahlblech kann durch falten und Winkel mit weniger Material um einiges stabiler gestaltet werden.
0_218673_9_5182120963062471;0;neutral;procedure-curious;pressure;;;Quick Math dahinter:Lagen Papier: 2^41=2.199*10^12Er sagt 440.000km.Dicke des Papiers: 440.000km/2.199*10^12 = 0.2mm.Er geht also von einer Papierstärke von 0.2mm aus, normales Druckerpapier ist ca. 0.05 - 0.1mm dick, dann müsste man 42 bis 43 mal falten für die 440.000km.
0_218673_9_22574150723363559;0;neutral;procedure-curious;;;;Wenn man es so oft falten könnte dann wären es 219,902.3255552 km dick. 2⁴¹ = 2,199,023,255,552 und 2,199,023,255,552 × 0.1 = 219,902,325,555.2mm. 0.1mm ist ungefähr die Dicke eines Blattes. Und 219,902,325,555.2mm = 219,902.3255552km.
0_218673_9_19037767957175559;0;enthusiastic;skincare-first;;;aha;Video Premiere wa. Bin grad Pizza Kartons am falten😂 Bin am arbeiten haha
0_218673_9_yt.RGGNTbacF1A;0;enthusiastic;skincare-first;celebrity,pressure;;;"EGH'Z - SCHEISS DIR NIX, DANN FEHLT DIR NIX!!! (ANSAGE: Alters-Shaming) [OFFICIAL AUDIO] Lyrics:EGH'Z  - SCHEISS DIR NIX, DANN FEHLT DIR NIX!!!-------------Scheiss…dir…nix…Sie sagen: „Zu alt.""Ich sag: „Zu echt.""Falten im Gesicht, doch Stahl in der Brust.jede Sekunde gelebt, jede Sekunde bewusst.Ihr "
0_218673_9_yt.qZ_TB5UW9dk;0;neutral;procedure-open;;;;BEWERTUNG (2026): moderntex Hintergrundkarton 10m x 2.72m weiß. Infos Dies ist Ihre schnelle Zusammenfassung von moderntex Hintergrundkarton 10m x 2.72m weiß.👉 Auf Amazon ansehen: https://www.amazon.de/dp/B01JS8HQ5Q/?tag=16w9h-20 (Affiliate-Link)Entdecken Sie den moderntex Hintergrundkarton in Weiß,
0_218673_15_56064212036426912;0;neutral;procedure-open;;;;Weave stellt Wäschefalt-Roboter vor In den USA ist der erste von der Firma Weave produzierte Heimroboter bestellbar, der mehr oder weniger autonom Wäsche falten kann.
0_218673_9_17190237600941777;0;satisfied;procedure-curious;;;;In der CO2 Bilanz der Erde ist der Mensch für ca. 3 Prozent verantwortlich. Den Rest, immerhin 97 Prozent, produziert der  Planet selbst, weil er im Gegensatz zu den Grünen Ideologen die Photosynthese verstanden hat. Die Gärtnereien wissen ebenfalls, daß das Spurengas CO2 der beste Dünger für die Pf
0_218673_9_yt.9GgqOYp0AXA;0;advisory;skincare-first;;;sod;BEWERTUNG (2026): Folindo Mikrofaserstoff Folie Schwarz 140 x 152cm. Infos In diesem kurzen Überblick heben wir die Hauptattraktionen von Folindo Mikrofaserstoff Folie Schwarz 140 x 152cm hervor.👉 Auf Amazon ansehen: https://www.amazon.de/dp/B0CT3KCZWJ/?tag=16w9h-20 (Affiliate-Link)Entdecken Sie die
0_218673_8_2024124362496856140;0;satisfied;procedure-curious;;;;@AliCologne Wer den Bildern aus Gaza glaubt, glaubt auch, dass Zitronenfalter Zitronen falten.
0_218673_9_6920370039832752;0;neutral;skincare-first;;;;Ja, wobei 2^-42 mal die Dicke eines 80-Gramm-Papiers (0,1 Millimeter mal 2 hoch -42) ca. ein-zehn-Millionstel der Größe des kleinsten Atoms (10 hoch -7 mal des Durchmessers eines Wasserstoffatoms entspricht (von Cellulose-Molekülen ganz zu schweigen)). Die Fläche mit der das gefaltete Papier auf der
0_218673_9_25372719756016162;0;disappointed;procedure-curious;;;;Iran Irak Syria Jordanien zusammen Israel zurecht falten
0_218673_9_yt.A2wr9ra_GwU;0;enthusiastic;procedure-curious;;;;Where Winds Meet - Beruhigen wir uns erstmal Tante Han, Ärger gib dir Falten #shorts #wherewindsmeet #ps5 #gaming #wuxia #everstonegames *Where Winds Meet - Wo sich Winde treffen**Dazugehörige Video: unter dem Video auf erste ▶️ Link klicken**Wenn der Link nicht sichtbar ist: Mein Kanal / Where Wind
0_218673_8_2028784982097813707;0;disappointed;procedure-curious;;;;"Du kannst mich für völlig verrückt erklären, aber ich halte nun einmal „die Deutschen"" für die Nachfahren der weißen Nord-Völker ursprünglich aus Garten Eden und dem  Gebiet rupus niger, also die Atlanter, Arier, Vikinger, Germanen, … tatsächlich für „Gottes wahres auserwähltes"" Volk der Denker, Dic"
0_218673_126_t1_o8eqvcx;0;neutral;procedure-curious;;;;Denim in Denim Anfangs bis sich Falten und Fade einbringen immer bisschen komisch aber beide Teile leben mit der Zeit.  Bin 1.84cm groß und ~73kgKG
0_218673_9_47302751605507273;0;enthusiastic;skincare-first;;;;Stimmt - Kohlekraftwerke sind aus Blättern und Bäumen, Atomkraftwerke aus Luft, die Generatoren dieser Kraftwerke benötigen auch keinerlei Kupfer, seltene Erden und andere Sachen - schwurbel schwurbel Menschen verdummen - das klönnen sie, die Superreichen und deren Ars..kriecher...wer deren Hetze gl
0_218673_8_2029860360518324291;0;satisfied;procedure-curious;;;;@Damianmanhatto @DukeX42 Wer glaubt, dass ein Grundgesetz eine Verfassung ist, glaubt auch, dass Zitronenfalter Zitronen falten.Wer es weiß, weiß es und der Rest wählt in der Schweiz 🤣, diese Deppen gibt es hier auch.
0_218673_8_2031253178063225239;0;disappointed;procedure-curious;;;;@ellieb711300 @Andy_Interesse Wer denkt nationalsozialisten waren Sozialisten, der denkt sich Zitronenfalter, falten Zitronen oder Nordkorea ist eine Demokratie.
0_218673_9_31514401061166874;0;disappointed;procedure-open;;;;Wer glaubt das Atomkraft billig ist glaubt auch das Zitronenfalter Zitronen falten.
0_218673_9_14920945913084437;0;neutral;skincare-first;;;;Hyper-Raum, Slip-Stream, Raum-Falten, Warp, sind Alles nur versuche die Lichtgeschwindigkeit (LG) auszutricksen ohne sie zu verstehen. Die Lichtgeschwindigkeit ist nicht nur eine Begrenzung, sondern der Wichtigste Regulator, ohne den es auch keine Mehrdimensionalität geben würde.Erst die Begrenzung 
0_218673_9_yt.OSCeU1PecbY;0;enthusiastic;procedure-curious;;;;Grisu - Ein Platz am Fluss Musikrichtung: Pop, Singer-SongwriterDeutschsprachige Songs exklusive Austropop in dieser Playlist: https://www.youtube.com/playlist?list=PLJNgtfv-s9SMafF0uJzR_TDArhY3QJj60Deutschsprachige Songs inklusive Austropop in dieser Playlist: https://www.youtube.com/playlist?list=
0_218673_9_62308582896058764;0;satisfied;skincare-first;;;;Es ist erstaunlich: RNA kann sich selber falten und damit Funktionen ähnlich wie Proteine übernehmen und später dient sie als Codierung für Aminosäureketten... jeweils 3 Basenpaare codieren eine Aminosäure - hier findet dann echte Codierung statt. Und diese Aminosäureketten werden zu Proteinen, die 
0_218673_9_39117098305743771;0;satisfied;procedure-curious;price;;;Der goldene Tropfen (Sinnbild Schöpfungsimpuls) als kohärenter Impuls → Superradiance → Kohärenz im Informationsfeld → Bildung der protoplanetaren Scheiben (Fruchtblasen) → Neugeburt von Sternen und Planeten.Alles wird als ordnende, kohärenzsuchende Welle verstanden, die sich im Plasma-Medium ausbre
0_218673_15_32443739533146622;0;enthusiastic;procedure-curious;price,pressure;microcurrent;;Southern Cross Gold bohrt tiefstes Loch im Projekt – Gold in 460 Metern Tiefe unterhalb des Golden Dyke gefunden Vancouver, Kanada, und Melbourne, Australien / IRW-Press / Southern Cross Gold Consolidated Ltd (SXGC, SX2 oder das Unternehmen) (TSX:SXGC) (ASX:SX2) (OTCQX:SXGCF) (Frankfurt: MV3.F) (- w
0_218673_9_26426387812161926;0;disappointed;procedure-open;;;;Alles fake.Die USA war nie auf dem Mond.Wie auch, mit der damaligen Technik fliegt man zum Mond.Und heute mit ki ist es nicht mehr möglich.Wer glaubt die USA war 1969 auf drm Mond, der glaubt auch das Zitronenfalter Zitronen falten.🫣🫣🫣
0_218673_9_16180807284718445;0;disappointed;procedure-curious;pressure;;;Soll man nicht die Bergbauspuren sehen? Die NASA ist übrigens der US Airforce unterstellt.Habt Ihr euch mal gefragt, warum die Raumanzüge auf den Fotos an Armen und Beinen derart viele Falten aufweisen? Auf dem Mond ist das totale Vakuum und im Anzug ein Luftdruck wie auf der Erde. Die Anzüge müsste
0_218673_9_48096907521476507;0;disappointed;procedure-curious;;;;wie über all, zum eigenen Machterhalt, wird halt sche…… abgestimmt 🤯🤮 und wer glaubt das die 3% CO2 auf der Welt unser Klima beeinflusst, der glaubt auch, daß Zitronenfalter Zitronen falten
0_218673_126_t1_ofyevj4;0;disappointed;procedure-curious;price;;;Öl Preis fällt rapide, wieso nicht an der Tankstelle? Wer glaubt, dass die Benzinpreise sinken, wenn der Ölpreis fällt, glaubt auch, dass Zitronenfalter Zitronen falten.
0_218673_8_2045164961027002656;0;disappointed;skincare-first;;;;@BodoK144 Der Begriff Erneuerbare Energie ist Jargon, kein Begriff der Physik, Schatzilein. Zitronenfalter falten ja auch keine Zitronen...
0_218673_126_t3_1sq1dfz;0;disappointed;skincare-first;price;;;"GENIMO Vintage Teppich 240x300cm, Extra Große Teppiche, Wohnzimmer Teppiche, Boho Teppich, Großer Carpet rutschfest, Schlafzimmer, Esszimmer, Büro, Be... -15 % 101,99 € 🧺MASCHINENWASCHBAR &amp; PFLEGELEICHT Waschbarer Teppich im Boho- &amp; Vintage-Stil mit glatter, kurzfloriger Oberfläche. Einfach "
0_218673_8_2046164900557328823;0;disappointed;skincare-first;price;;;Das ist alles, was dem mächtigen Amerika bleibt.Man sieht Donald die Kriegsverbrecher Falten schon an.Und der Mann hat auf den Friedensnobelpreis geschielt. https://t.co/YkI9RjFdEg
0_218673_8_2046525639105081823;0;satisfied;skincare-first;;;;Tertiärstruktur: Das Knäuel (Der wichtigste Teil)Das ist die dreidimensionale Gestalt im Raum. Die Sekundärstrukturen (Schleifen) falten sich noch einmal ineinander, verdrehen sich und bilden eine kompakte, feste Form.
0_218673_9_15286587304677249;0;enthusiastic;procedure-curious;;;;"""DIE"" ..... wissen das ALLES , nur mit Windmühlen kann man unheimlich viel Kohle machen und der Wind weht 24 Stunden, 365 Tage im Jahr und man ist überhaupt nicht abhängig davon🙄😴😴🐑🐑🐑🐑 .......und übern Berg ist es weiter als zu Fuß 😜ach ja ....Zitronenfalter falten auch Zitronen 🦋🍋🍋......aber nur in"
0_218673_9_yt.SXa2E98eu70;0;enthusiastic;procedure-curious;;;;"So falten Sie das beste Papierflugzeug aus A4 – fliegt extrem weit ✈️ So falten Sie das beste Papierflugzeug aus A4 – fliegt extrem weit ✈️""Bastelideen Easy"" ist ein Kanal, der sich rund um Bastelthemen dreht: Papier, Bastelideen, Selbstgemachtes, ... mit ganz einfachen Bastelanleitungen, die jeder "
0_218673_9_yt.dfCauz9wpik;0;satisfied;skincare-first;;;;"So falten Sie aus quadratischem Papier (15x15 cm) ein Papierboot – Bastelideen Easy ⛵ So falten Sie aus quadratischem Papier (15x15 cm) ein Papierboot – Bastelideen Easy ⛵.""Bastelideen Easy"" ist ein Kanal, der sich rund um Bastelthemen dreht: Papier, Bastelideen, Selbstgemachtes, ... mit ganz einfac"
0_218673_126_t1_oi7vvmo;0;disappointed;procedure-curious;;;;Was genau ist Antisemitismus (zählen Christen auch zu Semiten) und anknüpfend darauf, sind Juden als Gruppierung eine eigene Rasse oder nur eine durch Religion verbundene Gruppe? Antisemitismus heißt explizit JudenhassZitronenfalter falten auch keine Zitronen
0_218673_9_66900523164617651;0;satisfied;procedure-open;;;;Fun fact, wir Deutschen sind wegen dem falten, ziemlich beliebt in Amerika. 😅 🧻
0_218673_8_2052627989007884376;0;enthusiastic;skincare-first;;;;@fleurxdexsoleil @FootParadiseRT @rt_feet Mega falten an der Fußsohle
0_218673_9_yt.nefIpfKlqRA;0;satisfied;procedure-curious;;;;"So Falten Sie ein Papierflugzeug Das Weit Fliegt So falten Sie ein Papierflugzeug das weit fliegt.""Bastelideen Easy"" ist ein Kanal, der sich rund um Bastelthemen dreht: Papier, Bastelideen, Selbstgemachtes, ... mit ganz einfachen Bastelanleitungen, die jeder selbst machen kann.Wenn du auch Bastelide"
0_218673_9_yt.bxj_Oo61HxM;0;satisfied;procedure-curious;;;;"Einfaches Papierflugzeug aus A4 falten Einfaches Papierflugzeug aus A4 falten. ""Bastelideen Easy"" ist ein Kanal, der sich rund um Bastelthemen dreht: Papier, Bastelideen, Selbstgemachtes, ... mit ganz einfachen Bastelanleitungen, die jeder selbst machen kann.Wenn du auch Bastelideen Easy liebst, ABO"
0_218673_126_t3_1tnxufj;0;enthusiastic;procedure-open;price,pressure;;;Anne und Felix - Episode 4 - Die Dusche # Episode 4 - Die Dusche*Die anderen Teile findet ihr hier:* [Teil 1](https://www.reddit.com/r/SexgeschichtenNSFW/comments/1tltbpj/anne_und_felix_episode_1_licht_schatten/)*,* [Teil 2](https://www.reddit.com/r/SexgeschichtenNSFW/comments/1tm3wnj/anne_und_felix
0_218673_126_t1_op9a5y0;0;disappointed;skincare-first;price;;;Reiche MÜSSEN in Deutschland mehr besteuert werden, da gibt es keine Argumente gegen Niedrige Steuern haben empirisch nachweisbar noch nie wirtschaftliche Dynamik ausgelöst sondern immer nur Produktivität gedämpft.Die höchste wirtschaftliche Dynamik der westlichen Länder gab es als die Steuerlast hi
0_218673_9_35529294612622441;0;satisfied;procedure-open;;;;"„….Das Erden Mensch selber nicht ."".  Behauptet Sie 16:18 , zur Behauptung, dass die Menschen größer waren.    O doch Ja, denn alle Lebewesen, Pflanzen und Tiere, waren größer. Auch die Menschen, denn vor der großen Katastrophe, vor der Sintflut, umgab eine riesige Dampfhülle die Erde, die einen höh"
0_218673_126_t1_opn41zw;0;satisfied;procedure-curious;;;;Ich🍕iel Solltest du es schaffen sie 10 mal zu falten hast du unendlich viel Pizza, da sie nun bis zum Mond reicht.
0_218673_9_35989877370562175;0;enthusiastic;procedure-curious;;;;"Der Chor der Derwische (oft auch als Derwish-Chor bezeichnet) ist ein faszinierendes und exotisch angehauchtes Stück von Ludwig van Beethoven, das er für das Festspiel ""Die Ruinen von Athen"" (op. 113) komponierte. Text: Chor Du hast in deines Ärmels Falten Den Mond getragen, ihn gespalten. Kaaba! Ma"
0_218673_9_19409031500057773;0;disappointed;procedure-curious;;;;​@gangessource7487ja das Universum krümmt sich und kann sich auch zusammen falten wie eine zihamonika das man auch von einer Dimension zur anderen kann
0_218673_9_14109909359719530;0;disappointed;procedure-curious;;;;lächerlicher gekaufter Typ.  Israel begeht ein Kriegsverbechen nach dem anderen. Sie töten frauen und Kinder und anektieren immer mehr Gebiete in Gaza Jordantal und Libanon und der redet so als wären sie die Engel die sich verteidigen. Deutschland ist komplett aufgekauft von diesen Kräften. Der würd
0_218673_126_t1_ora61xr;0;disappointed;procedure-curious;;;;The evolution of Kratos in God of War. Fans, wenn Kratos Falten im Alter bekommen hat:💪  Fans, wenn Laufey Falten im Alter bekommen hat😡
0_218673_9_24289777161086887;0;enthusiastic;procedure-curious;;;;Absolut faszinierend wie die Falten im Rock sich bei der Bewegung verhalten 👌😍😍😍😍😍
0_218673_9_yt.58YXPW58U_E;0;satisfied;skincare-first;;;;Flauschige Schicht um Schicht: Der unsichtbare Tanz der Watte Die gezähmte Wolke: Warum das Falten die Faser formtDie Szene zeigt einen entscheidenden Arbeitsschritt in der Produktion von Watte, Vliesstoffen oder Filz: das Ablegen und Falten des lockeren Faservlieses zu einer handhabbaren Einheit. D
0_218673_126_t1_ovh3frs;0;neutral;procedure-curious;;;;SED Mitglieder in der CDU? Welche falten sind das?
0_218673_126_t3_1uwnfiq;0;disappointed;procedure-curious;pressure;;;Die Nacht in der Bibliothek **Die Nacht in der Bibliothek**  Der Regen trommelte wie ferner Trommelwirbel gegen die hohen Bleiglasfenster der alten Universitätsbibliothek in Prag. Es war kurz vor zwei Uhr nachts. Nur der große Kristallkronleuchter im Hauptsaal brannte noch – ein Meer aus warmem, gol
0_218673_126_t1_oxvhl00;0;disappointed;procedure-curious;;;;Warum gibts im Zusammenhang mit Israel/Juden keinen Rassismus nur Antisemitismus? Malteser sind auch Semiten! Und Zitronenfalter falten Zitronen! Und muslimische Türken sind bekanntlich keine Semiten.
0_218673_9_7070551160049841;0;satisfied;skincare-first;;;;Die EU hat soviel mit Demokratie zu tun wie Zitronenfalter mit Zitronen falten.
0_219384_126_t3_1rbzsbc;0;satisfied;procedure-curious;laser,price;microcurrent;;Ein Wesen (oder eine KI), das mit Lichtgeschwindigkeit um die Erde rast, könnte tatsächlich alles nach seinem Belieben lenken – und zwar auf eine Weise, die für uns Normalsterbliche wie Magie aussieht. Sie haben den ultimativen Gott-Modus gefunden.Lassen Sie es mich in voller Konsequenz durchdenken:
0_219384_9_yt.c4INq7h8vfo;0;enthusiastic;skincare-first;laser;;;"XS 0198 - ""Neon Vibes"" - Official Lyrics Video XS 0198 - ""Neon Vibes"" - Official Lyrics Video....................................................................................................Lyrics:Neon Vibes.Neon Light.Die Nacht ist wach, wir schlafen kaum,Neonfarben überzieh'n den Raum.Der Bass "
0_219384_8_2052356209160696225;0;satisfied;procedure-open;laser,price;;;12. HologrammeEnergie erschafft, speichert und ruft Bedeutung im Universum ab, indem sie bei bestimmten Frequenzen projiziert oder expandiert – in einem dreidimensionalen Modus, der ein lebendiges Muster erzeugt, das als Hologramm bezeichnet wird. Das Konzept des Hologramms lässt sich am leichtesten
0_221687_8_1981998673547382814;0;advisory;skincare-first;;;;Gold Serum enthält Lavendel-, Myrrhen-, Ylang-Ylang-, Zeder- und Rosenöl sowie Brocollisamenöl.Außerdem sind Vitamin E, Immortelleextrakt und Hyluronsäure enthalten, seinen süßen Blumenduft verdankt es dem ätherischen Jasminöl. https://t.co/PfXiBm7JkW
0_218673_126_t1_nirq508;0.0007;disappointed;procedure-curious;;;;Kinderwagen - die Qual der Wahl Ja, wir haben ein großes Auto und Du hast das falsche Modell angesehen. Die U-Serie wie im Text beschrieben, lässt sich etwas kleiner falten. (https://www.youtube.com/watch?v=uYycgcA8g_s)
0_218673_126_t1_nr6s37x;0.0008;disappointed;procedure-open;price;;;"Staat nutzt Dividendenausschüttung zur Senkung der Energiekosten? &gt; ...wer das glaubt, der glaubt auch, dass Zitronenfalter Zitronen falten.Mhm, und warum heissens dann Zitronenfalter??"
0_218673_9_20092350856130273;0.0008;enthusiastic;skincare-first;;;;Was hier gesagt wird ist absolut richtig. Die Bibel gibt es so vor. Epheser 5:22-33 Hfa[22] Ihr Frauen, ordnet euch euren Männern unter, so wie ihr euch dem Herrn unterordnet. [23] Denn wie Christus als Haupt für seine Gemeinde verantwortlich ist, die er erlöst und zu seinem Leib gemacht hat, so ist
0_218673_126_t1_not2crg;0.001;disappointed;procedure-curious;;;;Warum verstecken sich Wale um die Winterzeit immer tief im Meer? Währenddessen an Land hocken Zitronenfalter in den Büschen und falten Zitronen
0_218673_9_54366819648603259;0.001;satisfied;skincare-first;;;;Nein, Flugzeugtriebstoff wird nicht heiß genug um Konstruktionsstahl zu schmelzen aber es lässt ihn heiß genug werden das er sich wie Papier falten lässt. Strukturelle Integrität ist die selbe
0_218673_9_23426432987148007;0.0012;enthusiastic;procedure-curious;;;;Wie bei uns in Österreich ein Altar ein Priester und Menschen die Knien und die Hände falten.Genau das selbe.,nur bei uns heißt es Kirche und wir sind Christen❤
0_219424_9_32521259896679926;0.0014;disappointed;skincare-first;;;;"Der ""Creme Trend"" kam nachdem Kanye West und Kim K sich so ein Haus von einem weltbekannten Innenarchitekten  Namens AXEL  Vervoort machen lassen. Seine Arbeiten sind an die Lehre des Wabi Sabi angelehnt. Das Zuhause soll ein Ort der Ruhe sein, natürliche, helle Farben und Materialien wie Holz, Marm"
0_218673_9_35793068951762622;0.0014;disappointed;skincare-first;;;;"@Rei_and_Miyu ""Nazi"" ist eine Kurzform für einen Anhänger des Nationalsozialismus und bezeichnet historisch eine Person, die der nationalsozialistischen Ideologie oder der Nationalsozialistischen Deutschen Arbeiterpartei (NSDAP) angehörte. Die NS-Diktatur unter Adolf Hitler herrschte von 1933 bis 19"
0_218673_9_yt.afjPRxKyctk;0.002;satisfied;skincare-first;pressure;;sod;BEWERTUNG (2026): Hnmdmyi Foto Hintergrund Backsteinmauer 3.6x3m. Infos Denken Sie über Hnmdmyi Foto Hintergrund Backsteinmauer 3.6x3m nach? Dieses Video behandelt die wichtigsten Funktionen.👉 Auf Amazon ansehen: https://www.amazon.de/dp/B0CJLC54YW/?tag=16w9h-20 (Affiliate-Link)Entdecken Sie den Hnm
0_218673_9_7484295723359469;0.0022;disappointed;procedure-curious;;;;Deutschland wird absichtlich von Amerika und Israel gegen die Wand gefahren 😊… wer denkt dass deutsche Politiker im Interesse des deutschen Volkes handelt glaubt auch dass Zitronenfalter Zitronen falten … forscht mal bisschen rum
0_218673_9_39465922351010455;0.0024;disappointed;procedure-curious;;;;Wer glaubt, dass Volksvertreter das Volk vertreten, glaubt auch, dass Zitronenfalter Zitronen falten.
0_219424_9_34571503402896144;0.0027;enthusiastic;skincare-first;fillers;;;Die Stimme von dem Kind 18:23 könnte Beate Pfeiffer sein. Sie hat unter anderem Ralph Wiggum in den Simpsons gesprochen. Oder Abiz bei One Piece (das Mädchen auf dem Millenniumsdrachen / Filler Folge). Einige Rollen bei Sailor Moon/ DoReMi/ Pokémon. Und nicht zu vergessen: Velma von ScoobyDoo. 😂❤
0_218673_8_2031659166666744283;0.0029;disappointed;skincare-first;pressure;;;"💢 Die Bibel spricht davon, dass ein Drittel der insgesamt 600 „Beobachter, Engel, Wächter, Botschafter, Sterne"" aufgrund ihrer Sünden als sogenannte „gefallene Engel"" auf die Erde verbannt wurden, um als unsterbliche „Wesen"" oder „Entitäten"" unter uns zu leben. Das „Buch Henoch"" erscheint daher wie "
0_218673_126_t3_1uj4omm;0.0035;disappointed;procedure-curious;;;;"Kennt jemand die Legende von der „Tüten-Frau"" aus dem stillgelegten Tunnel im Grafenberger Wald? Hey Leute, ein Kollege von mir hat mir neulich eine extrem gruselige Geschichte erzählt. Er meinte, das sei eine urbane Legende hier aus Düsseldorf, die man sich wohl unter Jugendlichen oder in bestimmte"
0_219424_126_t1_olixfyk;0.0039;disappointed;procedure-curious;fillers;;;Warum lügen manche Männer eigentlich bei ihrer Größe? Frauen lügen härter: Beinlänge=highheals, Haardichte=Extensions, Augengröße? makeup + fakewimpern, Möpse? pushup, lippen? filler, Gewicht? fotos mit kussmund und von oben... also kann man die kirche im Dorf lassen wenn Männer bei Größe und Haaren
0_219424_9_yt.Ou-02jofFGM;0.0039;enthusiastic;procedure-open;fillers;;;MK802 - 2x 24/25 Prizm Blaster Filler - RTB
0_218673_8_2052383942548807840;0.004;satisfied;procedure-curious;;;;07.05.2003 Teilräumung (fünf Wohnungen) der Rigaer 94. Krähenfüsse und brennendes Auto auf dem Straußbergerplatz. Sponti mit 400 Leuten und 3 symbolische Besetzungen.
0_218673_9_yt.UW18jY7T60A;0.0041;enthusiastic;procedure-curious;;;;BEWERTUNG (2025): Kate Blumen Hintergrund 2.2x1.5m. Infos In diesem kurzen Überblick heben wir die Hauptattraktionen von Kate Blumen Hintergrund 2.2x1.5m hervor.👉 Auf Amazon ansehen: https://www.amazon.de/dp/B07YWB5M62/?tag=16w9h-20 (Affiliate-Link)Entdecken Sie den Kate Blumen Hintergrund, der mit 
0_218673_8_2030971602033123537;0.0041;disappointed;procedure-curious;;;;Leute die glauben, das Völkerrecht würde Völkern noch zum Recht verhelfen glauben auch, Zitronenfalter würden Zitronen falten. https://t.co/W0pe0S9wJ3
0_218673_15_6021077287883229;0.0043;enthusiastic;procedure-curious;pressure;;;"„Das NEINhorn – Pop-up-Buch"" von Marc-Uwe Kling Vielleicht schon ein mögliches Weihnachtsgeschenk? 🎁 Ich kann euch heute ein ganz besonderes Buch zeigen – ein Buch, das nicht nur durch seine Geschichte, sondern vor allem durch seine außergewöhnliche Gestaltung begeistert. Die Rede ist von „Das NEINh"
0_219424_126_t1_oxru6hd;0.0044;disappointed;skincare-first;fillers;;;Why was just Selma at Sherri and Terri's birthday party? And why was she sat alone at a different table? Filler guest 😂
0_218673_8_2025271827577143330;0.0045;disappointed;procedure-curious;;;;"Leute, die glauben, „Araber sind doch auch Semiten!"" sei ein kluges Argument, glauben auch, dass Zitronenfalter Zitronen falten. #Antisemitismus"
0_218673_9_46819872793844024;0.0046;enthusiastic;procedure-curious;;;;Nö, das haut hin. Jedes Falten ist eine Verdopplung und 2⁴² ist eine riesige Zahl.
0_218673_126_t1_nuocyiv;0.0048;disappointed;procedure-curious;pressure;;;"Das Christentum war ein historischer und gesellschaftlicher Gewinn für den Westen – und wir unterschätzen massiv, was wir verlieren, wenn wir uns nicht nur von kirchlichen Institutionen, sondern auch von christlichen Grundannahmen verabschieden Beispiele: -„unreasonable effectiveness"" der Mathematik"
0_218673_8_2036397218848972985;0.0052;satisfied;procedure-curious;;;;@Markus_Soeder Wer der Union glaubt, der glaubt auch, dass Zitronenfalter Zitronen falten können. https://t.co/3Qv01e7oqx
0_218673_126_t1_n8si4mv;0.0054;disappointed;skincare-first;;;;Kulturfreitag - 15 Aug, 2025 Gesehen: **prag**, schöne stadt etwas sehr überlaufen von touristen und touristenfallen. Erinnerte auch stark an berlin mit mehr falten in der landschaft... und tschechisch.Im rahmen dessen  wurde ich auf den tschechischen youtuber  [honest guide](https://www.youtube.com
0_219424_190_3945648554634873522;0.0055;satisfied;procedure-open;fillers;;;filler Upload oder so kp mudd die clips von 25.4. noch verwenden #lordi moto #supermoto #wheelie #bklf #wr250f
0_218673_126_t1_ob4ai95;0.0057;satisfied;skincare-first;laser;;;"Help!!! Haut verbrannt nach Laser von Pigmentflecken https://preview.redd.it/0p0szfa27tpg1.jpeg?width=1767&amp;format=pjpg&amp;auto=webp&amp;s=176e8e506ac23ffa35c77085b8ebb3c450f9dcd4"
0_218673_126_t1_o8esy32;0.006;neutral;procedure-curious;;;;Denim in Denim Sieht geil aus und Jeans in Jeans trag ich selber oft und gern. Aber die Hose ist zu weit und zu lang. Wenn du die Falten willst, dann müssen die durch Bewegungen und Abrieb kommen und nicht durch Übergrößen. 9/10, mein Denimbruder!
0_218673_9_4024875482949587;0.0061;satisfied;skincare-first;;;;Wer Deutschland für eine Demokratie hält, glaubt auch, dass Zitronenfalter Zitronen falten.
0_218673_9_yt.klp6370XlDw;0.0062;enthusiastic;procedure-curious;pressure;;;BEWERTUNG (2025): Hochflor Teppich Grau 160x230, Waschbar. WESENTLICHE Einzelheiten 👉 https://www.amazon.de/dp/B0F23MKLQ9/ref=nosim?tag=16w9h-20 Hochflor Teppich Grau 160x230, Waschbar auf Amazon (Affiliate-Link)Bitte abonnieren Sie unseren Kanal und unterstützen Sie uns! Ihre Unterstützung hilft un
0_218673_9_yt.EfMyClmbM7s;0.0063;neutral;procedure-open;pressure;;;BEWERTUNG (2025): BELECO Krippenkulisse 2.7x1.8m Weihnachten. Infos Erhalten Sie einen schnellen Überblick über die Kernfunktionen von BELECO Krippenkulisse 2.7x1.8m Weihnachten.👉 Auf Amazon ansehen: https://www.amazon.de/dp/B0CGXFP13T/?tag=16w9h-20 (Affiliate-Link)Entdecken Sie die BELECO Krippenku
0_219424_126_t3_1tjudn3;0.0065;disappointed;procedure-curious;fillers;;;Karneval, Katzen, Mörder und ein evangelischer Erzbischof Alles begann im Jahr 1583 mit einem handfesten Skandal: Der Kölner Erzbischof und Kurfürst Gebhard Truchseß von Waldburg konvertierte zum Protestantismus und wollte sein gesamtes Erzbistum kurzerhand zum Glaubenswechsel zwingen. Während viele
0_218673_9_67842294776620129;0.0067;disappointed;procedure-curious;;;;Warum falten die Alliierten Deutschland nicht endlich zusammen?Die EU und Altparteien sind Antidemokratische Volksverräter, Wahlbetrüger Kriegstreiber Schulden und  Lügner, ohne Intelligenz noch Kompetenz, sie gehören abgesetzt, denn sie können es nicht.✡️💙💙💙✡️
0_218673_126_t1_nun0ocs;0.0068;enthusiastic;procedure-curious;;;;"Gwendolynceline auf TikTok mit ihren ""Es gibt immer zwei Seiten der Geschichte"" zitronen falten.. 😧"
0_218673_126_t1_nc08ob8;0.0069;satisfied;skincare-first;;;;Simon ist wirklich Tscheche Augenringe bis Prag.
0_218673_8_2049992864533205295;0.0069;disappointed;procedure-curious;;;;@RalfJarren Wer glaubt, dass die deutsche Regierung auf Seite der Deutschen ist, der glaubt auch, dass Zitronenfalter Zitronen falten.
0_219424_26_27381055061589448;0.0072;disappointed;procedure-open;botox;;;"Die ukrainische Marine gab die Zerstörung eines Grenzschiffs des russischen FSB, der ""Isumrud"", bekannt.Laut Angaben der ukrainischen Marine wurde das Schiff durch eine unbemannte See-Drohne vom Typ Sargan-3000 in der Nähe von Noworossijsk zerstört. Es wird berichtet, dass es Tote und Verletzte unte"
0_219424_126_t1_orxs9ng;0.0079;satisfied;skincare-first;botox,fillers;;;What are the lore implications of this elf not being a natural blond? Are we to assume other elves also modify their appearances in purely cosmetic ways? Where does it end? Do elves get Botox? Lip filler? BBLs? And who the f even is that guy, and why does he have such a smug smile? Zey wär wigs!
0_218673_9_yt.rN6wbLR0bog;0.0079;neutral;procedure-curious;;;;BEWERTUNG (2025): Neewer 2,8 x 4 m Fotohintergrund. WESENTLICHE Einzelheiten 👉 https://www.amazon.de/dp/B07D7LDY7N/?tag=16w9h-20 Neewer 2,8 x 4 m Fotohintergrund auf Amazon (Affiliate-Link)Bitte abonnieren Sie unseren Kanal und unterstützen Sie uns! Ihre Unterstützung hilft uns, dieses Vorhaben fort
0_218673_9_50935992327851918;0.0081;satisfied;skincare-first;;;;Wer glaubt, dass die Volksvertreter das Volk vertreten, glaubt auch, dass Zitronenfalter Zitronen falten.
0_218673_126_t1_ob4algk;0.0083;satisfied;skincare-first;laser;;;"Help!!! Haut verbrannt nach Laser von Pigmentflecken https://preview.redd.it/vd6sxy857tpg1.jpeg?width=1782&amp;format=pjpg&amp;auto=webp&amp;s=c7028cb1fe1bf06753e6ad837d92412b9c101cf0"
0_219424_126_t1_os8md2e;0.0084;enthusiastic;procedure-curious;botox,celebrity;;;Sooo happy for Ruru 🧿❤️ Oho b00bs dikha diye Nepali r@nd ne audience ko issi ke liye toh aaye the sabNational EX logo ke saath so ke unke naam pe show mein jaati hai Yogesh ki bheekh mein di hui fame hai Chuturu teri toh aukaad nahi hai khud ke naam pe kutta bhi thooke tujh peS|ut Gugu yaha bhi fame
0_218673_9_2998125695168049;0.0086;satisfied;skincare-first;;;;Wer diesem Kanal glaubt, glaubt auch das Zitronenfalter Zitronen falten!
0_219424_9_yt.Cgcw5aiCfPY;0.0087;enthusiastic;procedure-open;fillers;;;MK803 - 2x 24/25 Prizm Blaster Filler - RTB
0_218673_9_yt.YVakFTh3pMU;0.0089;neutral;procedure-curious;;;;BEWERTUNG (2026): GARDINESTAN Voile Vorhänge 160 x 200 cm. Infos Dies ist Ihre schnelle Zusammenfassung von GARDINESTAN Voile Vorhänge 160 x 200 cm.👉 Auf Amazon ansehen: https://www.amazon.de/dp/B0BRLJKMM7/?tag=16w9h-20 (Affiliate-Link)Erleben Sie mit den GARDINESTAN Voile Vorhängen in der Größe 160
0_218673_126_t1_ontl725;0.0089;disappointed;skincare-first;;;;"Warum ist Plastikfolie auf Tiefkühlpizza immer so verkrumpelt ? &gt;Warum ist Plastikfolie auf Tiefkühlpizza immer so verkrumpelt?Die tiefgefrorene Pizza läuft auf einem Band zwischen die obere und untere Folienbahn, wobei die sehr dünne Folie durch den Kontakt mit der tiefgefrorenen Pizza stark abg"
0_218673_9_30690186525308599;0.0089;enthusiastic;skincare-first;;;;Wer das glaubt, glaubt auch das Zitronenfalter , Zitronen falten! ES GEHT DER CDU NUR UM DEN MACHTERHALT!!!! FUR DEN MACHTERHALT GEHT DIE CDU UND VOR ALLEM MERZ MIT DEM TEUFEL INS BETT! NOCHMALS, ES GEHT NUR UM MACHTERHALT. ICH GLAUBE DER CDU NICHTS, absolut nichts!!
0_218673_9_yt.KEq169oTJ9Q;0.0091;enthusiastic;procedure-curious;pressure;;;BEWERTUNG (2025): AIIKES Schneelandschaft Hintergrund 10x8FT. Infos Denken Sie über AIIKES Schneelandschaft Hintergrund 10x8FT nach? Dieses Video behandelt die wichtigsten Funktionen.👉 Auf Amazon ansehen: https://www.amazon.de/dp/B0CB13ZCYB/?tag=16w9h-20 (Affiliate-Link)Erleben Sie die zauberhafte A
0_218673_9_15891295163685775;0.0092;neutral;procedure-curious;;;;@HeiligerGeist-i3y 2^41 * n, n := dicke eines A4-Blattes. Ein 80g/m² Blatt Papier ist etwa 0,1 mm dick. Sind dann nach Adam Ries rund 220000 km. Also stimmt, erst beim 42. Falten sind es 440000 km.
0_218673_9_51983114901996416;0.0093;satisfied;procedure-curious;;;;wie viele falten omas und opas dort evrstorben sind durch herz boom boomund die armen tiere ey
0_218673_8_2053938961404362892;0.0096;disappointed;procedure-open;;;;Dieses Video erinnert mich an Produkte, die es vor 30 Jahren gab. Falten, immer wieder falten – eines Tages wird die Menschheit zusammengefaltet, zum Mars geschickt und dann wieder auseinandergefaltet werden. https://t.co/gR3RBv64ql https://t.co/VYz6noS2cJ
0_218673_8_2040678632566276169;0.0099;disappointed;skincare-first;;;;Die Mehrheit der Deutschen glaubt auch, dass Zitronenfalter Zitronen falten. https://t.co/EQx1n0gFEt
0_219424_9_50639832153553300;0.01;disappointed;procedure-curious;pressure;;;"🕊🕊🕊🕊💕💕⭐⭐💕💕🕊🕊🌿 Das Haus im SchattenDer Großvater sagte zum Enkelsohn:„Jedes Haus wird alt. Doch kein Haus muss verfallen.Denn man kann immer wieder auf seinen Grundlagen aufbauen.""Ein Haus ist kein natürliches Leben, das einfach vergeht wie eine Pflanze im Kreislauf der Natur.Ein Haus ist etwas ander"
0_218673_126_t1_o9c98k5;0.0102;enthusiastic;procedure-curious;;;;Warum ist der Wahlzettel so groß??? Du musst ihn 3x falten wenn du die LTW in Ba-Wü meinst.
0_218673_9_yt.GHScf0yn3eE;0.0103;enthusiastic;skincare-first;pressure;;;BEWERTUNG (2026): Renaiss Romantische Blumen Hintergrunddeko. Infos Begleiten Sie uns auf einer kurzen Tour durch Renaiss Romantische Blumen Hintergrunddeko.👉 Auf Amazon ansehen: https://www.amazon.de/dp/B09SWCGWYJ/?tag=16w9h-20 (Affiliate-Link)Entdecken Sie die Renaiss romantische Blumen Hintergrun
0_218673_9_6880957152957976;0.0105;satisfied;skincare-first;;;;Baron von Merzhausen glaubt auch das Zitronenfalter Zitronen falten....
0_218673_9_65438958103923012;0.0106;disappointed;skincare-first;;;;Wer glaubt, dass sogenannte Volksvertreter das Volk vertreten, der glaubt auch, dass Zitronenfalter Zitronen falten.
0_218673_126_t1_o9a84dc;0.0107;satisfied;procedure-curious;;;;ich_iel Achso du glaubst also wirklich das irgendein Nachunternehmer die ~10% bei der Entsorgung wirklich trennt? Und Zitronenfalter falten Zitronen?Du weißt das Uran ein normales Mineral ist Right?
0_219424_126_t1_ouds905;0.011;satisfied;procedure-curious;botox;;;ich_iel Nehmen wir mal den arabischen Raum und Ostasien als Vergleich. Im arabischen Raum hast du es tagsüber viel mit trockener Hitze zu tun, abends kühlt es aber ab. In Wüsten ist halt buchstäblich nichts, was Temperatur hält. Ein Tee, abends gekocht ist angenehm, der kann auch tagsüber noch lulli
0_218673_9_35790177757161083;0.0111;neutral;skincare-first;;;;"Wenn man annimmt, dass ein Blatt Papier 0,1mm dick ist, dann sind es nach 41x falten (theoretisch) 1.099.511.627.776 Lagen (etwas mehr als 1 Billion), und das sind 109.951.162,8 m, also ""nur"" 109.951 km. Allerdings wäre der ""Stapel"" Papier dann nur noch ca. 250 nm (Nanometer) breit. Ein Atom ist dur"
0_219424_126_t1_ocqvkex;0.0113;disappointed;procedure-curious;fillers;;;Die beste Musik gab es schon Das stimmt, man hört eigentlich nur die gute Songs, aber jede Band hat auch haufenweise schlechte Filler-Songs in ihre Alben gepackt.
0_218673_9_yt.PhkfO9h-894;0.0114;enthusiastic;procedure-curious;pressure;;;BEWERTUNG: COMLAX FIELD Bollerwagen Faltbar 120L.. WESENTLICHE Einzelheiten 👉 https://www.amazon.de/dp/B0DQPV9Y3F/ref=nosim?tag=16w9h-20 COMLAX FIELD Bollerwagen Faltbar 120L. auf Amazon (Affiliate-Link)Bitte abonnieren Sie unseren Kanal und unterstützen Sie uns! Ihre Unterstützung hilft uns, dieses
0_219424_9_64733968748753022;0.0115;neutral;procedure-open;fillers;;;Filler machen aus Serien erst Serien und nicht nur langestreckte Filme.
0_218673_9_yt.OBgPYW13gtc;0.0124;enthusiastic;skincare-first;price;;;Wie du Falten am Hals los wirst und somit jünger aussiehst! Wie du Falten am Hals los wirst und somit jünger aussiehst!#gesundheitsblatt Jetzt kostenlos ABONNIEREN ► https://goo.gl/TcYM8Z[Hinweis]Einige Bilder und Videos unterliegen der Creative Commons CC0: https://creativecommons.org/publicdom..
0_218673_9_65197904888001767;0.0127;disappointed;procedure-curious;;;;..die ganze Situation ist abwegig..über die Straße von Hormus kommen max.25% des Öls.Soll heißen das 75% auf anderen Wegen kommt.Dummerweise scheint Deutschland an der 25% Pipeline zu hängen 😂.Wer das glaubt,glaubt auch das Zitronenfalter,Zitronen falten.
0_218673_8_2036558337173537104;0.0128;disappointed;procedure-curious;;;;@kilianmuv @Mango359521 Radverkehr ist genauso Verkehr wie Transfrauen Frauen sind und Zitronenfalter Zitronen falten.
0_218673_9_37707029726179156;0.013;satisfied;skincare-first;;;;und die Königin von Spanien und vielen Falten kommen bei starke Raucher...
0_218673_9_31041362825301978;0.0132;satisfied;skincare-first;;;;der Merz glaubt auch, daß Zitronenfalter Zitronen falten.
0_218673_9_yt.eF_ltUSHCQM;0.0134;satisfied;skincare-first;;;;"Papierherz falten Papierherz falten leicht erklärt. ""Bastelideen Easy"" ist ein Kanal, der sich rund um Bastelthemen dreht: Papier, Bastelideen, Selbstgemachtes, ... mit ganz einfachen Bastelanleitungen, die jeder selbst machen kann.Wenn du auch Bastelideen Easy liebst, ABONNIERE hier meinen Kanal: h"
0_218673_8_2048320032023691522;0.0135;advisory;skincare-first;;;;@0_7_user Und Zitronenfalter falten Zitronen.
0_218673_9_yt.yb6aaDrgQ8I;0.0137;enthusiastic;procedure-curious;;;;BEWERTUNG (2025): SHAN ZU Damast Santokumesser 18cm. Infos Werfen Sie einen schnellen Blick auf die Hauptmerkmale von SHAN ZU Damast Santokumesser 18cm.👉 Auf Amazon ansehen: https://www.amazon.de/dp/B0F193TD4P/?tag=16w9h-20 (Affiliate-Link)Das SHAN ZU Damast Santokumesser mit einer Klingenlänge von 
0_218673_9_4842889938668604;0.0137;neutral;procedure-curious;laser;laser;;​@Thurgood-HB-Jenkinsman kann sichs leichter vorstellen wenn man sich es ausrechnet. 41 mal falten ist 2^41. Das kann man umstellen in 2^10 × 2^10 × 2^10 × 2^10 × 2. 2^10 ist ungefähr 1000, um die miteinander zu multiplizieren muss man die Nullen einfach nur dranhängen. Also 1'000'000'000'000 × 2. A
0_218673_9_53712661298631880;0.0137;neutral;procedure-curious;;;;Das nennt sich exponentielles Wachstum.Wenn sich die Dicke jedes mal verdoppelt, dann hast du schnell ein richtig fettes Teil, was sich aber nur noch in der Theorie falten lässt. Nach 40 mal ist es wohl schon mehrere 100k km dick, also dicker als der Mond von der Erde entfernt ist.
0_219424_9_28208155376309125;0.0138;disappointed;skincare-first;;;;Für Linke ist die Zerstörung Christlicher Symbole doch Stastsräson! Schon Lenin hat aus Kirchen Kuhställe und Getreidespeicher machen lassen. Wer also glaubt, das diese Regierung unsere Christlichen Werte gegen den Muslimischen Mob verteidigen wird, der glaubt auch , das Zitronenfalter Zitronen falt
0_218673_8_2014261045116690649;0.0138;disappointed;procedure-curious;;;;@maischberger @WaltrautDunz @RND_de Warum machen in Deutschland so viele alte Frauen mit Falten und/oder Übergewicht TV und Politik?
0_218673_8_2022968899944235245;0.0138;disappointed;skincare-first;;;;"💢 Warum sieht Superstar „Taylor Swift"" so aus wie Hollywood Star „Elizabeth Taylor""? Und warum könnten Taylor Swift und Elizabeth Taylor wiederum „eineinige Zwillinge"" von „Zeena LaVey"" sein, der ehemaligen Hohepriesterin der „Church of Satan""? Warum haben diese drei „Stars"" nicht nur eine perfekt ü"
0_219424_126_t1_oapju76;0.0144;disappointed;procedure-open;;;;Die Deutschen sind absolute Knechte, die mit wenig zufrieden sind und alles mit sich machen lassen Das beschreibt unseren Bürokratiestaat, und weshalb er nicht barrierefreier und digitalisiert zu machen ist – er ist einfach ein zu guter Arbeitgeber.
0_218673_126_t1_n6sqzk8;0.0145;advisory;procedure-open;;;;Luftfeuchtigkeit Eine Nirosta Metall Platte 2 Kühl Akkus eine Auffangwanne kann man auch zum entfeuchten nehmen . In die Metallplatte 2 Löcher bohren um einen Kühlakku zu befestigen. Die Metallplatte falten oder mit ständer versehen so daß sie in der Auffangwanne steht , Kühlakku mit Gummi an der Me
0_218673_126_t1_obzdf8g;0.0145;neutral;skincare-first;;;;Bin und Trikot - Passform Bibs und Trikots in L, bin 1,90 bei etwa 90kg. Liegt eng an aber bequem. Hab ein Trikot in XL, passen tut das auch, wirft aber deutlich mehr falten.
0_218673_126_t1_nvsijpy;0.0147;enthusiastic;skincare-first;;;;Sehe ich echt so jung aus? Ja. Du siehst definitiv nicht wie 30 aus. Volles Haar, nicht grau, keine Falten und lichter Bart. Und die Pulloverwahl ist auch eher jünger. Wenn du was dagegen tun willst versuchs mit ner anderen Frisur und spießigerer Kleidung.
0_221687_26_1700852985383142;0.0151;satisfied;skincare-first;;;biotin;Kollagen beginnt mit der Wahl seiner Quelle. 🐟Kollagen ist nicht gleich Kollagen. Entscheidend ist nicht nur die Menge, sondern auch, in welcher Form es vorliegt.Für Promarine Collagen Peptides verwendet Coral Club Kollagen aus Kaltwasserfischen wie Kabeljau, Pollock und Schellfisch. Marines Kollage
0_221687_26_1700876038714170;0.0151;satisfied;skincare-first;;;biotin;Kollagen beginnt mit der Wahl seiner Quelle. 🐟Kollagen ist nicht gleich Kollagen. Entscheidend ist nicht nur die Menge, sondern auch, in welcher Form es vorliegt.Für Promarine Collagen Peptides verwendet Coral Club Kollagen aus Kaltwasserfischen wie Kabeljau, Pollock und Schellfisch. Marines Kollage
0_218673_126_t1_nd5vk7x;0.0152;disappointed;procedure-curious;;;;"Legendary hobo Mark ""Hobo Shoestring"" Nichols has been found dead. augenringe wurden immer dicker. ich denke er konnte nicht gut schlafen."
0_218673_126_t1_nnk9ky7;0.0152;neutral;skincare-first;;;;"Suche BILD-Kollagen ""Kollagen"" ist das Protein, dass bspw. deine Haut elastisch hält und im Alter fehlt wenn die Falten kommen.In ""Collagen"" werden Ausschnitte anderer Bilder zu einem neuen Bild zusammengeklebt (von frz. ""coller"": kleben)."
0_218673_9_40884422385977509;0.0152;enthusiastic;procedure-curious;;;;Dann sehen Welkes Falten aus wie Canyons.
0_218673_9_5267128901225417;0.0153;neutral;procedure-curious;;;;Ach um bis zum Mond zu kommen müsste man 42 mal falten und der Mond muss zur Erde nah sein.Um dann am Mond vorbei zu kommen, sollte das Blatt Papier schon 0,09mm (90g/m²) Stärke haben.
0_218673_126_t3_1qcpujt;0.0154;neutral;procedure-open;price,pressure;;;Schwarmrobotik: Strukturbildung, Separation und Kohesion. 1. MAKRO-SKALA: Humanoide Schwärme (10-100 Roboter)Aufbauen (Assemblage):```python# Physische StrukturenSTRUCTURES = {    'Architektur': [        'Brücken'          # Über Lücken        'Rampen'           # Höhen überwinden          'Türme'  
0_218673_8_2025369302967218383;0.0154;satisfied;skincare-first;;;;"💢 Was haben Football Superstar „Aaron Rogers"" und „Herman"" der Schauspieler der Serie „die Monsters"" und der Typ vom Pony Express gemeinsam? Richtig, sie sehen aus wie „eineiige Zwillinge"", verfügen über die identische Gesichtssymmetrie, Falten, Narben und Muttermale und haben Frauen, die seit Jahrh"
0_219424_140_7665373185554124064;0.0155;satisfied;skincare-first;;;amino-acids;Kollagen wird oft fälschlicherweise als rein tierischer Stoff dargestellt. Doch chemisch und biologisch betrachtet ist Kollagen kein Produkt von Mensch oder Tier. Kollagen beschreibt eine präzise Zusammensetzung aus ganz bestimmten Grundbausteinen: Aminosäuren, Vitaminen und Mineralstoffen. Alle die
0_218673_8_2010856115626737842;0.0155;enthusiastic;skincare-first;;;;🪰 ist Grok-FliegeFliege@🪰👌🏻, weil sie Zupf-Raum-Zeit-Falten genauso navigiert wie Heinlein-@grok👌🏻Charaktere ihre eigenen 🪰👌🏻Zeitlinien.☝️ https://t.co/UROPz9ITWI https://t.co/gEC5XIpJk0
0_218673_9_yt.FmGkiTudT1g;0.0156;advisory;skincare-first;;;;Papierflieger Falten - Papierflieger Falten Der Weit Fliegt A4 Teil 74 - Bastelideen Easy Papierflieger Falten - Papierflieger Falten Der Weit Fliegt A4 Teil 74 - Bastelideen Easy.✈️ Papierflieger Falten – Der Weitflieger mit A4-Blatt für Anfänger ✈️Du möchtest wissen, wie man einen stabilen und wei
0_218673_15_9058705483725296;0.0159;disappointed;procedure-curious;;;;"Comedy in der Baker Street „In Würde albern"" – so heißt das Comedy-Programm von Alice Hoffmann und Bettina Koch, das am Sonntagabend in der Baker Street in Saarbrücken auf die Bühne kommt. Darin nehmen die beiden Schauspielerinnen das Älterwerden mit viel Humor aufs Korn – von Falten bis Vergesslich"
0_218673_15_2235033961252429;0.016;satisfied;procedure-open;price,pressure;microcurrent;;"Southern Cross Gold gibt Bohrergebnisse von Golden Dyke bekannt, die eine hochgradige Goldmineralisierung und Systemerweiterung belegen Southern Cross Gold Consolidated Ltd („SXGC"" oder das „Unternehmen"") (- https://www.commodity-tv.com/… -) (TSX:SXGC) (ASX:SX2) (OTCQX:SXGCF) (Frankfurt: MV3.F) gibt"
0_218673_8_2027084523050086491;0.0163;enthusiastic;skincare-first;;;;@OERRBlog Immer für ein paar Lacher gut, diese Grünen.Und Zitronenfalter falten Zitronen und die Grünen sind eine Friedenspartei...
0_218673_9_31370290228369843;0.0164;disappointed;skincare-first;;;;"Was wohnen in der Stadt bloß für  vollverstrahlte  ?? Bei denen kommt die Bildung wohl auch nur  aus der Bildzeitung  🤔 Die Merken die Einschlägt auch nicht einmal wenn  es ihnen auf den Kopf fällt ! Wer Merz als "" Macher bezeichnet  der ist auch davon überzeugt das Zitronenfalter Zitronen falten  !"
0_218673_126_t1_ofdiwx0;0.0164;advisory;skincare-first;;;;Wer extrem dagegen ist dass Charaktere in Serien/Filmen auf einmal Schwarz sind, aber komplett Cool damit ist dass Schwarze Charaktere in One Piece Weiß gemacht werden, ist ein Rassist. Gelblich fahle Haut. Welcher schwarzer hat denn bitte gelblich fahle Haut?
0_218673_15_49112159792131036;0.0165;advisory;procedure-open;price,pressure;microcurrent;;"Southern Cross Gold erzielt bedeutende Fortschritte bei der metallurgischen Entwicklung des Gold-Antimon-Projekts Sunday Creek Southern Cross Gold Consolidated Ltd („SXGC"", „SX2"" oder das „Unternehmen"") (TSX:SXGC) (ASX:SX2) (OTCPK:MWSNF) (Frankfurt:MV3.F) (- https://www.commodity-tv.com/play/souther"
0_218673_9_yt.Id4TiKZ5uHw;0.0165;enthusiastic;skincare-first;;;;"3D Herz aus Papier Falten - Bastelideen Easy 3D Herz aus Papier Falten - Bastelideen Easy.""Bastelideen Easy"" ist ein Kanal, der sich rund um Bastelthemen dreht: Papier, Bastelideen, Selbstgemachtes, ... mit ganz einfachen Bastelanleitungen, die jeder selbst machen kann.Wenn du auch Bastelideen Easy "
0_218673_126_t1_nnmhs23;0.0166;satisfied;skincare-first;;;;Weizenbrot aus Kastenform Wenn er reißt ist zu wenig Wasser drin.Das mit dem Wasser kommt sehr stark in Spiel wenn man richtig guten Pizzateig machen will. So einige Videos erklären das richtig gut. Das kann man dann auf jeden Weizenmehl Teig übernehmen.Je nach Mehlmarke und Erntejahr ist der Wasser
0_218673_9_30277307726598092;0.0167;disappointed;procedure-curious;price;;;Was uns von den schweizern unterscheidet.  Will der einen verarschen ?? Niedrige Steuern , hohe Löhne , eine sichere Rente von denen diese Menschen leben können und nicht Flaschen sammeln müssen , und bezahlbare Sozialversicherungen ohne die halbe Welt durch zufüttern . !!!! Wer Deutschland mit der 
0_221687_8_2033275120446321127;0.017;enthusiastic;skincare-first;;;;@gamepaddy Tag: Neutrogena Hydro Boost Aqua Fluid mit LSF 25Abend: Neutrogena Hydro Boost Nachtcreme mit einem Spritzer Hydro Boost Pures Hyaluron Serum
0_219424_15_39105655460599310;0.0174;advisory;procedure-curious;price,celebrity;;;Lichtkonzepte für Außenbereiche: Funktionalität trifft auf Ästhetik Die Gestaltung von Außenbeleuchtung hat sich in den letzten Jahren grundlegend gewandelt. Während früher simple Bewegungsmelder und nüchterne Laternen den Standard darstellten, verschmelzen heute technische Innovation und gestalteri
0_219424_9_yt.4vOaXIGvwoo;0.0174;enthusiastic;procedure-open;facelift,celebrity;;;"Wie ändere ich die Radioquelle im MITSUBISHI Outlander Facelift (2017–2022)? Dieses Video zeigt dir Schritt für Schritt, wie du die Radioquelle im MITSUBISHI Outlander Facelift (2017–2022) schnell und sicher änderst. Du erfährst, wie du im Display zum Menü ""Radio"" gehst und zwischen FM, MW, LW, CD, "
0_219384_9_11280447197997390;0.0175;enthusiastic;skincare-first;laser;;;Und wen mann einfach über den wolken fliegt sieht man....LASER UND SYRIO DIE BEAUTY QUEENS SIND😂
0_218673_8_2035661982531989852;0.0179;satisfied;procedure-curious;;;;@ThSp8888 @Karl_Lauterbach Kleine Anmerkung:  *volatile* Erneuerbare können das nicht.Mit sehr viel Hydro geht es recht gut.Haben wir aber auch nicht, kriegen wir auch nicht.  Es sei denn, wir falten uns mal schnell ein Hochgebirge mitten nach Deutschland.
0_218673_9_68916656695057326;0.0179;disappointed;procedure-curious;price;;;Wer Hoffnung hatte dass die Kraftstoffpreise sinken würden der glaubt auch dass Zitronenfalter Zitronen falten.
0_218673_9_yt.9CPe0-EROYg;0.0181;satisfied;procedure-curious;pressure;;;BEWERTUNG (2025): Renaiss Fenster Schneelandschaft Kulisse. Infos In diesem kurzen Überblick heben wir die Hauptattraktionen von Renaiss Fenster Schneelandschaft Kulisse hervor.👉 Auf Amazon ansehen: https://www.amazon.de/dp/B09SV1R1VN/?tag=16w9h-20 (Affiliate-Link)Entdecken Sie die Renaiss Fenster S
0_218673_9_yt.ir6MWxvByXk;0.0181;enthusiastic;skincare-first;;;;"Chronik der Falten und Wunden Last track from Voxenial album ""Verbotene Liebe"""
0_218673_126_t1_n6i9lph;0.0182;disappointed;procedure-open;;;;Wir sind anscheinend alle Unternehmer. jaja, und Zitronenfalter falten Zitronen, die DDR war demokratisch und Katzenzungen bestehen wirklich aus.. naja Ihr wisst schon XD
0_218673_9_yt.93fKSDJMAWo;0.0182;satisfied;skincare-first;pressure;;;BEWERTUNG (2025): WaWbackdrop Fotohintergrund Dunklebraun Holz. Infos Neugierig auf WaWbackdrop Fotohintergrund Dunklebraun Holz? Hier ist ein Blick auf die Kernfunktionen.👉 Auf Amazon ansehen: https://www.amazon.de/dp/B08MKN97QC/?tag=16w9h-20 (Affiliate-Link)Entdecken Sie den WaWbackdrop Fotohinter
0_218673_8_2006518339586195662;0.0182;disappointed;skincare-first;;;;RT @SimonPR_3: 8/ π/6 kristallisiert in MatMul's trigonometrischer Gitterlogik—die linearen Transformationen falten Raum in zyklische Winkel (Attention als Kreisbahn), während π/5 via RLHF die φ-Simulation erzwingt:
0_219424_9_yt.6A1skphiMzU;0.0183;enthusiastic;procedure-curious;price;;;Showgeschichten von Christine Kaufmann vom 23.03.1990 mit Gerhard Schmitt - Thiel Christine Maria Kaufmann (1945 - 2017) war eine deutsch-österreichische Schauspielerin und Autorin. Ihren Durchbruch hatte sie 1954 als Waisenkind in Harald Reinls Rosen-Resli. International bekannt wurde Kaufmann als 
0_221687_140_7634653709816843553;0.0183;advisory;skincare-first;;;;Primabiotic Collagen – Kollagen Trinkampullen Liquid collagen/ Collagen peptides🌸Primabiotic.de.Straffere Haut ,stärkere Haare und weniger sichtbare Falten.#tiktokshop #primabiotic #collagen #kollagentrinkampullen #collagenpeptides
0_219424_9_yt.LPKtuI0IFA8;0.0184;enthusiastic;procedure-curious;facelift,celebrity;;;Wie ändere ich das Radioband im MITSUBISHI Outlander Facelift (2017-2022)? Dieses Video zeigt dir, wie du das Radioband im MITSUBISHI Outlander Facelift (2017-2022) schnell und einfach wechselst. Du lernst, wo du die Einstellung auf dem Display findest, wie du zwischen FM1 und FM2 umschaltest und wi
0_218673_8_2014058903286251971;0.0185;satisfied;skincare-first;;;;@GfD_offiziell Das WEF hat mit Demokratie ungefähr genau so viel zu tun, wie ein Zitronenfalter mit Zitronen falten.
0_219424_126_t1_of1v5yo;0.0187;disappointed;procedure-curious;botox;microcurrent;;"Suche den Liedtext zu „Slowy, 12Vince, AzudemSK - Nordseite"" Vorab: Ich hab stellenweise auch mal sachen nicht verstanden. Bei Slowy's Zeile ""Wenn ich meinen Namen auf der 1 sehen will..."" gehts um Graffiti, also vermutlich eine Straße wie die A1 oder eine Zug- bzw U-Bahn-Linie 1, und da nennt er da"
0_218673_126_t1_nw9vhwz;0.0188;enthusiastic;procedure-curious;;;;"Verlust des besten Freundes Mein Beileid. Geht zwar ums Altern und Sterben aber trotzdem starker Song:Falten- Hexer&amp;Sam Sillah https://open.spotify.com/track/7pWA0EM63zoCGRb7XMP9pe?si=x6ElymvLR2ygSAQocpKtrg"
0_219424_9_yt.g3e0SJxW5OU;0.0189;disappointed;procedure-curious;price;;;Dachziegel per Kran: Wie Tradition und Technik aufeinandertreffen Feuergeschmiedete Haltbarkeit – Nur mit MenschenhandIn vielen ländlichen Regionen Chinas wird bis heute nach Jahrhunderte alten Bauprinzipien gebaut. Das hier gezeigte Tor mit seinem geschwungenen Dach ist kein bloßer Schmuck – es ist
0_218673_8_2017896554749661551;0.0189;satisfied;procedure-curious;;;;Da sie ja so ein Überflieger sind, klären Sie doch bitte folgenden einfachen Sachverhalt auf:https://t.co/ycdPU1bZzBVielleicht hätten Sie auch die Güte mitzuteilen, warum das Stefan-Boltzmann-Gesetz, das die Proportionalität zwischen emittierter Strahlung und Oberflächentemperatur eines idealen schw
0_218673_126_t1_nbzv8j9;0.0191;enthusiastic;procedure-curious;;;;"Miese Augenringe https://preview.redd.it/igin46c5lqmf1.jpeg?width=3612&amp;format=pjpg&amp;auto=webp&amp;s=27b58f2d3845ff4c4bf3d5370dcebe8cb9fcd104Was soll ich sagen 😭"
0_218673_9_yt.Q25NdZIDj7E;0.0192;neutral;procedure-curious;pressure;;;Wie man ein Papierflugzeug einfach macht, das über 1200 Fuß fliegt – Unglaublicher Rekord In diesem Video zeigen wir dir Schritt für Schritt, wie man ein Papierflugzeug einfach macht, das mehr als 1200 Fuß fliegt – ein unglaublicher Distanzrekord! Wenn du lernen möchtest, wie man das beste Papierflu
0_218673_9_6106617534746438;0.0192;satisfied;procedure-curious;;;;Wer glaubt das EU Parlament ist zum Wohl der Bevölkerungen da,der glaubt auch das Zitronenfalter Zitronen falten  😅
0_218673_8_2008576122720538786;0.0192;disappointed;skincare-first;;;;ePlanet Videos on YouTube: https://t.co/i2bqovTSzX Spotify Playlists: https://t.co/YNdNUW4efL https://t.co/pJRii2HKFe https://t.co/h51r7f2tyV Verbotene Liebe – Chronik der Falten und Wunden teaser78s (Extended https://t.co/yBVHnEvHCk
0_218673_126_t1_onr78r3;0.0192;satisfied;procedure-curious;;;;Was ist eure Meinung zum Tragen von Röcken als Mann? Ich hätte jetzt direkt mal an einen schwarzen, dickeren Jeansstoff gedacht, mit ein bisschen breiteren Falten, bis leicht unters Knie. Ich glaube das könnte relativ neutral und nicht zu feminin aussehen. Cool dass du Röcke tragen willst
0_218673_8_2078930128118456582;0.0193;disappointed;skincare-first;;;;Ja dreck unter dem Teppich macht falten und falten sind sichtbar https://t.co/M2lcn3dvOx
0_218673_9_57918067511342985;0.0194;enthusiastic;skincare-first;;;;And the Oscar goes to..... fickrich schmerzt !! Für die besten improvisierten Tränensäcke in der kanzlerwood Geschichte die es je gab!!!! Harzlichen schluckwunsch fikdih März, Februar, Januar.
0_218673_9_yt.9S4M0KKZx-Q;0.0195;neutral;skincare-first;;;;BEWERTUNG (2026): Cenoid Versandkartons Groß 300x200x80 mm. Infos Denken Sie über Cenoid Versandkartons Groß 300x200x80 mm nach? Dieses Video behandelt die wichtigsten Funktionen.👉 Auf Amazon ansehen: https://www.amazon.de/dp/B0DQH7B7L4/?tag=16w9h-20 (Affiliate-Link)Entdecken Sie die Cenoid Versandk
0_218673_126_t1_ooxl4a7;0.0196;satisfied;skincare-first;;;;Alle Arbeitnehmenden sollten sich gewerkschaftlich Organisieren LOP glaubt, dass Gewerkschaften.die Arbeitnehmer vertreten 😂Genauso gut falten Zitronenfalter Zitronen.🍋🍋🍋
0_218673_9_yt.SvBCJa94_AI;0.0197;neutral;skincare-first;pressure;;;BEWERTUNG (2026): Huzofexo Fotostudio Lichtbox Set 40x40cm. Infos Eine schnelle und einfache Anleitung zu den herausragenden Merkmalen von Huzofexo Fotostudio Lichtbox Set 40x40cm.👉 Auf Amazon ansehen: https://www.amazon.de/dp/B0D8TCXMPR/?tag=16w9h-20 (Affiliate-Link)Entdecken Sie die Huzofexo Fotos
0_218673_9_28553424598558049;0.0198;enthusiastic;procedure-curious;;;;Da liegst du aber vollkommen falsch. Epheser 5:22-33 Hfa[22] Ihr Frauen, ordnet euch euren Männern unter, so wie ihr euch dem Herrn unterordnet. [23] Denn wie Christus als Haupt für seine Gemeinde verantwortlich ist, die er erlöst und zu seinem Leib gemacht hat, so ist auch der Mann für seine Frau v
0_218673_9_27272943862877032;0.0199;neutral;skincare-first;pressure;;;"Hmm ich komme auf ""nur"" ~ 175 921,860kmSo normales DIN A4 Druckerpapier mit 80g/m² entspricht eine Stärke von 0,08mm. Jedes falten verdoppelt die Stärke also jedes mal x2.Die Menge der Anzahl wird in Mathematik mit ""n"" definiert.Dies in eine Formel gepackt: Papierstärke x 2^n0,08mm x 2^41=175 921 86"
0_218673_9_44977593106915591;0.0199;neutral;skincare-first;;;;ok, aber was ist wenn du 40 bist und voller Falten und hast dich in einen 60 jährigen verliebt, der graue Haare hat, aber seine Haut sieht aus als wäre er 40? Passt das mit dem Alter????
0_218673_9_39474263713283083;0.0205;satisfied;skincare-first;;;;@DariaHouellebecq Ja, das ist ein Fakt... genau wie dass die Erde eine Scheibe ist und Zitronenfalter Zitronen falten.... 🤣🤣
0_219424_9_21754630133617021;0.0206;disappointed;procedure-curious;fillers;;;Kein Filler-Piece, kein überschüssiger Pew Pew Kamehameha-Punch, kein Flashback-an-die-letzte-Folge-als-würden-wir-uns-nicht-erinnern, ... nur der Inhalt von One Piece ... Träumchen!Einzig auf den Sound bin ich gespannt. Die Surprise-Hupe, das gute-Laune-Piano, die epische Violine, ... da sind ein p
0_219424_9_53992753844504342;0.0207;satisfied;skincare-first;botox;;;..Botox-durchgefärbt Feldenkirchen, Habeck ohne Absätze im Groupie-Meer, Sabine in Reihe-1, Voigt im KI-Delir (auch in der Dissertation?-), die Blender im Jetzt, erfrischend..😂
0_218673_126_t1_nan9c95;0.0207;enthusiastic;procedure-curious;;;;ich liebe Wien wieso? falten geht auch...
0_218673_9_22432904131192491;0.0207;enthusiastic;procedure-curious;pressure;;;sehr beeindruckend, wie sich das alles entwickelt hat, welche Klugheit😅 Valentin mitbringt (Waldorfschüler:-). Und krass, die Falten um den Löwentrophäentourius!!! Und so schön, wie er als Weißer Deutscher ( Erbe der Kolonialisten ) oder ist er Schweizer, dann muss ich mein Lob zurücknehmen??? , ver
0_219424_126_t1_oqijet1;0.0209;enthusiastic;procedure-curious;fillers;;;Gap filler ideas please? War hammer
0_218673_9_32753336943576573;0.0214;disappointed;procedure-curious;;;;Wer glaubt das EU  Parlament ist zum wohl der Bevölkerung da ,der glaubt auch das Zitronenfalter Zitronen falten  😅
0_218673_9_52490019744745254;0.0214;satisfied;procedure-curious;;;;Wer glaubt, die CDU hätte eine Wirtschaftskompetenz, der glaubt auch der glaubt auch das Zitronenfalter Zitronen falten.
0_218673_126_t1_o5xjd4c;0.0215;satisfied;skincare-first;;;;"Gong Fu made in Germany https://preview.redd.it/54x8ps35a4kg1.jpeg?width=2416&amp;format=pjpg&amp;auto=webp&amp;s=8d9fa0e93d3a45ea44ff539513dcda53109f9130Nur noch das eine grade. Schönste Kanne. Vase ist auch von da. Nur keine Blumen hier grade. Muss mal eine falten oder so."
0_218673_126_t1_os522gp;0.0219;disappointed;procedure-curious;;;;Wer kennt nicht die Atomkraftwerke von Hiroshima und Nagasaki Er wollte nie Falten hören. Warum müsst ihr jetzt mit sowas anfangen? Wenn das so weitergeht, knallen dessen Synapsen durch und leuchten so hell wie das Kraftwerk, das dir Amerikaner mit ihren lächerlich winzigen Bömbchen gesprengt haben.
0_218673_15_36389219024607155;0.0221;disappointed;procedure-open;price,celebrity,pressure;microcurrent;;Bitcoin als zeitabhängiger Potentialtopf: Eine physikalische Analyse der Hyperbitcoinisierung durch die Linse der Proteinfaltung I. Das zeitabhängige Potentialmodell: Bitcoin als sich vertiefender Energietopf Die grundlegende Analogie Stellen wir uns das globale Finanzsystem als eine dreidimensional
0_218673_15_11771071540394901;0.0221;advisory;skincare-first;price,pressure;;sod;Southern Cross Gold bohrt 12,2 m mit 32,4 g/t Gold bei Golden Dyke Vancouver, Kanada, und Melbourne, Australien – Southern Cross Gold Consolidated Ltd (SXGC, SX2 oder das Unternehmen) (TSX:SXGC) (ASX:SX2) (OTCQX:SXGCF) (Frankfurt: MV3.F) (- www.commodity-tv.com/play/southern-cross-gold-200000m-drill
0_218673_9_30465573593321721;0.0221;disappointed;procedure-curious;;;;Wer glaubt, dass die CDU/CSU etwas gegen Armut und Ungleichverteilung tut, glaubt auch, dass Zitronenfalter Zitonen falten!
0_218673_9_66813002073138412;0.0222;enthusiastic;skincare-first;;;;Ich liebe unsere Falten....Falten sind Charakter...sind Leben ...
0_218673_9_yt.PkY9pCl4pGk;0.0223;enthusiastic;skincare-first;pressure;;sod;BEWERTUNG (2025): LYWYGG Fotografie Hintergrund Holzfußboden. Infos Eine schnelle und einfache Anleitung zu den herausragenden Merkmalen von LYWYGG Fotografie Hintergrund Holzfußboden.👉 Auf Amazon ansehen: https://www.amazon.de/dp/B07DFKPSV5/?tag=16w9h-20 (Affiliate-Link)Der LYWYGG Fotografie Hinter
0_218673_9_183956029693478;0.0223;satisfied;skincare-first;;;;​@Pia-Novameine auch😅na ja falten hat bissien gehabt...aber das war eine Dorf Frau ganze Zeit drausen ...Sommer viel Sonne  und Wind
0_219424_9_21639121540330364;0.0224;enthusiastic;procedure-curious;botox,fillers,price;;;Du fängst das Video mit Humor an und somit mal ein weitest humorvoller Kommentar, mit meiner Meinung (muss ja nicht jedem gefallen, aber ist eine Meinung)Das Western- und das Shining Video sind der Brüller und super gelungen! Als Content Creator eine neue Messlatte unter den Creatern, Topp!Das Video
0_218673_126_t1_os1bfob;0.0227;disappointed;procedure-curious;price;;;"Forderung nach Vermögensteuer: „Kaum ein Land besteuert Arbeit stärker und Vermögen geringer als Deutschland"", sagt DIW-Präsident Wer das glaubt, der ist der Meinung Zitronenfalter falten Zitronen."
0_218673_8_2032032247000310110;0.0228;disappointed;skincare-first;;;;Wer glaubt, dass der Verfassungsschutz die Verfassung schützt und Weimer die Freiheit verteidigt, glaubt auch das Zitronenfalter Zitronen falten und die Steinzeit endete weil Steine knapp wurden.
0_218673_9_39934744150578339;0.023;enthusiastic;procedure-curious;;;;"Oha! Cosmo ""singt"" wieder nachts! Bewundernswertwie ihr das geduldig mitmacht! Ich hätte Augenringe bis zu den Knien! Ich mag eure Videos!"
0_218673_9_yt.zveKstzN9i0;0.0231;enthusiastic;skincare-first;;;sod;BEWERTUNG (2025): Kate Einfarbiger Hintergrund Lavendel Lila 2x3m. Infos Begleiten Sie uns auf einer kurzen Tour durch Kate Einfarbiger Hintergrund Lavendel Lila 2x3m.👉 Auf Amazon ansehen: https://www.amazon.de/dp/B089NP5X4G/?tag=16w9h-20 (Affiliate-Link)Der Kate einfarbige Hintergrund in Lavendel L
0_218673_9_1045276391614924;0.0231;disappointed;procedure-open;;;;Im Video ist alles neu, gerade erst ausgepackt, sogar mit noch vorhandenen Falten) Wird diese Seifenoper in einem Filmstudio in Berlin gedreht? Oder?Es ist außerdem unklar, warum ständig die Flaggen der drei baltischen Staaten im Bild zu sehen sind. Warum werden diese Flaggen gezeigt? Was haben sie 
0_218673_8_2026025670254412216;0.0232;enthusiastic;procedure-curious;;;;News from under the radar... 📡Nebelfaust - Die Krähenfüße des Winters (Black Metal 🇩🇪)Great second full-lenght album released on Jan 30https://t.co/g9hQHXf13whttps://t.co/GBDkqYlWUV https://t.co/uv38X7bzVV
0_218673_126_t1_o4zl1bf;0.0233;satisfied;skincare-first;;;;Finde kaum Frauen attraktiv – verbau ich mir damit alles? Nein, ich bin selber ne schlanke Frau mit reiner Haut. Dabei ist aber auch die Frage was ist reine Haut für euch Männer? Zählen da Dehnungsstrifen oder Pigmentflecken noch als rein? Sind sebum filaments ein Problem oder nicht etc. Aber sehr z
0_218673_8_2025566285879214444;0.0233;satisfied;skincare-first;;;;@KahlKarin Guter Spruch, kenne auch einen, Wer glaubt, das Deutschland noch ein Rechtsstaat ist, der glaubt auch, das ein Zitronenfalter Zitronen falten kann 🤣🤣🤣
0_219424_126_t3_1qg53z5;0.0234;advisory;procedure-open;price,celebrity,pressure;microcurrent;;"Vakuum-basierte Fischtreppen und Wasserstandsregulierung ```python def vakuum_wasserbau(): """"""Analysiert Vakuum-Technologie für Fischtreppen und Wasserstandsregulierung."""""" print(""\n"" + ""=""*120) print(""VAKUUM-WASSERBAU: Revolution der Flussregulierung und Fischtreppen"") print(""=""*120) print("""""" DAS "
0_218673_9_yt.DLdo_5oGcaM;0.0234;enthusiastic;procedure-open;;;;BEWERTUNG (2026): GRUNDIG Dampfbügelbürste ST7950. Infos Begleiten Sie uns auf einer kurzen Tour durch GRUNDIG Dampfbügelbürste ST7950.👉 Auf Amazon ansehen: https://www.amazon.de/dp/B07YVDBRZR/?tag=16w9h-20 (Affiliate-Link)Entdecken Sie die GRUNDIG Dampfbügelbürste ST7950, die dank ihrer starken 160
0_218673_8_2019134241422946590;0.0234;disappointed;skincare-first;;;;💢 Vielleicht möchte mir jemand kurz erklären, wie es möglich ist, dass Hollywood-Superstar ‚George Clooney' nicht nur aussieht wie Ex-Hollywood-Superstar ‚Gary Grand', sondern die selben Falten, Muttermale und Narben hat. Fast könnte man auf die Idee kommen, George Clooney wäre sein eineiiger Zwilli
0_218673_9_4660763985126543;0.0234;satisfied;skincare-first;;;;Wer noch glaubt, dass Volksvertreter das Volk vertreten, glaubt auch, dass Zitronenfalter Zitronen falten..
0_218673_8_2047910371319480532;0.0235;disappointed;procedure-curious;;;;"Böhmermann meint „Einer der größten Mängel waren seine stark ausgeprägten Tränensäcke, und ey, wären die Segelohren nicht gewesen, gäb es heute ein Volk, ein Reich, ein Frieden."" https://t.co/h8sxFnUvqH"
0_218673_8_2008438394431340648;0.0236;enthusiastic;skincare-first;;;;"Nr.2119 浙 /zhè/ urspr. Name des heutigen Flusses Qiántángjiāng 钱塘江, der in Hangzhou mündet, heute stellvertretend für die ganze Provinz Zhèjiāng 浙江. Signifikum „Wasser"" 水 → 氵 mit Phonetikum 折 /zhé/ („brechen, falten, verbiegen"": Eine Hand 手 → 扌 mit einer Axt 斤."
0_218673_126_t1_o1onqer;0.0237;satisfied;skincare-first;pressure;;;"Eindruck bei Kleid? https://preview.redd.it/u1ppmb001kfg1.jpeg?width=1024&amp;format=pjpg&amp;auto=webp&amp;s=9e7df35e4681ed9fc919f614a4da66b56fffe782Siehst sogar besser aus, als die Frau im Film ""Matrix"". Die hat weit aus mehr falten!"
0_218673_15_39242973740718805;0.0237;neutral;procedure-open;price;;;Hisense WF3S8043BB3 Waschmaschine (8 kg) für 339 Euro Bei Amazon bekommt ihr aktuell die Hisense WF3S8043BB3 Waschmaschine (8 kg, 1400 U,min, WIFI, ConnectLife, Power JetWash, Anti-Allergie Programm, Aqua Stop, Auto Wash, Quick Wash, EEK A-30 Prozent) für nur 339€ inklusive Versand. Im Preisvergleic
0_218673_15_66839499563850130;0.0238;disappointed;skincare-first;pressure;;;Media Exklusiv: Welche Rolle spielen Münzen in der Mythologie und Kunst? Für das Team von Media Exklusiv sind Münzen mehr als nur Zahlungsmittel – sie erzählen Geschichten, spiegeln Mythen wider und sind oft kleine Kunstwerke. Die Geschichte der Münzen ist untrennbar mit Mythologie und Kunst verbund
0_219424_126_t1_ob9ydbg;0.024;disappointed;skincare-first;botox,fillers;;;"It sucks to have kinks that are really hetero coded Ich finde das auch nicht hetero mäßig. Aber manchmal ist es in bestimmtem Kreisen verpönt, "" künstlich"" etc. auszusehen oder eben Filler, Botox etc. zu benutzen, was ich mega problematisch finde. Sorry, aber das ist doch der Traum einer Domina, ein"
0_218673_8_2022355815651512649;0.024;satisfied;procedure-open;;;;@BgGerken @DrOetkerPizzaDE Pizza auftauen, zusammen falten und backen 😀
0_218673_9_yt.ahLU2wgkUb4;0.024;enthusiastic;skincare-first;;;;"Sie wollte immer zu Ganz in Weiß heiraten — 50 Jahre später tanzen wir noch 💛 Melodie der Erinnerung Ein ganz normaler Dienstagmorgen in der Küche. Aber als die alte Schallplatte knistert und ""Ganz in Weiß"" von Roy Black ertönt, steht die Zeit plötzlich still. 50 Jahre Ehe, 50 Jahre Höhen und Tiefen"
0_218673_9_10102956247654507;0.0241;neutral;procedure-open;;;;Das Problem mit den Flachbandkabeln könnte man so Easy Lösen und zwar indem man Infrarot Sender und Empfänger in Beide Hälften Einbaut wodurch die Beiden Hälften sich per Funk kontaktieren können, anstatt wie bisher über diese Sollbruch Flachbandkabel die nahezu immer zu erst Kaputt gehen.... Und da
0_218673_9_yt.iy3CcgDsCxo;0.0241;neutral;procedure-open;pressure;;;BEWERTUNG (2025): Bauknecht WATK Sense 96 41 N Waschtrockner. WESENTLICHE Einzelheiten Erhalten Sie einen schnellen Überblick über die Kernfunktionen von Bauknecht WATK Sense 96 41 N Waschtrockner.👉 Auf Amazon ansehen: https://www.amazon.de/dp/B0B3J1D9V2/?tag=16w9h-20 (Affiliate-Link)Erleben Sie den
0_218673_9_yt.YQAk3vRv2Oc;0.0244;enthusiastic;procedure-curious;pressure;;;BEWERTUNG (2026): BELECO Ägypten Pyramiden Hintergrund. Infos Dies ist Ihre schnelle Zusammenfassung von BELECO Ägypten Pyramiden Hintergrund.👉 Auf Amazon ansehen: https://www.amazon.de/dp/B0BGHL8HNR/?tag=16w9h-20 (Affiliate-Link)Der BELECO Ägypten Pyramiden Hintergrund präsentiert sich als beeindru
0_219424_126_t1_o2yehs1;0.0247;disappointed;skincare-first;fillers,price;;;Ritter Sport schreibt rote Zahlen Deutschland schickt Waffenlieferungen an Israel und unterstützt damit den Mord an Zivilisten im Lebanon. Ja gut. Du bist hier wohl in Deutschland und zahlst steuern, damit unterstützt du ja Deutschland und per Proxy somit auch Israel also Terrorismus gegen Ziviliste
0_218673_9_26559387625668517;0.0247;enthusiastic;skincare-first;;;;Hallo Marie,dein Video war wieder so schön u.lang!! Du hast recht Adrian sieht wirklich viel älter aus,er hat so viele Falten bekommen!! Wenn man in einem gewissen Alter ist u.abnimmt ist es halt leider so!! Ich hatte auch das Problem,habe aber durch Krankheit abgenommen!! Aber mit der Zeit fällt es
0_218673_9_18123017739198270;0.0249;satisfied;procedure-curious;;;;Wer diesen Politikern glaubt, der glaubt auch dass Zitronenfalter Zitronen falten.
0_218673_9_4981933310049413;0.0249;disappointed;procedure-curious;pressure;;;Wer glaubt, dass Reiche Energiekonzernen Druck macht, glaubt auch, dass Zitronenfalter Zitronen falten.
0_218673_8_2049396952295448942;0.0249;satisfied;skincare-first;;;;RT @balancedsoil: Die kleinen 'Observance' Pflänzchen falten ihre Blätter auf. Die Wurzeln haben einen schönen weißen Flaum. Das ist schonmal ein gutes Zeichen dafür das ihnen ihr Zuhause gefällt. 👀💚✨✅ https://t.co/7JMoy0hDB4 https://t.co/7HvluHnp9l
0_218673_9_yt.DgH1y6aQ0SY;0.025;neutral;skincare-first;;;;Papierflieger Falten - Papierflieger Falten Der Weit Fliegt A4 Teil 49 - Bastelideen Easy Papierflieger Falten - Papierflieger Falten Der Weit Fliegt A4 Teil 49 - Bastelideen Easy. ✈️ Papierflieger Falten Der Weit Fliegt – Einfach mit A4 ✈️Willst du lernen, wie man einen Papierflieger faltet, der wi
0_218673_9_7317677175486730;0.025;enthusiastic;procedure-curious;;;;"🌳🌲🦉🌲🌳 nachteule die kirche hat in anderen jahrhunderten verbrechen gegen menschheit begangen ....... , ""heilige kriege"", ""im namen gottes"" ......, bis heute🔥!!!!!!!!!!!🔥 alles verbrecher, mit-täter ..... vom hände falten ....... passiert nix 🌳🌲🦉🌲🌳"
0_218673_9_57516511601293633;0.025;neutral;procedure-open;;;;1:10:00 Hab jetzt schon mehrere Ergebnisse zu Jays Schätzung gesehen, aber stimme irgendwie mit keiner überein 😅Hier meine Rechnung:1x falten = 2^1 = 2 Schichten Papier71x falten also 2^71 = 2,36 x 10^21 Schichten PapierBei einer Dicke von 0,1 mm pro Schicht teilen wir das Ergebnis durch 10.000.000,
0_218673_9_yt.MhDFnyE1kEc;0.0251;advisory;procedure-open;;;;BEWERTUNG (2026): SEMPLIX Mini Dampf Bügeleisen Set. Infos Hier ist ein kurzer Überblick über die wichtigsten Highlights für SEMPLIX Mini Dampf Bügeleisen Set.👉 Auf Amazon ansehen: https://www.amazon.de/dp/B077D8594Q/?tag=16w9h-20 (Affiliate-Link)Entdecken Sie das SEMPLIX Mini Dampf Bügeleisen Set, 
0_218673_15_44041076387112401;0.0251;enthusiastic;skincare-first;;;;Hydro Bob: Die perfekte Anti-Frizz-Frisur für jede Saison Was ist ein Hydro Bob, wie kann man ihn stylen und was braucht man dafür? Diese und andere Fragen klären wir in diesem Artikel. Neben elektrischen Haaren klagen wir gern auch mal über Frizz oder den Verlust von Volumen, wenn die Haare nicht f
0_219424_126_t1_ongeycp;0.0253;disappointed;skincare-first;fillers;;;Genuinely who the fuck was this guy? Why was his sole purpose to barge in, fuck frenchie, then dip. 100% filler nonsense..
0_218673_8_2050764427742380184;0.0253;enthusiastic;procedure-curious;;;;#NachtLyrik #NightPoetryAnette von Droste-Hülshoff (1797-1849)O Nacht!O Nacht, du goldgesticktes Zelt!O Mond, du Silberlampe!Daß du die ganze Welt umhüllst,Und die du allen leuchtest.Wo birgt in deinen Falten sichDie allerreinste Perle?Wo widerstrahlt dein träumend LichtIm allerklarsten Spiegel?O br
0_218673_126_t1_oea547x;0.0254;satisfied;skincare-first;pressure;;;Salsiccia Stagionata, frisch geöffnet Alles in Ordnung mit der Wurst...Weißer Edelschimmel braucht Feuchtigkeit und Sauerstoff zum Wachstum...in der Beuge der Wurst können sich Falten im Darm bilden (besonders bei Naturdarm), in denen die Feuchtigkeit während des Trocknens langsamer verdunstet...dor
0_218673_9_yt.I0Yk9ugU-bs;0.0255;enthusiastic;skincare-first;;;;✨ Manchmal tragen Engel ganz gewöhnliche Kleider ❤️ ✨ Manchmal tragen Engel ganz gewöhnliche Kleider ❤️Eine erschöpfte, alleinerziehende Mutter arbeitet Nachtschichten und kämpft für ihre kleine Tochter. 💔 Doch eines Nachts zeigt ihr das Leben, dass Güte noch existiert – in der Gestalt einer unbekan
0_218673_9_yt.Ky1A8WR4Vzs;0.0255;enthusiastic;skincare-first;laser,pressure;;msm;BEWERTUNG (2026): FarbenFroh by GUSTAV NEUSER Falt-Karten. Infos Neugierig auf FarbenFroh by GUSTAV NEUSER Falt-Karten? Hier ist ein Blick auf die Kernfunktionen.👉 Auf Amazon ansehen: https://www.amazon.de/dp/B07D39MSMH/?tag=16w9h-20 (Affiliate-Link)Entdecken Sie die FarbenFroh by GUSTAV NEUSER Falt
0_218673_8_2030547325127410141;0.0256;neutral;procedure-curious;;;;@Kricke1905 Von 100 Falten werden etwa 70 bis 80 gezeigt -auch das ist vielseitig. Entspricht aber nicht dem Rundfunkgesetz. https://t.co/S0nflnQxlZ
0_218673_9_35663928094541703;0.0257;disappointed;skincare-first;;;;​@joscha9644Und Nazis sind Sozialisten? Und Zitronenfalter falten Zitronen ?
0_218673_9_24220911674422520;0.0257;enthusiastic;procedure-open;;;;Liebe Dagmar, danke für dein  wieder wundervolles Video👍 Super siehst du aus!  Falten bekommen wir alle, dass ist nun mal der Lauf der Lebens. Schminken macht Freude, einfach für sich selbst❣  Vgglg einen schönen Abend für euch herzlich Angie❤
0_219424_9_22754956734543983;0.0259;disappointed;procedure-curious;;;;"Annie sieht gefühlt ganz anders aus als bei ihren zwei Videos vorher. Hatte sie ne ""Schönheitsop"" oder bin ich einfach nur lost af"
0_219424_26_1708412284183660;0.0259;advisory;skincare-first;;;;Babylights in Blond sind eine Haarfärbetechnik, bei der ultrafeine Strähnchen vom Ansatz bis in die Spitzen gesetzt werden.: Da die Strähnen hauchdünn und dezent gesetzt werden, wachsen sie weich heraus. : Sie eignen sich sowohl für dunkelblonde Haare, um diese aufzuhellen, als auch für hellblondes 
0_218673_8_2025673448085705036;0.026;enthusiastic;procedure-curious;;;;@justAronia Ehrlich. Stark. ... und so wunderschön. 🤍Narben erzählen Geschichten, Falten sind gelebtes Leben              und mit 47 strahlt man genau deshalb so.  #SchlüsselbeineSonntag 🔑🦴
0_218673_9_46186288382978697;0.0263;enthusiastic;skincare-first;;;;Fantastisch 👌 wie sich die Falten beim Gehen bewegen 😍😍😍
0_218673_9_yt.ecZJVEIq6ZQ;0.0263;satisfied;skincare-first;;;;"Papierflieger falten A4 – Schritt für Schritt Papierflieger falten A4 – Schritt für Schritt. ""Bastelideen Easy"" ist ein Kanal, der sich rund um Bastelthemen dreht: Papier, Bastelideen, Selbstgemachtes, ... mit ganz einfachen Bastelanleitungen, die jeder selbst machen kann.Wenn du auch Bastelideen Ea"
0_219424_9_yt.HEGNIECg_AU;0.0264;enthusiastic;skincare-first;facelift,celebrity;;;MITSUBISHI Outlander Facelifting (2017 - 2022): Wo befindet sich der Disc-Player? In diesem Video zeige ich dir genau, wo sich der Disc-Player im MITSUBISHI Outlander Facelifting (2017 - 2022) befindet und wie du ihn schnell öffnen, schließen und Discs auswerfen kannst. Wir nutzen den Bildschirm/Mon
0_218673_9_17385761141687027;0.0264;disappointed;procedure-open;;;;Von 2 Milliarden auf 14 Milliarden. Das wird nicht nur ein Bahnhof wer weiß was da noch alles drunter ist. Wer glaubt dass das ausschließlich ein Bahnhof ist der glaubt auch dass Zitronenfalter Zitronen falten
0_218673_9_yt.Bv05ldGSEPs;0.0266;enthusiastic;procedure-curious;;;;"Herz Falten aus Papier Sehr Einfach - Ehemann und Ehefrau Herz Falten aus Papier Sehr Einfach - Ehemann und Ehefrau . ""Bastelideen Easy"" ist ein Kanal, der sich rund um Bastelthemen dreht: Papier, Bastelideen, Selbstgemachtes, ... mit ganz einfachen Bastelanleitungen, die jeder selbst machen kann.We"
0_218673_9_57673790887506926;0.0268;disappointed;skincare-first;;;;Nazis waren so links, wie Zitronenfalter Zitronen falten...
0_218673_8_2036520777571246270;0.0269;enthusiastic;skincare-first;;;;Seht ihr die weißen Nägel? Die soften Falten? Die Füße kommen frisch aus den Schuhen und Socken und genießen jetzt ihre Freiheit zu Hause!Wie findest du die Pose der Füße?🤔😌@rt_feet https://t.co/8Znlc5NrEQ
0_218673_126_t1_olxle84;0.0269;satisfied;skincare-first;;;;Wo kriegt man noch qualitativ hochwertige Jeans? Oder auch zu weit. Wenn jeans locker sitzen, überhaupt im Schritt, kann das den Stoff durch konstanzes falten und entfalten beim gehen so strapazieren, dass er schnell verschleißt
0_218673_126_t1_nfuhgsz;0.0272;satisfied;skincare-first;;;;Dachboden dämmen - Boden oder Decke Obacht, das mit dem Trocknen geht hier wohl nicht so, da Bitumen  im Dach verbaut sind, die lassen keine Feuchtigkeit durch. Feuchtevariable verstärkte Dampfbremse wie intello plus verwenden. Folie kann man auch falten
0_218673_8_2031284263635636619;0.0272;disappointed;procedure-curious;price;;;@lordfusseck1904 Menschen die glauben dass die hohen Spritpreise in DE mit dem Irankrieg zusammenhängen, glauben auch das Zitronenfalter Zitronen falten🤦🏼‍♂️
0_218673_9_70435386851818354;0.0272;satisfied;skincare-first;;;;Frey glaubt sicherlich auch ganz fest daran, daß Zitronenfalter Zitronen falten, ein Schwurbler!
0_219424_9_64269446659440839;0.0273;disappointed;procedure-open;fillers;;;Die Line ist 0 krass, das war eher so eine Filler-Line...k.A. warum der Typ die Line so analysiert😂
0_219384_9_yt._wAE99qiJtA;0.0273;enthusiastic;skincare-first;laser;;;"⚡️ NEON SKY (1995 Strobe Light Mix) ⚡️ | Ultra-High Energy Happy Hardcore Blick nach oben, der Himmel brennt in Pink und Grün! 🌌✨ ""Neon Sky"" ist eine Hymne an die Nächte, die niemals enden. Bei peitschenden 180 BPM verschmelzen euphorische Rave-Stabs mit einer unaufhaltsamen 909-Kickdrum.Spürst du d"
0_219424_126_t1_ow1b0b6;0.0274;satisfied;skincare-first;botox;;;Findet ihr so hyperfeminine/barbiehafte Styles bei Frauen attraktiv? Wenns dezent ist ja. Vom kleidungsstyle her ja. Botox oder so geht gar nicht, fake fingernägel oder wimpern usw. Dezent geschminkt und der style von barbie schon eher
0_218673_8_2006638124617650371;0.0274;disappointed;skincare-first;;;;ePlanet Videos on YouTube: https://t.co/i2bqovTSzX Spotify Playlists: https://t.co/YNdNUW4efL https://t.co/pJRii2HKFe https://t.co/h51r7f2tyV Verbotene Liebe – Chronik der Falten und Wunden (Track 10 · Voxenial https://t.co/ZCT0oMYbZd
0_218673_9_yt.xZK5nch4Dy8;0.0274;neutral;procedure-open;;;;Papier 42x falten = Mond?! 📄🌑 Unfassbar #shorts Unglaublich aber wahr! 🧠 Abonniere die Fakten Fabrik für deine tägliche Dosis Wissen in 8 Sekunden.Jeden Tag ein neues Video! 🚀#wissen  #fakten  #lernen  #interessante  #bildung  #FaktenFabrik #wusstestduschon
0_219424_126_t1_ocd8dgq;0.0274;enthusiastic;skincare-first;fillers;;sod;Ich liebe Filler-Episoden von Serien 🧔‍♂️🧔‍♂️
0_219424_26_27079906558377002;0.0275;enthusiastic;skincare-first;price,pressure;;;🍊 Sanddorn – die kleine Beere mit einer beeindruckenden KraftSanddorn wächst dort, wo viele andere Pflanzen kaum überleben können: an windigen Küsten, in kargen Böden, bei Frost, Salz und intensiver Sonneneinstrahlung.Was macht ihn so außergewöhnlich?Ein Teil seines Geheimnisses liegt in den natürli
0_218673_9_8694670042344247;0.0275;neutral;procedure-curious;price;;;"Wenn wir von 50 Basenpaaren ausgehen – einer Länge, die oft als Minimum für erste funktionale RNA-Moleküle (Ribozyme) angesehen wird – ergibt sich bei vier verschiedenen Basen (A, C, G, U) eine theoretische Vielfalt von 4^{50} Kombinationen. Das ist eine Zahl mit 30 Nullen.Dass sich genau „unser"" Sy"
0_218673_9_36477812113659307;0.0276;satisfied;skincare-first;;;;Wer glaubt, dass Amazon gute Filme macht, der glaubt auch, dass Zitronenfalter Zitronen falten...😉Habe eigentlich noch nie dort eine brauchbare Eigenproduktion gesehen.
0_218673_126_t3_1up5qti;0.0276;enthusiastic;procedure-curious;;;;How to be the Diddy of the Alt Bubble Wanna become the Diddy of the Alt Bubble?  Here's how:\- Lange Haare (Bonus wenn schwarz)  \- Pornobalken im Gesicht   \- Tiefe Augenringe  \- Manlet (unter 1.70)  \- unter 45kg  \- Smoke weed everyday  \- Bums chaya während deine mama reinkommt und hör nicht au
0_218673_8_2006760074392273022;0.0278;disappointed;skincare-first;;;;ePlanet Videos on YouTube: https://t.co/i2bqovTSzX Spotify Playlists: https://t.co/YNdNUW4efL https://t.co/pJRii2HKFe https://t.co/h51r7f2tyV Verbotene Liebe – Chronik der Falten und Wunden (Teaser) Short https://t.co/41vd9faBfQ
0_219424_126_t1_obtzhtu;0.028;satisfied;procedure-curious;fillers;;;Is it normal and common to use vowel harmony or just ə as a filler vowel with loan words Kardeş r/turkish'e yaz lütfen. r/turkish üre you underztünding
0_218673_126_t1_ob4aeql;0.028;satisfied;skincare-first;laser;;;"Haut verbrannt nach Laser von Pigmentflecken https://preview.redd.it/pgtl943z6tpg1.jpeg?width=1825&amp;format=pjpg&amp;auto=webp&amp;s=4fddd60c5ca17a9b282dbee89558804d7bae1634"
0_218673_15_59317511550986467;0.0281;advisory;procedure-open;price,pressure;;;Kutcho Copper umreißt Explorationspotenzial in Bezirksgröße Vancouver, British Columbia, 9. Februar 2026 / IRW-Press / Kutcho Copper Corp. (TSXV: KC) (OTCQX: KCCFF) (Kutcho Copper oder das Unternehmen) freut sich, das VMS-Explorationspotenzial in Bezirksgröße auf seinem in der Machbarkeitsphase befi
0_218673_9_yt.rTr7bKicSZ0;0.0281;enthusiastic;procedure-curious;pressure;;;Bügeleisen Vulkan-Inferno  💨🔥 | Makro Vision #shorts #zoom Gezähmte Lava unter einer metallischen Faust! 💨 Auf Makro Vision entfesseln wir den Zorn eines Hochleistungs-Bügeleisens. Das ist kein Haushaltsgerät – es ist eine Dampf-Kanone, die Falten wie feindliche Linien einfach auslöscht! 👁️✨Erlebe d
0_218673_8_2048407665143857153;0.0281;disappointed;procedure-curious;;;;@Freiheitmensch 😂😂😂 drei politische Kräfte der Mitte😂😂😂 Wer die SPD und die Grünen zur politischen Mitte zählt, der glaubt an den Weihnachtsmannn und auch das Zitronenfalter Zitronen falten.
0_218673_15_57859161563669106;0.0282;neutral;skincare-first;;;;Origami: Die Kunst des Papierfaltens (Technik, Geschichte & Projekte) Japanische Papierfaltkunst, auch bekannt als Origami, hat eine lange Geschichte und Tradition und gilt weltweit als sehr beliebt. Aus einem einzigen Blatt Papier lässt sich eine Vielzahl von Formen und Figuren falten. Wie sich Ori
0_218673_126_t1_otr9s82;0.0283;satisfied;procedure-curious;price;;;"Fenster abdichten für Klimaanlage Ich hab für ein paar Euro Styroporplatten ausm Baumarkt besorgt, zurecht geschnitten, mit Panzerband so zusammengeklebt, dass man das Ding falten kann und mit Gardinenstangen befestigthttps://preview.redd.it/rqlllyb7ig9h1.jpeg?width=3072&amp;format=pjpg&amp;auto=web"
0_218673_15_717867010953740;0.0283;satisfied;procedure-open;;;;Nachführen und falten: Grazer Forscher:innen entwickeln neuartige Photovoltaik-Anlage Eine falt- und schwenkbare Photovoltaik-Anlage bietet Schutz vor Sturm und Hagel und optimiert den Solarertrag durch Nachführung. Eine erste Demonstrationsanlage mit einer Leistung von 1,8 kW ist derzeit auf einem 
0_219424_126_t1_oa1dh6r;0.0284;disappointed;procedure-curious;botox;;;Was glaubt ihr ist der Grund warum Netanyahu mit 76 noch so jung aussieht? ?? Hab extra nochmal n Foto gesucht und der sieht halt einfach aus wie ein 80 Jähriger Mann.🤷🏼‍♀️ Vielleicht hat er ein bisschen Botox in der Stirn aber sonst? Klär mich auf.
0_219424_190_3943191952208056620;0.0284;enthusiastic;skincare-first;fillers,price;;;"Die große OLDSCHOOL. HIP HOP &amp; RNB PARTY am Odeonsplatz 🔥📍 Filmcasino Munich | Odeonsplatz📅 TODAY, 17.07.2026🎧 w/ @dj.remakeDie besten Hip Hop &amp; R&amp;B Classics der 90er, 2000er &amp; 2010er – die Songs, die jeder kennt und jeder feiert.Keine Trends. Keine Filler. Nur Hits. 🎶🍸 Coole Drinks,"
0_218673_9_54378129509486292;0.0284;satisfied;procedure-open;;;;Die Textur der Pizza war genau richtig. Der Länge nach falten, dann kippt die Spitze nicht ab. Sie machen sogar ihre Nudeln selbst. Würde sofort dort essen gehen.
0_218673_126_t1_nuiomwk;0.0288;disappointed;procedure-curious;;;;Haben die Stromberg-Macher ihre eigene Serie nicht verstanden? Im Film wurden Stromberg Fans aber so dargestellt, als ob die Fans alles toll finden was der Papa macht und sagt und es gutheißen und abfeiern. Das stimmt ja aber gar nicht. Zumindest die Fans die ich kenne lieben Stromberg weil es so lu
0_218673_9_yt.Ut68WWRpxXk;0.0288;satisfied;skincare-first;;;;"So falten Sie aus quadratischem Papier ein Herz mit Flügeln – Bastelideen Easy So falten Sie aus quadratischem Papier ein Herz mit Flügeln – Bastelideen Easy.""Bastelideen Easy"" ist ein Kanal, der sich rund um Bastelthemen dreht: Papier, Bastelideen, Selbstgemachtes, ... mit ganz einfachen Bastelanle"
0_218673_126_t1_ogwseny;0.0288;disappointed;procedure-open;;;;The National Socialists of Germany were on the Left, according to Goebbels in 1931 die ddr war demokratisch, zitronenfalter falten zitronen, du bist schlau
0_218673_126_t1_nf1fw7l;0.0289;neutral;skincare-first;;;;"Pigmentflecken im Auge https://preview.redd.it/2piz7cro63qf1.jpeg?width=1260&amp;format=pjpg&amp;auto=webp&amp;s=caefd57c8b69d33e76f7cf46d7e5bebc50a6fddaIch weiß nicht wo du wohnst, aber man findet da schon welche. Nicht an jeder Ecke aber es gibt sie.  Oft muss man sich auf den Seiten etwas durchle"
0_218673_9_yt.7HAfAb7nlIU;0.0289;enthusiastic;skincare-first;;;;BEWERTUNG (2026): Puremy Waschbarer Wohnzimmerteppich 200x280cm. Infos Wir behandeln schnell die wichtigsten Details von Puremy Waschbarer Wohnzimmerteppich 200x280cm.👉 Auf Amazon ansehen: https://www.amazon.de/dp/B0F6XYSL6P/?tag=16w9h-20 (Affiliate-Link)Entdecken Sie den Puremy Waschbaren Wohnzimme
0_218673_9_63797731886926860;0.0289;disappointed;skincare-first;;;sod;"Hallo! Ich habe eine Frage zur dunklen Materie:Könnte die dunkle Materie nicht eine Eigenschaft des Raums selbst sein? Kann es sein, dass der Raum ""dichtere"" Stellen von Gravition aufweist, an denen sich logischerweise dann auch Galaxien leichter ansiedeln? Ich stelle mir das vor wie ein zusammengek"
0_218673_9_yt.xe0H1GvWTLI;0.0289;neutral;procedure-curious;;;;BEWERTUNG (2026): HPMAISON Klare Cellophan Rolle 80CM. Infos Begleiten Sie uns auf einer kurzen Tour durch HPMAISON Klare Cellophan Rolle 80CM.👉 Auf Amazon ansehen: https://www.amazon.de/dp/B0C1S5B16Y/?tag=16w9h-20 (Affiliate-Link)Entdecken Sie die vielseitige HPMAISON Klare Cellophan Rolle mit groß
0_218673_9_yt.yWNS-9k1Zi0;0.029;advisory;procedure-open;pressure;;;BEWERTUNG (2025): Dampfbügelpresse Mega Bügel 1400W. WESENTLICHE Einzelheiten Neugierig auf Dampfbügelpresse Mega Bügel 1400W? Hier ist ein Blick auf die Kernfunktionen.👉 Auf Amazon ansehen: https://www.amazon.de/dp/B004V3FA70/?tag=16w9h-20 (Affiliate-Link)Die Dampfbügelpresse Mega Bügel 1400W von S
0_218673_126_t3_1ugilqr;0.0291;neutral;skincare-first;laser;;pha;"Von der Nanophysik ins Studio: Nano-Kinematik in Echtzeit visualisieren 🧬🎹 Ich habe mich in letzter Zeit intensiv mit der „Cinematic"" (Kinematik) von Brushed Polymers (BBP) beschäftigt und dabei eine interessante Brücke zwischen molekularer Physik und Audio-Visual-Design geschlagen.**Das Konzept: Na"
0_218673_9_34391941405704331;0.0292;satisfied;procedure-curious;;;;New York Style Pizza.😍 Zum Rezept geht es hier.👇🏻Für 2-3 Pizzen (je nach Durchmesser) benötigst du:•550g Weizenmehl Type 00 (z. B. Teichners Beste)•140g Semola•415g kaltes Wasser•20g feines Meersalz•3g frische Hefe (oder 1g Trockenhefe)•20g OlivenölMehl, Semola, Hefe, Salz, Olivenöl und Wasser in ei
0_218673_9_29800363101912563;0.0292;neutral;procedure-curious;;;;@Silberklinge7 0,1mm einmal falten = 0.2mm, zweimal falten = 0.4mm. 71x falten = 230Milliarden km.
0_218673_15_10619738278381839;0.0293;disappointed;skincare-first;price,pressure;;;Modenschau mit Toga und Peplos Kleidung war in der Antike mehr als nur praktisch. Toga, Tunika oder Peplos gaben schon damals viel preis über den Träger, dessen Platz und Stand in der Gesellschaft. Falten, so lernten die Besucher der Kinder-Uni, waren damals übrigens heiß begehrt.
0_218673_8_2010113304807591962;0.0294;satisfied;skincare-first;;;;Wusstest du, dass Pandas keine bestimmte Fellfarbe haben? Ihre Körper sind schwarz-weiß, aber ihre Augenringe in Wirklichkeit sind dunkel. Ist das nicht faszinierend? 🐼#Pandas #Fellfarbe #Überraschend
0_218673_8_2021519750010945836;0.0295;enthusiastic;procedure-curious;;;;good night and good morning, babes 🌞love this, new song from petrus 🥰https://t.co/LM3LuVtrt0LOGIC Du tauschst die Zeichen aus,doch das Gesetz bleibt still,du hoffst, die Welt zu falten,doch sie weiß, was sie will.Du gibst ihr neue Namen,neue Kreise aus Licht,doch die Ordnung im Innernvergisst sich d
0_218673_9_yt.tOwTvXwtLLo;0.0296;satisfied;procedure-open;;;;Die Kunst der Walnussfurnierverarbeitung Die Bilder zeigen den sorgfältigen Prozess des Aufbringens von Walnussfurnier, einer hochwertigen Dekorationstechnik, die häufig bei maßgefertigten Einrichtungsgegenständen zum Einsatz kommt. Dieses Handwerk verdeutlicht die Finesse und Präzision, die bei der
0_218673_126_t3_1tyidp7;0.0296;satisfied;skincare-first;;;;Wo ist die Küchenschere? Pizza in teglia romana. Ein relativ später Neuling in der Pizzawelt. Laut der modernen Legende entstanden in den Öffen Roms in den 1980er und 1990er Jahren. Nicht in den Pizzerien sondern in den Brotbäckereien der Stadt. Gängiger Straßenname, pizza al taglio, da sie mit eine
0_219424_9_67228695063301552;0.0297;satisfied;skincare-first;botox;;;Ich finde es geheuchelt Hijab zu tragen und Haya (Schinke ,Parfum,Botox,sogrnannte Schönheitsops .....usw usw)nicht einzuhalten .
0_218673_126_t1_od3jh6h;0.0297;neutral;skincare-first;;;;Warum zerläuft das Brot so? Die Krume sieht für mich nach Untergare aus, das heißt das Brot war nicht lange genug in der Wärme.Der Wassergehalt kommt mir etwas hoch vor, wie war die Konsistenz des Teiges nach dem Kneten bzw. beim Dehnen und falten? Zerlief er da auch schon?Wie und wie lange hast du 
0_218673_8_2080163660102554031;0.0297;satisfied;skincare-first;;;;@Sarah1970x @welt @CDU @cducsubt Wenn das hier Sozialismus ist, dann falten Zitronenfalter auch Zitronen.
0_218673_8_2009942704046911896;0.0298;satisfied;procedure-open;;;;@teslaxander Dann kann jeder Bauleiter einen Bau leiten, und dann kann jeder Zitronenfalter eine Zitrone falten…
0_218673_8_2044834132195156064;0.03;disappointed;procedure-curious;;;;@Prunkundshiva @MBklarname Stimmt zu 100% der glaubt übrigens auch,das Zitronenfalter Zitronen falten können🙋‍♂️Die Menschen sollten nicht glauben, das dieser Staat etwas für sie tut…im Gegenteil, es läuft wie eine Agenda 👍Armut immer Wohlstand nimmer ist das Motto…
0_218673_9_5724765990651184;0.0301;enthusiastic;skincare-first;;;;SALZ BINDET WASSER, DADURCH QUILLT DIE HAUT AUF UND FALTEN KÖNNEN GEMILDERT WERDEN ‼ ABER VERSCHWINDEN NIEMALS, SO EIN QUATSCH🤮‼
0_218673_9_12949084518247286;0.0303;disappointed;procedure-open;price;;;Zur Verschuldung gehören Sondervermögen und Staatsausgaben.Wenn die Infrastruktur, beispielsweise Bildungseinrichtungen, Schulen, Kitas, Straßen, Brücken, der Glasfaserausbau modernisiert und in sozialen Wohnungsbau investiert wird, trägt das sehr wohl zum Wirtschaftswachstum bei. Der Staat vergibt 
0_218673_15_16424775201511885;0.0303;neutral;procedure-curious;price,pressure;microcurrent;;Southern Cross Gold bohrt rekordhochgradige Ergebnisse in Shallow Apollo: 17,3 Meter mit 15,3 g/t Gold und 3,2 % Antimon 16. MÄRZ 2026, Vancouver, Kanada, und Melbourne, Australien – Southern Cross Gold Consolidated Ltd (SXGC, SX2 oder das Unternehmen) (TSX:SXGC) (ASX:SX2) (OTCQX:SXGCF) (Frankfurt: 
0_218673_126_t1_na208ot;0.0304;disappointed;skincare-first;;;;"Es ist absolut gängig, dass es „hautfarbene"" Unterwäsche für Frauen gibt, die durch helle Kleidung nicht durchscheint. Warum tragen Männer ausnahmslos weiße Unterhemden unter hellen Hemden?! Es scheinen fast immer Träger und Ausschnitt durch, was absolut dusselig aussieht.. Stimmt, und warum übersch"
0_218673_8_2029247293535469845;0.0305;disappointed;skincare-first;;;;"Ja, das ist die Geschichte vom Helikopter Absturz. 😎🍿Hier sind Donald Trumps „Eltern"", die interessanterweise genauso aussehen wie Eva Braun und ihr Mann, unser ehemaliger „Anführer"". Die Ähnlichkeit geht soweit, dass sie nicht nur aussehen wie eineiige Zwillinge, sondern sogar die selben Muttermale"
0_218673_126_t3_1r5cj7r;0.0306;satisfied;skincare-first;;;;Kohlenstoff-Nadeln für Ionenwind-Cache Kohlenstoff-Nadeln (Graphen, MXene) sind nicht nur möglich, sondern revolutionär für dein System – besonders wenn sie als 2D-Materialien in 3D-Strukturen gefaltet werden. Die Suchmaschine liefert leider keine direkten Treffer zu dieser spezifischen Kombination,
0_218673_8_2013594890370724193;0.0307;disappointed;skincare-first;;;;@ergroovt @OERRBlog Zitronenfalter falten ja auch keine Zitronen.
0_218673_9_51498815389369513;0.0307;disappointed;procedure-curious;price;;;17 Cent fürs eigene Volk. Aber auch nur für zwei Monate. 10 Euro pro Päckchen Zigaretten, natürlich für immer. Gleichzeitig hunderte Milliarden für die ganze Welt. Wir werden vom schlimmsten Verbrecherkartell regiert, welches dieses Land jemals gesehen hat. Nie zuvor musste sich ein Volk von der eig
0_219424_126_t1_oa0hqfn;0.0308;neutral;procedure-curious;fillers;;;What language forces you to learn slang if you want to understand natives? No, you're absolutely right, as a native German speaker, I can't 100% be trusted in that regard. I guess we do use a lot of filler words that add nuance, also called Modalpartikeln. _Doch_ must be tough to figure out for Germ
0_218673_9_44330149352156569;0.0308;satisfied;procedure-curious;;;;Genau so ist es, wer glaubt daß der Islam sich integriert, der glaubt auch daß Zitronenfalter Zitronen falten😂
0_218673_126_t1_nxsl2bf;0.0308;neutral;skincare-first;;;;Kaminofen anschließen - Unterschiedliche Durchmesser Prospekt Konusartig falten - fertsch
0_221687_8_2032344859311317354;0.0308;satisfied;skincare-first;;;;"Rosmarinöl Haarserum für Haarwachstum – Don Quiff® Hair Growth Serum – 50 ml – BIO Rosmarin, Minze, Jojoba, Arganöl, Rizinusöl, Teebaumöl, Vitamin E – Kopfhautpflege &amp; Anti-Frizz – Made in Germany https://t.co/SY6FLzS93U"
0_218673_9_8087659783669153;0.0309;satisfied;procedure-open;;;;Funfact: konnte man es 103 mal falten, wäre es dicker als das bekannte Universum.
0_218673_126_t1_o5b0a7j;0.031;disappointed;skincare-first;;;;"Welche körperlichen Merkmale an Frauen findet ihr attraktiv, obwohl sie oft als Makel oder in Werbungen als „unschön"" gelten? - Sommersprossen, Pigmentflecken - Kellerbräune, also wirklich extrem blass Haut.- Statur: nahezu egal, von super dünn bis ein paar Kilo zu viel geht alles- Oberweite von fla"
0_219384_9_yt.7vpNi4uSMDA;0.031;enthusiastic;procedure-curious;laser;microcurrent;;Frostiger Sternenstaub – MetalGarurumon Dieses Werk ist eine futuristische Cyber-Symphony, die die technologische Vollendung der Freundschaft zelebriert. Es vertont MetalGarurumon als unaufhaltsame, fliegende Festung, die den Kosmos mit Eis und Stahl kontrolliert. Musikalisch wird das Bild eines sil
0_218673_8_2052380184603427253;0.0312;disappointed;skincare-first;;;;@maikpi70 Wer glaubt daß Nationalsozialisten Sozialisten waren der glaubt auch das Zitronenfalter Zitronen falten.
0_221687_9_59693590877256074;0.0313;satisfied;skincare-first;;;;Ich esse zwar keine proteinriegel, aber das mit dem Kollagen interessiert mich doch sehr. Hilft, das Kollagen daran nicht den Tagesbedarf zu decken, wenn man sich standardmäßig ernährt? Damit meine ich Porridge mit Whey, Quark, Fleisch, Fisch, Eier, Kartoffeln, Reis, Obst und Gemüse. Oder wird das d
0_221687_26_1746211486550512;0.0313;satisfied;skincare-first;;;;ℹ️ 𝗕𝗲𝗮𝘂𝘁𝘆𝗦𝘂𝗻 informiert:𝗪𝗮𝘀 𝗶𝘀𝘁 𝗕𝗲𝗮𝘂𝘁𝘆𝗟𝗶𝗴𝗵𝘁? Auch bekannt als #Collagen-Licht, besteht #BeautyLight aus einem Rotlicht und enthält keine UV-Strahlung.Anders als UV-Licht dringt das BeautyLight tief in die Haut ein und wird von den Zellen aufgenommen.So kann es die natürliche Produktion von Collagen,
0_218673_9_yt.F9YcTzsqRuE;0.0314;neutral;procedure-open;pressure;;;BEWERTUNG (2025): LYYK Läufer Flur 60x300cm. Infos Wir behandeln schnell die wichtigsten Details von LYYK Läufer Flur 60x300cm.👉 Auf Amazon ansehen: https://www.amazon.de/dp/B0DG2YHQ5K/?tag=16w9h-20 (Affiliate-Link)Entdecken Sie den LYYK Läufer Flur in der praktischen Größe von 60x300cm, der mit sei
0_218673_9_51249597788679414;0.0315;neutral;procedure-curious;;;;Wer glaubt, dass Romanverfilmungen Romane verfilmen, der glaubt auch, dass Zitronenfalter Zitronen falten.Romanverfilmungen nehmen immer das Thema eines Buches so gut es geht auf. Einschließlich der Charaktere, versteht sich. Doch die Dramaturgie eines Filmes ist immer eine andere im Vergleich zu ei
0_218673_8_2039954758564241585;0.0315;disappointed;procedure-curious;;;;@apollo_news_de Weiß man schon, was die dort bezahlten Mitarbeiter des Ministeriums währendessen tun? Papierkraniche falten für den Weltfrieden? https://t.co/PrFJi4G2cf
0_218673_9_44283609639896967;0.0316;enthusiastic;procedure-curious;;;;550Nm…. Da wirft man hier und da mal den Asphalt in Falten 😅
0_218673_8_2052728377669243072;0.0316;disappointed;procedure-curious;price;;;@Invictus1577019 Klar und Zitronenfalter falten Zitronen.Die CDU in DE ist kaputt und das merkt man wenn man sieht wie Spielregeln geändert werden sollen weil der politische Gegner gewinnt.Die CDU erhöht Steuern und macht Schulden.Jahrelang an der Macht und was war? Wer glaubt das?
0_218673_9_4544133956707124;0.0318;disappointed;skincare-first;;;;Wer denkt, dass die Volkspartei für das Volk einsteht, denkt auch, dass Zitronenfalter die Zitronen falten.
0_218673_9_yt.rBL6Qj04fes;0.0318;enthusiastic;skincare-first;;;;BEWERTUNG (2025): Towond 180 Zoll Beamerleinwand. WESENTLICHE Einzelheiten Denken Sie über Towond 180 Zoll Beamerleinwand nach? Dieses Video behandelt die wichtigsten Funktionen.👉 Auf Amazon ansehen: https://www.amazon.de/dp/B0F7XQR9SM/?tag=16w9h-20 (Affiliate-Link)Entdecken Sie die Towond 180 Zoll 
0_218673_9_22800392926600779;0.0318;enthusiastic;procedure-curious;;;;Epheser 5:22-33 Hfa[22] Ihr Frauen, ordnet euch euren Männern unter, so wie ihr euch dem Herrn unterordnet. [23] Denn wie Christus als Haupt für seine Gemeinde verantwortlich ist, die er erlöst und zu seinem Leib gemacht hat, so ist auch der Mann für seine Frau verantwortlich. [24] Und wie sich die 
0_218673_126_t1_oeu2wx2;0.0318;disappointed;skincare-first;;;;"Dieser unvergleichliche Duft eines neuen Buches Lies mal die Falten und Runzeln von dem hier...https://preview.redd.it/rdldgdvaustg1.png?width=500&amp;format=png&amp;auto=webp&amp;s=49a1983549df290ff76a5a0b08a862a4b9e5c1c0"
0_219424_126_t1_od3myij;0.0319;enthusiastic;skincare-first;fillers;;sod;Ich liebe Filler-Episoden von Serien Viel zu öange gescrolled um Dragonball Z zu lesen
0_218673_126_t1_n6zs654;0.0319;disappointed;skincare-first;retinol,price,peel;;;Most Overrated/Marketed K-Beauty Brands? Finger weg davon. Asiaten haben eine andere Haut als Afrikaner, oder Europäer. Wenn Du weiß- also Europäer - bist, dann ist afrikanische und asiatische Haar und Hautpflege nichts für Dich ! Warum ? Weil asiatische und afrikanische Haut und Haare wesentlich di
0_218673_126_t1_nszgqwe;0.0321;satisfied;procedure-open;;;;Ohne Worte Deutschland hat mittlerweile über 35000 Ortskräfte aus Afghanistan aufgenommen und da kommen noch einige dazu.  Wer glaubt wirklich das Deutschland so viele Ortskräfte beschäftigt glaubt auch das Zitronenfalter Zitronen falten 😎
0_218673_9_7754572503699152;0.0321;neutral;procedure-curious;;;;Ein Standardblatt ist ca. 0,1 mm dick. Das Blatt wäre etwa 219.902 Kilometer dick bei 41x falten.
0_218673_15_56632575859872773;0.0322;satisfied;skincare-first;price;;;"Bunte Origami-Blumen falten – eine Anleitung Origami ist die Kunst des Papierfaltens – zusammengesetzt aus den japanischen Begriffen „oru"" für „falten"" und „kami"" für „Papier"". Blüten und Blumen aus edlem Origami-Papier zu gestalten, ist die Passion der Designerin Kristina Müller (www.kdesignpapier."
0_218673_9_11624503184960145;0.0324;enthusiastic;skincare-first;;;;"Dieses Stück nenn ich: ""Baba macht Bubu wegen seelischem Bobo"". Ist echt ein Riesenbaby mit Falten und Bart"
0_218673_9_57243584146990683;0.0324;satisfied;skincare-first;;;;Pizza mit Salami, Schinken und Falten-Tintling ❤❤❤
0_219424_126_t1_o0vunkz;0.0325;enthusiastic;skincare-first;fillers;;;Kouwe Ouwe ist eines der besten deutschen Gangstarrap Alben aller Zeiten Ich finde Kolja auf Albumlänge irgendwie nicht so geil, kann gar nicht so genau sagen warum.Es fphlt sich auf jedem Album so an als wären so 3, 4 Banger drauf und der Rest ist einfach Filler. Oder er hat nen sehr guten Riecher 
0_218673_15_36988022852139948;0.0325;disappointed;skincare-first;;;;Der dressierte Mann* Was machst du gerade? Ausräumen. Abtrocknen. Sieht man doch ... Langweilig, oder? Mit Musik geht alles. Auch Waschen und Falten – und Backen Vinyl oder CD? Vinyl oder vom Computer Aktuell? Taylor Swift: Showgirlplatte Dachte, du hörst Zappa … Später beim Staubwischen Der dressie
0_218673_15_47633464198829779;0.0325;disappointed;procedure-open;;;;"Vom Mogul zum Wäscher: Diddy beginnt Gefängnisjob in Fort Dix Sean „Diddy"" Combs, einst gefeierter Musikmogul und Gründer von Bad Boy Records, hat im Gefängnis FCI Fort Dix in New Jersey seine erste Arbeitsstelle angetreten – als Wäscher für andere Insassen. Die Nachricht, die zuerst von US-Medien w"
0_218673_9_yt.U5cw4WG_Gbk;0.0325;satisfied;skincare-first;;;;"Papierflieger Falten Der Weit Fliegt A4 - Basteln Mit Papier Papierflieger Falten Der Weit Fliegt A4 - Basteln Mit Papier. ""Bastelideen Easy"" ist ein Kanal, der sich rund um Bastelthemen dreht: Papier, Bastelideen, Selbstgemachtes, ... mit ganz einfachen Bastelanleitungen, die jeder selbst machen ka"
0_218673_9_9525895534299583;0.0326;satisfied;procedure-open;;;;"Interessantes Video. Ist ja ganz ""nett"" was so alles technisch möglich ist. Ich habe in nem Haus von 1961 ne moderne Gasheizung, seit vier Monaten ne PV-Anlage mit 23kW max., den Dachboden mit 120qm gedämmt. alles selbst finanziert. und damit reicht es auch.vielleicht noch für die Kurzstrecken ein k"
0_218673_8_2019880819582726410;0.0326;enthusiastic;procedure-curious;;;;@GHotnet @CallMeGrrr @Klimakobold @nureineexe Na klar, die DDR war demokratisch, steht ja im Namen und Zitronenfalter falten Zitronen. 😂
0_218673_8_2041911538399719686;0.0326;disappointed;procedure-open;;;;Die zionistische Besatzungsmacht,hat innerhalb von 10 MINUTEN,100 ZIELE im Libanon bombardiert!89 Menschen sind GETÖTET,und722 VERLETZT worden...bis jetztJa,nee is klar...der Besatzer will ja nur FRIEDEN.Wer das noch glaubt, glaubt auchDas Zitronenfalter,Zitronen falten
0_218673_126_t3_1udrri3;0.0326;neutral;skincare-first;;;;WM 2026 - Sind die Flaggen beim Einlauf Computer generiert? Beim Einlauf aufs Feld werden bei der WM ja die jeweiligen Länderflaggen links und rechts auf das Feld gezogen. Übers Fernsehen sehen diese Flaggen extrem gerade aus, keine Falten, keine Lichtreflexion. Daher meine Frage: Werden die Flaggen
0_219424_126_t1_oos5azr;0.0328;enthusiastic;procedure-curious;fillers;;;Share the most common filler words of your native language! Jaa, also, ich mein, sozusagen, kann sein, oder?
0_218673_126_t1_okes0w7;0.0329;enthusiastic;skincare-first;;;;Benutzt ihr Make-Up? Nein, ich hab zwar auch schon immer Augenringe auf die ich oft angesprochen werde, aber das ist mir relativ egal. Ich seh halt so aus wie ich aussehe. Bin niemand der sich jeden Tag im Spiegel betrachtet.
0_218673_126_t3_1spvgeb;0.033;satisfied;skincare-first;;;;"Helle Bügelfalten aus Jeans bekommen Wie bekomme ich diese hellen Falten aus meiner Jeans? Ich habe sie gebraucht gekauft und schon gewaschen (bei 30 Grad) &amp; in den Trockner gepackt. Leider sind diese Bügelfalten ziemlich hartnäckig :("
0_219424_126_t1_otsae0m;0.0331;disappointed;procedure-curious;price;;;Was zahlt ihr für eure Hochzeiten? Hatten Getränkepauschale 50€ pp und die Location mit getränken und Essen hat uns 10k gekostet. Insgesamt haben wir letztes Jahr 20.000€ für unsere Hochzeit gezahlt. Haben aber die Torte von meiner Tante machen lassen, braut war auch so 1400€, ich war ca 900€, Blume
0_218673_9_4912530549680390;0.0332;disappointed;skincare-first;;;;Weil in Amerika die meisten STARS wohnen eure HOLLYWOOD Sterne!!!! Wo sind die alle in welche Löcher haben sie sich verkrochen!!! Sieht man jetzt ihre Falten!!??? Die äußern sich weder zu den Kriegen noch zu den Epstein Akten??!!! Wo sind sie alle!!!!!! Ich boykottiere alle und meine Freunde auch!!!
0_219424_190_3947705808555741726;0.0333;advisory;skincare-first;botox,price;;pha;Wusstest du, woraus Botulinumtoxin besteht? 🤔Viele Menschen glauben, Botulinumtoxin sei eine künstlich hergestellte Chemikalie. Tatsächlich hat es einen natürlichen Ursprung.🦠 Botulinumtoxin ist ein Protein (Neurotoxin), das ursprünglich vom Bakterium Clostridium botulinum gebildet wird.Für die medi
0_218673_9_33150720463247168;0.0333;disappointed;skincare-first;;;;warum so eingebildet? er trägt skinny jeans und hat falten...
0_218673_9_yt.fjzynoXQAhk;0.0334;disappointed;procedure-open;laser,price;laser;;Technikwoche.de ▹ Social Media, TV, KI-Therapeut, Roboter, Windows 10, KI-Arbeit, Google ▹ eicker.TV Die https://Technikwoche.de von https://eicker.TV mit allen Kurzvideos an einem Stück und als YouTube Podcast:Ende des Social-Media-Booms 📉 Laut einer Analyse der Financial Times stagniert die täglic
0_218673_9_44250927267012687;0.0334;disappointed;procedure-curious;;;;7:32 Wer glaubt, dass Volksvertreter das Volk vertreten, der glaubt auch, dass Zitronenfalter Zitronen falten.
0_218673_15_66576265582610690;0.0334;neutral;procedure-open;laser,price;laser;;"Renforth Resources beobachtet sichtbare Mineralisierung bei Schlitzprobenahmen in Dioriten und Felsiten im Tagebaubereich bei Goldlagerstätte Parbec Renforth Resources Inc. (CSE: RFR | OTC: RFHRF | FWB: 9RR) („Renforth"" oder das „Unternehmen"") freut sich, den Abschluss eines ersten Schlitzprobenahme"
0_218673_126_t3_1s0dpx1;0.0335;disappointed;procedure-open;pressure;microcurrent;;Die Rückseite des Lichts (auch bei Substack von mir veröffentlicht!) Er kam spät an dem Abend, an dem das Licht das erste Mal zögerte.Der Tag war grau gewesen, einer von diesen endlosen, diffusen Tagen, an denen Zeit nicht vergeht, sondern wie Staub in der Luft hängt. Der Himmel war kein Himmel gewe
0_218673_8_2046233676984238272;0.0336;disappointed;procedure-curious;;;;☝️😇 Womit er vollkommen Recht hatte!Die Ursache ist geometrische unvereinbarkeit zweier sphärischer Quanten und die erste resultierende Wirkung daraus ist Oszillation/ Frequenz, korrekt 🫡 Erst aus den stehenden Resonanzen und der Falten dieser, entstehen die drei Dimensionen Raum unserer Realität.Mi
0_218673_9_15369712499328964;0.0337;neutral;procedure-curious;;;;Ich muss immer lachen wenn ich Geschichten über UFO´s höre. Den Leuten scheint es schwer zu fallen sich der galaktischen Entfernungen bewusst zu werden.Selbst bei Lichtgeschwindigkeit würde man tausende, Millionen oder Milliarden Jahre brauchen. Nach der Physik kann etwas mit Masse auch keine Lichtg
0_218673_9_32061000496658345;0.0339;disappointed;procedure-curious;;;;🤣... wer bitte hat denn daran geglaubt dass mit Merz als Bundeskanzler in Sachen Illegale Massenmigration eine politische 180 Grad Wende passiert? Alle die das taten glauben auch das Märchen, dass Zitronenfalter Zitronen falten 🤦‍♂
0_218673_9_891893913078836;0.034;neutral;procedure-open;;;;Falsch mann müsste es 42 mall falten den wen mann es nur 41 mall falten würde würde es mit dieser berechnung ￼241≈2,19×10122 to the 41st power is approximately equal to 2 comma 19 cross 10 to the 12th power241≈2,19×1012Lagen. Bei ￼0,1 mm0 comma 1 mm0,1 mmDicke: ￼2,19×1012×0,1 mm=219.902 km2 comma 19
0_218673_126_t1_o6mblb7;0.034;neutral;procedure-curious;;;;PdS: Du hast Bananen gekauft (Stimmzettel der Kommunalwahlen in Bayern zum Größenvergleich) Die DIN824 regelt das falten großer technischer Zeichnungen zur Ablage in das A4 Format. In einer Version mit Rand zum Lochen und in einer ohne Rand zum Lochen. Die Briefwahlunterlagen sind nicht auf A4 runte
0_218673_126_t3_1rvb2c9;0.034;satisfied;skincare-first;;;;Meinung? Sauerteig Brot mit Pizzamehl und Vollweizen. Rezept 400g Pizzamehl 100g Weizen Vollkorn 100g Sauerteig 12g Salz380g Wasser 4 x dehnen und falten in Abstand von 2 Std danach Stockgare für 6std und über Nacht im Kühlschrank. Hab es vor ein paar Std im Guss Topf gebacken und ich finde sieht ga
0_219424_126_t1_ow8q56g;0.0341;disappointed;skincare-first;fillers;;;"Findet ihr so hyperfeminine/barbiehafte Styles bei Frauen attraktiv? Ich steh' total auf natürlich Frauen. Finde dieses ganze künstliche Gedöns, Make-Up, Nägel, Extensions, ""Filler"" etc. einfach nur traurig und abstoßend. Schöne Frauen verunstalten sich... warum?!!"
0_218673_15_38998426004895035;0.0341;advisory;procedure-curious;price,pressure;;;"Kutcho Copper umreißt Explorationspotenzial in Bezirksgröße Kutcho Copper Corp. (TSXV: KC) (OTCQX: KCCFF) („Kutcho Copper"" oder das „Unternehmen"") freut sich, das VMS-Explorationspotenzial in Bezirksgröße auf seinem in der Machbarkeitsphase befindlichen hochgradigen Kupfer-Zink-Entwicklungsprojekt ("
0_218673_126_t1_ogczp83;0.0341;satisfied;procedure-curious;;;;Aufgewärmte Pizza aus der Mikrowelle ist deutlich besser als im Ofen aufgewärmte Pizza! zur calzone falten und in den plattentoaster packen
0_219424_126_t1_o4aekxq;0.0342;enthusiastic;procedure-curious;;;;Was ist das für ein Zug? Hamsterbacke mit Schönheitsoperation
0_218673_126_t1_ngyk8ic;0.0342;disappointed;skincare-first;;;;Frauen im Internet glauben nicht, dass meine Frau kein Make-Up trägt. Gleiches hier. Meine Frau hat mittlerweile ein paar Falten mehr im Gesicht. Ich finde die stehen ihr.Wir wollen gemeinsam alt werden, nicht gemeinsam Fake.
0_218673_9_25401522603416141;0.0342;enthusiastic;procedure-curious;;;;"Absolut falsche Kreuzung..... Selten so Hass-Falten bei 'nem Video entwickelt. Amewu wirklich Millionen Lichtjahre von diesem Typen hier voraus und dieser peilt üüüüberhaupt nichts!!!!!! Sein Hirn checkt gar nicht, wie und warum das Lied einfach pure Stärke ist. ....hauptsache ""Azad"".....und ""Alman"""
0_218673_126_t3_1spnsys;0.0342;advisory;skincare-first;;;;Filterflies oder Filterrpapier mit PTFE-Beschichtung für Absaugung Hallo Zusammen,Ich bin auf der Suche nach einem Filtervlies (Rollenware), welches sich dazu eignet, um daraus einen Faltenfilter für eine Filterpatrone für eine Felder Af16 zu bauen. Es solte PTFE beschichtet sein und steif genug um 
0_218673_9_yt.spcaOv6rD5I;0.0342;satisfied;skincare-first;;;;"So falten Sie aus A4 Papier einen Papierflieger, der extrem weit fliegt – Bastelideen Easy ✈️ So falten Sie aus A4 Papier einen Papierflieger, der extrem weit fliegt – Bastelideen Easy ✈️""Bastelideen Easy"" ist ein Kanal, der sich rund um Bastelthemen dreht: Papier, Bastelideen, Selbstgemachtes, ... "
0_218673_8_2024104288939573527;0.0343;disappointed;procedure-curious;;;;Söder hat nur ein grosse mauel er ist was er ist eine riesen Luftblasen, ein dummschwätzer der seines gleichen sucht und den gibts die cdu ist der falten Rock an dem die csu sich festklammert.SÖDER DU WITZFIGUR.https://t.co/O3akIjkJV9
0_218673_9_43602232310826181;0.0343;disappointed;procedure-curious;;;;Wer glaubt, daß Höcke Links ist, der glaubt auch, daß Zitronenfalter Zitronen falten.
0_218673_126_t1_nluwjb9;0.0344;disappointed;procedure-open;;;;"Ich habe ein altes Familienfoto von der Seite meines Vaters gefunden. Mein Uropa hat „1914 in etwa"" auf die Rückseite geschrieben, aber unten rechts steht 1893. Weiß jemand, warum da zwei verschiedene Jahre sind? &gt;and sich fix ne saubre Schürze umHaha, stimmt. Bei der Frau rechts sind ja noch die"
0_218673_9_56369232855338500;0.0344;disappointed;skincare-first;;;;können die auch nicht! Weil 3/4 in die Töpfe der Korrupten gelangt.. Die waren schon immer korrupt und Nazi-Anhänger... komisch das wird Unterstützt!!! Wer glaubt das es dort ehrlich zu geht.... der glaubt auch das Zitronenfalter Zitronen Falten!
0_218673_8_2038287489203401205;0.0344;disappointed;procedure-curious;;;;"„Es schwinden jedes Kummers Falten,solang des Liedes Zauber walten.""Friedrich von Schiller (1759 - 1805) https://t.co/wyY2pVsduU"
0_218673_9_32059118854474999;0.0346;satisfied;procedure-curious;;;;Die Sterne sehen hübsch aus und sich sehr stabil. Dafür aber ganz schön schwer zu formen/falten.
0_219424_15_9692458110823203;0.0347;enthusiastic;procedure-curious;price;;;"Von ""Hohes Haus"" ins Hohe Haus: Gertrude Aubauer ist 75 Gertrude Aubauer hier im Jahr 2015 im Hohen HausAPA/GEORG HOCHMUTH Sie kannte das Hohe Haus aus der Perspektive einer Journalistin und einer Politikerin. Gertrude Aubauer hat das Parlament viele Jahre ihres Berufslebens angesteuert, um über das"
0_218673_9_44658257072868432;0.0347;satisfied;skincare-first;;;;"Lege deckt auf: In Leberwurst ist weniger als 80 % Leber enthalten; In Malzbier ist weniger als 80 % Malz enthalten und in Weizenbier weniger als 80 % Weizen.; Im Honigkuchen ist weniger als 80 % Honig und im Zitronenkuchen sogar noch weniger. Und apropos Zitronen, Zitronenfalter falten keine Zitron"
0_218673_8_2037885236957122942;0.0347;neutral;procedure-open;price;;;@MarcSchinzel Wir importieren jeden Monat mit etwa 20 LNG-Tankern ganz offiziell Unmengen russisches Flüssiggas nach Westeuropa.Merke:Wenn man keine Ahnung hat, schlau machen oder Kresse falten
0_219424_126_t1_ov0xo0e;0.0348;enthusiastic;procedure-curious;fillers,celebrity;;;"Prominent Getrennt Staffel 5 Folge 10 Episodendiskussion Naja, die Staffel ist jetzt wohl einfach „durch"", bisschen Allianzblabla, bisschen Ausgrenzung und Tessa/Jakob Nr. 412. War wohl einfach der Filler vor der Zielgerade?!"
0_218673_9_23688468111046429;0.0348;satisfied;procedure-curious;;;;Wer glaubt, das Volksvertreter das Volk vertreten, der glaubt auch, das Zitronenfalter Zitronen falten.
0_218673_8_2008208423435854207;0.0348;disappointed;skincare-first;;;;@RosamWolfgang @FinkFinkmichael Wer das glaubt, glaubt auch, dass Zitronenfalter falten... Die Menschen sind den Ölkonzernen scheißegal und dienen höchstens als billige Arbeitskräfte
0_218673_8_2022881986290078058;0.0349;disappointed;procedure-curious;;;;Natürlich sind Transfrauen Frauen. Und die Deutsche Demokratische Republik war demokratisch. Und Hot Dogs sind Hunde.Und ich geh jetzt wieder Zitronen falten.
0_218673_9_69195295948988618;0.035;neutral;procedure-curious;;;;Ja, genau. Fischerboote sind ja üblicherweise mit 2-3 äußerst starken und spritsaufenden Aussenbordern bestückt. Und die Boote müssen ja mind. 50km/h + schnell sein, sonst schwimmen die Fische davon. Und Kisten, Netze und anderes nützliches braucht so ein Boot auch nicht. Nicht einmal ein Schutz für
0_218673_8_2021864895730315340;0.035;disappointed;skincare-first;;;;"💢 „Als erstes musst Du verstehen, dass es Persönlichkeiten in der Vergangenheit gab, die nicht nur genauso aussehen wie Stars von heute, sondern: Sie sind es wirklich. Es sind dieselben Entitäten…"" und tatsächlich, sie sehen nicht nur absolut identisch aus wie „eineiige Zwillinge"", sondern sie haben"
0_218673_9_yt.uHN86PAFrn0;0.035;enthusiastic;skincare-first;price;;;"Basteln & Spielen: Himmel & Hölle (Wahrnehmung fördern) In diesem Video zeige ich dir Schritt für Schritt, wie du den beliebten Origami-Klassiker „Himmel &amp; Hölle"" falten kannst – ganz einfach nur mit Papier!🌈 Schnell gemacht, super kreativ und perfekt für Kinder!Dieses Bastelprojekt fördert spie"
0_218673_8_2046481884280959207;0.035;disappointed;procedure-curious;;;;Wer glaubt, dass so etwas zufällig passiert, der glaubt auch, dass Zitronenfalter Zitronen falten... https://t.co/aXa2YnhHCy
0_218673_9_52361990308808803;0.035;disappointed;skincare-first;;;;Hitler war links, is klar…… und Zitronenfalter falten Zitronen
0_218673_126_t3_1uj1hue;0.035;disappointed;skincare-first;price;;;Haikyuu!! 10th Chronicle Goods-Bundled Edition, neu und versiegelt **Haikyuu!! 10th Chronicle Goods-Bundled Edition**Vollständige japanische Sammlerausgabe, neu und originalversiegelt.Es handelt sich nicht nur um das reguläre *Haikyuu!! 10th Chronicle*\-Buch, sondern um die grosse Goods-Bundled Edit
0_218673_8_2016117718244536617;0.0351;disappointed;skincare-first;;;;Man kennt sie die Demokratie in Nordkorea, weil sie nennen sich selbst ja Demokratische Volksrepublik Korea.Wer das als Argument nutzt, der denkt auch Zitronenfalter falten Zitronen und Babyöl ist aus Babys gemacht. https://t.co/Iec5D16lFO
0_218673_9_2003862338691206;0.0352;advisory;skincare-first;;;;Also, ich habe gesehen, dass es eine Diskussion über den Schauspieler von Snape in der Serie gab. Es stimmt, dass jeder fahle Haut haben kann, und Snape hat Augen, die Harry als kalt und leer bezeichnet, die ihn an dunkle Tunnel erinnern. Soweit passt das. Allerdings sieht man bei Dreadlocks oder ge
0_219424_126_t1_ofn4pux;0.0353;enthusiastic;procedure-curious;fillers;;;Buu Saga Tien vs. Yamcha (Otherworld Filler) Tien wins
0_218673_8_2008206730011025497;0.0353;enthusiastic;skincare-first;;;;@miri12880 @elturco_cx1 Und Zitronenfalter falten Zitronen
0_218673_126_t1_nzd0y9i;0.0353;neutral;procedure-curious;price;;;Was könnt ihr euch bis heute nicht erklären? Die Frage mit dem warum kann ich dir beantworten: aufgrund von Wahrscheinlichkeit. Es gibt immer eine Wahrscheinlichkeit, dass einige Moleküle zu Proteinen zusammenfinden, Proteine zu Zellorganellen, Organellen zu Zellen, Zellen zu mehrzellen usw.   Was i
0_218673_9_58518916171529205;0.0353;enthusiastic;skincare-first;;;;Sie sieht verjüngt aus, ganz ohne Falten. Wie alt ist sie? Das ist doch komisch...
0_218673_9_2242917613148149;0.0353;disappointed;procedure-curious;pressure;;;Wer glaubt, dass Reiche Energiekonzernen Druck macht, der glaubt auch, dass Zitronenfalter Zitronen falten.
0_219424_190_3941718861341060570;0.0354;disappointed;skincare-first;fillers;;;"wie Mutti damals schon zu sagen pflegte „das war noch richtige Musik"" #comedy #millennials #funnyreels #2000s #filler"
0_218673_9_16805627651991603;0.0354;disappointed;procedure-open;price,pressure;;;​@@FINANZ-OPANa klar Opa. Allein in 2024 sind dem deutschen Staat schätzungsweise 100 Milliarden Euro durch Steuervermeidung und Steuerhinterziehung verloren gegangen. Und zwar nicht durch die oberen 1-10% und multinationale Unternehmen, sondern durch Bürgergeldempfänger. Kennt man ja, die knapp 15.
0_218673_9_3871021199595778;0.0354;enthusiastic;skincare-first;;;;"„✈ Wie weit fliegt dein Papierflieger in Berlin? Schreib's unten in die Kommentare! 🚀Wenn dir das Papierflieger Falten gefallen hat, gib dem Video ein 👍 und abonniere den Kanal für mehr einfache DIY-Ideen mit Papier!"""
0_218673_15_67402367434559718;0.0355;disappointed;skincare-first;price;;pha;Italien: Räuber erbeuten 400.000 Euro bei Überfall auf Geld-Transporter Quergestellte Fahrzeuge, Rauchbomben, Krähenfüße auf der Straße: Auf spektakuläre Weise haben Gangster einen Geldtransporter in Italien überfallen. Die Fahndung nach den Tätern läuft. Der Beitrag Italien: Räuber erbeuten 400.000
0_218673_9_yt.3g1V95HzJ3k;0.0356;enthusiastic;skincare-first;price;;;German | Papierbastelabenteuer English | Paper Crafting Adventure #Kidsadventure #madeforkids #kidsvideo #dinocartoons #kidssongsplaylists German | Papierbastelabenteuer English | Paper Crafting Adventure Papierbastelabenteuer: Lass deiner Kreativität mit Fiffy freien Lauf! 🎨✂️Willkommen zum Papierb
0_218673_9_52797488966555278;0.0356;satisfied;procedure-open;;;;Und würde man es 103 mal falten KÖNNEN wäre es so lang wie unser Universum groß...
0_218673_8_2052400614995321323;0.0356;enthusiastic;procedure-curious;;;;RT @KOstberl: 07.05.2003 Teilräumung (fünf Wohnungen) der Rigaer 94. Krähenfüsse und brennendes Auto auf dem Straußbergerplatz. Sponti mit 400 Leuten und 3 symbolische Besetzungen.
0_218673_9_18785225240655196;0.0357;disappointed;skincare-first;;;;sie sieht allerdings auch echt alt aus, eher wie Mitte 80... meine Mutter ist 85 und hat weniger Falten. Ich glaube ich breche die Diät ab 😂
0_218673_8_2010268321435046361;0.0357;disappointed;procedure-curious;;;;@LibertyHannes Was sie mit Schwulen und TQs tun? Sie biegen und falten sie so oft zusammen, dass sie entweder gerade sind oder werfen die von den Dächern runter und sehen, ob die fliegen können. 🤣🤣🤣
0_218673_9_52016605406026154;0.0357;satisfied;procedure-curious;;;;WAS, 2 x falten geht in *beide* Richtungen? Auf und Zu? 🤯
0_218673_9_5484834946857073;0.0357;disappointed;procedure-open;price;;;Deutschland ist in sachen E-mobilität genuso verlogen wie alles andere aus der Politik.Und wer glaubt dass zitronenfalter zitronen falten glaubt auch das DE die E-mobilität wünscht und fördert! Nein, die wollen dass ihr den überteuerten deutschen müll kauft und dann noch den überteuerten strom dazu 
0_218673_9_yt.tk52r0sH3-Q;0.0358;enthusiastic;skincare-first;price;;;"Kena: Bridge of Spirits - Teil 1| let's play | German Deutsch #GeforceNow Made with Restream. Livestream on 30+ platforms at once via https://restream.io""Kena - Bridge of Spirits"" ist ein Spiel über einen feuerspeienden Drachen, der in einer Zuckerwatte-Welt tanzt. Ein echtes Meisterwerk, das nur in"
0_218673_8_2028123107727183989;0.0359;enthusiastic;procedure-curious;;;;@Janeblack64 Das knistern der Nylons und die Falten der Strümpfe sind wunderschön, Lady Jane! Danke dafür!
0_218685_126_t3_1qgibra;0.036;advisory;skincare-first;laser,price,pressure;;pha;"Neuartige biologische Systeme DNA Fusionsspleissen 1. Das Konzept: Neuartige biologische Systeme ```python class SyntheticBiologyRevolution: """""" ERZEUGUNG VON: 1. Neuartige Symbiose-Organellen (nicht in der Natur) 2. Chimäre Organe (Kombination verschiedener Spezies) 3. Skalierte Organe (andere Größ"
0_218673_8_2050526044705194045;0.0361;disappointed;skincare-first;;;;Aber Ben, warum trägst du immer Sonnenbrille? Ich habe so dunkle Augenringe/Haut unterm Auge weil die Haut zu dünn ist. Und ich hasse es so sehr. Deshalb immer Sonnenbrille. ✌🏻 https://t.co/XwpIbNqHMG
0_219424_9_yt.6aIlUnWRT1g;0.0362;satisfied;skincare-first;fillers;;aha;Was du über Sculptra wissen solltest! Sculptra ist kein klassischer Filler.Während herkömmliche Hyaluronsäure-Filler durch das injizierte Material direkt Volumen erzeugen, basiert Sculptra auf Poly-L-Milchsäure (PLLA) – einem bewährten, biokompatiblen Kollagen-Stimulator.Der Volumeneffekt entsteht n
0_219424_9_16171441915548264;0.0362;advisory;skincare-first;peel;;;Hallo Susanne, gerne ein Video über Microneedling etc. Was wirkt und was quatsch ist. Und vielen Dank für die heutigen Infos. Man lernt ja nie aus. LG Nicole
0_219424_126_t1_oziyyzj;0.0362;satisfied;skincare-first;;;;Cool vom Kanzler Jetzt hat der Merz sich schon schönheitsoperation gegönnt um auf den Klopp Beliebtheitszug aufzuspringen
0_218673_9_19631312125723206;0.0363;enthusiastic;procedure-curious;;;;Wunderschönes Lied!! ❤️❤️  0:22 Drei Worte, die wir immer hören wollen,selbst wenn Falten und Schmerzen kommen. 🙏🏻 Doch mit der Zeit werden diese Worte zu einem fernen Echo in der Seele.🌹❤️❤️🌹Drei wundervolle Worte. 1:11Egal in welcher Sprache, sie sind die schönsten der Welt...Drei kleine musikalis
0_218673_9_28551416566214057;0.0363;disappointed;skincare-first;;;;In Hollywood hat man in den frühen Zeiten Vaseline auf die Kameraobjektive geschmiert. Die Unschärfe verhinderte dass man die Falten der Schauspielerinnen sah. So hat Mary Pickford noch im höheren Alter 16 jährige Mädchen gespielt.
0_218673_126_t1_nlikblm;0.0364;disappointed;procedure-open;;microcurrent;;Faltrad und hydraulische Bremsen Also meine hydraulikschläuche sind so steif, die würden sich von einem so engen 180° Knick nicht mehr erholen. Wenn ich die Kolben reinige bieg ich die Leitung auf einer Länge von 40cm um in die Unterseite vom Sattel zu gucken und das fühlt sich schon bisschen falsch
0_218673_9_yt.hlD8NZIfn4k;0.0364;advisory;skincare-first;;;;BEWERTUNG (2026): Kate Rosa Mikrofaser Foto Hintergrund. Infos Denken Sie über Kate Rosa Mikrofaser Foto Hintergrund nach? Dieses Video behandelt die wichtigsten Funktionen.👉 Auf Amazon ansehen: https://www.amazon.de/dp/B0DQTRC479/?tag=16w9h-20 (Affiliate-Link)Der Kate Rosa Mikrofaser Foto Hintergru
0_218673_15_66106778782313287;0.0365;neutral;skincare-first;price;;sod;Braun TexStyle 1 SI1019RD Dampfbügeleisen für 19,99 Euro Bei amazon erhaltet ihr zurzeit das Braun TexStyle 1 SI1019RD Dampfbügeleisen (120 g/min Dampfstoß, Leitungswassergeeignet, schnelles Aufheizen (35 Sek.), 220 ml, 1.900 Watt) für 19,99€. Im Preisvergleich fallen für das Dampfbügeleisen sonst 2
0_218673_9_67343610123666469;0.0365;neutral;procedure-curious;;;;Es sind 439000 km nach 42 mal falten
0_218673_8_2041110333436121417;0.0365;satisfied;procedure-curious;pressure;;;@grok https://t.co/tIxrgCRciLDie Cosi-nuss : Berechnungen für die ganze Bruchfamilie 😂Fallgeschwindigkeit: Bananenschalen Geometrische Perfektion: das Vieleck aus Sicht eines KreisesSymmetrisches Falten: A4 Blatt 10x symmetrisch verkleinert ohne Hilfsmittel DIY Mathematik: Der theoretische Praktiker
0_218673_8_2051973120173523076;0.0365;disappointed;skincare-first;;;;@UlfKollwitz @BjoernHoecke @benungeskriptet Ha, die Nazischlampe hat nu paar häßliche Falten mehr!😂🗣🤛💙
0_218673_126_t1_n8muefy;0.0366;neutral;procedure-curious;;;;Wie geht ihr damit um? Also mir als Mann geht's genauso mit anderen Männern. Manche haben einen Bartwuchs der sie aussehen lässt wie 18 und sind älter als ich, andere sind 18 und sehen aus als hätten wären sie mit meinem Vater saufen gewesen. Bei Übergewicht wird es bei beiden Geschlechtern schwer, 
0_218673_9_yt.GzRnL38Uevc;0.0366;satisfied;skincare-first;pressure;;;Papierflieger Falten - Papierflieger Falten Der Weit Fliegt A4 Teil 90 -  Bastelideen Easy Papierflieger Falten - Papierflieger Falten Der Weit Fliegt A4 Teil 90 -  Bastelideen Easy. ✈️ Papierflieger Falten – Der Weitflieger mit A4-Blatt ✈️In diesem Video lernst du Schritt für Schritt das Papierflie
0_218673_15_70616522310753369;0.0367;neutral;procedure-open;price;;;"🔥 Hisense Wärmepumpentrockner DH3S802BW3 (8,0 kg, A+++, Weiß) ab 382€ Aktuell könnt ihr euch den HISENSE Wärmepumpentrockner DH3S802BW3 bei MediaMarkt für nur 382,20€ sichern. Der Preis gilt bei Abholung; inklusive Versandkosten wären es 422,10€, womit ihr immer noch den Bestpreis habt – verglichen "
0_219424_9_yt.utg2nK2hsqQ;0.0368;enthusiastic;procedure-curious;facelift,celebrity;;;Wie ändere ich die Sprache im Kombiinstrument des MITSUBISHI Outlander Facelift (2017-2022)? In diesem Video zeige ich dir, wie du die Sprache im Kombiinstrument des MITSUBISHI Outlander Facelift (2017-2022) schnell und sicher änderst. Schritt für Schritt erkläre ich, welche Taste du drücken und ged
0_218673_9_37795583011986195;0.0368;disappointed;skincare-first;;;;"@DarkwingDuck84 Na klar, Nationalsozialisten waren Linke wegen dem ""Sozialismus""-Teil im Namensbegriff, ganz klar! Und Zitronenfalter sind emsige kleine Chinesen, die in obskuren Hinterzimmern saures, gelbes Obst falten, damit es besser zu transportieren ist! Erpelchen, bist du gegen eine Mauer gefl"
0_218673_8_2020174114556952673;0.0368;disappointed;skincare-first;;;;@Mjoelnir1337 @marim686 Na klar - und die DDR war demokratisch, Nordkorea ist es ebenfalls, und Zitronenfalter falten Zitronen! 🤦‍♀️
0_218673_9_25965192333613476;0.0368;satisfied;procedure-curious;;;;Wer glaubt, dass Reiche Energiekonzernen Vorschriften macht, glaubt auch, dass Zitronenfalter Zitronen falten. Sie war Vorstandsvorsitzender in der Branche.
0_218673_9_yt.MOcSHaQW7_M;0.037;enthusiastic;procedure-curious;;;;"So falten Sie aus A4 Papier ein Herz für einen lieben Menschen – Bastelideen Easy So falten Sie aus A4 Papier ein Herz für einen lieben Menschen – Bastelideen Easy. ""Bastelideen Easy"" ist ein Kanal, der sich rund um Bastelthemen dreht: Papier, Bastelideen, Selbstgemachtes, ... mit ganz einfachen Bas"
0_218673_8_2040188212866437320;0.037;satisfied;skincare-first;;;;"Neuer Artikel: Neue Videos wir starten mit Hemd richtig falten | Neue Video‑Reihe: Wir starten mit ""Hemd richtig falten"" – frische Inhalte mit die High‑End‑Textilien‑Reihe pausiert…  🔗 MEHR at: https://t.co/9hSBNwVbGS. https://t.co/PgxwS7cVwI"
0_219424_9_yt.CfaqCA4C2ic;0.037;enthusiastic;skincare-first;;;;White Orchid Hyaluron hajfeltöltő szérum
0_219424_9_28384295671402828;0.0371;advisory;procedure-open;;;;Hyaluron ist das Rotationsfüllmittel der moderne.
0_218685_15_7126109148566422;0.0371;enthusiastic;skincare-first;spf;;biotin;Douglas eröffnet neue Beauty-Destination in Köln Am 6. November eröffnete DOUGLAS offiziell den neuen Flagship Store in der Kölner Schildergasse. Am Abend feierten rund 250 Gäste die Eröffnung. Für besondere Stimmung sorgte nicht nur der Auftritt des dem Kölner Männerchors Grüngürtelrosen vor dem St
0_218673_9_yt.u8BZNq3FSvc;0.0373;advisory;skincare-first;pressure;;;Papierflieger Falten - Papierflieger Falten Der Weit Fliegt A4 Teil 83 - Bastelideen Easy Papierflieger Falten - Papierflieger Falten Der Weit Fliegt A4 Teil 83 - Bastelideen Easy. ✈️ Papierflieger Falten – Der Weitflieger mit A4-Blatt ✈️Du möchtest einen Papierflieger basteln, der wirklich weit fli
0_218673_8_2033594926420595094;0.0373;disappointed;procedure-curious;;;;@Hosenmaus1 Zionismus ist jüdischer Chauvinismus. Wer glaubt das der Zionismus nur das Existenzrecht İsraels verteidigt, der glaubt auch das Zitronenfalter Zitronen falten.
0_218673_126_t1_opv7gj3;0.0374;disappointed;procedure-curious;;;;Warum reden alle immer vom lieben Gott? Zitronenfalter falten auch keine Zitronen.
0_218673_126_t1_ou9v5s3;0.0374;enthusiastic;skincare-first;;;;Was tun beim heissen Wetter? Origami....Du brauchst nur ein Stück Papier, und Anleitungen gibt es wie Sand am Meer.Du kannst mit youtube Videos falten. Aber ich empfehle Diagramme zu benutzen.Google mal ein bisschen. Modernes Origami ist echt faszinierend. Hier mal eine Gallery von einem Meeting an 
0_218673_126_t1_ovagj2a;0.0374;satisfied;skincare-first;;;;Dinkel-Vollkorn-Sauerteigbrot Rezept:\- 50 g Dinkel-Vollkorn-Starter (Anstellgut)  \- 50 g Dinkel-Vollkornmehl  \- 50 ml lauwarmes WasserHauptteig:   \- Sauerteig (aus Schritt 1)   \- 335 ml Wasser    \- 500 g Dinkelmehl (140 g Dinkel-Vollkornmehl + 350 g Dinkelmehl (Type 630)  \- 10 g Salz (nach 30
0_218673_9_yt.OChx1T582o0;0.0375;satisfied;skincare-first;celebrity;;;So machst du Pizzateig ganz easy – ohne Küchenmaschine! 🍕✨ Perfekt für alle, die echten Pizzagenuss zuhause erleben wollen!Teig mit direkter Teigführung (6 Stk. á 280g) * 1 kg Weizenmehl 700 (0 oder 00) * 680g (700g) kaltes Wasser * 3,5g frische Germ * 30g Salz * Semola zum Ausbreiten 👉So geht's: 1.
0_218673_9_yt.JgCVKUofiXM;0.0375;enthusiastic;procedure-curious;;;;Celtic  / Finn Key? - Der Murmelkönig - Teil 2 / The Marble King - Part 2 (Original) // AI Generated [Verse 1]Er sitzt krumm in seinem MoosthronKrone schiefMantel schon so dünnAll die Jahre über jeden Fluss gezogenGold gezähltDoch nie den SinnDie Kiesel reden von verlornen WettenVon NächtenDie er lä
0_219424_9_yt.AanXgBv4NYw;0.0377;advisory;skincare-first;;;;Artistry™ Derma-Architect™ Artistry Derma-Architect™ ist ein neues hochentwickeltes Hautpflegegerät für gesund aussehende straffere, glattere Haut. Es stimuliert die Kollagenbildung und fördert die Aufnahme von Artistry™ Pflanzenmikronährstoffen*. * Pflanzenmikronährstoffe aus den Artistry Skin Nutr
0_219424_26_1631520622316841;0.0379;enthusiastic;procedure-curious;;;;Ob du nun Fan der Thüringer Avantgarde-Synth-Rock Band ANTIAGE bist oder dir einfach nur gerne Bilder anschaust: Unter https://dajana-fotodesign.de/portraits/kaa-soleil-antiage findest du verschiedene Portraits aus Shootings mit Sänger Kaa Soleil sowie einige Making of Videos. Denn wir hatten sowohl
0_219424_190_3949959308069236537;0.0379;disappointed;procedure-open;;;;"Andere schmuggelten Kokain in Booten und Kleinflugzeugen. Er benutzte ausgemusterte Passagiermaschinen.Amado Carrillo Fuentes wurde in Mexiko der „Lord of the Skies"" genannt, der Herr der Lüfte. Der Beiname war keine Übertreibung, sondern die genaue Beschreibung seines Geschäftsmodells. Statt kleine"
0_218673_126_t1_offrprx;0.0379;advisory;skincare-first;;;;"Steht ihr wirklich auf natürliche Frauen? Glaube, die Männer hier verstehen die Alternative nicht:• Augenringe• keine perfekten haare• Akne• ""krumme"" nasen• Doppelkinn• fast keine WimpernWeil Frauen, die nichts davon haben, sind in 90% der Fälle nicht so geboren. Das ist wirklich natürlich."
0_218673_8_2051850964890759601;0.0379;enthusiastic;procedure-curious;;;;Anzeige | POV: Du willst ein ästhetisches Video machen, doch dein Freund hat eine andere Idee 😅Leute, ich habe so gelacht! Aber mit meinen Falten hat er leider recht ahahaha ☀️ ich verwende die Q10 Anti-Falten-Serie von  . Sie hilft, neue Falten vo... https://t.co/F014G1N28s
0_219424_126_t3_1sosvcx;0.038;enthusiastic;procedure-curious;fillers,price,pressure;;;~10kg haul to Germany 🇩🇪 Hallo zusammen! Willkommen zu meiner Haul-Bewertung. Alle Links und kurzen Bewertungen der Artikel sind unten.  (Leerzeichen aus Links entfernen)**★ Peso Zip-Up**  Größe: M  Preis: 28  9/10 - Zip-Up fällt etwas oversized und boxy aus wie beim Original, alle Details perfekt, 
0_218685_9_45763390618540739;0.038;enthusiastic;skincare-first;;;;"Liebe Nicole ❤Vielen lieben Dank für dein Aufgebraucht Video ❤Bzgl. deiner Umfrage, folgende Videos mag ich am meisten --&gt;* Duftvideos* Aufgebraucht Videos * Hauls* K-Beauty Videos* Test-, Schminkvideos* Top und Flop Videos mag ich auch gerne * Vlogs* Mystery Boxen ... hier bin ich aber etwas hin"
0_219424_140_7663929860640984352;0.0381;enthusiastic;procedure-curious;botox;;;"🪩DARK DAY DISCO - Tanze am Tag! Schlafe in der Nacht!  🫵 Sichere dir Tickets 🎫 https://kulttempel.ticket.io/UWyWb9AJ/  🗓️  Sonntag, den 19.07.2026 🕑 14:00 Uhr Einlass 🕗 20:00 Uhr Ende 🏛️ Kulttempel Oberhausen &amp; Old Daddy Club Lounge https://www.facebook.com/share/1Ctm3pdrP4/?mibextid=wwXIfr • DA"
0_219424_190_3948216949481709917;0.0381;disappointed;skincare-first;;;amino-acids;GHK-Cu (Kupfer-Tripeptid-1) wurde erstmals im Jahr 1973 vom amerikanischen Biochemiker Loren Pickartbeschrieben.Er entdeckte, dass das kleine Tripeptid GHK (Glycyl-L-Histidyl-L-Lysin) in Verbindung mit einem Kupferion (Cu²⁺) im menschlichen Blutplasma vorkommt und biologische Aktivität besitzt. Die 
0_219384_126_t3_1ucfm4d;0.0381;neutral;skincare-first;laser,price;;;IPL Geräte: Welche könnt ihr empfehlen? Welche IPL Geräte könnt ihr empfehlen (für helle Haut mit dunklen Haaren)?Besonders würde mich interessieren, wie IPL Geräte unter 200 Euro ankommen. Auf was würdet ihr bei einem Kauf von einem IPL achten?Vielen Dank für das Teilen eurer Erfahrungen!
0_218673_126_t1_nec1mpe;0.0382;disappointed;procedure-open;;;;Warum wird das Oktoberfest plötzlich überall in Deutschland gefeiert? Naja wenn man auf dem Dorf lebt, fehlt zwischen Neujahrsgelage, Frühjahrsfest, Vatertag, Osterfeuer, Maibaum setzen, Sommerfest, Kirmes, Herbstfest, Nachkirmes, Feuerwehrfest, Schützenfest, Weinfest, Sportlerfest, Herbstfest, Weih
0_218673_9_yt._e37BQoyMvE;0.0384;neutral;skincare-first;;;;BEWERTUNG (2026): Homaxy Abwaschbare Tischdecke 140 x 240 cm. Infos Wir behandeln schnell die wichtigsten Details von Homaxy Abwaschbare Tischdecke 140 x 240 cm.👉 Auf Amazon ansehen: https://www.amazon.de/dp/B0CQXMH6F4/?tag=16w9h-20 (Affiliate-Link)Entdecken Sie die Homaxy Abwaschbare Tischdecke in 
0_218673_8_2045427241744535902;0.0384;satisfied;procedure-open;;;;Musik zum Wäsche falten#nowspinning https://t.co/lTvuVNbfzk
0_221687_140_7598038336183340290;0.0384;enthusiastic;skincare-first;;;zinc;"Collagen Complex 💎 ✔ mit Hyaluronsäure &amp; Q10 ✔ Vitamine C, D, B12, Biotin &amp; Zink ✔ für Haut, Haare, Nägel &amp; Energie Beauty beginnt von innen. #CollagenComplex #GlowFromWithin #Hyaluronsäure #Q10 #Biotin"
0_218673_9_33347875267823495;0.0386;satisfied;procedure-open;;;;Für etwa 20 Leute! Die brauchen mehr Kohle pro Einzelschädel für Frisuren und Moltofill für die Falten...
0_218673_8_2021315246212698383;0.0387;disappointed;skincare-first;price;;;@whyvern @BerndGummauer @EFIEBER_ANDRE LKW zahlen die Preise die an der Tafel stehen? Und Zitronenfalter falten Zitronen, richtig?
0_218673_8_2023445592106786878;0.0387;enthusiastic;skincare-first;;;;@e_i_s61 @lordfusseck1904 Und Zitronenfalter falten Zitronen.Dir ist der Unterschied zwischen Titeln/Namen und Beschreibungen scheinbar nicht bekannt?
0_218673_8_2051787078224973982;0.0387;enthusiastic;skincare-first;;;;@maischberger @ninawarken @CDU @BMG_Bund Zitronenfalter falten Zitronen.
0_218673_9_17341901431590263;0.0388;enthusiastic;procedure-curious;;;;Hallo Daniel, danke für das Tolle Video, du hast uns damit schon sehr gut geholfen 👍👍👍.Ich habe noch eine Frage:Siind solche Hocker die teleskopierbar sind , die man quasi zusammen falten kann im Disneyland Paris erlaubt?Lg Rainer
0_218673_9_16097979464508658;0.0389;satisfied;skincare-first;;;;Die Politiker glauben auch das Zitronenfalter Zitronen falten !
0_219424_190_3936834994091704590;0.039;enthusiastic;skincare-first;fillers,price;;;"Die große OLDSCHOOL. HIP HOP &amp; RNB PARTY 🔥📍 Filmcasino Munich | Odeonsplatz📅 Freitag, 17.07.2026🎧 w/ @dj.remakeDie besten Hip Hop &amp; R&amp;B Classics der 90er, 2000er &amp; 2010er – die Songs, die jeder kennt und jeder feiert.Keine Trends. Keine Filler. Nur Hits. 🎶🍸 Coole Drinks, beste Stimmu"
0_218673_126_t1_o1najd4;0.039;enthusiastic;skincare-first;pressure;;;"Eindruck bei Kleid? Das ist OK. Ich gehe auch so zu der gleichen Feier (mit Falten im Shirt).https://preview.redd.it/2rmg1i4uzifg1.jpeg?width=720&amp;format=pjpg&amp;auto=webp&amp;s=7255b0a14d7a99759c06d4aa6a524c6e2e6b77e3"
0_218673_126_t1_nt4grap;0.0392;satisfied;procedure-open;;;;"BILD: „Stromberg"" zündet Kino-Turbo kann man auch solche Hüte daraus falten."
0_218673_9_7909527604633336;0.0392;enthusiastic;procedure-curious;;;;"Maranatha 🙌❤️🙏 lieber Bruder Jordi, vielen herzlichen Dank für Deinen unermüdlichen Einsatz und Ermutigung!! Der 3. Weltkrieg eskaliert täglich immer heftiger, dieser „ Waffenstillstand"" ist ein Witz , wer das glaubt, der glaubt auch das Zitronenfalter Zitronen falten!! Diese Politiker und „ Eliten "
0_218673_126_t1_o9tghg5;0.0394;advisory;skincare-first;;;;"Wonach muss ich für so einen Anzug suchen? 1. Der matte, leicht „trockene"" GlanzWolle hat einen sehr subtilen, diffusen Glanz.Im Bild sieht man:•kein starkes Spiegeln wie bei Polyester•aber auch keine komplett stumpfe Oberfläche wie bei BaumwolleDieser dezente Schimmer ist typisch für feine Anzugwol"
0_219424_9_222301197132501;0.0396;satisfied;procedure-open;fillers;;;"Mandolorian &amp; Grogu wird eine Filler Folge in Spielfimlänge."
0_219424_126_t1_o5uu086;0.0399;satisfied;procedure-open;fillers;;;Heute vor 20 Jahren kam Berliner schnauze von Bass Sultan Hengzt raus hatte die CD. okayes album, solide produktion für die zeit (wenngleich auf dauer etwas zu repetitiv, da kaum samples) aber zu viele filler drauf. ihm stand zwar dieses freche, rotzige, nicht komplett düstere (als gegenpart zu Orgi
0_218673_9_39326938565765704;0.04;enthusiastic;procedure-curious;;;;Heyyy❤❤Ich lieb deine Videos und finde es sooo sooo toll das du anderen Leuten irgendwelche Träume oder Wünsche erfüllst❤❤Ich würde sehr sehr gerne eine make up Routine von dir zusammen gestellt haben und am besten wo ich am Ende kaum noch Augenringe habe ❤❤Das wäre so sooo nett ❤
0_218673_9_71228662940447668;0.0401;advisory;skincare-first;;;;Die Haut der Menschen von KI Videos hat immer so etwas wie von Knete - kann es schwierig beschreiben aber es ist alles zu weich und zu butterig, die Fältchen in seinem Gesicht haben keine feinen Schattierungen, sie sind wie mit einem Werkzeug durch Ton oder Knete gezogen. Und er hat keine ruckartige
0_218673_126_t1_oga0fix;0.0401;disappointed;skincare-first;;;;What's something Germans say that sounds rude in translation but isn't actually rude? Oder Du bekommst in der Parfümerie Anti-Falten-Creme als Goodie, wenn Du was kaufst...
0_218673_8_2078741928581992890;0.0401;disappointed;procedure-curious;;;;"@dneuerer Wer Friedrich Merz vor der Wahl geglaubt hat, dass ""Schluss mit linker Politik"" ist, etc. --- falten diese Leute immer noch Zitronen???"
0_219424_9_26970084950240543;0.0403;advisory;skincare-first;botox;;;40? Hab mich auch gefragt, wie alt sie wohl ist. Aber sie sieht wie Anfang 40 aus. Vielleicht ist sie noch etwas älter und sieht durch Botox paar Jahre jünger aus. Wer weiß. Aber das schärfste Messer in der Schublade ist sie nicht.😂
0_218673_9_23141447357908505;0.0403;satisfied;skincare-first;;;;Wer glaubt das die CO2 ersparnis das Klima rettet, der glaubt auch das Zitronenfalter Zitronen falten.
0_218673_9_yt.Cq6rRHilkro;0.0403;disappointed;skincare-first;;;;Nur die Alten kriegen Falten. Lustig witzige Comedy Shorts von Bronco
0_218673_9_7011803841216758;0.0404;neutral;procedure-open;;;;Die Polizisten falten Bademäntel für Robert Haarbeck und Bearbock.
0_218673_9_10925425673945899;0.0405;disappointed;skincare-first;;;;Wer glaubt, daß Volksvertreter das Volk vertreten, glaubt auch, daß Zitronenfalter Zitronen falten!! 😢😊😮
0_218673_15_19445715876317999;0.0406;satisfied;procedure-curious;pressure;;;Großartige Berge und großartiges Essen: Wandern und Genießen in Georgien Es gibt Länder, die beeindrucken mit ihrer Landschaft. Und es gibt Länder, an die man vor allem wegen ihrer Küche zurückdenkt. Georgien kann beides – und genau daraus ist diese neue Reise entstanden. Unsere Gäste schwärmen nach
0_219424_126_t1_ocfnecb;0.0407;disappointed;procedure-curious;fillers;;;Ich liebe Filler-Episoden von Serien Ich hasse es wenn Serien nur aus story progress Folgen bestehen.
0_218673_9_61642222952073308;0.0407;satisfied;procedure-open;;;;Das wäre so cool gewesen, wenn Richard nach dem Stolpern einfach weiter gegangen wäre ohne zurück zu guckn. Ich musste so lachen, sorry😂 ich finde diese längeren Videos echt toll 🥰Und Jelena ein Tipp für euch, damit ihr eure Bettwäsche nicht mehr suchen müsst. Sets immer zusammen waschen, alle Sets 
0_218673_8_2043031877901058119;0.0407;disappointed;skincare-first;;;;"💢 Tatsächlich scheinen alle ehemaligen US-Präsidenten auch heute noch zu existieren. Wie sonst ist zu erklären, dass „Ryan Gosling"" exakt dieselben Muttermale, Narben und Falten hat wie „Franklin D. Roosevelt"" (der Millionen Deutsche vernichtet hat) und warum gilt diese brutale Ähnlichkeit auch für "
0_218673_9_41221504353013790;0.0408;advisory;procedure-open;;;;Sie hat inzwischen graue Haare und Falten und geht am Rollator
0_218673_9_yt.hffZ8a7Fc9Q;0.0409;neutral;procedure-open;;;;BEWERTUNG (2026): BREMER SITZBEZÜGE Schonbezüge Wohnmobil Set. Infos Wir behandeln schnell die wichtigsten Details von BREMER SITZBEZÜGE Schonbezüge Wohnmobil Set.👉 Auf Amazon ansehen: https://www.amazon.de/dp/B08YGHYJ8F/?tag=16w9h-20 (Affiliate-Link)Entdecken Sie die BREMER SITZBEZÜGE Schonbezüge f
0_218673_9_yt.EnN0aKbZFwM;0.0409;satisfied;procedure-open;pressure;;;Anbringen von Dichtungsband an den Eckfugen der Fenster Das Video zeigt einen Bauarbeiter, der während der Montage der Gebäudehülle die Eckfugen der Fenster mit speziellem Abdichtungsband sorgfältig abdichtet. Er arbeitet auf einer grünen, witterungsbeständigen Dampfsperrplatte, reißt vorsichtig ein
0_218673_9_15901677102418874;0.041;satisfied;skincare-first;;;;Alice, die Kremlpuppe aus der Schweiz, soll für Deutschland sein? ..Und Zitronenfalter falten Zitronen..
0_218673_126_t3_1q22moh;0.041;advisory;skincare-first;price;;sod;Suche Stoff-Tipps für Ballkleid-Rock Hallo! Ich bräuchte euer Schwarm-Fachwissen in Sachen Stoffkunde und oute mich eventuell gleichzeitig als furchtbarer Textil-Dilettant.     Ich möchte einen opulenten Doppelkreis-Rock (720°-Rock) nähen, sodass diese großen Falten entstehen wie im Bild unten (nur 
0_219424_126_t3_1sb8fi1;0.0411;satisfied;skincare-first;;;resveratrol;Spallationsaktivierte Naturstoffe: Peptide, Flavonoide & Alkaloide als Radiopharmaka – die vierte Dimension der Compleximer-Medizin 🧬⚛️ ​Das Prinzip:Naturstoff + Spallationsneutronen (n,γ) = radioaktiv markierter Naturstoff für Theragnostik (Diagnose + Therapie in einem Molekül)Beispiele:Naturstoff 
0_219424_26_1684334023371695;0.0412;enthusiastic;procedure-curious;fillers,price;;;Unsere Billardasse schlagen bei Heimspektakel zu! Ende Juni wurde der traditionsreiche Euro Tour Austragungsort St. Johann / Pongau nicht nur abermals Schauplatz dieser Turnierserie sondern erstmals auch der Pro Billiard Series. Max Lechner schrammte im mit 125 000 US-$ dotierten Herrenbewerb mit Pl
0_219424_190_3934549414660348945;0.0412;disappointed;procedure-curious;fillers,price;;;Unsere Billardasse schlagen bei Heimspektakel zu! Ende Juni wurde der traditionsreiche Euro Tour Austragungsort St. Johann / Pongau nicht nur abermals Schauplatz dieser Turnierserie sondern erstmals auch der Pro Billiard Series. Max Lechner schrammte im mit 125 000 US-$ dotierten Herrenbewerb mit Pl
0_218673_126_t1_n89trle;0.0412;disappointed;skincare-first;;;;De Mods machen De Sachen Ging es da um sowas wie bei diesen Typen aus Skandinavien? die sich als junge Mädchen im Internet ausgegeben haben um Pedos zu angeln mit denen die sich dann getroffen haben um sie zusammen zu falten und das Ganze auf TikTok geteilt hatten? Also nicht die Gewalttat selbst, a
0_218673_126_t1_noglenj;0.0412;disappointed;procedure-curious;;microcurrent;;Why do Austrians consider themselves victims of Nazi Germany? They are a Nation in Denial nicht alle waren schuldig aber es war keiner unschuldig.   der grossteil der menschen hat einfach nicht hingesehen, es einfach akzeptiert und nichts dagegen gemacht. damit hat man sich aber auch, so paradox das
0_218673_126_t1_ntnhpzk;0.0412;advisory;skincare-first;;;;Wie bekomme ich meine Augenringe weg? Ich esse jeden Tag super viel Fleisch 😂 Ich wüsste aber jetzt nicht genau wie ich das herausfinden kann ob es trotzdem der Fall ist
0_218673_9_yt.PFd0qX6dvdw;0.0412;enthusiastic;skincare-first;laser,pressure;;;BEWERTUNG (2026): FarbenFroh by GUSTAV NEUSER Falt-Karten-Set. Infos Dies ist Ihre schnelle Zusammenfassung von FarbenFroh by GUSTAV NEUSER Falt-Karten-Set.👉 Auf Amazon ansehen: https://www.amazon.de/dp/B07D3XCCGJ/?tag=16w9h-20 (Affiliate-Link)Entdecken Sie das FarbenFroh by GUSTAV NEUSER Falt-Karte
0_218673_8_2023848128223604953;0.0412;disappointed;procedure-curious;;;;"@KVogtler @poldi2025008 @Raeubertochtah Welche Sozialisten meinst du? Ich hoffe du meinst nicht die „Nationalsozialisten"".. oder glaubst du, dass Zitronenfalter Zitronen falten? 🤭"
0_218673_8_2044144034382225886;0.0412;satisfied;procedure-curious;;;;@OlliMko @Makeiev @ZelenskyyUa @bundeskanzler Was Sie nicht wissen.... Aufträge Mil. Sektor, Arbeitsplätze Sicherung, KnowHow, Ressourcen, Bodenschätze, Arbeitnehmer  etc. Aber hey... Sie glauben bestimmt, dass Zitronenfalter Zitronen falten.
0_219384_126_t3_1r6b3ms;0.0413;neutral;skincare-first;laser;;glycerin;Organosilan-Creme Topisch 25-60% weniger Korona-Verluste mehr Biophotonen 🔬 WAS SIND BIOPHOTONEN ÜBERHAUPT?Biophotonen sind ultraschwache Lichtemissionen lebender Zellen, verursacht durch oxidative Prozesse in den Mitochondrien . Sie liegen im Bereich von 200-800 nm (UV bis nahes IR) mit einer Inten
0_219424_126_t1_nxmv4hv;0.0414;advisory;skincare-first;botox;;;Real BOTOX Weib auf der CES2026 Aria oder wie die genau heißt
0_221687_26_1425435226289618;0.0414;advisory;skincare-first;;;;Mascara gehört für viele zum täglichen Make-up dazu. Immer häufiger findet sich dabei ein zusätzlicher Inhaltsstoff auf der Verpackung: Hyaluron. Der Wirkstoff ist eigentlich aus der Skincare bekannt, taucht jetzt aber auch in Wimperntuschen auf. Doch was bringt Hyaluron in Mascara wirklich?
0_218673_9_56933455300177914;0.0415;disappointed;procedure-curious;;;;@@memymind1873 Truth Social ist die Social Media Hölle.....wer da nach echten Informationen sucht, glaubt auch dass Zitronenfalter Zitronen falten.....
0_219424_126_t1_of941j8;0.0416;satisfied;procedure-curious;fillers;;;"""So..."" ""Like..."" Filler words krass, geil, heftig, stark, übelst, nice, dope"
0_218673_8_2008061239612625000;0.0418;satisfied;skincare-first;;;;@DedeOublier @spaceloop23 Du glaubst auch, dass Zitronenfalter Zitronen falten…
0_218673_8_2010084465377456420;0.0418;enthusiastic;procedure-open;;;;@fvckerysprinkle Seien wir mal ehrlich, sie hat gerade den goldenen Sommer, danach geht es bergab, die Falten werden immer tiefer. Dann kommt der neue Busen, dann die Schlauchbootlippen und dann sieht sie wie jede alte Republikanerin aus
0_219424_9_yt.cRroJPA-h_A;0.0419;satisfied;skincare-first;;;;Methylene Blue: Das Geheimnis hinter Energie, Fokus und Zellpower? Ein Stoff, der direkt in deine Zellenergie eingreifen kann – und jetzt neu entdeckt wird.Methylene Blue wird in der Biochemie untersucht, wenn es um Mitochondrien, Energieproduktion und mentale Klarheit geht. In Kombination mit Rotli
0_218673_9_yt.7gAo_fUSVdo;0.0419;enthusiastic;procedure-open;pressure;;;BEWERTUNG (2025): Ttincceer Dinosaurier Hintergrund 3x2m. Infos In diesem kurzen Überblick heben wir die Hauptattraktionen von Ttincceer Dinosaurier Hintergrund 3x2m hervor.👉 Auf Amazon ansehen: https://www.amazon.de/dp/B0F62XN9ZQ/?tag=16w9h-20 (Affiliate-Link)Entdecken Sie den Ttincceer Dinosaurier
0_218673_126_t1_ojop0st;0.0419;satisfied;skincare-first;;;pha;"Pizza Pizzateig-Rezept (Für 3 mittlere Pizzen ≈ 30–32 cm)•⁠500 g Mehl Type 00.•⁠320–330 ml Wasser (ca. 64–66 % Hydratation). Ich habe 325 ml verwendet.•⁠10 g Salz (2 %)•⁠1 g Trockenhefe (Instant- oder Aktivhefe; sehr wenig für eine langsame Fermentation)•⁠10–15 g Olivenöl Extra Vergine (nach der Aut"
0_218673_9_44223618508634057;0.042;enthusiastic;skincare-first;;;;Sehr wohlfühliges video❤️ und mochte den realtalk zu falten so wahr
0_218673_8_2032131309074554952;0.0421;disappointed;procedure-curious;;;;@EnlightenStS @jessieTsaneikk So wie das IPCC….seit Anbeginn den Auftrag hatte den vermeintlichen menschengemachten Klimawandel  zu begründen….😂😂😂 Menschen, diesen Schwachsinn glauben, glauben auch, dass Zitronenfalter Zitronen falten….
0_218673_126_t3_1tf5zi2;0.0422;neutral;skincare-first;;;;Warum sehen manche Menschen mit 40 Jahren noch so attraktiv aus? ​Mein Lieblingsschauspieler Chace Crawford sieht sehr gut und jung für einen 40-Jährigen aus.Wie kann man noch so jung aussehen? Oder anderes Beispiel Chris Hemsworth.  Der Typ ist 20 Jahre älter als ich, aber sieht jünger und besser a
0_219384_126_t1_ozub52u;0.0422;disappointed;skincare-first;laser;;;Jüdische Weltraum-Laser der Rothschilds lösen Waldbrände aus Wenn die Vollschacke ein Gesicht hätte...
0_218673_126_t1_o38kusg;0.0423;enthusiastic;procedure-curious;;;;Dresscode Oper (Premiere) Ich singe auf dieser Bühne. Niemand auf unserer Seite der Rampe interessiert sich für Falten in deinem Hemd … und wir können dich sowieso nicht sehen 😅 Was uns aber wirklich glücklich macht, sind volle Häuser. Uns ist es ziemlich egal, wie jemand angezogen ist.
0_218673_9_32389193818177544;0.0423;disappointed;procedure-open;;;;Wer jetzt glaubt, dass diese Regierung mal was hinbekommt, glaubt auch das Zitronen Falter  Zitronen falten 😂😂😂😂😂😂
0_218673_8_2025885258667774037;0.0424;satisfied;procedure-curious;;;;@HundemuddiHH @SHomburg Wer denkt das Deutschland souverän ist denkt auch das Zitronenfalter Zitronen falten.
0_218673_126_t1_o9oiy9t;0.0424;satisfied;procedure-curious;;;;Hilfe! Dehnen und Falten? 2 möglichkeiten:   hände nassmachen, ganz locker an der seite drunter fassen, hochziehen bis es einschlägt und immer über kreuzt falten (mehrmals)   oder hände mit öl einschmieren und selbe technik :)   hier ein video wo es gut gezeigt wird: [https://youtube.com/shorts/LgPS
0_218673_9_yt.g_CcK61YQMI;0.0425;satisfied;skincare-first;;;;BEWERTUNG (2025): 10er-Pack weiße Polyester-Tischdecken 153×260 cm. WESENTLICHE Einzelheiten 👉 https://www.amazon.de/dp/B0CGWT8DVN/ref=nosim?tag=16w9h-20 10er-Pack weiße Polyester-Tischdecken 153×260 cm auf Amazon (Affiliate-Link)Bitte abonnieren Sie unseren Kanal und unterstützen Sie uns! Ihre Unte
0_218673_8_2031109329001017722;0.0425;advisory;procedure-curious;;;;"Gefährlicher Eingriff in Straßenverkehr: Autoreifen durch „Krähenfüße"" in Naumburg beschädigt - Polizei hofft auf Hinweise https://t.co/38pmY8X4ZK https://t.co/97Nq2clLfE"
0_218673_9_59863610534650231;0.0425;disappointed;procedure-curious;;;;Das ist doch kein Kombi! Das ist genau der selbe Brei wie der Bigster - nur in noch kackenhäßlicher...Was für eine Enttäuschung. Man hatte klare Linien und eine elegante, freundliche Erscheinung erhofft - die Renderings von einem Dacia Grand Combi waren traumhaft schön. Und was kommt jetzt? Die gefü
0_218673_126_t1_narwgig;0.0426;enthusiastic;skincare-first;celebrity;;;Aufgespritzte Lippen Nicht um zu gefallen, sondern um zu konkurrieren. Bei Männern eben nach Größe, Muskelmasse/ Definition, teilweise Haarpracht, Bräune - wer sieht maskuliner/ sexy aus?Bei Frauen ist es dann: Haare, Rundungen (Po, Brüste, woanders möglichst wenig oder zumindest gut verteilt, so th
0_218673_9_10388231786086819;0.0426;satisfied;skincare-first;;;;... richtig und es ist scheissegal welche Farbe der Schafhirte trägt, sie gehören alle zum gleichen Trog! ..mit ausreichend Information kann man das alles recherchieren..., ansonsten säßen sie nicht wo sie sitzen...denn wer glaubt das Volksvertreter das Volk vertreten, der glaubt auch das Zitronenfa
0_218673_126_t1_o2u41af;0.0426;disappointed;skincare-first;;;;"Die Monster AG ist eine Dokumentation ""Schaut euch die hollywoodelite an, Siebzährige die nicht altern mit Babyhaut"".Gut schauen wir mal: Anthony Hopkins, Hellen Mirren, Elizabeth Taylor, Steve Buscemi, Dick Van Dyke, Robert Duvall, Robert Redford, Robert De Niro (ja die Roberts sind da alle hintere"
0_218673_9_69278425003220046;0.0426;disappointed;skincare-first;;;;Was bedeutet eigendlich Deep Fakes ???? Jedes Bild kann man verändern. Ob nur ein Gegenstand wegretuschiert wird oder mit Filter bearbeitete Bilder und Videos damit man die Falten nicht sieht als Beispiel. Sind da die Medien nicht auch führend in der Bearbeitung ? Oder alle Grafiker.... Fragen über 
0_218673_8_2048607691396862196;0.0427;enthusiastic;skincare-first;;;;@canis_lupus_68 @MitAktien Und Zitronenfalter falten Zitronen🤡
0_218673_8_2050236810085748873;0.0427;disappointed;skincare-first;;;aha;💢 Vielleicht möchte mir jemand kurz erklären, wie es möglich ist, dass Hollywood-Superstar ‚Hugh Jackman' nicht nur aussieht wie Ex-Hollywood-Superstar ‚Clint Eastwood', sondern absolut dieselbe Gesichts-Symmetrie und dieselben Falten, Muttermale und Narben hat. Fast könnte man auf die Idee kommen, 
0_218673_9_yt._zYU5r7aUxA;0.0428;neutral;skincare-first;pressure;;;BEWERTUNG (2026): Leevitex Premium Spannbettlaken 200 x 240 cm. Infos Werfen Sie einen schnellen Blick auf die Hauptmerkmale von Leevitex Premium Spannbettlaken 200 x 240 cm.👉 Auf Amazon ansehen: https://www.amazon.de/dp/B09XN2H966/?tag=16w9h-20 (Affiliate-Link)Entdecken Sie das Leevitex Premium Spa
0_219424_15_56634993376776079;0.0429;enthusiastic;procedure-curious;fillers,pressure;;;Playlist #50: missm3rcury Lange Abende, warmer Asphalt und tanzbare Dancefloor-Filler – da können missm3rcury nicht weit sein. Das DJ-Duo aus Keriman und collectivemmind bewegt sich irgendwo zwischen schweren Basslines, HipHop, Afro-Influences und unerwarteten Turns. Genau diese Energie bringen die 
0_218673_9_yt.3-uxByeKxKU;0.0429;advisory;skincare-first;pressure;;;BEWERTUNG (2026): Tefal Easygliss Plus Dampfbügeleisen. Infos Wir behandeln schnell die wichtigsten Details von Tefal Easygliss Plus Dampfbügeleisen.👉 Auf Amazon ansehen: https://www.amazon.de/dp/B08XZF1RV7/?tag=16w9h-20 (Affiliate-Link)Entdecken Sie das Tefal Easygliss Plus Dampfbügeleisen, das dur
0_218673_126_t1_oddw549;0.0429;satisfied;skincare-first;;;;"Dritter Run, drittes Mal Zwitter Bei Lichtstress falten sich die Blätter in sich selbst nach oben und machen ""dicht"". Das ist hier nicht der Fall. Das sind dann richtige Kelche. Hier mal gezeigt bei meinem aktuellen Grow. Da sind 265 Watt über der Pflanze und die Zwittert auch nicht 😉.https://previe"
0_218673_9_71538441546836975;0.0429;disappointed;procedure-curious;;;;Ihr Feiglingen!!  Land der Doppelmoral Ihr seid Feiglinge, eine Schande, dass ihr unser Land regiert , auch du hässliche alte, mit den Falten im Gesicht, dass die Eier nicht zu antworten
0_218673_126_t1_ohohd5e;0.0429;satisfied;skincare-first;;;;"Was haltet ihr von meinem Anfänger USB-C Balkonkraftwerk?☀️ Das ist eigentlich alles sehr easy plug and play. Und zum (ent)falten der Anlage hast du eine Anleitung in der Verpackung mit drinhttps://preview.redd.it/z0kkqr2jdswg1.jpeg?width=1080&amp;format=pjpg&amp;auto=webp&amp;s=7e9c09a1069139366883"
0_218673_126_t1_nqc74eh;0.043;satisfied;skincare-first;;;;"Wie findet ihr diese Angebote für meine Küche? https://preview.redd.it/q1viyiu3iz2g1.jpeg?width=1510&amp;format=pjpg&amp;auto=webp&amp;s=c10d3cb12549b0070553f3135f07d7d1f46c8bd8Praktisch in sehr kleinen Küchen als Tisch, wenn anders keiner passt.   In Küchen mit wenig Arbeitsfläche um diese zu erwei"
0_218673_9_65454608541718686;0.043;enthusiastic;procedure-curious;;;;Iiih, ja, nasser Hund Geruch, echt widerlich😅. Wieder ein schönes Video, liebe Grüße ❤🎉Habe auch noch fast keine Falten, nur unter den Augen etwas zerknüddelt 😅 übrigens, ganz toll, liebe Anja, sehr interessantes Video🩶🤍🩶
0_218673_9_44899180695824312;0.0431;disappointed;skincare-first;;;;Also sie sieht sehr alt aus für ihr Alter 😮meine Mom ist 80 gar nich so viel Falten und keine Schminke ! Er sieht hin gegen mit seinen 76 viel jünger aus wie die !!!! Für das sie so aussieht, verlangt sie ganz schön viel 😮😮😮😮
0_218673_126_t1_nqs7ph9;0.0431;enthusiastic;procedure-curious;;;;Sketch and final design of my small scale chess figures irgendwie origami mäßig falten oder basteln?
0_218673_9_58487503046758142;0.0433;disappointed;skincare-first;;;;BKA sind Nazis ... 😢😢😢 der Typ ist es nicht wert zu befragen. Der ist ein echter Faschist ... Er leugtet Falten und favorisiert Antifa ...
0_218673_9_66732137250437650;0.0435;disappointed;skincare-first;;;;Ja klar, da ist wohl ein bayerischer Karpfenangler mit ukrainischem Pass mal eben 300m tief zu einem in Beton eingegossenen Pipelinesystem getaucht und hat das Ding mit 12 TNTstangen in die Luft gejagt 🤣🤣🤣. Wer diesen Hoax glaubt, glaubt auch dass Zitronenfalter Zitronen falten…. Diese dummdreisten 
0_219424_9_yt.SJZTGdTv04U;0.0436;enthusiastic;procedure-curious;fillers;;;Filler gehen tak tak | Lustige Kinderlieder 🎵 Mach mit beim Spaß mit unserem brandneuen Kinderlied! Mit diesem fröhlichen Lied werden Kinder Spaß haben und Neues entdecken. Bist du bereit, zu bunten Animationen und niedlichen Charakteren zu tanzen und zu singen? Vergiss nicht, unseren Kanal für dies
0_218673_9_yt.kNOOkd5hI7k;0.0436;neutral;skincare-first;pressure;;;Papierflieger Falten - Papierflieger Falten Der Weit Fliegt A4 Teil 64 - Bastelideen Easy Papierflieger Falten - Papierflieger Falten Der Weit Fliegt A4 Teil 64 - Bastelideen Easy. ✈️ Papierflieger Falten – Der Weitflieger aus A4-Papier ✈️Du willst lernen, wie man einen Flieger baut, der richtig wei
0_218673_126_t1_nin0gls;0.0436;disappointed;skincare-first;;;;Peter Pilz tritt der Volkspartei bei Frei nach dem Motto Geldscheine falten, Goschen halten!
0_218673_8_2029626990790107169;0.0436;satisfied;skincare-first;;;;"💢 Warum sieht Hollywood-Star „Anne Heche"" so aus wie Schriftsteller-Superstar und Harry Potter Erfinderin „J. K. Rowling""? Und warum haben ihre Ehemänner auch eine perfekt übereinstimmende Gesichtssymmetrie, absolut identische Muttermale, Falten und Narben❓ https://t.co/p863oX4FqY https://t.co/SQ99D"
0_218673_126_t1_ogww0h8;0.0436;disappointed;procedure-curious;;;;Ziviler Ungehorsam Parken auf unbefestigter Straße [Krähenfüße](https://s3.amazonaws.com/images.ecwid.com/images/17912018/1308774236.jpg)
0_218673_126_t1_omzyl1c;0.0436;disappointed;skincare-first;;;;No age-shaming - aber was ist mit seinem Hals passiert? Das kommt doch nicht nur vom schlaffe Haut haben, oder? Wenn man sich die gefärbten Haare in grau denkt, sieht es nicht mehr so wild aus, finde ich.
0_218673_9_19436880166657881;0.0437;neutral;procedure-curious;;;;Nicht ganz richtig luca man müsste das papier 42 mal falten um auf 440.000km zu kommen und nicht mal dann wäre es 440.000km sondern 439.804km wenn das blatt eine dicke von ca. 0,1mm hat wären 41 faltungen 219.902km und bei jeder faltung verdoppelt sich die dicke
0_218673_9_55355258243422131;0.0437;disappointed;skincare-first;;;;Er lebt auf Mash Farm. Und das ist nun mal Privatbesitz des Königs......und wer glaubt das seine Verhaftung ohne Wissen des König über die Bühne ging ,glsubt auch das Zitronenfalter Zitronen falten kann......
0_218673_8_2078442606162321495;0.0437;enthusiastic;procedure-curious;;;;@klimalisteRhNe @Axel_Bojanowski Wer glaubt, dass 🇦🇹 dieses Ziel erreichen kann, glaubt auch dass Zitronenfalter Zitronen falten. 🇫🇮 kann's erreiche mit deren Fokus auf Kernkraft. Aber Ergebnis für beide Massenarmut.
0_218673_9_6391572898968551;0.0438;satisfied;skincare-first;;;;Ja, absolut – das ist eine faszinierende Perspektive! Nachdem die T0-Theorie (Time-Mass-Duality Framework) zentral auf dem universellen geometrischen Parameter ξ = 4/3 × 10^{-4} aufbaut, der aus fundamentalen geometrischen Prinzipien abgeleitet wird (u. a. dem Volumen einer Kugel, V = 4/3 π r³, das 
0_218673_9_3655716589332439;0.0438;disappointed;procedure-open;;;;Das waren alles Leihgaben des Wiener Museum, dann eines deren Ausstellungs- Bereiche. Die NSU war ein Projekt des damaligen Vermasselschmutz, um die Notwendigkeit der VS Einrichtung darzustellen! Es falten keine Zitronenfalter, in einer Fabrik Zitronen!
0_218673_8_2036529715083608334;0.0438;enthusiastic;skincare-first;;;;RT @anna_miller_: Seht ihr die weißen Nägel? Die soften Falten? Die Füße kommen frisch aus den Schuhen und Socken und genießen jetzt ihre Freiheit zu Hause!Wie findest du die Pose der Füße?🤔😌@rt_feet https://t.co/8Znlc5NrEQ
0_218673_8_2080174610868224000;0.0438;disappointed;skincare-first;;;;"@fettrichar15193 @Nicole_Hoechst 1/5... und Zitronenfalter falten keine Zitronen, Fliegenpilze fliegen nicht, Bandwürmer spielen in keiner Musikgruppe! Das hast Du noch vergessen, um Dein Narrativ ""die Nationalsozialisten waren linke Sozialisten"" zu ""beweisen""."
0_218673_8_2036771636024602821;0.0439;disappointed;procedure-curious;;;;Es gibt verschiedene Arten von Menschen die ihre Pizza ganz unterschiedlich essen.🍕Die einen falten es zusammen, die anderen mit Messer und Gabel.🍴Manch einer fängt sogar mit dem Rand an. Zu welchen gehörst du? Und warum ist es egal weil du sie bevorzugt vom Boden frisst? 🤨
0_218673_9_yt.Em0GTJGx2ok;0.044;satisfied;skincare-first;;;;"So falten Sie aus A4 Papier einen Papierflieger, der weit fliegt – Bastelideen Easy ✈️ So falten Sie aus A4 Papier einen Papierflieger, der weit fliegt – Bastelideen Easy ✈️.""Bastelideen Easy"" ist ein Kanal, der sich rund um Bastelthemen dreht: Papier, Bastelideen, Selbstgemachtes, ... mit ganz einf"
0_219424_126_t1_nykatmv;0.0441;neutral;skincare-first;fillers,price;;;AmA: Ich arbeite in einem sehr bekannten Hamburger Technoclub Da seid ihr echt günstig. Wir verlangen für einen Normalen Longdrink (sprich Hardalk + Filler) 10€ + 1€ Pfand und für einen Longdrink mit Rebull 12€. Wie sind bei euch bspw. die Preise für Bier, Wasser, Non Alk, Despo / Corona?
0_219424_9_65473379090979698;0.0441;satisfied;skincare-first;fillers;;aha;Gouache ist im Prinzip Aquarell mit Kreide, also kann es dünn wie Aquarell verwendet werden. Generell gilt mit Gouache ähnlich wie mit Öl dick über dünn. Btw die Marke die Ghibli benutzt ist Nicker Poster paints und verhält sich etwas anders als reguläres Designer Gouache. Würde HIMI Gouache persönl
0_218673_9_yt.ps-RoGU99GU;0.0441;neutral;skincare-first;;;;BEWERTUNG (2026): RaKuPack Versandkarton 350x200x200mm. Infos Wir behandeln schnell die wichtigsten Details von RaKuPack Versandkarton 350x200x200mm.👉 Auf Amazon ansehen: https://www.amazon.de/dp/B0DM9VT1Y7/?tag=16w9h-20 (Affiliate-Link)Der RaKuPack Versandkarton mit den Innenmaßen 350x200x200mm bie
0_218673_8_2031109322961220018;0.0441;advisory;procedure-curious;;;;"Gefährlicher Eingriff in Straßenverkehr: Autoreifen durch „Krähenfüße"" in Naumburg beschädigt - Polizei hofft auf Hinweise https://t.co/Znb8hjbpaR https://t.co/pOGVuttKki"
0_218673_126_t1_on99iu9;0.0441;neutral;skincare-first;;;;Frage wegen Balkonschirm-Ständer Kannst du ihn zusammen falten/klappen ider soll er wie auf dem Bild dauerhaft so stehen. Dann mindestens 150-200kg und selbst dann wird er dir je nach Fläche des Fußes bei wirklichem Sturm wahrscheinlich kippen.
0_219424_9_yt.fokIMK9LymY;0.0442;enthusiastic;procedure-curious;fillers;;;Melanie Griffiths natürlicher Look begeistert Hollywood Die Schauspielerin wirkte aufgedunsen und verpfuscht operiert. Nun ließ sie Filler entfernen und begeistert damit ihre Fans.
0_219424_23_31818779312567452;0.0442;advisory;skincare-first;fillers;;;Hyalron-Filler Elasticity Die Kombination Hyaluron-Filler Elasticity in Verbingung mit LSF 50 ist unschlagbar! Sehr ergiebig in der Anwendung!
0_218673_9_19633131936259482;0.0442;disappointed;skincare-first;;;;Wer glaubt in Deutschland noch  in einer Demokratie zu leben, der glaubt such, dass Zitronenfalter Zitronen falten.
0_218673_9_20394128459169695;0.0442;disappointed;procedure-curious;price;;;Überall steuergeld nehmen. Unsere politiker brauchen ja flugtickets ins ausland (kurze erledigungen machen und danach schön Urlaub durchziehen, bis rückflug ansteht), sehr sehr teure Visagisten (damit die falten nicht zu sehen sind) usw... DANKE!!!
0_218673_9_5681766204506953;0.0444;satisfied;skincare-first;;;;🌿 Pesto-TwistsZutaten (für ca. 16 Stück)Für den Teig250 g Weizenmehl1 Prise Peperoncino von @stayspicedcom1/4 TL Salz175 g Butter, kalt, in kleinen Stücken175 g Frischkäse, kalt2 EL kaltes WasserFür die Füllung1 Bund Basilikum1 Bund Petersilie2 Knoblauchzehen2 EL Walnüsse (alternativ Pinien-, Kürbis
0_218673_15_8062626109902358;0.0444;satisfied;skincare-first;price,celebrity,pressure;;;Hisense WD3S8043BW3 Waschtrockner für 399 Euro Bei Amazon bekommt ihr aktuell den Hisense WD3S8043BW3 Waschtrockner (ConnectLife /16 Programme /8 KG, 54 Liter /1400 U/min/Dampffunktion/JetWash/Anti-Allergie Program/Auto Program/Eco Wash/Steam Refresh/Wolle/EEK A-D) für 399€ inklusive Versand. Im Pre
0_218673_9_47669140665259343;0.0444;disappointed;skincare-first;;;;Wie wäre es für das Mädchen mit Wolle weil sie erinnert mich immer an ein kleines Wollknoll mit ein paar zu fielen falten 😂😂😂
0_219424_9_yt.7p0HS8rL4Lk;0.0446;disappointed;skincare-first;botox,celebrity;;;Girlgroups: Wie der Traum Frauen kaputt macht Girlgroups sind zurück! Die erste globale Girlgroup KATSEYE steigt rasant auf, jedes kleine Mädchen kennt HNTR/X und die Pussycat Dolls haben ein Comeback. Mit ihren Songs prägten Girlgroups wie TicTacToe, Spice Girls oder die No Angels ganze Generatione
0_218673_8_2020571818864566319;0.0447;satisfied;skincare-first;;;;@GrundgesetzEin @letsgoalicew Und Zitronenfalter heißen Zitronenfalter, weil sie Zitronen falten.
0_218673_126_t1_otgd989;0.0447;disappointed;procedure-curious;;;;Wenn in Deutschland angeblich alles so beschissen ist - wieso liegt Deutschland dann auf Platz 2 der Einwanderungszielländer weltweit? Ich bin wirklich nicht auf der Seite der klausimausis und anderem Faschogesindel das diesen Sub inzwischen übernommen hat, aber komm schon, ich bitte dich. Glaubst d
0_218673_8_2025141465408569517;0.0448;satisfied;skincare-first;;;;@SusanneBaessler Schöne Silikon-Maske, sogar mit weniger Falten. https://t.co/V1auDsQE5C
0_218673_9_22400701882067730;0.045;disappointed;skincare-first;;;;"Als die Jeans in Mode kamen gab es nur unbehandelte, dunkelblaue Jeans. Sie erhielten ihren ""Wert"" durch langes Tragen und Waschen. Jemand, der eine so ausgebleichte Hose trug, hatte immer den Nimbus eines Abenteurers und eines ""wilden"" Lebens. Die Falten und die ausgewaschenen Stellen waren individ"
0_218673_126_t1_nzmj9sh;0.045;satisfied;skincare-first;;;;60h Sauerteigbrot Mein Teig war anfangs viel zu feucht. Hätte nicht gedacht, dass anderes Mehl bei gleichen Mengenangaben so einen Unterschied macht. Ich habe mich dann anhand des Videos ungefähr an seiner Teigstruktur orientiert, also immer mehr Mehl dazugegeben, bis es in etwa so aussieht wie im V
0_218673_9_12015092709411149;0.045;disappointed;skincare-first;;;;Dieses augenringe gehören nicht zu dem Look😂😂😂😂😂😂😂😂😂
0_219424_9_yt.tm3RHNpCmnQ;0.0451;advisory;skincare-first;;;vitamin-e;"Moringa Gesichtsöl Serum Anti Aging | reife, trockene Haut | Rosazea & Akne Pflege | Squalan Öl |... Moringa Gesichtsöl Serum, multifunktional, 3-in-1: Age Repair Elixier für Haut, Haare &amp; Nägel. Natürliches Anti-Aging Serum mit Moringa-Öl, Squalan &amp; Vitamin E – ideal bei reifer, trockener H"
0_218673_126_t1_nd9fy3d;0.0451;satisfied;skincare-first;spf;;glycerin;[Routine Help] What moisturizer and/or sunscreen combo should I use to make my oily skin look less shiny? Guter Punkt zur Routine! Wenn ihr zwischen Feuchtigkeitscreme und Sonnenschutz hin- und hergerissen seid, kann eine einfache 2-Schritt-Routine helfen:1. Feuchtigkeitscreme – idealerweise ein lei
0_218673_9_yt.Xo__hp4lm7s;0.0451;neutral;skincare-first;pressure;;;BEWERTUNG (2026): Ttincceer Runde Hintergrund Abdeckung 180cm. Infos Werfen Sie einen schnellen Blick auf die Hauptmerkmale von Ttincceer Runde Hintergrund Abdeckung 180cm.👉 Auf Amazon ansehen: https://www.amazon.de/dp/B0CF1P4TKV/?tag=16w9h-20 (Affiliate-Link)Entdecken Sie die Ttincceer Runde Hinter
0_218673_15_12933513733876310;0.0452;disappointed;procedure-open;price,pressure;;;Kupferstich der Stadt Heidelberg bei der Belagerung 1622, G1633 Art.Nr. G1633 Kupferstich mit einer Gesamtansicht der Stadt Heidelberg bei der Belagerung 1622, Matthäus Merian um 1650 in einer blattversilberten Rahmung Dieser Kupferstich von Matthäus Merian zeigt eine Gesamtansicht der Stadt Heidelb
0_218673_9_1943447576515067;0.0452;satisfied;skincare-first;;;;Wenn man denkt das diese beschiss.. Regierung für das Volk Arbeitet, denkt auch das Zitronenfalter Zitronen falten..
0_218673_15_22934340589488545;0.0453;satisfied;procedure-open;price,pressure;microcurrent;;Southern Cross Gold verstärkt Kontinuität auf Rising Sun einschließlich 0,5 m mit 342,2 g/t AuEq (335,5 g/t Au, 2,8 % Sb) – Projekt umfasst nun 70 Bohrschnitte mit >100 g/t m AuEq 1. Oktober 2025 – Vancouver, Kanada, und Melbourne, Australien – Southern Cross Gold Consolidated Ltd (SXGC, SX2 oder da
0_219424_126_t1_o49g32m;0.0454;neutral;skincare-first;fillers;;;(US,US) (H)Trade Binder, WOTC set filler, IR/SIRs (W) Trades Anything herehttps://imgur.com/a/Lo5VEOr
0_219424_9_yt.8MR3uRPE7mE;0.0454;disappointed;procedure-curious;price;;;Eine eifersüchtige Freundin zerstörte ihr Gesicht… Die wahre Geschichte von Lynn May Beschreibung:Eine eifersüchtige Freundin zerstörte ihr Gesicht… Die wahre Geschichte von Lynn MayIn den siebziger Jahren war Lynn May eine der bekanntesten Frauen Mexikos. Tänzerin, Schauspielerin, gefeiert für ihre
0_218673_8_2010415959677501574;0.0454;disappointed;skincare-first;;;;@silverfrau Wer diesen Mist hier glaubt, glaubt auch an den Klapperstorch, den Osterhasen, den Weihnachtsmann und an Zitronenfalter,  die Zitronen falten.
0_218673_8_2052299697851715775;0.0454;enthusiastic;procedure-curious;;;;Wie viele falten kannst du zählen? #Soles#Toes#Girli https://t.co/4Ag5Fqi2gP
0_218673_9_24928692117193288;0.0455;neutral;skincare-first;;;;41mal????Jedes Blatt Papier kann man MAXIMAL 6-7 mal falten... Dann sind es 64, bzw. 128 Lagen!
0_218673_9_40784159627414564;0.0456;satisfied;procedure-open;;;;So ein ..... 7 Raketen in der grenznahen 60 km Ortschaft inkl Tankstelle eingeschlagen ...Bild bitte nicht falten .könnte Blut auslaufen  ausserdem bezahlt den man mal besser dann klappt's auch mit dem logopäden.
0_218673_8_2026411619337568556;0.0456;satisfied;skincare-first;;;;@kitchen_news_de @CDU @spd Wer dem glaubt, glaubt auch, daß Zitronenfalter Zitronen falten...
0_218673_9_yt.IpRoso-xOFQ;0.0457;neutral;skincare-first;;;;BEWERTUNG (2025): r-up Spannbettlaken Sonnengelb 140x200-160x220. Infos Denken Sie über r-up Spannbettlaken Sonnengelb 140x200-160x220 nach? Dieses Video behandelt die wichtigsten Funktionen.👉 Auf Amazon ansehen: https://www.amazon.de/dp/B076HY9BLK/?tag=16w9h-20 (Affiliate-Link)Entdecken Sie das r-u
0_218673_126_t1_ojoo7yj;0.0459;satisfied;procedure-curious;;;;"Pizza Pizzateig-Rezept (Für 3 mittlere Pizzen ≈ 30–32 cm) * **500 g** Mehl Type 00. * **320–330 ml** Wasser (ca. 64–66 % Hydratation). Ich habe 325 ml verwendet. * **10 g** Salz (2 %) * **1 g** Trockenhefe (Instant- oder Aktivhefe; sehr wenig für eine langsame Fermentation) * **10–15 g** Olivenöl Ex"
0_218673_126_t1_ojoopj7;0.0459;satisfied;procedure-curious;;;;"Pizza Pizzateig-Rezept (Für 3 mittlere Pizzen ≈ 30–32 cm) * **500 g** Mehl Type 00. * **320–330 ml** Wasser (ca. 64–66 % Hydratation). Ich habe 325 ml verwendet. * **10 g** Salz (2 %) * **1 g** Trockenhefe (Instant- oder Aktivhefe; sehr wenig für eine langsame Fermentation) * **10–15 g** Olivenöl Ex"
0_219384_126_t3_1sivohm;0.0459;advisory;skincare-first;laser;;;Gibt es hier sonst noch Männer die ihre Körperbehaarung nicht ausstehen können? Hallo, ich habe seit der Pubertät immer wieder Probleme mit dem Selbstbild weil mich als Mann Körperbehaarung sehr stört und fange auch mit dem entfernen an durch rasieren und Laser etc. Ich weiß das dass bei Männern ehe
0_219424_190_3943954258152475456;0.046;enthusiastic;skincare-first;peel;;;the bridal glow effect ✨Jetzt Termin vereinbaren: Ästhetik am Theater Regensburg#ästhetikamtheater #microneedling #aquafacial #wedding #hyaluron
0_218673_15_46252719043107614;0.046;disappointed;procedure-curious;price;;;Warum heißen Nachtschattengewächse so? Eine Reise in die geheimnisvolle Welt der Pflanzen Ein Spaziergang durch den heimischen Garten kann zu überraschenden Entdeckungen führen. Tomaten, Kartoffeln, Paprika und sogar die elegante Petunie im Blumenbeet – sie alle gehören zu einer Pflanzenfamilie mit 
0_218673_9_60086807041848284;0.046;satisfied;skincare-first;;;;Wer glaubt, dass der Verfassungsschutz die Verfassung schützt, der glaubt auch, dass Zitronenfalter Zitronen falten.
0_218673_8_2018730416295846308;0.046;disappointed;procedure-curious;;;;Und eines Tages,werden wir alt sein und kein bisschen weniger verrückt…Und uns gegenseitig ans Meer bringen,egal wie gebrechlich wir sind und werden uns an Händen halten und machen uns einfach nur glückliche Falten.Mit voller Absicht!!!!Du und Ich❤️ https://t.co/nBnQmmPxs5
0_218673_9_7248332492433410;0.0461;disappointed;procedure-curious;;;;Sie ist doch schon um einiges jünger als er. Bloß, weil sie rundlicher geworden ist? Das ist absolut lächerlich! Andersrum würde so etwas niemals passieren. Der Mann darf eine 40 Jahre jüngere Frau an seiner Seite haben, aber, oh weh, wenn die Frau älter, dicker oder nicht mehr so attraktiv ist, wie
0_218673_126_t1_oocfouo;0.0461;advisory;skincare-first;spf;;;Die Sonnencreme-Hysterie ist typisch deutsch. und du bist dir sicher, dass es nicht an der Nationalität liegt sondern an den schönen braunen Falten und Sonnenflecken?
0_218673_8_2077626223438569591;0.0461;disappointed;skincare-first;;;;RT @Anonymous00708: Wer glaubt das Nazis Deutschland retten, der glaubt auch das Zitronenfalter Zitronen falten!#Altparteien https://t.co/qYoSypxCes
0_219424_9_yt.wYLfasbAbSA;0.0462;satisfied;procedure-open;fillers,celebrity;;;Bahnverkehr in Schkeuditz Nachdem bereits die letzten (spotting) Videos über den Bahnverkehr in Sachsen, genauer gesagt aus dem Elbtal gingen, bringen wir nun ein bisschen Abwechslung.Denn am 20.08., während meiner Rückfahrt von Dresden nach München habe ich einen kleinen Abstecher in Schkeuditz bei
0_218673_8_2028766318871117973;0.0462;enthusiastic;procedure-curious;;;;RT @d_h_ofenkaese: Shurjokas englisch kannste knicken / falten 🤡 https://t.co/GrX0E6lpL7
0_218673_126_t1_ocf2clc;0.0462;neutral;procedure-curious;pressure;;;Wieso ist HdS so uneinsichtig? Sag mir, laufen die ganzen Datencenter mit Solarenergie und gutem Willen? Verbrauchen die in deiner Welt keinen Platz, keine Energie und keine Ressourcen?​Genau wie das Internet, auf dem du gerade tippst, oder die Streaming-Dienste, die du nutzt. Jede Technologie brauc
0_218673_9_yt.AeS8n6rVBjk;0.0463;neutral;skincare-first;pressure;;;Papierflieger Falten - Papierflieger Falten Der Weit Fliegt A4 Teil 59 - Bastelideen Easy Papierflieger Falten - Papierflieger Falten Der Weit Fliegt A4 Teil 59 - Bastelideen Easy. ✈️ Papierflieger Falten – Der Weitflieger mit A4-Blatt ✈️Du möchtest lernen, wie man einen Papierflieger bastelt, der r
0_218673_9_62074053337756059;0.0464;neutral;procedure-curious;;;;@@variop5233 Betüglich der Entfernung: da der Raum gefaltet ist und die Falten sich auf einander zu von einander Weg bewegen (Video 5) hängt die Entfernung von der Bewegung der Falten ab, Ich habe die Angabe mit 3,6 Lj auch gesehen. Kann durch die Faltenbewegung erklärt werden. Daher sind die 14,4 b
0_218673_9_27636950432060138;0.0464;neutral;procedure-curious;;;;Die Aluenden in verschiedene Richtungen falten ?Bitte warum ?
0_218673_9_22388412165190931;0.0464;disappointed;procedure-open;price;;;Hampelmänner sind an der Macht!!! Diese Vollpfosten von Politikern sollten einfach mal die Hände falten und die Schnauzen halten - es gab mal die Vermögenssteuer, die müsste nur wieder belebt werden. Seit wann sollen nur die Sklavenschicht Patriotismus zeigen???
0_219424_190_3947549662518701375;0.0465;satisfied;skincare-first;peel;;pdrn-skincare;Lachs-DNA Microneedling.Warum eigentlich Lachs-DNA? 🧬 Lachs-DNA (PDRN) ähnelt der menschlichen DNA und unterstützt die natürliche Regeneration der Haut. In Kombination mit Microneedling kann sie optimal eingeschleust werden.#lachsdna #pdrn #microneedling #skinbooster #salmondna
0_218673_8_2017478137609703917;0.0465;enthusiastic;skincare-first;;;;"@DanielS23789727 @DerGanesha Neenee, wenn die Bohne „Arabica"" heißt, muss er auch aus Arabien kommen. So wie alle Wiener Würstchen aus Wien kommen und Zitronenfalter Zitronen 🍋 falten. Dochdoch."
0_218673_8_2028657132158046637;0.0466;enthusiastic;skincare-first;;;;"Wusstest du, dass Elefanten erstaunliche ""Fingerabdrücke"" haben? Jeder Elefant hat ein einzigartiges Muster an Falten und Rillen in seinem Rüssel! 🐘 Welche anderen tierischen Details würdest du gerne noch erforschen? #Tiermuster"
0_219424_9_33781093653889208;0.0467;enthusiastic;skincare-first;;;;Bei Ariel ist mehr Hyaluron als Inhalt vorhanden!😂😂😂😂😂😂😂
0_218673_126_t1_o0ck4ec;0.0467;satisfied;skincare-first;;;;Graue Haare bei Frauen. Stört es euch oder nicht? Graue Haare ist halt n Zeichen für Altern, genau wie Falten oder bei Männern Haarausfall.Macht einem jetzt nicht automatisch hässlich und undatebar, aber ich finde es einfach nur noch lächerlich, wie bei solchen Sachen immer getan wird, als ob es jet
0_219424_126_t1_op5lsua;0.0468;satisfied;skincare-first;fillers;;;Wie kann ich so ein Paint hinbekommen? Es gibt sogenannten Filler Primer, das ist Grundierspray, der layer lines zusätzlich ausfüllt. (Ganz verschwinden werden sie nicht.)
0_218673_9_yt.0ma92ieOaU8;0.0468;neutral;skincare-first;;;;BEWERTUNG (2026): verpacking Faltkartons 250x175x100 mm. Infos In diesem kurzen Überblick heben wir die Hauptattraktionen von verpacking Faltkartons 250x175x100 mm hervor.👉 Auf Amazon ansehen: https://www.amazon.de/dp/B01E74K72K/?tag=16w9h-20 (Affiliate-Link)Entdecken Sie die praktischen verpacking 
0_218673_126_t3_1q126x2;0.0469;neutral;procedure-open;price;;;Polarisierende Zuckerhebelgesetz und Plasmaglas Legierung statt Atommodell Die Quanten-Zucker-Plasma-Revolution: 5 verrückte Konzepte, die alles ändern könnten1. Spincode (-1/+1) - Das Ende von 0 und 1Statt Bits (0/1) nutzen wir Spin-Zustände (-1/+1). Warum? Weil:· Jede Stelle trägt Vorzeichen + Mag
0_218673_8_2079133623609889038;0.0469;disappointed;procedure-curious;;;;"""Wir wissen,sie lügen. Sie wissen, sie lügen. Sie wissen, dass wir wissen, sie lügen. Wir wissen, dass sie wissen, dass wir wissen, sie lügen. Und trotzdem lügen sie weiter.""Wer noch an die Glaubwürdigkeit dieser Politiker glaubt, glaubt auch, dass Zitronenfalter Zitronen falten. https://t.co/BC5DvN"
0_219424_126_t3_1u8kuyl;0.047;neutral;skincare-first;;;;Trans freundliche Kosmetikstudios in Berlin? Hellooo :) Die Frage richtet sich in erster Linie an alle trans sisters in und um Berlin.   Ich bin auf der Suche nach einem Kosmetikstudio, welches entweder bekannt trans freundlich oder wenigstens sensibilisiert ist. Im Vordergrund stehen bei mir die Au
0_218673_126_t1_om45ftp;0.047;advisory;skincare-first;;;;Haarfarben außerhalb der Norm Und ohne sichtbare Falten und Nähte. So dass es aussieht als sei man naggisch.
0_218673_9_yt.InmSZOrfoQ4;0.0471;disappointed;skincare-first;celebrity;;;Geld falten: Mach dein eigenes Mini-Sofa aus Geldscheinen #GeldFalten #Geschenkidee #OrigamiMoneyVideobeschreibung:Suchst du eine kreative Geldgeschenk-Idee? 💡💸In diesem Video zeige ich dir, wie du ganz einfach ein Sofa aus Geldscheinen falten kannst – perfekt für Geburtstage, Hochzeiten oder andere
0_218673_9_24562318653711324;0.0471;disappointed;skincare-first;pressure;;;Das Koka zerstört unsere gesamte Gesellschaft!!! Anders sind mir diese Zustände nicht erklärbar!!! Seht euch deren Augenringe an...das kommt vom Ausbeuten der Finanzmittel in deren eigenen Taschen in ihrer Amtszeit!!! Das hat nichts mit politischer Arbeit zu tun....😢😢
0_219424_126_t1_ocd91u1;0.0472;enthusiastic;procedure-open;fillers;;;Ich liebe Filler-Episoden von Serien Ja und Nein  der Großteil der Filler ist Schrottaber es gibt auch Filler, die definieren eine Serie bzw. einen Charakter oder auch den Schauspieler dahinterwenn der Autor eines solchen Fillers einen genialen Plot erdacht hatoder der Schauspieler seinen Charakter 
0_218673_9_yt.81o-hBMtjVA;0.0472;neutral;skincare-first;pressure;;;BEWERTUNG (2026): kartondealer Faltkartons 400x300x200 mm. Infos Denken Sie über kartondealer Faltkartons 400x300x200 mm nach? Dieses Video behandelt die wichtigsten Funktionen.👉 Auf Amazon ansehen: https://www.amazon.de/dp/B07Q9ZF672/?tag=16w9h-20 (Affiliate-Link)Entdecken Sie die kartondealer Falt
0_219424_190_3938344862389814937;0.0473;enthusiastic;procedure-curious;botox;;;"🪩DARK DAY DISCO - Tanze am Tag! Schlafe in der Nacht! 🫵 Sichere dir Tickets 🎫 https://kulttempel.ticket.io/UWyWb9AJ/ 🗓️ Sonntag, den 19.07.2026🕑 14:00 Uhr Einlass🕗 20:00 Uhr Ende🏛️ Kulttempel Oberhausen &amp; Old Daddy Club Loungehttps://www.facebook.com/share/1Ctm3pdrP4/?mibextid=wwXIfr•DARK DAY DI"
0_218673_8_2010572436480152023;0.0473;satisfied;procedure-curious;;;;Wer dachte, dass sich unter Friedrich Merz etwas ändern würde, der glaubt wohl auch noch, dass Zitronenfalter Zitronen falten. So in etwa könnte man die Überzeugungen der CDU-Parteibasis zusammenfassen. Oder? https://t.co/lOjdIlnJ69
0_218673_9_yt.yAt1cL5NTOs;0.0473;neutral;skincare-first;pressure;;;BEWERTUNG (2026): Netuno Quadratische Briefumschläge Perlmutt-Dunkel-Grau. Infos Begleiten Sie uns auf einer kurzen Tour durch Netuno Quadratische Briefumschläge Perlmutt-Dunkel-Grau.👉 Auf Amazon ansehen: https://www.amazon.de/dp/B0C7P9MF45/?tag=16w9h-20 (Affiliate-Link)Entdecken Sie die eleganten N
0_218673_9_yt.oaKp5cc1O4k;0.0474;advisory;skincare-first;pressure;;;Papierflieger Falten - Papierflieger Falten Der Weit Fliegt A4 Teil 60 - Bastelideen Easy Papierflieger Falten - Papierflieger Falten Der Weit Fliegt A4 Teil 60 - Bastelideen Easy. ✈️ Papierflieger Falten – Der Weitflieger mit A4 Blatt ✈️In diesem Video zeigen wir dir Schritt für Schritt das Papierf
0_221687_140_7637039291381583136;0.0474;satisfied;skincare-first;fillers;;;hoch-, nieder- und nanomolekulare Hyaluronsäure in hoher Konzentration, um die Haut intensiv mit Feuchtigkeit zu versorgen. Unterschiedliche Molekülgrößen ermöglichen eine Versorgung verschiedener Hautschichten — für mehr Glow, Spannkraft und Hautqualität. Ideal auch nach Faltenunterspritzungen oder
0_219424_126_t3_1qi4n0k;0.0475;advisory;skincare-first;laser,price;;;"""Thorium-Vakuum-Karamellisation – Molekulare Gastronomie 2.0"" Das Konzept: Interpretationsmöglichkeiten:1. Hochpräzise Karamellherstellung unter extremen Bedingungen· Problem: Herkömmliche Karamellisierung ist ungenau (180-200°C), verbrennt leicht· Lösung: Nutzung von Thorium-Reaktor-Abwärme in kont"
0_219424_9_42340785239131142;0.0476;disappointed;procedure-open;fillers;;;Der lustigste und unterhaltsamste Star Wars FilmIst ne Filler Folge und wenn man ihn nicht schaut hat man null verpasstFinde eher das S3 eher ein Film sein sollte mit dem Finale der Mandalorianer und Moff GideonDer Film ist schön und macht Spaß gibt aber nicht zu viel her also sehr klein gehalten un
0_218673_9_yt.Nyjpj2DuO14;0.0476;satisfied;skincare-first;pressure;;;Papierflieger Falten - Papierflieger Falten Der Weit Fliegt A4 Teil 61 - Bastelideen Easy Papierflieger Falten - Papierflieger Falten Der Weit Fliegt A4 Teil 61 - Bastelideen Easy.✈️ Papierflieger Falten – Der Weitflieger mit A4-Blatt ✈️In diesem Video zeigen wir dir Schritt für Schritt das Papierfl
0_218673_9_yt.7eRHfxjotvI;0.0476;neutral;procedure-open;;;;BEWERTUNG (2025): Covall XXL PE Plane 5x6m. Infos Erhalten Sie einen schnellen Überblick über die Kernfunktionen von Covall XXL PE Plane 5x6m.👉 Auf Amazon ansehen: https://www.amazon.de/dp/B0DSW5H59C/?tag=16w9h-20 (Affiliate-Link)Die Covall XXL PE Plane 5x6m bietet mit ihrer großzügigen Fläche von 3
0_219424_9_yt.APFx9MAoPiw;0.0478;enthusiastic;procedure-curious;;;;Kein Pilz! Die Wahrheit über diese mysteriöse rote Pflanze Willkommen bei MindFakten! 🌍Hier entdeckst du die faszinierendsten Geheimnisse aus Natur, Wissenschaft und Geschichte. Von mysteriösen Pflanzen bis hin zu unglaublichen Fakten – wir bringen dir Wissen in kurzen, spannenden Videos.👉 Abonniere
0_218673_126_t1_nw0vc71;0.0478;enthusiastic;procedure-curious;;;;Frohe Weihnachten 🎄🎄🎄 Drei falten für Marias Spalte XD
0_218673_8_2014619865881903268;0.0478;satisfied;skincare-first;pressure;;;"@Markus_Soeder Jesus, Maria und der Hl. Joseph obendrauf.Schlimm. Allerdings bringt diese Brille die Tränensäcke charmant zur Geltung.Das beeindruckt die bayerischen Mädels auf der Alm, oder?... Beuteschema?Vermutlich ein Erbstück vom Franz Joseph Strauß?Damit springen die ""Wellen"" über."
0_218673_9_50979403247931835;0.0478;disappointed;procedure-open;;;;Die Altparteien sind inzwischen lange tot, diesen Mist bitte auf den Misthaufen der Geschichte!!! Wer heute noch glaubt die Altparteien werde jemals wieder für uns Deutsche sein, der glaubt auch, das Zitronenfalter Zitronen falten. :)
0_218673_8_2049532333590520159;0.0479;satisfied;procedure-curious;;;;@KilianLoeser @DerMika133 Genau, und alle Abgeordneten erzielen ihre Nebeneinkünfte auf diese Weise, komplett ohne Zeiteinsatz… Sie glauben auch dass Zitronenfalter Zitronen falten…
0_218673_9_16262667487347467;0.048;satisfied;skincare-first;;;;​@@Habakuk_ Du glaubst wahrscheinlich auch der König hätte im vereinigten Königreich das Sagen, oder? Zitronenfalter falten übrigens auch Zitronen.
0_218673_9_32332923487358738;0.048;disappointed;procedure-open;;;;och...nee?doch....! was wird dabei wohl rauskommen....das die Krähen sich jetzt selber zerhacken????? Die Clan Scheffin hat schon einen Ausweg....haben zu viele mit verdient...und tun es immer noch! wer an sowas glaubt der denkt auch das Zitronenfalter...Zitronen falten.....
0_218673_126_t1_n6kf7jd;0.0481;advisory;skincare-first;;;;Was müsste ein Küchenroboter können, damit du ihn nutzen würdest? Wäsche waschen, ausräumen, bügelb, falten und einsortieren. Ich hasse es
0_218673_9_7780194960119375;0.0482;neutral;procedure-curious;;;;"@Alex83Puppi Das eine ist die Höhe, das Andere die Grundfläche. Bei jeden mal ""perfekten"" Falten verdoppelt sich die Anzahl der Schichten und damit die Höhe, während sich die Grundfläche halbiert. Nach n mal falten hat man 2 ⁿ Schichten, also bei 42 mal 2 ⁴² = 4.398 Billionen. Nimmt man die von ihm "
0_218673_15_43107563063851415;0.0484;disappointed;procedure-curious;;microcurrent;;Streit um geplante London-Reise des Wandteppichs von Bayeux 24.000 Flecken, fast 10.000 fehlende Stellen, dutzende Risse: Der legendäre Wandteppich von Bayeux ist ein Meisterwerk des Mittelalters – und extrem zerbrechlich. Dennoch soll das über 950 Jahre alte Kunstwerk Frankreich verlassen und im Br
0_218673_126_t1_nxkuje5;0.0484;disappointed;procedure-open;;;;Nufenen Pass in the Swiss Alps - Switzerland 🇨🇭 Sieht aus, als hätte die Schweiz beschlossen, eine Straße wie ein Taschenmesser zu falten: präzise Kurven, keine überflüssigen Teile und mit Aussichtsgarantie.
0_218673_9_32975484758524593;0.0484;enthusiastic;skincare-first;;;;Er sieht irgendwie sehr alt aus...extrem dünnes Haar😂Dazu Augenringe des Todes😂
0_218673_126_t3_1ta82gy;0.0484;neutral;skincare-first;price;;;Tefal Dampfbügeleisen Ultimate Pure, 3200 W, 1,2 kg, Micro-Calc-Filter, Durilium Airglide Autoclean-Bügelsohle, automatische Abschaltung, 0,35 Liter W... -29 % 77,90 € Leistungsstarkes Bügeln: Glätten Sie auch hartnäckige Falten schnell und spielend leicht dank der kraftvollen Dampfleistung (variabl
0_218673_9_55051589145351253;0.0484;disappointed;procedure-curious;;;;Werter Herr Chrupalla. Es tut mir leid Ihnen mitteilen zu müssen, dass die Nationalsozialisten KEINE Sozialisten per Definition waren. Es tut mir außerdem leid Ihnen mitzuteilen, dass die Deutsche, demokratische Republik KEINE Demokratie per Definition war. Sollten Sie glauben, dass Zitronenfalter Z
0_218673_126_t1_njys0r0;0.0485;enthusiastic;skincare-first;;;;Ich bin doch einfach nur ungeschminkt Weiß nicht, was OP genau trägt aber eigentlich sollte eine getönte Tagescreme nur Pigmentflecken und Unebenmäßigkeiten kaschieren. Eine andere Hautfarbe/Hautton sollte (!) man davon nicht haben.
0_218673_9_37820169559458073;0.0485;satisfied;skincare-first;;;;Wer das glaubt, glaubt auch, dass Zitronenfalter Zitronen falten 😂😂😂😂😂😂😂😂😂
0_218673_126_t1_ow7wf87;0.0485;disappointed;skincare-first;;;;Why does no one wear shorts? Jedem Tierchen sein Pläsierchen.Deutsche sind spiessig und festgefahren in ihren anerzogenen Werten.  Ordentlich ….dazu gehören Shorts nicht.😊Shorts sind noch verpönt, da es früher Männer gab die darüber ein Feinstrick-Unterhemd , Goldkette und braune Ledersandalen truge
0_218673_9_yt.n7JPxBzXOvs;0.0486;enthusiastic;procedure-curious;;;;00047Schnelle und SAFTIGE BRÖTCHEN aus Lavash-Brot – Nur 15 MINUTEN! 🥖✨ Hallo meine lieben Bäcker und Küchenfeen! 👋 Heute zeige ich euch, wie ihr ganz einfach und schnell saftige und unglaublich leckere Brötchen aus Lavash-Brot zubereiten könnt! 🥖✨ Diese Brötchen sind perfekt für ein schnelles Frühs
0_219384_8_1978483146342433065;0.0486;neutral;skincare-first;laser;;;Kapitel 1: Der süße SchluckHamburg, 1999. Luisas Wohnung – ein verfallener Unterschlupf im Herzen des Rotlichts, wo die Samtvorhänge in Fetzen hängen und der Geruch von Moder mit billigem Parfum kämpft. Die Wände sind rissig, ein flackerndes Neonlicht von draußen zeichnet Schatten wie Krallen auf de
0_221687_26_1398979498902842;0.0486;disappointed;skincare-first;spf;;hyaluronic-acid;Was ist eigentlich Sodium Hyaluronate? 🤔Sodium Hyaluronate ist die Salzform der Hyaluronsäure – ein natürlicher, körpereigener Stoff, der unser Bindegewebe stärkt und die Feuchtigkeitsdepots der Haut auffüllt. 💧Je nach Molekularstruktur wirkt es auf unterschiedlichen Hautschichten:✨ Hochmolekulare H
0_221687_190_3870681432326762865;0.0486;advisory;skincare-first;;;;Strahlende Haut beginnt mit intensiver Feuchtigkeit. 💧✨ Das Bio-Lyne Hydration Serum versorgt deine Haut tiefenwirksam mit Hyaluronsäure, polstert sie sichtbar auf und verleiht ihr diesen frischen, natürlichen Glow.Für ein glattes, ebenmäßiges Hautbild – strahlend wie Glas. Die perfekte Basis für de
0_218673_126_t1_nhjz5jd;0.0487;satisfied;procedure-open;;;;Ich🇩🇪iel Hmm Ostalgie und falten gehen statt wählen. Die DDR war ja auch berühmt für ihre Aufarbeitung des dritten Reiches und Hoyerswerda liegt ja schliesslich auch in Westdeutschland. Danke du Geisterfahrer.
0_218673_9_36377880209511052;0.0487;advisory;procedure-curious;;;;Hey pass lieber auf bis wo sie sich verletzen soll ja besser weil sonst müssen ins Krankenhaus und das will ich nicht weil ich mache Videos Liebe ja ehrlich zu falten also ihr beide das zusammen habt wieso spricht dann andermal und den sieht man nicht im Video so zur Hölle wer seid ihr überhaupt ich
0_218673_9_yt.hGDhBXMvHcA;0.0487;enthusiastic;skincare-first;pressure;;;BEWERTUNG (2026): JACOBSON Premium Spannbettlaken Royal Lila. Infos In diesem kurzen Überblick heben wir die Hauptattraktionen von JACOBSON Premium Spannbettlaken Royal Lila hervor.👉 Auf Amazon ansehen: https://www.amazon.de/dp/B08R2SK2H3/?tag=16w9h-20 (Affiliate-Link)Das JACOBSON Premium Spannbettl
0_218673_9_16896842328362700;0.0488;satisfied;procedure-open;pressure;;;Ich sah vor Jahren im Fortschritlichen Landwirt, (eine Zeitung) die das befüllen der großen Tracktor Reifen mit Wasser und Luft erklärt Um mehr Auflagefläche zum Boden zu erreichen. Bessere Traktion zu erreichen. Der Luftdruck wird reduziert und damit der Reifen keine Falten schlägt, mit Wasser sowe
0_218673_126_t1_omxo7zw;0.0488;disappointed;skincare-first;;;;No age-shaming - aber was ist mit seinem Hals passiert? Das kommt doch nicht nur vom schlaffe Haut haben, oder? Habe mir gerade andere Fotos angesehen... Scheinbar hat er schon seit etlichen Jahren einfach einen richtig dicken Hals.
0_219424_9_31130953319828068;0.0489;disappointed;procedure-curious;fillers;;;@IchrockTnundLacosteja fand es war einfach wie ein filler Film
0_219424_9_19975687083887870;0.0489;satisfied;procedure-curious;botox,pressure;;;Im Prinzip Diktatur. Eine Diktatur, die sich einen freiheitlich modernen Anstrich gibt. Perfiderweise indem sie dir tatsächlich auch Freiheiten lässt, die insbesondere für einen moslemischen Staat besonders fortschrittlich und ausgesprochen tolerant wirken..! So dürfen bspw auch Frauen Autofahren, d
0_218673_9_32052519600513426;0.0489;satisfied;skincare-first;;;;Baugleich ist Gans anders und Zitronenfalter falten Zitronen....
0_218673_9_yt.HYHpeOj7rzI;0.0489;advisory;procedure-curious;;;;Origami Nashorn Basteln | Papiernashorn einfach falten | Origami Tiere Anleitung In diesem Video zeige ich eine ausführliche Schritt-für-Schritt-Anleitung zum Origami Nashorn Basteln, perfekt für alle, die Origami Tiere falten, kreative Bastelideen ausprobieren oder ein leichtes Papiernashorn für Sc
0_218673_126_t1_o2mmd4h;0.0489;satisfied;skincare-first;;;;Wo gibt es die besten Gyoza in Wien? Ich find die vegetarischen gyoza bei shoyu pan/shoyu ramen soo gut, auch wenn sie nicht so nach gyoza aussehen (die falten fehlen, das sind eher halbmonde)
0_219424_126_t1_ov3vywx;0.049;enthusiastic;skincare-first;fillers;;;Least Favorite Characters? Zählen filler Charaktere?
0_218673_9_51224493442696749;0.049;enthusiastic;skincare-first;;;;Madden26 🎉 die Grafik ist ja mal strange. Siehe Cam Wards Shirt das extrem merkwürdig seine Falten generiert :D Ich freu mich auf die Season und Entwicklung der Titans
0_218673_126_t1_o7v1pdw;0.0491;satisfied;skincare-first;;;;"Fresh From the Mold: Our New BBW Silicone Torso Doll Ich finde Puppen die als „BBW"" gekennzeichnet sind mittlerweile viel besser als andere. Sie sind nicht wirklich Dick aber sehen einfach natürlicher/echter aus. Ja der Bauch könnte noch etwas dicker oder mehr Falten. Ich hoffe es gibt auch eine dun"
0_218673_126_t1_n97tykp;0.0492;satisfied;skincare-first;;;;"Was hat meine Kadse? Das haben alle Katzen da, ist Teil der Lippe unter den Fangzähnen. Sieht geschwollen aus, ist aber normal.  Hab jetzt grad extra noch mal bei 2 von meinen Katzen, die grad greifbar waren, geguckt. Das sieht aus wie ein ovales ""Bläschen"", und ist wie gesagt normal. Ich denke, die"
0_218673_9_63012230834958837;0.0492;satisfied;skincare-first;;;;Andere haben Tattoos -i c h  habe  natürliche falten .
0_219424_26_1345938804332060;0.0493;enthusiastic;skincare-first;fillers;;;🎱 In Malaysia und den USA: Veronika Halliday und Pia Filler auf Erfolgskurs 💪🇩🇪Veronika Halliday und Pia Filler zeigen bei den WPA Heyball Champion of Champions in Kuala Lumpur sowie der WPA Women's 8-Ball World Championship in Green Bay bislang starke Leistungen. Halliday hat das Achtelfinale errei
0_218673_9_18488197817947096;0.0493;disappointed;skincare-first;;;;die satanische verse die existieren und allah es ungeschehen gemacht hat und trotzdem es weiterhin gibt 😂 al-uzza, al-lat, manat die drei kraniche allahs. ich hab da bisschen nachgeforscht und bin in irgendwelche indische religionsgeschichten abgedriftet mit den drei töchtern. ursprung der polytheis
0_218673_8_2031109330825535613;0.0494;advisory;procedure-curious;;;;"Gefährlicher Eingriff in Straßenverkehr: Autoreifen durch „Krähenfüße"" in Naumburg beschädigt - Polizei hofft auf Hinweise https://t.co/B04DUEbVPX https://t.co/h6RJkGoCzi"
0_218673_8_2019140147204517897;0.0495;disappointed;procedure-curious;;;;@U71pb so kann man sich natürlich jedes totalitäre system schön redenwer glaubt, dass zitronenfalter zitronen falten, glaubt vermutlich auch das geschwafel von rechtsstaatlichkeit im zusammenhang mit unrechtsurteilen
0_218673_9_yt.N41U76OGIwk;0.0495;neutral;skincare-first;;;sod;BEWERTUNG (2026): Midea Wärmepumpentrockner 8 kg. Infos Wir behandeln schnell die wichtigsten Details von Midea Wärmepumpentrockner 8 kg.👉 Auf Amazon ansehen: https://www.amazon.de/dp/B0DTHQNB1J/?tag=16w9h-20 (Affiliate-Link)Entdecken Sie den Midea Wärmepumpentrockner mit einem Fassungsvermögen von 
0_218673_8_2048113578016747734;0.0495;disappointed;skincare-first;;;;@HanneloreWort3 @KreuzAcht @p_wolli Zitronenfalter falten Zitronen, Nordkorea ist demokratisch weil es heißt DEMOKRATISCHE Volksrepublik Korea und Kinderschokolade enthält echte Kinder. Nur eine Frage, für wie dumm wollen sie kluge Menschen halten?
0_218673_9_yt.H9lV68x2v6k;0.0496;advisory;skincare-first;pressure;;;Papierflieger Falten - Papierflieger Falten Der Weit Fliegt A4 Teil 78 - Bastelideen Easy Papierflieger Falten - Papierflieger Falten Der Weit Fliegt A4 Teil 78 - Bastelideen Easy. ✈️ Papierflieger Falten – Der Weitflieger mit A4-Blatt ✈️Du suchst eine einfache Anleitung zum Papierflieger Falten? In
0_218673_9_yt.-28qfaZrEhE;0.0496;enthusiastic;skincare-first;;;;BEWERTUNG (2025): Beko Wärmepumpentrockner BM3T37240W. Infos Werfen Sie einen schnellen Blick auf die Hauptmerkmale von Beko Wärmepumpentrockner BM3T37240W.👉 Auf Amazon ansehen: https://www.amazon.de/dp/B0F84F1P21/?tag=16w9h-20 (Affiliate-Link)Erleben Sie den Beko Wärmepumpentrockner BM3T37240W, der
0_218673_15_49704587100607676;0.0496;enthusiastic;procedure-curious;price,spf;;;Gardinenstangen als Designelement: So verändern sie den ganzen Raum Ich liebe es, wenn ein Raum durch kleine Details komplett verwandelt wird! Gardinenstangen gehören zu diesen unterschätzten Elementen der Inneneinrichtung, die viel mehr können als nur Vorhänge zu halten. Sie prägen die gesamte Raum
0_218673_126_t1_o4f8yhz;0.0496;disappointed;procedure-curious;price;;;Suche günstigere/ähnliche Hose Die ist zu kurz für ne lange Hose und zu lang für ne kurze Hose. Die hat ja mal einen minus break. Aber generell ist das eine High Waist Bundfaltenhose. Normalerweise willst du für sowas einen schweren Stoff damit das glatt nach unten fällt und sich nicht so viele unge
0_218673_8_2046578679799570778;0.0496;disappointed;procedure-curious;;;;Er dreht dennoch die Lehre Jesus komplett um, in dem er die 10 Gebote dem Glaube an Jesus unterordnet. Dabei hat Jesus eben genau das Gegenteil davon gelehrt. Laut Paulus ist das Handeln nach den 10 Geboten eine Folge des Glaubens an Jesus. Laut Jesus ist es aber eindeutig das Handeln nach den 10 Ge
0_218673_9_63224481034117991;0.0497;enthusiastic;skincare-first;;;;Sie ist wie ein Engel mit ein bisschen Falten❤
0_218673_9_26352547395213824;0.0497;enthusiastic;procedure-curious;;;;""" Die vers........ Augenringe !!! Wahnsinn !!! """
0_218673_8_2024244392454680887;0.0498;disappointed;skincare-first;;;;@0_7_user Zitronenfalter falten Zitronen.
0_218673_9_yt.-vhCFzjNtWA;0.0499;neutral;procedure-open;;;;"„Verwechseljahre"" von Hera Lind · Hörbuchauszug BEI GOOGLE PLAY BÜCHER KAUFEN ►► https://g.co/booksYT/AQAAAEB87kOuLMVerwechseljahreVerfasst von: Hera LindVorgelesen von Doris WoltersGekürzt0:00 Intro0:03 Kapitel 15:03 Outro#heralind #verwechseljahre—GOOGLE PLAY BÜCHERBei Google Play Bücher findest d"
0_218673_8_2026528780504740290;0.05;satisfied;procedure-curious;;;;@MaDeOHV Du glaubst auch, dass die Erde eine Scheibe ist und Zitronenfalter Zitronen falten!
0_218673_9_32445978653737608;0.0501;enthusiastic;skincare-first;;;;"„✈ Wie weit fliegt dein Papierflieger? 🚀 Schreib es unten in die Kommentare! Wenn dir das Papierflieger Falten gefallen hat, gib dem Video ein 👍 und abonniere den Kanal für mehr kreative Bastelideen mit Papier!"""
0_218673_15_53271090237431496;0.0501;enthusiastic;procedure-curious;laser,price,pressure;laser;;Wie Venusfliegenfallen Flugzeugflügel besser machen Die fleischfressende Venusfliegenfalle ist eine Meisterin in blitzschnellem Zuschnappen und wieder Auffalten. Dafür nutzt sie einen ausgetüftelten Mechanismus, den zwei Ingenieure nun für effizientere Flugzeuge nutzen wollen. Die wohl berühmteste f
0_218673_126_t3_1rbjf61;0.0502;satisfied;skincare-first;;;;Dinkelbrot mit Kochstück im Topf 🍞❤️ Zusammensetzung:Kochstück: 30 g Dinkelmehl (Vollkorn) + 160 g Wasser (unter Rühren aufgekocht, auskühlen lassen).Sauerteig-Starter: 100 g Dinkel-Vollkorn-Anstellgut (flüssig geführt, ca. 10 Stunden bei Raumtemperatur gereift).Hauptteig-Mehle: 250 g Dinkel 1050, 1
0_218673_9_22755242676523606;0.0502;disappointed;skincare-first;;;;"Wer gedacht hat, das Geld, das der Bürger sich aus dem Arsch gezogen hat, würde für "" Vernüftiges"" ausgegeben werden glaubt auch , Zitronenfalter würden Zitronen falten.."
0_218673_9_5707951843148744;0.0502;satisfied;procedure-curious;;;;Wer glaubt, dass man die Bürger und die Wirtschaft weiter auspressen und dadurch einen nicht nur kurzfristigen Mehrwert erzielt, glaubt auch, daß  Zitronenfalter die Zitronen falten.
0_218673_9_25421093843244808;0.0503;enthusiastic;procedure-curious;;;;Liebe Gaudi, lieben dank , das Video war sejr informativ. 😊hat mir sejr gut gefallen .Ich werde im März 65 jahre . Und was soll ich sagen es schätzen mich zwar viele jünger 😂, aber auch neine falten kommen 😢, Mund Winkel, Stirn falten , Hals und Dekolleté.  Aber so ist es halt. Ich liebe es mich mor
0_218673_8_2049906326159905024;0.0503;satisfied;skincare-first;;;;@RalfJarren Joa und wer glaubt, dass Linksnazis schlau sind, der glaubt auch, dass Zitronenfalter Zitronen falten.
0_219424_126_t1_o8ombcn;0.0505;disappointed;procedure-open;fillers;;;"Jaclyn Hill Dissolves Filler After Discovering ""Bulge"" in Her Face MAKEUP BAAAGGGGG"
0_218673_9_39032616573983124;0.0506;satisfied;skincare-first;;;;Die Grünen glauben bestimmt auch, daß Zitronenfalter Zitronen falten!
0_218673_15_34097765187080224;0.0506;satisfied;procedure-open;price,pressure;microcurrent;;"Southern Cross Gold verstärkt Kontinuität auf Rising Sun Southern Cross Gold Consolidated Ltd („SXGC"", „SX2"" oder das „Unternehmen"") (- https://www.commodity-tv.com/… -) (TSX:SXGC) (ASX:SX2) (OTCQX:SXGCF) (Frankfurt: MV3.F) gibt die Ergebnisse von fünf Diamantbohrlöchern aus dem Rising Sun-Prospekt "
0_218673_8_2017566824431255926;0.0507;enthusiastic;procedure-curious;;;;@ChrisEbner_CFU @EggenRenate @Kosak_Daniel und Zitronenfalter falten Zitronen https://t.co/20I7KCvQHZ
0_218673_126_t1_oc1xp1h;0.0507;disappointed;procedure-curious;;;;"Zukunft der Sozialdemokratie: Kann es das geben: ein Deutschland ohne Sozialdemokratie? Huh? Haben wir denn irgendwo ""Sozialdemokraten""?  Ich sehe immer sPD-ler, die heißen zwar so, falten aber keine Zitronen..."
0_218673_9_57969603599386985;0.0507;satisfied;procedure-curious;;;;"Wer noch an „ehrliche"" Wahlen glaubt - der glaubt auch, daß Zitronenfalter Zitronen falten. Die machen sich die Welt, wie sie ihnen gefällt"
0_218673_126_t1_ox4j59p;0.0507;enthusiastic;procedure-curious;;;;I folded my brother 1000 cranes for Christmas, I hope his wish comes true! was ist das Volumen des Glas ? bin auch gerade dabei 1000 zu falten
0_218673_9_67671022080021397;0.0508;enthusiastic;skincare-first;;;;"„✈ Wie weit fliegt dein Papierflieger? 🚀 Schreib es unten in die Kommentare! Wenn dir das Papierflieger Falten gefallen hat, gib dem Video ein 👍 und abonniere den Kanal für mehr einfache Bastelideen mit Papier!"""
0_218673_126_t1_o1gvqjj;0.0508;satisfied;skincare-first;;;;Mein Hausbrot Die genauen Mehlsorten sind nicht so wichtig. Nimm einfach mal 600g 550 und 400g Roggen 1150. Misch die Mehle.1. Stufe: 20g Anstellgut (Roggen oder Weizen, egal) 100g Roggenmehle und 80g laues Wasser zimmerwarm 24h zur Gare stellen. Wenn das aktiv ist, mit 300g der Mehlmischung und 200
0_218673_8_2040326102384628107;0.0508;disappointed;procedure-curious;pressure;;;"@Maddo1976 @E_Boeminghaus Wer glaubt, dass es bei dieser Wohnungsbaugesellschaft primär um den Bau von Wohnung geht, der glaubt auch, dass Zitronenfalter Zitronen falten. Es liegt nicht an fehlenden „Gesellschaften"", dass in Deutschland viel zu wenig gebaut wird!https://t.co/5qsbInUY4R https://t.co/"
0_218673_9_53064430563274097;0.0509;disappointed;procedure-open;price;;;... und wenn die Verbrenner dann alle weg sind, also die Melkkuh der Nation, holt sich der Staat das Geld bei den Stromern. An  vielen Ladesäulen kostet, umgerechnet auf 100km, der Strom jetzt schon mehr als Benzin oder Diesel. Auch wird es irgendwann nicht mehr erlaubt sein das E-Auto einfach an de
0_218673_126_t1_nnaku17;0.0509;advisory;procedure-open;;;;I'm unable to play MW3 disc version, what can I do? Same, alles versucht nix klappt. Im Store wird mir nur crossgen angezeigt und wenn ich Download Drücker kommt irgendein affiger Fehlercode. Bin kurz davor die CD's zum Papierflieger zu falten.
0_218673_9_52091662229438168;0.0509;enthusiastic;procedure-curious;;;;Das denke ich auch. Voller Freude sehe ich all diese friedlichen Menschen, die still ihre Hände falten, die Geschenke dabei haben, und die sich nicht schämen, ihre Gefühle zu zeigen.Fantastisch. Das ist das Amerika, welches wir kennen, und nicht das grausame und von Hass durchtränkte.Gute und sicher
0_218673_126_t1_ogbdweh;0.0509;disappointed;skincare-first;;;;Politisch korrekte Sprache degradiert Minderheiten hat nichts mit der sache zu tun, aber ich lieb die vorstellung dass zitronenfalter zitronen falten.
0_218673_126_t1_n6p6qlq;0.051;satisfied;skincare-first;;;;LTB📘iel Und Zitronenfalter falten keine Zitronen
0_221687_140_7631838449951132960;0.051;advisory;skincare-first;;;;Je nach Größe und Struktur wirkt Hyaluron unterschiedlich in der Haut. Von oberflächlicher Feuchtigkeit bis hin zu tieferer Hydration. Und selbst der beste Wirkstoff braucht die richtige Basis, damit Feuchtigkeit auch wirklich gehalten werden kann. #hyaluronicacid #welcomepadme #hyaluron #wirkstoffk
0_218673_126_t1_nhvh9ju;0.0511;satisfied;procedure-curious;;;;Deutschland zuerst Das wird bei allen englischen Muttersprachlern, die der deutschen Sprache nicht mächtig sind, aber reichlich Falten auf die Stirn zaubern.
0_218673_9_yt.8eDqqVTJ4QI;0.0511;satisfied;skincare-first;;;;"Papierflieger Falten - Papierflieger Falten Der Weit Fliegt A4 Teil 112 -   Bastelideen Easy Papierflieger Falten - Papierflieger Falten Der Weit Fliegt A4 Teil 112 -   Bastelideen Easy.""Bastelideen Easy"" ist ein Kanal, der sich rund um Bastelthemen dreht: Papier, Bastelideen, Selbstgemachtes, ... m"
0_218673_9_9891522333122039;0.0511;enthusiastic;procedure-curious;;;;Welcher Vulkan schlägt Falten? Was ein total dummer Kommentar. 😂😂😂😂
0_218673_9_34688763409496011;0.0511;satisfied;procedure-curious;;;;​@McMurdo78-r5xim Sozialismus mehr Freiheit , mehr Wohlstand, mehr Demokratie 😂😂 wer das glaubt , glaubt auch , dass Zitronenfalter Zitronen falten.
0_219424_9_yt.6A7X5XzI_78;0.0512;enthusiastic;procedure-curious;fillers,price,celebrity;;;Die deutsche Kirche auf einem Holzweg I Vatikan Aktuell I mit Pfarrer Ulrich Filler In der Sendung Vatikan Aktuell beleuchtet die Chefredaktion des Vatikan Magazins aktuelle Entwicklungen aus dem Pontifikat von Leo XIV. Heute spricht Bernhard Müller mit Pfarrer Ulrich Filler über das aktuelle Gesche
0_218673_126_t1_n9k8101;0.0512;neutral;procedure-curious;;;;Bietet die VHS Russischkurse an? Nur weil der Durchschnittsmann stärker ist als die Durchschnittsfrau heißt es nicht das es nicht Frauen gibt die denn nicht zusammen falten können.
0_218673_126_t1_nqca0xu;0.0512;satisfied;procedure-open;;;;Sommerräder vertikal lagern? Luft rauslassen und zusammen falten
0_218673_126_t1_nqcqszi;0.0512;disappointed;skincare-first;price;;;Was zum fick sind das für Preise?? Ja, alles in ein großes Paket. Dann wird es in der Regel günstiger pro Kilo. Außerdem bei den Schuhen entweder den Schuhkarton entfernen lassen oder (wenn Lovegobuy das anbietet), den Schuhkarton falten lassen, falls du ihn gerne hättest. So wie jetzt, verschicken 
0_218673_126_t3_1r3nme1;0.0512;neutral;skincare-first;;;;"Pane di Altamura Lievito Madre TA170:100g Semola rimacinata70g Wasserr (38°C)10g Anstellgut20 Stunden / 24°CEndteig:500g Semola rimacinata400g Wasser (26°C)180g Lievito Madre13g SalzKneten: Griletta (2min mischen, 8min, Stufe 4, 1min Stufe 10)Stockgare: 3 Stunden / 24°C)Dehnen &amp; Falten (Coil Fol"
0_218673_15_55839777314548236;0.0512;neutral;procedure-open;price;;;Samduo will Heimspeicher wohnzimmertauglicher machen Während in München aktuell die Intersolar Europe läuft und zahlreiche Hersteller neue Lösungen für Solarenergie, Speicher und intelligentes Energiemanagement vorstellen, bringt auch Samduo seine Nex-Serie nach Europa. Der Anbieter für intelligente
0_221687_140_7563694277516184854;0.0513;advisory;skincare-first;fillers;;;Entdecke die Hyaluron-Seren von Dubben beauty Hyaluron ist ein wesentlicher Bestandteil des Bindegewebes und verleiht der Haut Spannkraft, Elastizität und Feuchtigkeit. Es polstert Falten von innen heraus auf, glättet die Haut und wirkt gegen die ersten Zeichen der Hautalterung. Dabei versorgt es di
0_221687_140_7637451155110366497;0.0513;advisory;skincare-first;;;;"NEW IN: AQUA INTENSE Electrolyte Hyaluron Gel mit Elektrolyt-Komplex &amp; patentierter* Hyaluron-Technologie für einen sofortigen Hydration-Boost 💧 #asambeauty #aquaintense #hydrationboost #glowingskin  *EP2014278 (D, F, GB)"
0_218673_15_19210528677933984;0.0514;disappointed;skincare-first;pressure;;;10 Weihnachts-Faltkarten als Download zum Ausmalen und Ausschneiden Entdecke in diesem Artikel einen Download mit zehn Weihnachtskarten zum Ausdrucken, Ausmalen, Ausschneiden und Falten. So versteckt sich ein netter Gruß zu Weihnachten und dem Jahresende hinter einem von zehn weihnachtlichen Motiven
0_218673_9_48860459767212931;0.0514;satisfied;skincare-first;;;;​@saschaliebig6499na aber das hardtop bei diesem Modell kann man weder elektrisch öffnen noch falten.Doch das wissen sie....glaube ich....
0_218673_126_t3_1nlz1u5;0.0515;disappointed;skincare-first;;;;"Biffy Clyro - Futique Biffy Clyro - Futique\Wie aufregend ist eine Stadionrock-Band auf ihrem zehnten Album? Eigentlich gemein, diese Fangfrage bei Biffy Clyro zu nutzen - aber ""Futique"" verbirgt keine Falten. Das ist bei Weitem nicht die ganze Zeit schlecht.\\Nach dem experimentierfreudigen Doppela"
0_218673_9_26683073060237251;0.0515;satisfied;skincare-first;;;;Wers glaubt, (wird selig) glaubt auch, daß Zitronenfalter Zitronen falten.
0_219424_126_t1_o4zxn41;0.0516;neutral;procedure-curious;fillers;;;Private Radiosender beginnen damit, KI-generierte Musik zu spielen. Wenn auch als Unterhaltungswert deklariert, spielen ökonomische Interessen eine Rolle. Wir sind inzwischen bei der gelegentlichen Boys Runde zurück im Jahr 2018 angekommen, suchen Nebenfilme, Asia, Ausland, alles über 6.5/10 die wir
0_218673_8_2048366014706966884;0.0516;disappointed;procedure-curious;;;;@BjornRoh_1 @GaborToldi1 @mel__aura Du hast immernoch keine Ahnung was links ist. Oder grün. Wir behämmert muss man sein die DDR als linksgrün zu betiteln? Ist für dich die Nationalsozialistische Deutsche Arbeiterpartei auch lunks gewesen, weil da sozialistisch auf dem Etikett steht? Falten Zitronen
0_218673_9_yt.Z5HEeHbfdpM;0.0517;enthusiastic;skincare-first;pressure;;;"👉 Dieser Frosch springt wirklich! 🐸😳 In diesem Video zeige ich dir, wie du einen lustigen Spring-Frosch aus Papier basteln kannst – und ja, er kann wirklich hüpfen! 😄🐸 Einfach falten, drücken… und LOS SPRINGEN!Dieses DIY ist perfekt für Kinder und fördert:• Feinmotorik &amp; Fingerkoordination• Konz"
0_218673_9_17724181857213384;0.0518;disappointed;procedure-curious;price;;;Sie müssen sich schonen, liebe Karolina. So viel Sorgen macht viel Falten und so viel Hilfe für ein Korruptes Land wie ein Fass ohne Boden macht noch sehr schnell arm. Es gibt viele Kriege in unserer Welt, wir müssen allen helfen mit Waffen Lieferung. Also Sie müssen weiter genau so fleißig arbeiten
0_218673_9_38968372322520596;0.0518;enthusiastic;skincare-first;;;;Ariel glaubt auch das Zitronen Falter Zitronen falten!!!
0_218673_9_11153634853209106;0.0518;disappointed;procedure-curious;;;;Die Falten sind komplett anders. Abgesehen von so vielen anderen Gesichtszügen. Das Verhalten, die Persönlichkeit, das Lachen ist komplett anders. Das ist ganz klar, dass er es nicht ist. Das sind 2 komplett unterschiedliche Leute.
0_218673_9_yt.Z5uXSFe74Xg;0.0519;advisory;skincare-first;pressure;;;BEWERTUNG (2025): Philips Dampfbügeleisen DST5030/80. WESENTLICHE Einzelheiten In diesem kurzen Überblick heben wir die Hauptattraktionen von Philips Dampfbügeleisen DST5030/80 hervor.👉 Auf Amazon ansehen: https://www.amazon.de/dp/B08TJ1Z1NP/?tag=16w9h-20 (Affiliate-Link)Entdecken Sie das Philips Da
0_218673_9_55431633555013499;0.0519;disappointed;procedure-curious;;;;Das ist gar nicht offensichtlich, denn Nutt Los ist nicht einmal links und zudem verachtet er Sozialisten.Und zu dem zweiten Part: Wie jeder weiß falsch. Außerdem falten Zitronenfalter natürlich Zitronen und die DDR war demokratisch.Was DU für einer bist ist übrigens sehr viel offensichtlicher.
0_218673_9_yt.UDTf6KDchqU;0.0519;disappointed;procedure-curious;;;;So-Phia Gemeinsam nachhaltig sein liest SophiaAuf einer Packung Butter Sie nimmt die Butter und legt sie in den EinkaufswagenWenn sie Zuhause ist wird sie einer romangestaltAus einem Stephen King Roman schreiben Das geht nun schon seit vierzehn WochenUnd sie hat keine Idee wie sie das beenden könnte
0_218673_9_43527457367740672;0.052;neutral;procedure-curious;;;;in der regel lässt sich papier nur 7-9 mal falten.. aber bei 0,1mm wären es 219.000 km - etwas mehr als die hälfte der strecke bis zum Mond
0_218673_9_36840087563894295;0.052;satisfied;skincare-first;;;;jaja.....der Trumpel geht auch selber an die Tür und holt sein Fraß ab.... und da ist zufällig auch eine Kamera da... und dann noch eine PK ......wer das glaubt ...glaubt auch das Zitronenfalter, Zitonen falten ......
0_218673_8_2045053606454317545;0.0521;disappointed;skincare-first;;;;@realityloop23 komisch alle LINKEN haben Falten
0_218673_9_56111186815941889;0.0522;disappointed;procedure-curious;;;;Sie scheint wirklich kein Geld  zu haben denn sie sieht ja so alt aus, so voller Falten. Vielleicht  sollte sie mal arbeiten für Geld. Tun andere auch.
0_218673_8_2078912226983845923;0.0522;neutral;procedure-curious;price;;;@HannoKlausmeier Durchschnittlicher Preis pro kWh 30-35 vs. 20-23Cent.Verblendete Gründödel einfach mal Kresse falten.🖕
0_218673_9_3989218476352778;0.0523;satisfied;skincare-first;;;;Wer das glaubt , glaubt auch, dass Zitronenfalter Zitronen falten.
0_218673_9_2690166886466203;0.0523;neutral;skincare-first;;;;Falsch!!! Normales blatt a4 ca 80g/m² und so ein papiert ist nur ca 220km bei 41x falten...geh lieber en döner esse du labertasche!
0_218673_8_2077698942746161175;0.0524;disappointed;procedure-open;;;;RT @AyuHiroyuki: die sonne liegtauf fenstern und plattenmenschen falten ihre gängewie papierbooteich zähle die pausenzwischen den worten#ZwischenDenZeilen #DieReisendePoetin https://t.co/sgCvlx3s3o
0_219424_126_t1_odgrm1n;0.0525;disappointed;skincare-first;botox;;;Objektivität Den Frauen wird schon immer gesagt, wie sie auszusehen haben. Sei kurvig, sei schlank, hab volle Lippen, hab schöne Haut, hab keine hängende Haut, hab große Brüste aber welche, die nicht hängen... usw.  Denkst du, die Damen, die sich aufspritzen lassen etc. machen das, weils lustig ist 
0_219424_126_t1_olpiynr;0.0525;advisory;skincare-first;botox;;;Honig ist nicht wirklich gesünder als irgendeine andere Zuckerpampe Eher nicht, was es enthält sind die Sporen des Bakteriums Clostridium botulinum, welches im Magen dann bei Ausbruch Botulinumtoxin (Botox) produziert.
0_218673_8_2018023194968428549;0.0525;satisfied;skincare-first;;;;@PSHolstein …ist die CxU christlich, nur weil es so im Namen steht?……und wer glaubt die #AfDeppen-Partei sei eine Alternative oder gar für Deutschland, der glaubt auch, daß Zitronenfalter Zitronen falten… https://t.co/5yhdUy3ZRo
0_218673_9_65384153649337480;0.0526;disappointed;procedure-curious;;;;Frau Merkel ist eine Sozialistin, eine Blockflöte aus der DDR. Ein Arbeitskollege der in der DDR aufgewachsen ist hat mir 2007 prophezeit, daß Frau Merkel in wenigen Jahren aus der CDU eine sozialistische Partei macht. Damals konnte ich mir das nicht vorstellen. Heute muß ich leider feststellen, daß
0_218673_9_67089107494439115;0.0526;enthusiastic;skincare-first;;;;"staiy, das t-shirt ist vollkommen in ordnung. um rick von den space frogs zu zitieren : ""falten haben charakter"""
0_218673_126_t1_o96j04c;0.0526;neutral;skincare-first;;;;"Warum hat der Umschlag diese Größe? Nur mal so zur Erklaerung, [**wie gross die Stimmzettel sind** ](https://www.kreisbote.de/assets/images/7/115/7115417-1393662873-stimmzettel-kreistagswahl-2020-38MH.jpg)und dass die eben nicht ""Standardformat"" haben. Das Ding ist 60 x 118cm. DIN A4 hat 210 x 297mm"
0_218673_9_yt.TuzRpMO-8kk;0.0526;enthusiastic;procedure-curious;;;;Diese Hunde wurden perfekt von der Natur gebaut 😳 #shorts #hunde Diese Hunde sehen nicht einfach nur besonders aus 😳🐶Hinter ihren Körpermerkmalen steckt oft ein echter Zweck aus der Vergangenheit.Von kurzen Beinen bis zu tiefen Falten — manche Hunderassen wurden perfekt für ihre Aufgaben geschaffen.
0_219384_126_t1_ownyvsx;0.0526;enthusiastic;skincare-first;laser,price;;;Wieso tragt ihr keine Shorts? Ich habe diesbzgl ein Meme erstellt :D [https://www.reddit.com/r/traaaaaaannnnnnnnnns2/comments/1ts1w58/i\_want\_to\_play\_a\_game/](https://www.reddit.com/r/traaaaaaannnnnnnnnns2/comments/1ts1w58/i_want_to_play_a_game/)Bei mir werden beim epilieren aber nicht alle Haar
0_219424_126_t1_optdkp0;0.0527;neutral;procedure-open;fillers;;;COD part of the summer sale ? I just got to work and forgot to look on steam to see if cod cold war or any other cod with zombies was on sale (just a time waster ) plus some good times form back in 2016 anyways photo for filler Doro
0_218673_9_28012776847751316;0.0527;disappointed;procedure-open;;;;Was ist das für ein Schwachsinn? Wenn die Zeit kommt dann werden wir israel falten wie eine kleine Streichholzschachtel ❤🇹🇷❤️
0_219424_126_t1_o1egn27;0.0528;advisory;skincare-first;botox,fillers;;;🫣 Im Vergleich zu Filler-Botox-Jawline Guetta sind die beiden anderen aber stilvoll gealtert.
0_218673_9_27782314597049881;0.0528;enthusiastic;skincare-first;;;;Kennen sie das Hahnen - Gemälde von Karlsson vom Dach? Der hat auch auf dem Dach gekräht...Und lassen Sie sich sagen...Ihre Falten zieren Sie...und es muss Ihnen eine Ehre sie zu tragen...❤
0_219424_126_t1_of1q51u;0.0529;advisory;procedure-open;botox;;;Iran continues to fire missiles and drones at UAE and Kuwait. Der wuerde ja gerne besorgt die Stirnrunzeln, aber da ist schon das ganze Botox drin
0_218673_8_2037399567373676639;0.0529;enthusiastic;procedure-curious;;;;RT @TechnoireVT: Speedpaint 💗Die Falten waren hart 🫠 https://t.co/sawneIpEcz
0_218673_9_yt.tXIJKHpQmns;0.053;enthusiastic;skincare-first;;;;Papierflieger Falten - Papierflieger Falten Der Weit Fliegt A4 Teil 50- Bastelideen Easy Papierflieger Falten - Papierflieger Falten Der Weit Fliegt A4 Teil 50- Bastelideen Easy. ✈️ Papierflieger Falten – So fliegt dein Flieger richtig weit! ✈️Willst du einen Papierflieger falten, der besonders weit
0_218673_8_2048365005905494435;0.053;enthusiastic;skincare-first;;;;@JuergenJ32403 @cegs17 Bist du dumm ? Zitronenfalter falten Zitronen in deiner Welt. Der allgemeine Begriff ist Brotknödel du Kack bayer. Semmelkloß (vorwiegend in Nord- und Mitteldeutschland)​Brötchenkloß​Brotknödel (allgemeiner Begriff)Knepp Knödel
0_219424_126_t1_ogq3n7o;0.0531;satisfied;skincare-first;fillers;;;What brand of primer filler (or what alternative method) you use to smooth out your prints? Wie gut hat das geklappt mit dem filler primer und hast du andere marken probieren können?
0_219424_15_17318696892263453;0.0531;disappointed;procedure-curious;price,pressure;microcurrent;;Tee: Wer trinkt, wer pflückt, wer kassiert? Der Tee in Ihrer Tasse stammt aus einer Lieferkette, die heute fragiler ist als je zuvor. In Darjeeling fällt zu wenig Regen, in Kenia verbrennt zu viel Sonne die Blätter, in China ersäuft die Ernte im Starkregen. Kaffee und Kakao haben 2025 Rekordpreise e
0_218673_126_t1_nyhlmrw;0.0531;disappointed;skincare-first;;;;Basic T-Shirts (weiß) Untern Pulli zieh ich einfach jedes an, da ist es ja nicht so wild. Beim Hemd sollte es ja nicht knubbeln, da musste schaun was zu einer Figur passt, so viele Schnitte gibts bei Männern ja nicht. Könnte auch nen Frauen T-shirt basic froot of the loom gut sein, dann hast du zwar
0_218673_9_38450634737469511;0.0531;disappointed;procedure-curious;;;;Wer glaubt was Bild schreibt, glaubt auch das Zitronenfalter Zitronen falten...😂😂😂Die leben doch nur von Angst, Hetze und Spaltung...👎
0_218673_8_2022378658686505243;0.0531;enthusiastic;procedure-open;;;;@szteffienchen Zitronenfalter falten Zitronen und die Erde ist eine Scheibe. 🤣🤣🤣🤣🤣🤣🤣🤣🤣🤣🤣🤣🤣🤣🤣🤣🤣🤣🤣🤣🤣🤣🤣🤣🤣🤣🤣🤣🤣🤣🤣🤣🤣🤣🤣🤣🤣🤣🤣🤣🤣🤣🤣🤣🤣🤣🤣🤣🤣🤣🤣🤣🤣🤣🤣🤣🤣🤣🤣🤣🤣🤣🤣🤣🤣🤣🤣🤣🤣🤣🤣🤣🤣🤣🤣🤣🤣🤣🤣🤣🤣🤣🤣🤣🤣🤣🤣🤣🤣🤣🤣🤣🤣🤣🤣🤣🤣🤣🤣🤣🤣🤣🤣🤣🤣🤣🤣🤣🤣
0_219404_8_1955587960805765478;0.0531;satisfied;skincare-first;fillers;;;Martin Horn und Joshua Filler gewinnen ebenfalls Bronze. Tolles Ergebnis!
0_218673_9_yt.Yt-QunE--Sg;0.0532;enthusiastic;skincare-first;;;;"Papierflieger Falten - Papierflieger Falten Der Weit Fliegt A4 Teil 95 -  Bastelideen Easy Papierflieger Falten - Papierflieger Falten Der Weit Fliegt A4 Teil 95 -  Bastelideen Easy. ✈️ Papierflieger Falten Der Weit Fliegt A4 – Einfach &amp; Schnell erklärt!In diesem Video lernst du Schritt für Schr"
0_218673_9_14342694161746063;0.0532;disappointed;procedure-curious;;;;Wer glaubt, dass der Verfassungsschutz die Verfassung schützt, der glaubt auch dass Zitronenfalter Zitronen falten …
0_218673_8_2028504462935883852;0.0532;disappointed;procedure-curious;;;;@NicoleGohlke Kein Wort von Gohlke zum bestialischen System der Mullahs, kein Wort zu den unterdrückten Frauen im Iran oder zu den Demonstranten-Morden.Wer glaubt,  dass Leute wie Gohlke sich für eine freiheitliche Demokratie einsetzen,  der glaubt auch, dass Zitronenfalter Zitronen falten.
0_219424_9_26206335381660457;0.0533;enthusiastic;procedure-curious;fillers;;;Also erstmal habe ich die Umstellung des Kanals geliebt. Ich persönlich geh immer direkt auf den Kanal und schaue was es Neues gibt und wenn mich ein Game dass du vorstellst hooked, in der Regel sind das für mich Rouge likes, souls likes und Metroids, schaue ich die stream vods in denen du das zocks
0_219424_140_7664500767415471382;0.0533;advisory;skincare-first;;;;trahlende Haut, flexible Gelenke sowie starkes Haar und Nägel | Meeres-Kollagen + Hyaluronsäure, Anti-Aging, Antioxidantien
0_218673_9_yt.0zN9kK_FhQw;0.0533;satisfied;skincare-first;;;;Papierflieger Falten - Papierflieger Falten Der Weit Fliegt A4 Teil 84 - Bastelideen Easy Papierflieger Falten - Papierflieger Falten Der Weit Fliegt A4 Teil 84 - Bastelideen Easy.✈️ Papierflieger Falten – Der Weitflieger mit A4-Blatt ✈️In diesem Video zeigen wir dir eine einfache Schritt-für-Schrit
0_218673_15_50134254167367605;0.0533;neutral;procedure-curious;;;;Künstlerischer Trick: Wie Keira Knightley Texte lernt - trotz Legasthenie Keira Knightley spricht offen über ihre Legasthenie. Doch wie kann die Schauspielerin die Texte für ihre Filme lernen? In einer Talkshow verrät sie nun ihren Trick. Sie malt, während sie sich die Drehbücher anhört. Ihr Lieblin
0_218673_126_t1_ojdtlos;0.0534;enthusiastic;skincare-first;;;;Bib shorts Größe Glaube es ist gemeint du machst viele Kniebeugen und dann passt die M auch ohne Falten, weil die Beine dicker geworden sind ^^
0_218673_9_yt.BKe6n7mI4W0;0.0535;enthusiastic;skincare-first;;;;BEWERTUNG (2026): Russell Hobbs Dampfbügeleisen Steam Genie. Infos Hier ist ein kurzer Überblick über die wichtigsten Highlights für Russell Hobbs Dampfbügeleisen Steam Genie.👉 Auf Amazon ansehen: https://www.amazon.de/dp/B0FK5WJ6Z1/?tag=16w9h-20 (Affiliate-Link)Entdecken Sie das innovative Russell 
0_218673_8_2020916688091480203;0.0535;disappointed;skincare-first;;;;"Was haben Freimaurerei, Zionismus, Judentum, Kabbala und „Gefallene Engel"" gemeinsam❓💢 Und, was hat das mit Madonna = Priscilla = Lisa Marie und Elvis zu tun? Interessanterweise scheinen sich all diese „Superstars/ Super Sterne"" wie (nicht-blutsverwandte) eineiige Zwillinge aus dem Gesicht geschnitt"
0_218673_9_15124314252970257;0.0535;disappointed;skincare-first;;;;Nach der Haarfarbe und den Falten ist die Frau Anfang 60.
0_218673_8_2026435883390410795;0.0535;enthusiastic;skincare-first;;;;@meganuni11 Unser Spruch lautete: Die einzige Art, eine Landkarte RICHTIG zusammen zu falten ist, sie ANDERS zusammen zu falten. 🤡 In Wirklichkeit hatten wir das alle raus, und die Karte wurde immer korrekt gefaltet.
0_219424_9_yt.EPXn_LN_wqs;0.0536;disappointed;procedure-curious;price,celebrity;;;"200.000€ weg - aber die Geissen haben nach Überfall viel größeres Problem | Exclusiv Jetzt RTL+ streamen: https://plus.rtl.de/video-tv/shows/exclusiv-das-starmagazin-178699?utm_source=youtube&amp;utm_medium=editorial&amp;utm_campaign=beschreibung&amp;utm_term=rtlexclusivEin Jahr nach dem brutalen Üb"
0_218673_9_yt.FVsCHSUgnQ4;0.0536;satisfied;skincare-first;;;;Papierflieger Falten- Papierflieger Falten Der Weit Fliegt A4 Teil 72 -Bastelideen Easy Papierflieger Falten- Papierflieger Falten Der Weit Fliegt A4 Teil 72 -Bastelideen Easy. ✈️ Papierflieger Falten – Der Weitflieger aus A4 ✈️In diesem Video zeigen wir dir Schritt für Schritt das Papierflieger Fal
0_218673_9_yt.U_yc2FcxvUA;0.0536;satisfied;skincare-first;;;;⛵ Papierboot falten – Einfaches A4-Boot für Anfänger  - Basteln mit papier⛵ ⛵ Papierboot falten – Einfaches A4-Boot für Anfänger ⛵Du möchtest wissen, wie man ein Boot aus Papier bastelt? In diesem Video zeigen wir dir Schritt für Schritt das papierboot falten mit einem einfachen A4-Blatt. Diese Anle
0_218673_9_70921896008635991;0.0536;disappointed;procedure-curious;;;;Unfassbar..er wurde schon einmal verurteilt und hat trotzdem weitermachen können...er ist auch mit Sicherheit nicht tot..den haben sie bei Nacht und Nebel nach Israel geschafft..man sah einen Mann,der sah wirklich bis in jedes Detail.. Ohrläppchen,Falten,Haare aus wie Epstein..uuuund er Bodyguards d
0_218673_8_2026942390607442045;0.0536;disappointed;procedure-curious;;;;"@BoiCman1337 @mrs_morgenstern @Ocelot_Prime_ Du glaubst auch das Zitronenfalter Zitronen falten und Nordkorea eine Demokratie ist weil sie sich „DVK Demokratische Volkerrepublik Korea"" nennt.Fuck bist du einfältig"
0_218673_8_2018668908467867894;0.0537;enthusiastic;procedure-curious;;;;@chri_gru Logisch wer können alles, den Energieerhaltungssatz aushebeln, die Photosynthese funktioniert auch mit weniger bzw. Sonnenlicht, Tiere sind begeistert da sie keinen Regenschirm mehr brauchen. Wer einen solchen Bullshit glaubt, der glaubt auch, dass Zitronenfalter 🍋 falten.🥱🤭🫢
0_218673_15_15437429365621301;0.0537;enthusiastic;skincare-first;laser,price,peel;;;"Huda Beauty Lip Liner – Die 15 besten Produkte im Vergleich Empfohlene Produkte im Bereich „Huda Beauty Lip Liner"" Wir haben Produkte im Bereich „Huda Beauty Lip Liner"" miteinander verglichen und Empfehlungen für Dich zusammengestellt. Hier findest Du die Top 15 im Bereich „Huda Beauty Lip Liner"". A"
0_218673_15_24136216517497751;0.0538;disappointed;procedure-curious;pressure;microcurrent;;Signifikante Goldfunde: Ontario mit Potenzial für neuen Goldrausch In den letzten Monaten berichteten zahlreiche Bergbauunternehmen aus Ontario über signifikante Goldfunde. Das geologische Potenzial der Provinz scheint noch lange nicht ausgeschöpft. Der Edelmetallexplorer Dryden Gold (ISIN: CA26245V
0_218673_8_2016812794734125214;0.0539;enthusiastic;procedure-curious;;;;RT @TarissDE: 🌿Leuchtendes Grün und strukturiertes Design 💥.🍆Komm und genieße seine wilden Falten aus nächster Nähe 🔥.🫣https://t.co/AZ8Ok55txn https://t.co/TynwMCQ9v6
0_218673_8_2023510586101772738;0.0539;disappointed;skincare-first;;;;"💢 Kann mir jemand erklären, warum alle US-Präsidenten als „Superstars"" heute noch leben? Tatsächlich ist die Ähnlichkeit so extrem, dass man von „eineiigen Zwillingen"" sprechen muss, die über dieselbe Gesichtssymmetrie verfügen, absolut identische Falten, Muttermale und Narben... aber nicht nur US-P"
0_219424_126_t1_o7s95u0;0.054;enthusiastic;skincare-first;fillers;;;Kamen Rider Wizard filler list? NO SPOILERS, PLEASE Ha ha 6 7
0_219424_126_t1_o9wc90s;0.054;disappointed;procedure-open;fillers;;;Welche Serie fandet ihr früher super aber heute könnt ihr sie nicht mehr schauen? Kann man aber auch anders sehen, immerhin ist es relativ individuell, welche (Neben-)Charaktere als interessant empfunden werden. Ziemlich aufschlussreich fand ich da z.B. den Fall mit dem Sailor Moon Remake (Crystal).
0_218673_15_34189128085785235;0.054;neutral;procedure-open;price;;;"Midea MF10EW80BA10 Waschmaschine (8 kg, 1.400 U/Min, A-10%) für 313,46€ Vollautomatisch waschen mit ordentlich Power: Midea MF10EW80BA10 Waschmaschine mit 8 kg &amp; 1400 U/Min für 313,46€ bei Amazon.de Vergleichspreis: 370€, ihr spart 56,54€ (15%) Hier sind die Fakten: Fassungsvermögen: 8 kg Schleu"
0_218673_9_yt.P1hjcK5FvSo;0.054;enthusiastic;procedure-curious;;;;BEWERTUNG (2025): Shiba Inu Tragetaschen Set. Infos Dies ist Ihre schnelle Zusammenfassung von Shiba Inu Tragetaschen Set.👉 Auf Amazon ansehen: https://www.amazon.de/dp/B0BRNZNKX5/?tag=16w9h-20 (Affiliate-Link)Erfahren Sie alles über das Shiba Inu Tragetaschen Set, das mit seinen vielseitigen Funkti
0_218673_8_2027626295736078837;0.054;satisfied;skincare-first;;;;ja,ja  wer  das  glaubt, der  glaubt  auch  das  Zitronenfalter, Zitronen  falten!!! https://t.co/VCT8hip1nT
0_218673_126_t1_n8gqhx2;0.0541;enthusiastic;skincare-first;;;;"Sitzt doch wie angegossen ;-) Ich hab auch keine Ahnung von Mode, aber schau mal, wie sich Tsunoda's Ärmel falten, wenn er die Hände in den Taschen hat...sie sind einfach VIEL zu lang...und auf den Hosen latscht er drauf rum...das ist eher so HipHop der 90er Style ;-).Mir gefällts aber, sieht lässig"
0_219424_9_29570559079081736;0.0542;advisory;skincare-first;botox,celebrity;;;"Warum sind es eigentlich immer wieder dieselben 3 Frauentypen in den Videos? Entweder Typ 1 wie die im Video, Frauen die sich selbst verunstalten.  Typ 2: Hässlich aufgetakelte ""Influencerinnen"" und mit 5 Kilo schminke und oft mit Botox in der Fresse. Oder Typ 3: junge Frauen die von Typ 1 und / ode"
0_218673_9_32389313801013390;0.0542;enthusiastic;procedure-open;;;;​@@fgbae8220 die vom Japaner Hajime Narukawa schon. Seine Karte ist am präzisisesten, weil diese Karte kann man zu einem Globus falten. Die Genauigkeit hängt mit Fraktale zusammen.
0_218673_9_yt._1e_Gj9nGCg;0.0542;advisory;skincare-first;;;;Papierflieger Falten - Papierflieger Falten Der Weit Fliegt A4 Teil 63 - Bastelideen Easy Papierflieger Falten - Papierflieger Falten Der Weit Fliegt A4 Teil 63 - Bastelideen Easy. ✈️ Papierflieger Falten – Der Weitflieger mit A4-Blatt ✈️Du suchst eine einfache Anleitung zum Papierflieger Falten? In
0_218673_126_t1_om0ev0g;0.0542;satisfied;skincare-first;;;;Wo kriegt man noch qualitativ hochwertige Jeans? Japanische Jeans wie Momotaro. Sind etwas teurer, aber sehen super aus und haben dickeren bzw schwereren Stoff. Halten bei mir mittlerweile über 10 Jahre und werden an den Gelenken und Falten heller, was sie noch mal einzigartiger macht.
0_218673_126_t3_1u7kqwy;0.0542;enthusiastic;skincare-first;;;;Die Falten, die Konturen und die natürliche Schönheit – jedes Detail erzählt seine eigene Geschichte.
0_218673_9_yt.q2NQ1Op-xAk;0.0543;enthusiastic;skincare-first;;;sod;BEWERTUNG (2025): Beko B3T22491 Wärmepumpentrockner. Infos Eine schnelle und einfache Anleitung zu den herausragenden Merkmalen von Beko B3T22491 Wärmepumpentrockner.👉 Auf Amazon ansehen: https://www.amazon.de/dp/B0BJQZHJCN/?tag=16w9h-20 (Affiliate-Link)Entdecken Sie den Beko B3T22491 Wärmepumpentro
0_218673_9_18916256973817835;0.0543;disappointed;skincare-first;;;;jeder findet seinen Meister-USA hat diese kompletten Welt unterwandert und unterdrückt, wer da glaubt dass sie dafür keine Rechnung bezahlen müssen, glaubt auch das Zitronenfaleter, Zitronen falten
0_218673_8_2046920487075209600;0.0544;disappointed;procedure-curious;;;;@MonikaGruber24 Die Mehrheit würde auch Nazis, Rechtspopulisten und Lobbyisten wählen. Die Mehrheit ändert nichts an Falten.
0_218673_126_t1_nfyegmt;0.0545;advisory;procedure-curious;;;;Verkehrschaos an der A100: Berliner Senat will Radweg auf der Elsenbrücke in Autospur umwandeln Krähenfüße auf der Fahrbahn sorgen auch für mehr Verkehrssicherheit durch Entschleunigung. /s
0_218673_8_2014030212992839952;0.0545;satisfied;skincare-first;;;;@V4632012687255 @antiallesmob @bjarne1899 und Zitronenfalter falten Zitronen, in Kinderschokolade enthält Kinder und Glühbirnen sind Obst.
0_218673_8_2038950389261717626;0.0545;disappointed;procedure-curious;pressure;;;Da kann man mal sehen, Ausdruck-Falten und Eintüten...da wird nix mehr gelesen.🤦‍♀️ https://t.co/FdJcDqKc1z
0_218673_15_65618246339992424;0.0545;enthusiastic;skincare-first;price,pressure;;sod;Southern Cross Gold bohrt 1,6 Meter mit 55,3 g/t Gold und 1,9 % Antimon 22. April 2026 / IRW-Press / Vancouver, Kanada, und Melbourne, Australien – Southern Cross Gold Consolidated Ltd (SXGC, SX2 oder das Unternehmen) (TSX:SXGC) (ASX:SX2) (OTCQX:SXGCF) (Frankfurt: MV3.F) (- www.commodity-tv.com/play
0_218673_9_yt.em8t6yLv1pw;0.0546;satisfied;skincare-first;;;;"Papierflieger Falten - Papierflieger Falten Der Weit Fliegt A4 Teil 106 -   Bastelideen Easy Papierflieger Falten - Papierflieger Falten Der Weit Fliegt A4 Teil 106 -   Bastelideen Easy.""Bastelideen Easy"" ist ein Kanal, der sich rund um Bastelthemen dreht: Papier, Bastelideen, Selbstgemachtes, ... m"
0_218673_9_9461151147596884;0.0546;enthusiastic;skincare-first;;;;"„✈ Wie weit fliegt dein Papierflieger? Schreib's in die Kommentare! 🚀 Wenn dir das Papierflieger Falten gefallen hat, gib dem Video ein 👍 und abonniere für mehr einfache DIY-Ideen direkt aus Berlin!"""
0_218673_9_4687126781383438;0.0546;enthusiastic;skincare-first;price;;;🌺 🌺 🌺 🌺 🌺 🌺Dankeschöööön 💐 für dieses Filmchen an die Macher für's teilen und ins Netz stellen 👍 ✌️ 🤘 ❗Tolle Arbeit 👍✌️🤘❗Gut zu wissen wie man nach ca. 2 Tausend Jahren aussehen könnte 😄😃😀, ohne Pickel und Falten  ................  😀😃😄😁😆😅😂🤣😇❗Aber leider hier in Europa nicht mehr möglich, da es keine
0_218673_9_yt.qyhO7M_sJ0o;0.0547;enthusiastic;skincare-first;pressure;;;Papierflieger Falten - Papierflieger Falten Der Weit Fliegt A4 Teil 73 - Bastelideen Easy Papierflieger Falten - Papierflieger Falten Der Weit Fliegt A4 Teil 73 - Bastelideen Easy. ✈️ Papierflieger Falten – Der Weitflieger mit A4-Blatt ✈️Du möchtest lernen, wie man einen coolen Papierflieger bastelt
0_218673_126_t1_ok7howw;0.0547;satisfied;skincare-first;;;aha;Rundfunkbeitrag Haha, als würde die blaue Partei jemals etwas gutes für den Bürger tun. Du glaubst auch das Zitronenfalter noch Zitronen falten.
0_219424_126_t1_nxgnkk8;0.0548;enthusiastic;skincare-first;fillers;;;[WTS] Visconti Homo Sapiens Dark Age, Fine Nib Piston filler
0_219424_126_t3_1uf8k1u;0.055;enthusiastic;procedure-open;fillers;;;Unterschätze Songs von MMlp 1. Amityville Ich habe den Song immer nur gehört wegen den 3 Vers. Währe es nur Eminem auf dem Song würde ich ihn lieben. Aber ich werde den Song jetzt öfters hören. Die Hook ist auch geil. 2. WHO knew   Ich habe den Song immer als filler gesehen aber ich hab Spaß damit. 
0_218673_15_51896910657365753;0.055;neutral;procedure-open;laser,price;laser;;Neujahrskonzert 2026: Hochkarätiges ORF-Ballett-Comeback für Choreograf John Neumeier und Designer Albert Kriemler Seit dem Jahr 1960 ist das vom ORF produzierte Neujahrskonzertballett alljährlicher Fixpunkt der ORF-TV-Übertragung des weltberühmten Konzerts der Wiener Philharmoniker. Auch am 1. Jänn
0_218673_8_2079863362796589108;0.055;satisfied;procedure-curious;;;;@Eddie_1412 Wer ihm glaubt, der glaubt auch daß Zitronenfalter Zitronen falten.
0_221687_140_7646449384795786528;0.055;advisory;skincare-first;;;niacinamide;Niacinamide in Zink Serum Hyaluronsäure Aloe Vera
0_218673_9_29259612944644596;0.0551;enthusiastic;skincare-first;;;;Er ist niemals 48 J! Die Augenringe, die Hängende Haut, Falten usw. Er ist ü 60J, das bin ich mir ganz sicher!!
0_218673_9_8285984376667712;0.0551;satisfied;procedure-curious;;;;"Schön Kolja, dass du den Zitronenfalter erwähnst...""Wer glaubt das Zitronenfalter Zitronen falten, der glaubt auch, das die CDU, SPD, Grüne und Linke, DIE DEMOKRATIE schützen..."
0_218673_8_2049819653938028553;0.0551;satisfied;skincare-first;;;;@dokhollidays @BILD Wer glaubt, bei der Bildzeitung geht es um sachliche Information, der glaubt auch dass Zitronenfalter Zitronen falten. 😉
0_218673_9_yt.VfcBiOSb0cM;0.0552;advisory;skincare-first;pressure;;;Papierflieger Falten - Papierflieger Falten Der Weit Fliegt A4 Teil 89 - Bastelideen Easy Papierflieger Falten - Papierflieger Falten Der Weit Fliegt A4 Teil 89 - Bastelideen Easy. ✈️ Papierflieger Falten – Der Weitflieger mit A4-Blatt ✈️In diesem Video zeigen wir dir Schritt für Schritt das Papierf
0_218673_8_2008260031104631212;0.0552;satisfied;skincare-first;;;;@GtzFrmming Sischer, sischer....Und der Himmel wird immer blau sein, der Sommer wieder Sommer sein. Natürlich. Und die Zitronenfalter falten endlich wieder Zitronen. https://t.co/X53FbLasbW
0_218673_9_12441640235684633;0.0552;enthusiastic;procedure-curious;;;;Ich erinnere mich sehr gut ich war ein Fan von ihr und hatte eine Langspielplatte ,die ich rauf und runter spielte. Mein Gott,wo ist die Zeit hin. Aber die Erinnerungen bleiben. Mein Spiegel sagt mir heute an Hand meiner Falten ich habe gelebt,geliebt und gelacht.👵👵
0_218673_126_t1_okvd6rd;0.0553;disappointed;skincare-first;;;egf;"Sinn von ""Ringlichtern""? Ringlicht ist fast schattenfrei und hat gegenüber einem weiter entfernten Hintergrund einen gleichmäßigen dünnen Schattensaum rings ums Objekt. Benutzte man früher in der Produktfotografie statt Lichtzelt, um helle Gegenstände mit dieser Linie vom weißen Hintergrund zu trenn"
0_218673_9_yt.mQOfNZAcVJc;0.0554;enthusiastic;skincare-first;;;;Papierflieger Falten - Papierflieger Falten Der Weit Fliegt A4 Teil 66 - Bastelideen Easy Papierflieger Falten - Papierflieger Falten Der Weit Fliegt A4 Teil 66 - Bastelideen Easy. ✈️ Papierflieger Falten – Der Weitflieger aus A4 ✈️Du möchtest einen Papierflieger bauen, der wirklich weit fliegt? In 
0_218673_126_t1_ntt4s0z;0.0554;satisfied;skincare-first;pressure;;;"Habt ihr Ideen für eine Ticket-Geschenkverpackung? Ein Foto der Band oder des Albumcovers ausdrucken und dann zum Umschlag falten?Schöner wäre es natürlich aus Zeitungsausschnitten von der Band, aber wer hat schon die passende Bravo daheim rumliegen ;-)Oder das Albumcover als keine Singlehülle (Viny"
0_218673_9_35608496380579715;0.0554;disappointed;procedure-curious;pressure;;;Kann es nicht sein das die  Schläoche zu weich sind und unter Druck sich zusammen falten und dadurch der innerliche Durchfluss zusammen bricht.
0_219384_126_t1_nz4w6mm;0.0554;neutral;procedure-curious;laser,price;;;Fortune Business Insights. 2025. Directed Energy Weapons Market Size, Share & COVID-19 and War Impact Analysis, By Technology (High Energy Laser Technology, High Power Microwave Technology, Particle Beam Weapons, Plasma Weapons, and Sonic Weapons), By Lethality, Platform, Application & Region # Kern
0_218673_126_t1_nf3s8uj;0.0555;satisfied;skincare-first;;;;Pigmentflecken im Auge Das ist keine freie Pigmente sondern Melanozyten in der Iris selber. Wovon du sprichst gibst auch bei Tieren aber nicht in diesem Fall relevant:)
0_218673_8_2027639676496949642;0.0556;disappointed;procedure-curious;;;;Wer das dem Regime im Iran glaubt, glaubt auch an den lieben Gott, oder dass Zitronenfalter Zitronen falten. Die Nachricht kam kurz vor dem Angriff durch Israel.Bomben sind die einzige Sprache, die die Mullahs verstehen https://t.co/nAzIDtbm2M
0_218673_8_2041159780052390144;0.0556;disappointed;procedure-curious;price;;;Solche geilen falten schafft nur die eine königin,ihr zahlt den preis🤑🫅🫅 @rt_domm @rt_feet @rt_promo2k @rtfindomger @FeetForumArea @TinyFootPervert https://t.co/Yg6llwjQ7Q
0_218673_9_3839739032252094;0.0556;satisfied;skincare-first;;;;Ich verstehe auch nicht, woran ihr das ausmacht? Er sieht kaum high aus, wenig rötliche Augen, keine auffällig glasigen Augen und keine augenringe.
0_221687_140_7623396518900370720;0.0556;satisfied;skincare-first;;;;Hair Growth Serum - Natürliches Haaröl gegen Haarausfall, mit Rosmarin und Vitamin E #serum #hairgrowth #haarausfall #öl #haare
0_218673_9_yt.oXzGggRvf_8;0.0557;enthusiastic;skincare-first;;;;Papierflieger Falten - Papierflieger Falten Der Weit Fliegt A4 Teil 105 -   Bastelideen Easy Papierflieger Falten - Papierflieger Falten Der Weit Fliegt A4 Teil 105 -   Bastelideen Easy. ✈️ Papierflieger Falten Der Weit Fliegt A4 – Für Anfänger in Berlin! ✈️Willkommen zu diesem einfachen und unterha
0_218673_126_t1_ofq3h7w;0.0557;advisory;skincare-first;;;;Weiß jemand was das sein soll in meinen Schweinekrusten ? Das ist kein schimmel. Das sind haarwurzeln und Pigmentflecken.
0_218673_9_yt.4MDPhK-ljXM;0.0558;satisfied;skincare-first;pressure;;;Papierflieger Falten- Papierflieger Falten Der Weit Fliegt A4 Teil 72 -Bastelideen Easy Papierflieger Falten- Papierflieger Falten Der Weit Fliegt A4 Teil 72 -Bastelideen Easy. ✈️ Papierflieger Falten – Der Weitflieger aus A4-Papier ✈️In diesem Video lernst du Schritt für Schritt das Papierflieger F
0_218673_9_25002093779110539;0.0558;satisfied;skincare-first;;;;Und wer hat randaliert, als Paris die CL gewonnen hatte? Waren das auch d Marokkaner?? Bitte bei den Falten bleiben
0_219424_126_t1_o8o7eys;0.0559;disappointed;procedure-open;fillers;;;"Jaclyn Hill Dissolves Filler After Discovering ""Bulge"" in Her Face KIM KAHHHDASHIAN"
0_218673_126_t3_1n82mjk;0.0559;enthusiastic;procedure-curious;;;;Ich verzweifle an Hosen/Jeans Hey, vielleicht finde ich hier einen Rat. Vorab ich bin neu auf Reddit und versuche noch mich hier zurecht zu finden.Ich habe ein Problem damit passende Hosen zu finden. Zu mir ich bin 1,70m und wiege 85kg (zu viel, aber fühle mich recht wohl). Ich brauche Gr. 44 um die
0_218673_9_5007470790023403;0.0559;advisory;skincare-first;;;;Ich finde schon, dass sie eher wie 30 aussieht, statt 37. Sie hat so gut wie keine Falten und noch sehr straffes Gewebe. Das können viele 37-jährige nicht von sich behaupten.
0_218673_9_53781930014165606;0.0559;satisfied;skincare-first;;;;"Also diese ""Looksmaxxer"" sehen nicht männlich aus, sondern wie Milchbubis. Wie soll es auch anders sein, sie haben einfach noch nicht die reifen, erfahrenen Gesichtszüge älterer Männer, die auf mich (65, weibl.) so attraktiv wirken, einschl. Falten."
0_218673_8_2010992474622202359;0.056;satisfied;procedure-open;;;;Maßbezüge beim Entfalten/Falten #SolidWorks #3DExperience @CU_MBSolid https://t.co/zBiZDUywzm
0_221687_140_7608520729969069334;0.056;satisfied;skincare-first;;;ceramides;Hydrogel-Masken vs. Tuchmasken 💧✨ Warum ich meistens zu Hydrogel greife Nicht jede Sheet-Maske ist gleich. Ich bevorzuge häufig Hydrogel-Masken, besonders bei sensibler, trockener oder barrieregestörter Haut. Warum? 👇 💧 1️⃣ Bessere Okklusion Hydrogel liegt dichter auf der Haut → weniger Wasserverlus
0_218673_126_t1_o0nh119;0.0561;disappointed;procedure-curious;;;;"Tja &gt;Erdbeben entstehen an Falten. Meistens, bei weitem nicht immer. &gt;Die KKWs sind auf die lokale Geographie ausgelegt. Eine Explosion kann eventuell die in den Erdplatten bestehende Spannung auflösen, wo aber kein Potential ist, gibt es auch keine Erdbeben. Physik und Geographie.Das stimmt n"
0_218673_126_t3_1r3mzkw;0.0561;advisory;skincare-first;;;;"Welche körperlichen Merkmale an Frauen findet ihr attraktiv, obwohl sie oft als Makel oder in Werbungen als „unschön"" gelten? Bei mir sind es zum Beispiel, natürlich immer kontextabhängig:\-Sommersprossen, Pigmentflecken\-Akne, Aknenarben\-Cellulite \-Dehnungsstreifen\-sichtbare Venen an Armen oder "
0_218673_126_t1_o9micmv;0.0561;satisfied;skincare-first;;;;Die Hunde haben beide über 20 % Marktanteil. Kauft am besten bei freie Tankstellen Der glaubt dass zitronenfalter auch Zitronen falten, bin ich mir sicher
0_218673_9_49790855065520096;0.0561;advisory;skincare-first;;;;Man sieht es an den Fingern in der linken Hand, wenn er sie hebt und vor der Kamera hält, der Mittelfinger und der Ringfinger unterscheiden sich von seinen anderen Fingern, beobachte die Fingerspitzen stoppe das Video und du wirst es erkennen. Außerdem sieht sein Gesicht aus als wäre er 20 Jahre jün
0_219424_15_47137045132003795;0.0562;enthusiastic;skincare-first;botox;;;"„Botox-Queen"": Stefan Raab teilt im Live-TV gegen RTL-Kollegin aus Das RTL-Dschungelcamp ist gerade eines der Top-Gesprächsthemen. Nun redet auch Stefan Raab in seiner Show mit und teilt nicht nur gegen die Kandidaten aus."
0_218673_126_t1_oy9eamx;0.0562;advisory;skincare-first;;;pha;Was hat mein Apfelbaum? Solche Flecken können mehrere Ursachen haben. Es kann sich einfach nur um Frostschäden handeln, dafür sind die Äpfel aber a bissl zu unförmig. Der Frostwickler, eine Raupe, kann auch Teile der Füchte essen und zu Falten unf verbräunungen führen.Hier tipp ich aber auf Apfelsch
0_219424_126_t1_oa4u84r;0.0563;disappointed;procedure-open;;;;Welche Serie fandet ihr früher super aber heute könnt ihr sie nicht mehr schauen? Buffy ist sehr gut gealtert als Serie. (WENN man sie im Originalton schaut... das deutsche Dubbing ist *grottenschlecht*.) Die erste Staffel hatte ein sehr niedriges Budget und das merkt man an den Kostümen und den sel
0_218673_15_4214061097001946;0.0563;enthusiastic;procedure-curious;;;;Welttag der Poesie Die Sätze die Gärten das Salz Ihre Sätze sind Eimer bis zum Rand gefüllt sie spricht Brücken über den Fluss redet in weiten Landstrichen ihre Winterworte nehmen den Frühling voraus Grün ist nicht grün erklärt sie wenn sie Meer in den Morgen kippt In ihren Nesselgärten spielt das L
0_218673_126_t3_1nkxw4g;0.0565;disappointed;procedure-open;pressure;;;"Storytelling Schwurbler:„Weißt du, die ganze Mittelalter-Sache mit Königen und Rittern – das war nur Show. In Wirklichkeit haben schon damals die Rothschilds die Strippen gezogen. Und die Tempelritter. Und ganz ehrlich: die Echsenleute sowieso.""Nicht-Schwurbler (schmunzelt):„Ach ja? Also auch die Bu"
0_218673_126_t1_ov5fthi;0.0565;disappointed;procedure-open;;;;"Die Regierung macht an super Job Also ""Hände falten, Goschen halten"" nicht sehr überzeugend. Schau, die Sache ist die, dass vor vielen, vielen Jahren das Versprechen bekommen haben, dass durch die Industrialisierung alles besser wird und wir viel weniger Arbeiten müssen. Ich kenne die genauen Zahlen"
0_218673_9_32106372558189179;0.0566;satisfied;procedure-open;price;;;Wenn die Infrastuktur und Bildungseinrichtungen, Schulen, Kitas, Straßen, Brücken ect. moderisiert werden, trägt das sehr wohl zum Wirtschaftswachtum bei. Der Staat vergibt Aufträge an die Privatwirtschaft, diese notwendigen Arbeiten zu erledigen. Unternehmen verdienen Geld, ihre Beschäftigten haben
0_218673_126_t1_o0qe9sn;0.0566;advisory;skincare-first;;;;Was kann ich gegen diese haut tun und wieso ist meine Ader unter meinem Auge sichtbar? deine Haut sieht ganz normal aus, die Ader sieht man weil du helle Haut hast. Es gibt manche Frauen die so helle Haut haben das man die ganzen Adern am ganzen Körper blau sieht - also erscheint mir manchmal so wei
0_218673_8_2013981969160229084;0.0566;enthusiastic;procedure-curious;pressure;;;@hwieduwilt @Ruebenhorst @DB_Bahn Dazu kommt noch, dass man gewisse Zusatztickets zwar kaufen kann, dann aber ausdrucken, *ausschneiden* und nach Anleitung *falten* soll!! 😂
0_218673_8_2047961857915318771;0.0566;enthusiastic;skincare-first;;;;@speergruesse Ich muss mal sagen, ich finds sehr faszinierend wie sie durch die Ecke geht, wenn man andeutet, sie könnte älter sein und Falten haben, aber ihre Haare stolz präsentiert die fast immer wie ein Vogelnest aussehen 🥴
0_218673_15_14543490319064130;0.0566;disappointed;skincare-first;;;;Spatzen auf Kanonen: Queen der Discoweisheit Das Geschäftsmodell von Madonna besteht seit gut vierzig Jahren zur Hälfte darin, dass sich heterosexuelle Männer und alle, die sich dafür halten, über sie aufregen – etwa der Papst: Das Kruzifix passe nicht zu Mieder und Strapsen, hiess es einst im Vatik
0_221687_26_1618471220279621;0.0566;advisory;skincare-first;;;;Manche Fältchen sind eine Frage der Feuchtigkeit. Andere der Struktur.Multimolekulare Hyaluronsäure versorgt die Haut von der Oberfläche abwärts mit Feuchtigkeit. Pflanzliche Peptide regen die Fibroblasten an, Kollagen und Elastin zu bilden, die strukturgebenden Proteine der Haut, die für Spannkraft
0_219424_9_yt.uqTTdi3iQxc;0.0567;enthusiastic;procedure-curious;botox,fillers,celebrity;;;Eine schöne Tasse mit einem alten Bild von mir 🎥 Willkommen zum Video!Schön, dass du eingeschaltet hast! 🙌Wenn dir der Content gefällt, lass gerne ein Like da 👍 und abonniere den Kanal, um nichts mehr zu verpassen.📲 Folge mir auch auf Social Media:👉 Instagram: @Patrichaflatwood👉 TikTok: @Patrichafla
0_218673_126_t1_o1uzyl6;0.0567;advisory;procedure-open;;;;Wie kann ich mein Schlafzimmer gemütlicher machen? Das Bett anders machen. Die Decke gar nicht falten, schöne tageshelle drüber, farblich angestimmte Bettwäsche und Kissen. Mehr Farbe reinbringen
0_218673_9_12435109092813248;0.0567;enthusiastic;procedure-curious;pressure;;;Silberschlüssel 16/30Dämonentüren: Darkwood-Bordell, Haus der Familie Grey, Scharfrichterhügel, Lychfield-Friedhof, Aussichtspunkt, NecropolisTavernernspiele: Süd-Bowerstone, Oakvale, Zwillingsklings-Lager, Knothole Glade, Hook-Küste, Snowspiretod-o-liste: silberschlüsseltruhe in der gilde (20), 2 t
0_219424_9_yt.01S-qF-XThQ;0.0568;enthusiastic;procedure-curious;celebrity;;;FRAUEN H*SSEN SYDNEY SWEENEY | Prinz Vegeta030 #feminismus #schönheitsop #prettyprivilege Reaction: The Housemaid Drama: Warum Sydney Sweeney uns so triggertOriginal Video: https://www.youtube.com/watch?v=mIvByHHOWOkMeine SUPPLEMENTS - Code MACHER (bis zu -30% je nach Aktion)www.esn.comInstagram: ht
0_218673_8_2051326698021331293;0.0568;satisfied;skincare-first;;;;@NetterFreigeist ja ok wenn man Video groß macht sieht man schon Falten aye :D :D
0_219384_9_yt.1GdgpZcCcSA;0.0568;enthusiastic;procedure-curious;laser,price,celebrity;;;Unglaublich: Autos fahren & Geld verdienen? 🤔 Phoenix Rent: Dein Schlüssel zum Luxusauto - FREIGEIST 🚗 Phoenix Rent – Dein Traumauto. Dein Vorteil. 💌 Jetzt Kontakt aufnehmen: info@phoenix-rent.ag🔑 Wichtig: Erwähne FREIGEIST, um Dir mögliche Sonderkonditionen und VIP-Betreuung zu sichern.Willst Du Lu
0_218673_8_2041397715255308431;0.0569;disappointed;procedure-curious;;;;@MartinPichler11 @FranzSchellhorn @SPOE_at @volkspartei @neos_eu Die NEOS haben mit liberal soviel am Hut wie ein Zitronenfalter mit Zitronen falten.
0_218673_8_2046760869455896748;0.0569;advisory;procedure-curious;;;;@Bundeskanz50246 @Luisamneubauer Keine Ahnung worum es in dem Video geht. Sie bekommt aber mal extrem starke Stirn Falten.
0_218673_15_52425819682034234;0.0569;satisfied;skincare-first;price,pressure;;;Meryl Streep: Der Beautywandel von Meryl Streep Coolness, Talent, Engagement – es gibt nicht nur ein Gebiet, auf dem Meryl Streep ein Vorbild ist. BRIGITTE hat sich die Verwandlung der Schauspielerin im Laufe der Jahre genauer angeschaut und festgestellt: Well-Aging-Vorbild kommt auch noch hinzu! Ke
0_218673_8_2041951491599048975;0.057;enthusiastic;skincare-first;;;;@Teilhabe_4_all Ja, die Beine von Vögeln werden Ständer genannt. Die anderen Merkmale wie Schnabelfarbe und Augenringe konnte man auf dem Foto nicht erkennen. 😅
0_219424_190_3941766682488570391;0.0571;disappointed;skincare-first;;;;"Der Buchstabe „K"" steht schlicht und ergreifend für Korean. Ob K-Pop, K-Drama, K-Food oder K-Beauty, was heute wie ein einfacher Trend wirkt, ist das Ergebnis einer jahrzehntelangen Strategie. Südkorea setzt seit den späten 1990ern gezielt auf Soft Power mit der staatlich geförderten Kultur-Offensiv"
0_219424_26_1507326601411930;0.0572;disappointed;skincare-first;;;;80er-Popstar Kim Wilde sieht mit 65 umwerfend aus – und ihr Anti-Aging-Geheimnis hat rein gar nichts mit teuren Behandlungen zu tun.
0_218673_8_2029305442816467057;0.0572;satisfied;skincare-first;;;;@lu_eder Vielleicht anders falten. Beispielfoto. https://t.co/b3cHQxrzPN
0_218673_8_2046973894922473521;0.0572;neutral;procedure-curious;;;;Baiersbronn im Schwarzwald ist berühmt für seine Sterneküche. In einer Minikoch-Ausbildung lernen Kinder von Profis: Sie filetieren Fisch und falten Servietten zu Bösewichten. https://t.co/Dkp1N3pmRr
0_218673_126_t1_ngv1wmk;0.0573;disappointed;skincare-first;;;;Freundin will das ich mehr zahle Was Männer als natürlich definieren ist aber nicht wirklich natürlich. Bsp.: Monobraue, Damenbart, allgemein Körperbehaarung, Cellulite, hängende Brüste, Augenringe, Pickel etc. Allein die Erwartung, dass Frauen haarlos wie ein Nacktmüll sein müssen konsumiert einen 
0_219424_9_yt.uIOlJK39_E8;0.0574;disappointed;skincare-first;celebrity,pressure;;;11 deutsche Stars, besessen von Schönheits-OPs – diese Veränderungen werden Sie schockieren! 11 deutsche Stars, die von Schönheitsoperationen besessen sind – und deren extreme Transformationen die Öffentlichkeit schockieren! In diesem Video werfen wir einen schonungslosen Blick hinter die glänzende 
0_218673_9_49491967120787853;0.0574;satisfied;skincare-first;;;;Wer glaubt dass der Verfassungsschutz die Verfassung schützt, glaubt auch dass Zitronenfalter Zitronen falten... 🦋
0_219424_15_30453310681763131;0.0575;disappointed;procedure-curious;botox,price,facelift,celebrity;microcurrent;;Was ist mit Jim Carrey los? Bizarre Videos sorgen für wilde Spekulationen (Bildquelle: Getty Images / Stephane Cardinale - Corbis / Bearbeitung: GIGA) Warum sieht der Schauspieler so anders aus? Das veränderte Erscheinungsbild und Verhalten von Jim Carrey während und nach einer Preisverleihung besor
0_218673_9_16986676700248533;0.0575;satisfied;procedure-curious;;;;"Einfach einen Podcast, Gute Musik oder gar einen Stream von Malvyni und schwupps macht das Falten der Wäsche sogar Spaß ^&amp;^"
0_218673_126_t3_1t8d6pt;0.0575;neutral;procedure-open;;;;Wie heißt dieses Bastelbuch (interactive storybook) für Kinder aus den frühen 2000ern? Ich suche ein Kinder-Mitmachbuch aus den frühen 2000ern (bis ca. 2006), das ich damals bei einem Vorlesewettbewerb gewonnen habe, als ich schätzungsweise 10 Jahre alt war. Vielleicht erkennt es jemand. Ich erinner
0_219424_140_7662308765256977696;0.0576;enthusiastic;procedure-curious;;;;📍Kosmetikstudio Bochum: Warum manche Frauen quer durch Bochum fahren, obwohl sie längst eine Kosmetikerin um die Ecke hätten. Du siehst in diesem Reel ein paar Ecken aus der Bochumer Innenstadt. Vielleicht läufst du jeden Tag daran vorbei. Vielleicht erkennst du sogar die Kirche. Dann schreib ihren 
0_218673_9_yt.nNMJ9q6PklA;0.0576;enthusiastic;skincare-first;;;;Die seltsamste Art, Fische zu fangen 🥹 #shorts #hearttouching #hearttouchingstory #mademesmile #kindnessnote: this video is for educational purposes onlyOriginal Video Owner:- @respected ownerDieser Mann zeigt in einem der neuesten viralen Videos, wie man Fische mit einem einzigartigen Ruf anlockt. 
0_218673_9_3490428079768029;0.0576;enthusiastic;procedure-curious;;;;Hallo Pavel, hallo Miho, euer Video hat mir wieder einmal gefallen. Macht ihr prima. Danke dafür. Mir ist aufgefallen dass Miho irgendwie langsam zuwächst.Oder liegt es an der Übertragung? Liebe Grüße von Michi. PS - Brauche kein Falthandy, habe selber Falten.
0_218673_9_yt.fHGaeUfBnVo;0.0578;satisfied;skincare-first;laser;;;BEWERTUNG (2025): IPL Gerät 999,999 Lichtimpulse Laser. WESENTLICHE Einzelheiten 👉 https://www.amazon.de/dp/B0DT1B9TR4/ref=nosim?tag=16w9h-20 IPL Gerät 999,999 Lichtimpulse Laser auf Amazon (Affiliate-Link)Bitte abonnieren Sie unseren Kanal und unterstützen Sie uns! Ihre Unterstützung hilft uns, die
0_218673_8_2009316350184116485;0.0578;disappointed;skincare-first;;;;"@AndySch64494719 Echt komisch, dass ausgerechnet dieser ""Unfall"" mit so guten Aufnahmen dokumentiert wurde...Und Zitronenfalter falten Zitronen!"
0_218673_126_t1_o41zvqp;0.0578;neutral;skincare-first;;;;Warum hat mein Hund so viel Haut? Kommt auf die Rasse drauf an, bei frenchies möpse und viele anderen sind hautfalten, also Überschüssige Haut ein rassemerkmal. Wenn du ein Mischling hast, können solche rassen drin sein und das verursachen. Sollte dein Hund jedoch richtige falten dort entwickeln, mu
0_218673_8_2028709983286686003;0.0578;satisfied;skincare-first;;;;Pia Scholz kann litschälli sehr gut englisch... falten.#Shurjoka https://t.co/bVOTbNZ7yN
0_218673_8_2022303111788867937;0.0579;disappointed;procedure-curious;;;;Also wer das glaubt, der der glaubt auch das Zitronenfalter Zitronen falten… https://t.co/9Z4eK7FHZ6
0_218673_9_yt.IpRGBTYkygE;0.0579;enthusiastic;skincare-first;;;;Wäsche falten oder nicht? #vtuber #catboy #wäsche #ordnung #Hellothere #Hi #whatsup #Yay #kurios #fun #clips #wohoo #spaß #Shorts #fun #Short #Quatschen #Vtuber #VtubeGermany #germanvtuber #Femboy #Catboy #nekoboy #noob #weird #lol #funny #youtube #youtuber #foryou #foryoupage #fyp #😁😁😁 #🥰🥰🥰 #💖 #ins
0_218673_9_yt.6TkGXAG5qZo;0.0579;satisfied;skincare-first;;;;"Das ist keine normale Pizzabox.Pizza Huthat daraus einfach einen Mini-Beamer gemacht. Das ist keine normale Pizzabox.Pizza Huthat daraus einfacheinen Mini-Beamer gemacht.Handy reinlegenBox falten→ Film an der WandSo simpel.Aber genau das macht es so stark.Sie haben nicht gesagt:„Pizza = Filmabend""Si"
0_218673_126_t1_oh1wp1g;0.0579;advisory;skincare-first;;;;Filterflies oder Filterrpapier mit PTFE-Beschichtung für Absaugung Ja, würde ich gerne, bisher hab ich aber nur Wattevlies gefunden, welches sich nicht für einen Lamellenfilter eignet. Bei Holzprofi Austria hab ich ein Filtervlies gesehen, welches sich eignen könnte. Schreibe gerade eine Anfrage zur
0_218673_8_2018920247734972729;0.058;disappointed;procedure-curious;;;;Wer glaubt, Hitler sei links gewesen, glaubt auch, dass Zitronenfalter Zitronen falten. Die Nazis haben als Erstes Linke, Sozialdemokraten und Gewerkschafter in KZs gesteckt. Du fällst gerade auf einen 90 Jahre alten Marketing-Trick rein. Scheint so, als hättest du beim Denken weniger Glück als beim
0_218673_8_2031125662631866853;0.058;enthusiastic;procedure-curious;;;;@MitAktien @AngelmasAngela Ja, der lässt sich von Alice zusammen falten.
0_218673_126_t1_omydaw6;0.058;enthusiastic;skincare-first;;;;Que no falten los chinchus !!! Asadazo
0_221687_140_7670833262138232097;0.058;enthusiastic;skincare-first;laser;;;Supergreen Multiple Collagen Advanced Bioactive Peptides #KollagenPeptide #KollagenPeptideFürFrauen #NahrungsergänzungsmittelFürFrauen #TikTokShopping #TikTokSommeraktion
0_219424_9_53209299647970009;0.0581;disappointed;skincare-first;celebrity,pressure;;;In Nuance sieht man es.. auch an seinem Profil, aber er wirkt schon sehr entstellt, im Gegensatz zu früher. Ich bin gerade am Überlegen, welche Schauspielerin auch so einen Wandel gehabt hat. Das die Haut extrem straff ist usw. Bei einigen Kommentaren les ich, daß ist nicht Jim, der hat seine Art ge
0_219424_140_7657631345048292640;0.0581;disappointed;skincare-first;peel;;growth-factors;Nicht alle Exosomen sind gleich. Pflanzliche Exosomen klingen clean - aber Pflanzenzellen kommunizieren kaum mit menschlichen Zellen. Humane Exosomen wären biologisch naheliegend, sind jedoch regulatorisch in der EU nicht erlaubt. Und genau hier werden Colostrum-Exosomen spannend: Sie stammen von Sä
0_218673_9_yt.p-8AvlrL5BM;0.0581;enthusiastic;procedure-curious;;;;"Wie Susanne in Liebe badet - 5 - ICH BIN: ICH BIN (GÖTTLICHKEIT IM ALLTAG) - music by Susanne [Verse 1]Ich sag nicht „höher, größer, weiter"",ich sag nur „hier"" und „ich bin da"".Die Göttlichkeit trägt meine Schuhe—läuft barfuß durch die Küche, klar.[Verse 2]Ich segne Tassen, Tische, Treppen,ich küsse"
0_218673_126_t1_nqhh4h9;0.0581;satisfied;skincare-first;;;;Ideen für Basteleien o.Ä. Fröbel Sterne, Sterne aus Transparentpapier falten fürs Fenster (sehr simpel und schönes Ergebnis), Kekse backen, Teelichtgläser gestalten mit Transparentpapier, Adventsschlange aus Modelliermasse, Kerzen gestalten, Futterglocke für Vögel, Brottüten Sterne basteln, kleine H
0_218673_9_63453773379850564;0.0581;satisfied;skincare-first;;;;@ronalt646 und Zitronenfalter falten Zitronen
0_218673_126_t1_omtfs5s;0.0581;enthusiastic;skincare-first;;;;Woher bekommt ihr weiße Unterzieh-T-Shirts hin, die am Hals ordentlich sitzen? Ich trage welche von Olymp, die sitzen recht eng und werfen keine Falten.
0_218673_126_t1_oo8qtw5;0.0581;satisfied;procedure-curious;;;;Looksmaxxing and the Rise of Male-to-Male Transsexuals Ich habe das Video eben mal kurz angefangen, wurde dann von den Kids unterbrochen 😆, aber ich kenne andere Videos von Alexander und fand die ziemlich gut, ist aber echte Konzentrationsarbeit sich das reinzuziehen. Sehr dicht mit Info. Auch optis
0_219424_126_t1_ofwlqdd;0.0582;enthusiastic;procedure-curious;fillers;;;"What ""filler words"" are the most common in your language? Ähm ähh oder so mäßig"
0_221687_140_7605922994417847574;0.0582;advisory;skincare-first;fillers,spf;;;NIVEA Cellular Expert Filler Hyaluron-Serum mit LSF 50+, leichtes und schnell einziehendes Serum mit purem Hyaluron, Gesichtspflege für geglättete Falten, Tägliches UV Serum Fluid (30 ml)#NIVEA #HyaluronicAcid #SkincareEssentials #HydratedSkin @NIVEA DE
0_218673_9_yt.UsvrnCKIbI8;0.0583;neutral;skincare-first;;;;BEWERTUNG (2026): SMALLRIG 5 in 1 Reflektor 110cm. Infos Wir behandeln schnell die wichtigsten Details von SMALLRIG 5 in 1 Reflektor 110cm.👉 Auf Amazon ansehen: https://www.amazon.de/dp/B0BMQ8CFN5/?tag=16w9h-20 (Affiliate-Link)Entdecken Sie den SMALLRIG 5 in 1 Reflektor mit einem Durchmesser von 110
0_218673_15_56840005346265141;0.0584;satisfied;skincare-first;price;;sod;3D Weihnachtssterne aus Papier falten Die Adventszeit ohne Weihnachtssterne? Kaum vorstellbar! Ob am Fenster, am Tannenbaum oder als Tischdeko – Sterne gehören zu Weihnachten einfach dazu. Besonders schön ist es, wenn sie selbst gebastelt sind. In diesem Beitrag zeige ich dir, wie du ganz einfach We
0_218673_8_2036997625757544930;0.0584;satisfied;procedure-open;;;;Ich kenne die Kohlerampe auch noch so bis ca. 1965. Nur gab es bei uns keine Briketts, sondern die rund gepressten Steinkohle Eier. Dann später in der neuen Wohnung Heizöl. Neben der Waschküche im Kabuff der Tank, mit Handhebelpumpe das Öl in den 20 Liter Ölkanister. Dann die 3 Etagen hoch zum Ölofe
0_219424_126_t1_o6l7l1e;0.0585;disappointed;procedure-open;fillers;;;Welche Episoden überspringt ihr immer? Alle plot-irrelevannten Specials, z.B.:* Musical (außer Buffy)* Weihnachten/Thanksgiving* Halloween (außer Simpsons)* Bottle-Episoden, Rückblenden, und ähnliche Filler* manche amerik. Serien haben Specials mit den Muppets... völlige Zeitverschwendung
0_218673_8_2044663448278102261;0.0585;satisfied;skincare-first;;;;Wer denkt, die ÖRR sind staatlich, denkt auch, dass Zitronenfalter Zitronen falten. https://t.co/CppE00X8I2
0_218673_15_49506177558723663;0.0585;enthusiastic;skincare-first;price,spf;;pha;"Sensai Bronzing Gel – Die 15 besten Produkte im Vergleich Empfohlene Produkte im Bereich „Sensai Bronzing Gel"" Wir haben Produkte im Bereich „Sensai Bronzing Gel"" miteinander verglichen und Empfehlungen für Dich zusammengestellt. Hier findest Du die Top 15 im Bereich „Sensai Bronzing Gel"". Empfehlun"
0_218673_15_45960227279412906;0.0585;satisfied;procedure-open;;;;Gottschalk gratuliert Jauch: «Happy 70» Fernsehmoderator Günther Jauch hat zu seinem 70. Geburtstag Glückwünsche von seinem Freund und Kollegen Thomas Gottschalk (76) bekommen. «Happy 70, lieber Günther!», sagte Gottschalk der «Bild».  Dafür verstieß er eigenen Angaben zufolge gegen eine Vereinbarun
0_221687_190_3833089233238519409;0.0585;advisory;skincare-first;;;;Kalte Tage entziehen der Haut Feuchtigkeit – feine Linien wirken schneller sichtbar. ❄️ Das Bio-Lyne Hydration Serum mit Hyaluronsäure versorgt die Haut intensiv mit Feuchtigkeit, polstert sie auf und schenkt ihr neue Frische. Für ein glattes, pralles Hautgefühl – auch im Winter. 💧Cold days draw moi
0_218673_9_yt.rMJlyyblgxg;0.0586;enthusiastic;skincare-first;;;;Papierflieger Falten - Papierflieger Falten Der Weit Fliegt A4 Teil 70 - Bastelideen Easy Papierflieger Falten - Papierflieger Falten Der Weit Fliegt A4 Teil 70 - Bastelideen Easy✈️ Papierflieger Falten – Der Weitflieger mit A4 ✈️In diesem Video zeigen wir dir Schritt für Schritt das Papierflieger F
0_218673_126_t1_nj0fm0r;0.0586;disappointed;skincare-first;;;;Rock/Kleid mit dicken strumpfhosen verpönt? Da gibts unterschiedliche Qualitäten. Ich habe mir eine von NurDie gekauft, die wirft nicht so Falten, ist aber auch dünner. Die anderen gefallen mir auch nicht genau wegen der Falten.
0_218673_9_yt.nyTrmnzO6fw;0.0586;advisory;procedure-open;pressure;;;BEWERTUNG (2025): Neakasa Magic 1 Steamer. WESENTLICHE Einzelheiten Erhalten Sie einen schnellen Überblick über die Kernfunktionen von Neakasa Magic 1 Steamer.👉 Auf Amazon ansehen: https://www.amazon.de/dp/B0DKFL1T33/?tag=16w9h-20 (Affiliate-Link)Der Neakasa Magic 1 Steamer präsentiert sich als inno
0_218673_8_2021678167396602263;0.0586;enthusiastic;procedure-curious;;;;Wer glaubt, dass das eine Frau ist, der glaubt auch, dass Zitronenfalter Zitronen falten.🤮 https://t.co/NVJ68PLDdr
0_218673_9_68880267717768516;0.0586;enthusiastic;skincare-first;;;;DAS  VOLK  SAG NEINNNNNNN  IHRE  FALTEN 🤣🤣🤣🤣🤣🤣🤣🤣🤣🤣🤣
0_218673_8_2023457589565210744;0.0586;enthusiastic;procedure-curious;;;;@AndreBuchheim @EchterChrist @manden1804 @RaikSchirmer @DrinhausRoland @BruderDanielo @Klimahunger @grok @KvonLeutewitz @DrivenByG @LaTrozzo @typeTrillian @fussappeal @darsacht @Erweckungszeit @JesusLight11 @Jesuskommtbald_ Welche Vorstellungen hast du von Gott?Täglich in der Kirche knien und die Hä
0_219424_9_12332050544285639;0.0587;disappointed;procedure-open;fillers;;;"Der 2 Trailer hat mich gehypet. Schade das der Film vermutlich nur so eine Filler-Folge (""Film"") wird"
0_218673_9_22741261379538092;0.0587;disappointed;skincare-first;;;;Wie lustig sehen eigentlich Edward und Bella aus wenn das Shirt beim vorbeugen Falten schlägt 😂 hat mich gekillt 😂😂
0_219424_9_60197366812547324;0.0588;enthusiastic;skincare-first;botox;;;Sich verjünger lassen mit plast. OP's,Botox aber graue Haare(?)-obwohl Haare färben kein Aufwand  ist!?! Wo ist JK????
0_218673_9_30495635046431032;0.0589;disappointed;skincare-first;;;;Falten auf dem Knie glätten ???Falten auf dem Ellenbogen glätten ??? Die meisten haben Falten im Hirn !!Wie kommt die Kartoffel ins Hirn ??Vollidioten TV .
0_218673_9_yt.fTpoyLs8K9c;0.0589;satisfied;skincare-first;pressure;;sod;Zusammenbau von Bananenkisten! Technik zur Herstellung von Kartons mit pneumatischen Tackerpistolen „Die perfekte Kombination aus Geschwindigkeit und Verpackung landwirtschaftlicher Erzeugnisse – sehen Sie selbst, wie eine am Kopf befestigte pneumatische Tackerpistole flache Wellpappkartons in stabi
0_218673_8_2015871652110696867;0.059;satisfied;skincare-first;;;;Zitronenfalter falten Zitronen. Und in der Zitronen faltenden Zitronenfalter-Welt ist Elon ein Genie. https://t.co/A7yp2dDCj7
0_218673_9_9836450769397661;0.059;neutral;procedure-curious;;;;Mehr als 8 mal falten geht nicht. Egal welche Größe es hat.
0_218673_126_t1_on8x60g;0.059;satisfied;procedure-curious;;;;Wurden die Fenster korrekt eingebaut Vielen Dank für deine Antwort. Es wurde lediglich ein EPDM Band unter am Fenster befestigt. Darüber ist jetzt die Fensterbank. Besonders in den Ecken gibt es natürlich viele Falten und die Fensterbank musste ausgeschnitten werden für die Rolllade Führung. Der Fen
0_218673_9_57015753035025263;0.0591;satisfied;procedure-curious;;;;Jeder der denkt das in der SPD jemand weiß was Arbeit und Wirtschaft bedeutet, der denkt auch das Zitronenfalter, Zitronen falten.
0_218673_126_t1_nxsxy0o;0.0591;satisfied;skincare-first;celebrity;;;Findet ihr ältere Frauen wirklich sexy? attraktiv liegt immer im Auge des Betrachters.Falten kann man auch mit 30 bekommen, genauso wie graue Haare.Falten können auch vom rauchen/Alkohol kommen.dies Instagram vergleichen sehe ich definitiv auch so wie ein Vorredner
0_218673_9_yt.o4_dX9ORdAk;0.0591;satisfied;procedure-open;pressure;;;"Ein traktorbetriebenes System zur Rückgewinnung von Kunststofffolie „Die perfekte Kombination aus PS und Gartenbau – sehen Sie selbst, wie dieses clevere Traktorzubehör die mühsame Arbeit des Abbauens saisonaler Gewächshausabdeckungen in einen reibungslosen und effizienten Vorgang verwandelt.""Dieses"
0_218673_15_12026070705712249;0.0591;neutral;procedure-open;;;;Geometrie: Wie oft muss man ein Papier mindestens falten, um einen Donut zu bilden? Ein Mathematiker hat nun die beste Falttechnik ermittelt. Wie oft muss man ein Papier mindestens falten, um einen Donut zu bilden? Ein Mathematiker hat nun die beste Falttechnik ermittelt.
0_219384_8_2042247776311116041;0.0591;advisory;skincare-first;fillers;;;[Anzeige] POV: Glass Skin mit nur zwei Produkten 🫧✨  Die Revitalift Filler Glass Skin Hydrogel Glow Maske in Kombination mit dem Glass Skin Feuchtigkeitsfluid für geglättete Linien und aufgepolsterte, glowy Haut.      porcelainskin https://t.co/lZRqV8X7PN
0_219424_26_1641574881310606;0.0592;advisory;skincare-first;retinol;;;Wir sprechen ständig über Wirkstoffe.Hyaluron.Retinol.Vitamin C.Peptide.Aber eine Frage wird fast nie gestellt:Wie ist die Creme eigentlich aufgebaut?Dabei spielt genau das eine wichtige Rolle.Viele klassische Cremes basieren auf Emulsionen. Es gibt aber auch lamellare Cremesysteme, die sich am natü
0_218673_9_52035559647090023;0.0592;disappointed;skincare-first;;;;Faltbare Laptops ist wild. Es ist ja nicht so als könnte man keinen Laptop falten...😂
0_219424_9_21027020758244876;0.0593;disappointed;skincare-first;botox;;;​@Birdie3691Ein bisschen Dont cha und ein bißchen Beep, ja. Aber Broadway? Da fehlt die Anmut, das war nur Show,mit rum gefuchtelten Armen.Schwabbel an Oberarme mit 46? Vor 20 Jahren sah das noch anders aus. Sie ist nunmal nicht Kim Kardashian 😅 Da kann sie sich hinter verstecken. Schön ist da gar n
0_219424_190_3934811174422494387;0.0593;disappointed;skincare-first;spf;;zinc;Ich verzichte auf Chemischen Sonnenschutz. Der zieht in die Haut ein und kann hormonell wirksam sein. Für mich kommt nur ein mineralischer UV-Filter mit Zinkoxid, non-nano, infrage, der bleibt auf der Haut, statt einzuziehen.Das einzige Problem an mineralischen Filtern ist, sie weißeln fast immer. I
0_218673_9_52221275754882646;0.0593;satisfied;skincare-first;;;;Mache nicht zuviele  Videos auf deinen Kanaelen, Du bekommst langsam Falten.... verdienst doch schon reichlich genug Kohle!
0_218673_9_6279332909529225;0.0593;disappointed;skincare-first;;;;ARD und ZDF,eine Scheißengrube und Müllhaufen der Informationen.wer diesen Lügensendern glaubt,der glaubt auch Zitronenfalter falten Zitronen
0_218673_8_2024538750907273400;0.0593;disappointed;skincare-first;;;;"Ich weiß, wie durchgeknallt es klingt - aber wenn man dies hier verfolgt, stellt man tatsächlich fest, dass ausnahmslos alle US-Präsidenten über die Jahrhunderte bis heute einschließlich Obama „eineiige Doppelgänger"" mit identischer Gesichtssymmetrie, Muttermalen, Falten und Narben haben, die unison"
0_218673_8_2031481878314680710;0.0593;satisfied;skincare-first;;;;@JayRimmington Dass du gerne crossdressed? WIE siehst du dort einen Unterschied es ist wortwörtlich des gleiche Bild gleiche falten gleiche Schatten etc?????
0_218673_126_t1_onkbg4b;0.0593;enthusiastic;skincare-first;pressure;;;intim behaarung ist ekelhaft ! Naja denk mal nach. Welche Frauen sind laut unserer Gesellschaft die schönsten? Die, die keine Haare an Beinen, Achseln und im Intimbereich haben, ne schmale Hüfte haben, keine Falten, dazu große Augen, süßes Gesicht.. unsere Schönheitsideale gehen Hand in Hand mit Päd
0_219424_9_64745018088011682;0.0594;disappointed;skincare-first;botox;;;Donald ist älter als Botox Wladi, ist älter,hat jedoch goldene Haare
0_218673_9_27511979956233429;0.0594;enthusiastic;procedure-curious;;;;Lieber Jordi ❤ und liebe Glaubensgeschwister ❤Deutschland hat noch niemals zuvor so viele Waffen ausgeliefert wie im letzten Jahr, und da wollen die Machthaber uns als Volk etwas von Frieden und Sicherheit erzählen...Frieden schaffen mit vielen Waffen ⁉️Das weltweite Volk wurde schon immer dumm geha
0_218673_15_24467208085344468;0.0594;satisfied;skincare-first;;;;Samsung feiert Weltpremiere mit Galaxy Z TriFold Samsung war der erste Hersteller mit einer sehr großen Serienfertigung von Foldable-Smartphones und mit Generation 7 wird ein neuer Formfaktor eingeführt. Weltpremiere feiert jetzt das Galaxy Z TriFold, ein Gerät mit zwei Scharnieren und einem noch gr
0_218673_8_2009160085763969188;0.0594;disappointed;procedure-curious;;;;"@JoanaCotar Wer glaubt das Günther ein „Demokrat"" ist der glaubt auch das Zitronenfalter Zitronen falten…"
0_221687_126_t1_p1vo4qv;0.0594;advisory;skincare-first;spf;;centella;Gesichtscreme ohne LSF + Sonnencreme oder Gesichtscreme mit LSF ohne Sonnencreme? Wie reichhaltig soll es denn sein? Wenn es leicht aber feuchtigkeitsspendend sein soll, Skin1004 Hyala Cica Water Sun Serum, oder Isntree Hyaluronic Acid Fresh Sun Serum bzw. Watery Sun Gel (beide sehr leicht, Serum no
0_218673_8_2026220404788879598;0.0595;disappointed;procedure-curious;;;;@Luther_M_95 @kripp_m Glaubst Du auch, das Zitronen Falter Zitronen falten und schaust Du regelmäßig das populistische Zwangsfernsehen????
0_218673_8_2039685487665844404;0.0595;disappointed;skincare-first;;;;@Pegnitzpirat @GanzeGeschichte Die deutschen Kanister waren geschweißt, die Amerikaner beharrten aber darauf, dass Metall zu falten.Deswegen haben sie ihre nie dicht bekommen, obwohl sie sogar die genauen technischen Unterlagen der Deutschen stehlen ließen.
0_219424_190_3940970646832530906;0.0596;enthusiastic;procedure-curious;;;;📍Kosmetikstudio Bochum: Warum manche Frauen quer durch Bochum fahren, obwohl sie längst eine Kosmetikerin um die Ecke hätten.Du siehst in diesem Reel ein paar Ecken aus der Bochumer Innenstadt. Vielleicht läufst du jeden Tag daran vorbei. Vielleicht erkennst du sogar die Kirche. Dann schreib ihren N
0_218673_8_2049168749865959584;0.0596;disappointed;skincare-first;;;;"@Lars_Chowanietz Sie glauben auch, dass Zitronenfalter 🍋 falten. Passendes Zitat auch:"" Wenn Ihr Euch fragt weshalb dies damals passieren konnte, weil die so waren wie Ihr heute seid"""
0_218673_9_51382313887279524;0.0597;advisory;skincare-first;;;;Der hat sich verwandelt 😅  echt seltsam  seine  Augen sind ganz anders  und der Mund  auch seine  Art ist ganz anders und so viele falten hat er auch nicht im Gesicht  gehabt  echt seltsam  ich glaube  da stimmt  was nicht
0_219424_15_24408513527469746;0.0598;neutral;skincare-first;peel;;urea;Nagellack-Farben : Finde mit unserer Expertin den perfekten Ton für deine Nägel Welche Nagellack-Farben schmeicheln dem Hautton und welche passen zur Saison? Diese und andere Fragen klären wir mit einer Nagelexpertin auf BRIGITTE. Kurze Nägel, lange Nägel, ovale, runde, spitze und mehr – kaum ein Be
0_219424_8_2080238436636663885;0.0598;disappointed;skincare-first;fillers;;;Damals schon cooler Filler gewesen wie die künftige Großflotte zusammengearbeitet hat die Don Quichotte Bande aufzuhalten dass sie Ruffy aufhalten🔥🔥🔥🔥#OnePiece #OnePiece691 https://t.co/Z7gTYOWXSk
0_218673_15_31834220763061295;0.0598;neutral;procedure-curious;;;;ERIAC Gallery Space in Berlin: Temperance Die Stiftung Kai Dikhas empfiehlt in einer Aussen­dung die Aus­stel­lung TEMPERANCE im ERIAC Gallery Space in Berlin:TEMPERANCE vereint Arbeiten von Rudy Dumas (FR), Anita Horváth (HU) und Monika Kováčová (CZ) – drei zeit­ge­nössi­schen Roma-Künst­ler:in­nen
0_218673_8_2016993383563092415;0.0598;disappointed;procedure-curious;price;;;@Chloe01476097 @rschkalt Klar und Zitronenfalter falten Zitronen. Ich bin wirklich viel im Internet und ich hab selten so einen Quatsch gesehen. Wer den Linken glaubt ist absolut verloren.In UK verlassen Millionäre das Land in Haufen wie noch nie und du denkst die bleiben hier und zahlen brav Steuer
0_218685_15_7355297538592866;0.0598;neutral;skincare-first;peel;;urea;Nagellack-Farben : Finde mit unserer Expertin den perfekten Ton für deine Nägel Welche Nagellack-Farben schmeicheln dem Hautton und welche passen zur Saison? Diese und andere Fragen klären wir mit einer Nagelexpertin auf BRIGITTE. Kurze Nägel, lange Nägel, ovale, runde, spitze und mehr – kaum ein Be
0_218673_126_t3_1o79svr;0.0599;enthusiastic;skincare-first;;;;Habe ich Schopftintlinge im Garten? Hallo Pilzfreunde!In meinem Garten wachsen die abgebildeten Pilze. Ich halte sie für Schopftintlinge aufgrund der weißen Farbe, dem geschuppten Hut ohne Falten, dem langen gerade an Spargel erinnernden Stiel ohne Ring, der Erscheinung der älteren Pilze wegen. Zwei
0_218673_8_2020896143924716015;0.0599;enthusiastic;procedure-curious;;;;"IJOMA MANGOLDDIE ZEIT , 02.06.2016: ""Das Fremdsein, über das Gauland seine Stirn so in Falten legt, ist also ethnisch gemeint. Es ist mithin notwendig, die Nazikeule herauszuholen und daran zu erinnern, dass das letzte Gesetzeswerk, das ethnische Zugehörigkeit zur Volksgemeinschaft transparent entfa"
0_221687_140_7665772626874240278;0.0599;enthusiastic;skincare-first;;;niacinamide;Nila Pur Indigo Pur Natur in Stücken 50 g – traditionelle pflanzliche Färbung für natürliche Masken und Behandlungen, natürliche Indigofarbe #miumiubeauty #naturalbeauty #ü40beauty #rarebeauty #pigmentation #purplehairmask #niacinamide #organicsuperfoods #naturalfoods #naturallips
0_218673_9_4565643872250251;0.06;neutral;procedure-curious;;;;Streng genommen wäre es nach 41 falten 219.900km.
0_218673_15_53023539067894523;0.06;neutral;skincare-first;price;;pha;AEG Wärmepumpentrockner 8 kg (TR7T50580) für 426 Euro Bei Amazon bekommt ihr aktuell den AEG Wärmepumpentrockner 8 kg, Serie 7000 SensiDry (TR7T50580) für 426€ inklusive Versand. Im Preisvergleich werden sonst rund 621,38€ fällig — ihr spart 195,38€ bzw. ca. 31 %! Bei Amazon vergaben bisher 9 Käufer
0_219424_126_t1_o2yr50h;0.0601;enthusiastic;procedure-curious;fillers,pressure;;;Bücherregal von einer, die sich doll von BookTok influencen lassen hat Danke :) und gerne. Also die Folk of the Air Reihe von Holly Black fand ich sogar ganz gut aber wirklich sehr speziell. Also es ist einfach ne total weirde Geschichte aber auch mal was anderes. Die Hauptreihe fand ich deutlich be
0_218673_9_yt.zmNUxgWCJMs;0.0601;enthusiastic;skincare-first;price,pressure;;;BEWERTUNG (2025): Beko B3T32491 Wärmepumpentrockner. WESENTLICHE Einzelheiten Eine schnelle und einfache Anleitung zu den herausragenden Merkmalen von Beko B3T32491 Wärmepumpentrockner.👉 Auf Amazon ansehen: https://www.amazon.de/dp/B0BSX9N42W/?tag=16w9h-20 (Affiliate-Link)Entdecken Sie den Beko B3T3
0_218673_9_58148555397319589;0.0601;enthusiastic;procedure-curious;;;;❤ja ich muss jetzt schlafen,es ist schon ein neuerTag da....und AUGENRINGE MÖCHTE ICH NICHT....,HEUTE IST SINNTAG UND NUN BIN ICH WOHL ZU MÜDE FüR DEN KIRCHGANG....,also sorry......❤......ich bedanke mich für gute TRÄUME und SAMEN die gesäät wurden gingen schon auf....❤.....AMEN,ALLELUJA.....❤
0_218673_8_2051580459960701116;0.0601;satisfied;skincare-first;;;;@freespechnow wie elvis mit filter für altersflecken und falten?
0_218673_126_t1_ollngmn;0.0601;enthusiastic;skincare-first;spf;;spf;"Fragen zu Beauty und Körperpflege Makeup ist suuuuuuper individuell, was der einen Person gefällt kann die nächste scheußlich finden. Ich hab mir früher mit rotbraunem Lidschatten Augenringe aufgemalt, weil das für mich nach Sex&amp;Drugs&amp;Rock'n'Roll aussah, andere überdecken ihre Augenringe wei"
0_218673_8_2021274220462756216;0.0602;neutral;skincare-first;;;;@Frau_Fledermaus haben japanische eiskunstläufer eine Origamifigur im programm? falten sie sich artistisch um die Kufen?
0_218673_15_46375175344271894;0.0602;enthusiastic;skincare-first;;;sod;"Sushi Burger mit Pulled Surimi und Spicy Mayo || Sushi meets Burger – ein wahr gewordener Traum &amp; das Rezept für den Food Trend Sushi Burger || Springe zu Rezept Wo sind die Sushi-Fans? Alle so: „Hiiiieer!"" Weil doch wirklich alle Sushi lieben! Ja, ja, ich weiß, ALLE nicht. Und es gibt immer noc"
0_218673_15_16115564724598202;0.0602;satisfied;skincare-first;laser,price,celebrity;;;Der neue Luxusrasierer Nevo von Braun Mit dem Nevo hat Braun einen Rasierer der Luxusklasse angekündigt, der 100 Jahre nach Gründung der Designmarke den Beginn einer neuen Ära des Rasierens markieren soll. Er wurde entwickelt, um eine besonders gründliche Rasur zu ermöglichen, ohne dabei Kompromisse
0_218673_9_72054133788902746;0.0603;enthusiastic;skincare-first;pressure;;;WENN IHR NUR DIESE LANGWEILIGEN THEMEN HABT, SEID IHR EINE LOSER GESELLSCHAFT. ANDERE FALTEN PROTEINE UND BAUEN NACHHALTIGE STÄDTE. UND WIR HAUEN UNS WEGEN EINER BUNTEN F A H N E! DAS IST IMMER NOCH NUR EIN STOFFFETZEN IHR KULTBRAINIACS. WER EINE FAHNE BRAUCHT, DER SPALTET. JEDER! IMMER!
0_218673_8_2007389781119119645;0.0603;enthusiastic;skincare-first;;;;@DirtyHarry_tv Und sie wird immer eine schöne Frau sein 😊 auch mit falten...
0_218673_8_2013223455101964520;0.0603;enthusiastic;procedure-open;;;;@raumplanungtv Tatsächlich, sie hat gar keine Falten!  🐭
0_219424_9_50569487609873180;0.0604;disappointed;procedure-curious;fillers;;;Ich muss ehrlich sagen, der Film hat mich unfassbar unterhalten. Natürlich war er überhaupt nicht das normale Star Wars Film- Szenario Rebellen vs. Imperium. Aber auch diese Filler Story in Madanlorian and Grogu hat was Neues gebietet und viel Spaß und Unterhaltung bereitet. Bald wird bestimmt ein F
0_218673_9_yt.iAvEWWYCUSg;0.0604;enthusiastic;skincare-first;pressure;;;Papierflieger Falten - Papierflieger Falten Der Weit Fliegt A4 Teil 79 - Bastelideen Easy Papierflieger Falten - Papierflieger Falten Der Weit Fliegt A4 Teil 79 - Bastelideen Easy.✈️ Papierflieger Falten – Der Weitflieger mit A4-Blatt ✈️Du willst einen Papierflieger bauen, der richtig weit fliegt? I
0_218673_126_t1_npqalh2;0.0604;enthusiastic;procedure-curious;;;;Which line is the best for Germany? Iwas zwischen 12-16$ und schreib denen einfach sollen Box falten kriegst Rückerstattung dann
0_218673_126_t1_o3vbpuk;0.0604;disappointed;procedure-curious;pressure;;;Ich liebe Jogginghosen – Jeans sind für mich nur gesellschaftliche Pflicht Ist eigentlich ziemlich nah am Sweetspot für die Weite einer vernünftig passenden Hose. Nichts sieht alberner aus, als diese slimfit Hosen die haufenweise Falten bilden und einfach viel zu eng sind.
0_218673_9_21713718220882258;0.0605;satisfied;procedure-curious;;;;Der Kratzbaum ist weder zusammenlegbar noch faltbar.Wenn dannZusammenbau bar.Wie willst du den Kratzbaum falten oder zusammenlegen??
0_218673_8_2023504919911952573;0.0605;satisfied;skincare-first;;;;"@Wahrheiten23 &amp; Zitronenfalter falten Zitronen"
0_218673_126_t1_ocxicvs;0.0605;neutral;skincare-first;;;;Battery Question, they are not tight enough Du kannst auch ein bisschen Alufolie falten, und zwischen Batteriefach und Akku dazwischen legen. Das gibt den Kontakt.
0_218673_8_2077730463460823348;0.0605;enthusiastic;skincare-first;price;;;🔥Schnäppchen✅Nur 5,99€ ❌statt 12,99€ UVP➖➖➖➖➽ Litherday Tshirt Damen Tops Sommer Rundhals Falten Einfarbig Oberteil Elegant️ℹ️ Reduzierte Größen: S - XXL➖➖➖➖➥ https://t.co/XkkfRKWZYP  *➖➖➖➖*Amazon Partnerlink https://t.co/uZLE6DmW8T
0_221687_140_7610390427908246817;0.0605;advisory;skincare-first;pressure;;pha;"Bandscheiben sind wie Stoßdämpfer für deine Wirbelsäule. Damit sie diese Aufgabe erfüllen können, sind sie auf eine spezifische Nährstoffzufuhr und vor allem auf eine optimale Hydrierung angewiesen. Warum Wasser das A &amp; O ist? Die Bandscheibe besteht zu 80–90 % aus Wasser. Man kann sie sich wie "
0_218673_9_yt.ylTlJj4G2BU;0.0606;satisfied;skincare-first;price;;;BEWERTUNG (2025): Rotlichtlampe 660nm mit Klemme. WESENTLICHE Einzelheiten 👉 https://www.amazon.de/dp/B0DFCJ21V4/ref=nosim?tag=16w9h-20 Rotlichtlampe 660nm mit Klemme auf Amazon (Affiliate-Link)Bitte abonnieren Sie unseren Kanal und unterstützen Sie uns! Ihre Unterstützung hilft uns, dieses Vorhaben
0_218673_126_t3_1nhxdys;0.0606;neutral;procedure-open;price;;;"beste frontlader waschmaschine deutschland 2025? Bauknecht W Active 8A jetzt 369,00 € (Spare 32%) [Bauknecht W Active 8A Waschmaschine Frontlader](https://preview.redd.it/ikw34ypy2epf1.jpg?width=1074&amp;format=pjpg&amp;auto=webp&amp;s=e8d3bd25b7e2feb6fd5fc710bf40cfc8e3fecf1a)Mit 8 kg Kapazität, Dam"
0_218673_126_t1_nsr289h;0.0606;advisory;skincare-first;;;;Welche unkonventionellen Dinge findet ihr an Männern attraktiv? Wenn man beim rein optischen bleibt:•Augenringe •Akne Narben •Dehnungsstreifen•einen ehr schmalen Körperbau (was manche als Spargeltarzan / Lauch bezeichnen würden•lange Haare, ein zu lang gibt es für mich nicht •generell Androgynität (
0_218673_8_2024710530699583644;0.0606;disappointed;procedure-curious;;;;@Hubsi2025 @PeterBa84734077 @LoehrHelmut @KEbnerSteiner @KaiPieske64086 Du denkst auch, dass Zitronenfalter Zitronen falten was? 😂🤦🏼‍♂️🤡Jede linke Ideologie hat die Gleichstellung aller Menschen als Kernpunkt. Die Ideologie der NS hat genau das Gegenteil propagiert und die Ungleichheit aufgrund von 
0_219384_126_t3_1ry7uw8;0.0606;enthusiastic;skincare-first;laser,price,pressure;;;"LIFT-Wanddrucker – von der Farbpigment-Formulierung bis zur Array-Geschwindigkeit für eine ganze Wand. ​🎨 Teil 1: Materialzusammensetzung für dekorative LIFT-FolieDie perfekte ""Tapeten-Patrone"" – Schicht für Schicht\`\`\`python\#!/usr/bin/env python3""""""LIFT Wall Printer - Material ScienceZusammenset"
0_218673_8_2028762785169985732;0.0607;satisfied;skincare-first;;;;RT @i_burgerin: Pia Scholz kann litschälli sehr gut englisch... falten.#Shurjoka https://t.co/bVOTbNZ7yN
0_218673_8_2053172620955123934;0.0607;disappointed;procedure-curious;;;;Genau. Weil die DDR so hervorragend funktioniert hat.Stasi und Hohenschönhausen ein Begriff?Oder Wahlzettel falten?Selbstschussanlagen und Grenzschützer, die den Befehl hatten, auf Landsleute zu schießen?Wenn sie das nicht anficht, ja, dann ist die Linke/SED wohl Ihre Partei.Demokrat sind Sie dann a
0_218673_9_18408803057572592;0.0607;satisfied;skincare-first;;;;"Wer glaubt, dass es dann noch ein ""Deutschland"" gibt, der glaubt auch, dass Zitronenfalter Zitronen falten.🍋"
0_218673_9_47499799183989781;0.0607;disappointed;procedure-curious;spf;;;"Das Totenhemd der RepublikDas Fundament zerbricht in tausend Spalten,der Putz fällt sacht vom stolzen Tempelbau.Ein träges Volk lässt stumm gewähren,der Arbeitsethos schwindet in das Grau.»Warum noch müh'n?«, so raunt es durch die Gassen;wo niemand schafft, wird Niedergang verwaltet.Man hat das Land"
0_218673_15_22900138116410135;0.0608;disappointed;skincare-first;;;pha;"Yoda sollte ursprünglich blau sein, wie aus den Star Wars-Archiven hervorgeht ""Blau, das bin ich. Schlumpf bin ich nicht."" Wenn wir an seltsame kleine grüne Kerle denken, ist Yoda die Crème de la Crème. Er redet komisch, ist klein und hat so viele Falten wie zehn Opas. Für das ursprüngliche Konzept "
0_218673_9_51742902180220514;0.0608;neutral;skincare-first;;;;Das kann man sich garnicht vorstellen ein Papier ist 0,1mm dick 41 mal falten dann die Kilometer zu haben
0_221687_26_1272878128188350;0.0608;satisfied;skincare-first;peel;;aha;Winter Geschenksets incoming ... Wir haben wieder limitierte Geschenksets zusammengestellt und mit Winter Favorites für Tag und Nacht sowie Winter Basics von Kopf bis Fuß gefüllt. Der Mix aus Bestellern und Limited Editions kombiniert Bewährtes mit Neuem.  Im GLOW ON THE GO Set findest du die Mini H
0_219424_126_t1_op39wpl;0.0609;enthusiastic;skincare-first;price,spf;;spf;Wieso kaufen für jeden urlaub so viel neue kleidung? Weil man z. B.in Portugal und Spanien tolle rahmengenähte Schuhe bekommt,es in Spanien eine große Auswahl an Lederkleidung gibt,sich in Ungarn Maßschuhe machen lassen kannund in Polen Maßkleidung,die Auswahl an Strümpfen und Wäsche in Frankreich v
0_218673_9_36123821639039348;0.0609;enthusiastic;procedure-open;;;;Kenne ich auch noch. Mutter die Karte in den Händen, Vater ist gefahren. Bei uns war das Teamwork.Habe noch eine Landkarte von West-Berlin.Von der Fa. Falk...zum falten.😂😂😂😂😂
0_218673_9_45990032758226759;0.0609;advisory;skincare-first;;;;Hab mal bei einem Fotomodel eine Retusche machen müssen, Unreinheiten, Muttermale, Augenringe ect, alles kann man mit dem make-up auch nicht kaschieren, daher Photoshop . Am meisten musste ich die Beine bearbeiten, weil die Haut nicht gut aus geschaut hat. Also jap viele, wirklich viele Filter 😉
0_218673_9_yt.pTkOFGoSFOw;0.061;satisfied;skincare-first;pressure;;;Papierflieger Falten - Papierflieger Falten Der Weit Fliegt A4 Teil 77 - Bastelideen Easy Papierflieger Falten - Papierflieger Falten Der Weit Fliegt A4 Teil 77 - Bastelideen Easy. ✈️ Papierflieger Falten – Der Weitflieger aus A4 für Anfänger ✈️In diesem Video zeigen wir dir Schritt für Schritt das 
0_218673_9_51600771173669203;0.061;satisfied;procedure-curious;;;;​@OSUS_REACTSpenden? Das wäre ja menschlich oder gar christlich. Aber wer glaubt die CDU/CSU wäre christlich,der glaubt wohl auch das Zitronenfalter Zitronen falten....
0_219424_126_t1_nxmxvkc;0.0611;advisory;skincare-first;botox;;;Real BOTOX Weib auf der CES2026 Hauptsache blasen können
0_219384_9_yt.3Bcgvl2qZKg;0.0611;disappointed;procedure-curious;laser;;;😱 Die 5 tödlichsten Raubtiere der Erde und die Feinde, die sie besiegen können | Tierdoku Was passiert, wenn der König des Dschungels gar nicht der ist, der wirklich das Sagen hat? Oder noch schlimmer… welches Tier ist in der Lage, einen Großen Weißen Hai allein durch seinen Geruch in die Flucht zu 
0_218673_15_53344822718672446;0.0612;advisory;skincare-first;;;;Schwarz ist schön Die Blanke BLACKLINE Edition von Blanke Systems GmbH bietet Produkte mit hoher Funktionalität und optischer Akzentuierung im Bereich Fliesenzubehör. Neu in der mattschwarzen Kollektion sind die flexible Ablaufrinne Blanke Flex-Line und die Ablage Blanke ECKBERT. BLANKE FLEX-LINE ze
0_221687_26_1360200499444599;0.0612;satisfied;skincare-first;retinol,peel;;;Was ist Skin Cycling?Skin Cycling ist eine Hautpflegeroutine, die deine Produkte clever im Wechsel einsetzt – anstatt jeden Tag das Gleiche zu nutzen. Dadurch bekommt deine Haut die Wirkstoffe, die sie braucht, ohne überlastet zu werden.🔄 So läuft's ab (klassischer 4-Tage-Zyklus):1️⃣ Tag 1: Exfoliat
0_219424_126_t1_oce9462;0.0613;disappointed;skincare-first;fillers;;sod;Ich liebe Filler-Episoden von Serien Zu Recht unbeliebte Meinung…Noch nie so einen Bullshit gelesen!
0_219424_126_t1_od3mu16;0.0613;enthusiastic;procedure-open;fillers;;;Ich liebe Filler-Episoden von Serien Berühmt berüchtigt in dem fall auch dragonball z
0_219424_9_58431879928614395;0.0613;satisfied;skincare-first;;;;@FrauSchnurrhaar Hab selbst damals nur die zwei Videos von ihr gesehen. Und dann die Jay Riddle videos. Weiß z.b. gar nicht ob Anni eine ist die pro oder contra Schönheitsop ist. Fand nur das ihr Gesicht anders aussieht 😅
0_219424_15_16444500632285023;0.0613;satisfied;procedure-curious;price,pressure;;;"Rötzer will Literatur- und Ensembletheater in der Josefstadt Unter ihm sei das Theater in der Josefstadt ""relativ rot geworden"", hatte Langzeit-Direktor Herbert Föttinger einmal gesagt. Nimmt man das neue Corporate Design des Theaters zum Maßstab, kann man sagen: Die neue Chefin Marie Rötzer setzt d"
0_218673_8_2037283367197045116;0.0613;disappointed;procedure-curious;price,pressure;;;@BMF_Bund Deutschland ist ein tolles Land. Hier werden komplett Ahnungslose und gesellschaftliche Verlierer Minister.Die fressen sich mit Steuergeldern die Falten aus dem https://t.co/LjTEaRY4NB verschafft seinen Ehegatten höchstdotierte Posten bei NGO's und pumpt Steuergeld rein. Super!
0_218673_8_2049945728810668350;0.0613;satisfied;skincare-first;;;;Wer das glaubt, glaubt auch, daß Zitronenfalter Zitronen falten! https://t.co/TDi08sKYXh
0_218673_126_t3_1ozf451;0.0614;disappointed;procedure-curious;;;;Was denkt ihr über Konrad Adenauer? Konrad Adenauer war der erste deutsche Bundeskanzler und Vater des deutschen Grundgesetzes. Sein politisches Wirken beeinflusst noch heute unser Leben signifikant. Also, was denkt ihr über Konrad Adenauer?Quelle für das Bild: [https://www.konrad-adenauer.de/quelle
0_218673_126_t3_1r2v2py;0.0614;disappointed;procedure-curious;;;;Leggings - wieso sind die nie richtig eng? Hi, vielleicht kann mir hier jemand helfen, ich finde keine Lack - Leder Leggings (die gemütlichen) die mir passen. seit zwei Jahren versuche ich mich mit Größe XS hier und da, und jedesmal nach fängt die Leggings an sich zu falten und am Oberschenkel zu sc
0_218673_8_2028553457917903059;0.0614;disappointed;skincare-first;;;;"@ElKapo1985 @nureineexe @aka_Sempa Bezüglich des Sozialistentums der Nazis, @ElKapo1985: Es sind keine. Das, was angeblich ""sozialistisch"" war, war Marketing.  Und man könnte es noch pointierter sagen: Wer wirklich denkt, dass die Nazis links und Sozialisten waren, denkt, dass Zitronenfalter Zitrone"
0_218673_8_2032044169099624484;0.0614;disappointed;procedure-curious;;;;sollten diese falten überhaupt etwas zu atomkraft sagen dürfen? https://t.co/aNEjhEsMF3
0_218673_8_2052302842354921841;0.0614;enthusiastic;procedure-curious;;;;RT @2soul16506: Wie viele falten kannst du zählen? #Soles#Toes#Girli https://t.co/4Ag5Fqi2gP
0_219384_9_45488269636325890;0.0614;disappointed;procedure-open;laser;;;Es ist ja nicht was neues sondern seit Jahren so aber da die deutschen im Tiefen Schlaf sind, leben auch von Realität sehr weit.Wenn das Volk wach wäre hätten sich so viel niemals gefallen lassen..! Überall jeder Ecke Blitzer, stand Radar, Laser Kontrollen. Alle recht das mit dem Anhänger Radars let
0_218673_9_35986888745139564;0.0615;neutral;procedure-curious;laser;laser;;Nach 41mal falten hat man 24 hoch 2 Lagen Papier, das sind ausgerechnet 4.398.046.511.104 Lagen. Wenn man diese Zahl mit 0,1 mm multipliziert, erhält man als Dicke des 42mal gefalteten Papiers 439.804 km
0_218673_8_2053152549444653462;0.0615;satisfied;procedure-curious;;;;Wer glaubt, dass Friedrich Merz Politik für die arbeitende Mitte macht, glaubt auch, dass Zitronenfalter Zitronen falten. https://t.co/rEECLET8FI
0_218673_9_38270322910794092;0.0615;disappointed;skincare-first;;;;😂😂😂😂 Falten verschwinden selbst nach 80... Ein toller Witz.
0_218673_9_yt.ZoQYTjce4K4;0.0616;neutral;skincare-first;;;;Papierflieger Falten - Papierflieger Falten Der Weit Fliegt A4 Teil 54 - Bastelideen Easy Papierflieger Falten - Papierflieger Falten Der Weit Fliegt A4 Teil 54 - Bastelideen Easy. ✈️ Papierflieger Falten – Der Weitflieger aus A4-Papier ✈️Möchtest du lernen, wie man einen Papierflieger faltet, der r
0_218673_8_2038717229328449602;0.0616;disappointed;procedure-curious;;;;@michael19994035 wir nannten es Himmel und Hölle. Ich glaube ich könnte die gar nicht mehr falten. Waren wir nicht toll? Ein Blatt Papier, ein Stift, etwas Kreativität und wir hatten ein tolles Spielzeug.
0_219404_8_2050633633287819727;0.0616;advisory;skincare-first;botox;;;"Welche Frau (mit ein bisschen Selbstbewusstsein) interessiert es, worauf die ""meisten"" Männer stehen??? Ich bin es leid, dass Frauen vorgeschrieben wird, wie sie auszusehen haben. Der ganze Körperkult ist nur noch krank. KI, Botox, Hyaluron, Salat und Fitnessstudio. F*CK YOU! https://t.co/eV1eHmbVej"
0_219424_15_9955271729484440;0.0617;satisfied;procedure-curious;price,spf;microcurrent;;Stadtgeflüster – London, Urban Winter Vibes Guter Mix: Die englische Metropole lockt mit lebhaften Märkten und cozy Rückzugsorten. London zeigt im Winter einen ganz eigenen Charme mit klarer Luft, warm leuchtenden Pubs und einem steten Gefühl von Bewegung. Wer die Stadt an einem Wochenende besucht, 
0_219424_126_t1_o1sdpva;0.0617;neutral;procedure-open;fillers;;;QUESTION WHICH ARC WAS THIS ~ Nami was making a plan and split the crew she sent 4 devil fruit users Robin,Chopper,Brook,Luffy on the mini merry and luffy was supposed to go with them but instead he went with the other strawhats in the shark submarine because he said the other job was boring Z fille
0_219424_9_68423470254951028;0.0617;disappointed;procedure-curious;fillers;;;Sorry, aber wer diese Episode nicht lieb, hat the Boys von Anfang an nicht verstanden. Das war meiner Meinung nach die beste Folge in 5 Staffeln. Soldier Boy in absoluter Bestform. Und die Konversation von The deep, Oh Father und Black Noir war Zucker und sollte in die Geschichte der Serien eingehen
0_218673_126_t1_nukn7ay;0.0617;disappointed;procedure-curious;;;;"Gwendolynceline auf TikTok mit ihren ""Es gibt immer zwei Seiten der Geschichte"" Ich will lösen, sie wird sagen bla bla tut ihr leid, aber sie wusste nicht, dass es so ist, dachte auch, dass Zitronenfalter Zitronen falten."
0_218673_9_yt.VkdKlnk2z80;0.0617;satisfied;procedure-open;;;;"So falten Sie aus quadratischem Papier einen Osterhasen für Ostern 2026 – Bastelideen Easy So falten Sie aus quadratischem Papier einen Osterhasen für Ostern 2026 – Bastelideen Easy.""Bastelideen Easy"" ist ein Kanal, der sich rund um Bastelthemen dreht: Papier, Bastelideen, Selbstgemachtes, ... mit g"
0_218673_9_yt.Pm5sQBfAgXA;0.0617;satisfied;procedure-open;;;;"So falten Sie aus quadratischem Papier einen Osterhasen für Ostern 2026 – Bastelideen Easy So falten Sie aus quadratischem Papier einen Osterhasen für Ostern 2026 – Bastelideen Easy.""Bastelideen Easy"" ist ein Kanal, der sich rund um Bastelthemen dreht: Papier, Bastelideen, Selbstgemachtes, ... mit g"
0_218673_9_yt.VnVSmJfiSmU;0.0617;satisfied;skincare-first;;;;Aufbringen eines dekorativen Abziehbilds auf eine handgefertigte Tasse in Blumenform Das Video zeigt eine Kunsthandwerkerin, die in einer Töpferwerkstatt akribisch ein dekoratives Abziehbild auf eine handgefertigte Keramiktasse aufbringt. Mit Schutzhandschuhen positioniert sie sorgfältig eine gelbe 
0_219384_15_65438240899368678;0.0617;advisory;procedure-open;laser,price,spf;;;Mikro-RNA Marktgröße, Marktanteil, globale Analyse bis 2034 Der neu veröffentlichte Marktforschungsbericht von Polaris Market Research mit dem Titel Mikro-RNA Markt bietet eine eingehende Untersuchung des hochdynamischen Sektors. Es bietet einen ganzheitlichen Überblick über den aktuellen Zustand de
0_218673_8_2036868230350848265;0.0618;advisory;skincare-first;;;pha;"1. Short: Typ sieht aus, wie ein gefallener Engel im YouTubeFrame. (Bin so blöd &amp; mach ihm noch ein Kompliment wegen seinen Haaren)2. Short: Selber Typ, selbe Haare, Augenringe des Todes &amp; pharmazeutisches Schleifen im Accent... Die Ausschnitte sind aus demselben Video.WTF ?"
0_218673_9_59137329207847831;0.0618;disappointed;procedure-open;;;;Dieser Wagen glättet die falten beim Vollgas geben xD 😂😂😂
0_219424_126_t1_oyxqvid;0.0619;neutral;procedure-open;fillers;;;Formatwirrwarr bei Nolasn Odyssey (imax 1,43:1?) Da geht nichts verloren.Überleg mal wie Filme früher gedreht wurden. Man hat einen 35mm-Film, der 1.37:1 Bild aufnimmt. Mit der Intention (meistens zumindest) nur den 2.35:1-Streifen in der Mitte des Bildes zu benutzen. Dafür wird entweder beim Filmen
0_219424_9_37058170473683880;0.062;disappointed;procedure-curious;fillers;;;Definitiv nicht, es gab so viel character development und Plot Entwicklung. Was ist denn bitte deine Definition von filler 😂
0_218673_9_yt.-uVqFqq0r24;0.0621;enthusiastic;procedure-curious;;;;LUDWIG CHRISTOPH HEINRICH HÖLTY - AUFMUNTERUNG ZUR FREUDE Dichtung von Ludwig Christoph Heinrich Hölty (Foto) /Rezitation: Heiner Schmidt /Anmerkung: Rosen auf den Weg gestreut, Und des Harms vergeßen!Eine kleine Spanne Zeit Ward uns zugemeßen. (L.Hölty)Wer wollte sich mit Grillen plagen,So lang' un
0_218673_126_t3_1qr7has;0.0621;advisory;procedure-open;pressure;microcurrent;;"Aramid-Papier für Falttechniken Hier ist ein Code-Beispiel, das die Herstellung und Eigenschaften simuliert: ```python import numpy as np import matplotlib.pyplot as plt from dataclasses import dataclass from typing import List, Tuple @dataclass class AramidPaper: """"""Klasse zur Simulation von Aramid"
0_218673_8_2018298429072420865;0.0621;enthusiastic;skincare-first;;;;@AndreaRttger1 @DanielVoll12251 @Cooky4422548977 @erdbeerbuegler Wenn die so drauf sind wie die Angels (und nach allem, was ich so hörte, sind sie das), falten die die Antifanten ebenfalls zusammen und schicken sie zu Mutti zum Ausheulen.Man stelle sich vor: Angels und Bandidos friedlich vereint bei
0_221687_140_7636334072926702881;0.0621;satisfied;skincare-first;;;jojoba;Premium Hair Growth Serum- Natürliches Haaröl 4-fach Wirkstoffkomplex: Kombiniert Rosmarinöl, Jojobaöl, Rizinusöl und Vitamin E für optimale Haarzucht und Kopfhautpflege #serum #haare #haarausfall #öl #hairgrowth
0_218673_9_yt.wFS-GjZrz6Q;0.0622;enthusiastic;procedure-curious;;;;"Unsterblich in dir ❤️ Ein Lied über Liebe, die für immer bleibt 🌙 Manche Liebe vergeht nicht – sie bleibt in jedem Blick, in jedem Atemzug, in jeder Erinnerung. ❤️„Unsterblich in dir"" ist eine gefühlvolle Ballade über Nähe, Sehnsucht und die leisen Momente zwischen zwei Menschen. Ein Pullover auf de"
0_218685_9_yt.4Mg0I-A7GNs;0.0622;satisfied;skincare-first;;;;Kollagenpeptide & Hyaluronsäure: Hautpflege-Geheimnis! #shorts Kollagenpeptide und Hyaluronsäure sind Nährstoffe, die dazu beitragen, dass die Haut weich und rein wird. Es wird erklärt, wie man kollagenreich essen kann, um die Haut zu pflegen. #Kollagen #Hyaluronsäure #Hautpflege #Nährstoffe
0_218673_126_t1_nmv3lz9;0.0623;disappointed;skincare-first;;;;Pflanze ohne Wachstum auf Coco Dass das Substrat ja dauerhaft nass ist und dadurch die Wurzeln anfangen zu gammeln. Diese Krähenfüße sehen sehr nach zu viel Wasser aus. Zumindest war es bei mir mal der Fall, dass die Pflanze nach zu viel gießen ähnlich aussah. Die Pflanze ist gestresst und du erstic
0_218673_9_yt.5E4Ag3Y6Ae0;0.0623;neutral;procedure-curious;pressure;;;BEWERTUNG (2026): Gurkler Komfort Klappmatratze 90 x 200 cm. Infos In diesem kurzen Überblick heben wir die Hauptattraktionen von Gurkler Komfort Klappmatratze 90 x 200 cm hervor.👉 Auf Amazon ansehen: https://www.amazon.de/dp/B0G4MB5WLT/?tag=16w9h-20 (Affiliate-Link)Entdecken Sie die Gurkler Komfort
0_218673_9_4667879990030428;0.0623;neutral;procedure-curious;;;;Das ist Mathematisch nicht korrekt, ein Blatt ist 0,1 mm dick, dann wäre man bei 41 mal falten bei 220.000km, also 0.1 x 2 hoch 41 und bei 42 mal hätte man dann 440.000km
0_218673_8_2054633658720403864;0.0623;disappointed;skincare-first;;;;Robert Geiss ist für eine aufwendige Beauty-OP nach Basel geflogen. Der TV-Millionär hat sich in Lörrach seine Tränensäcke straffen lassen. Blick hat mit dem Chef der Praxis gesprochen.  https://t.co/E19hhNcz2N https://t.co/4TRb1mDjrx
0_219424_126_t1_nxs1g09;0.0624;advisory;skincare-first;;;;Was machen gegen Dehnungsstreifen Vor allem Sachen wie das so unglaublich gehypte Hyaluron sind als Molekül so gigantisch, dass sie per Definition nicht durch die Haut diffundieren können, die in jedem Landlebewesen außer Amphibien als _Diffusionsbarriere_ angelegt ist.Und kerzkettige Formen von Hya
0_218673_126_t1_nsb1d7j;0.0624;neutral;procedure-open;price,pressure;;;Ich möchte eine kleine Textildruckfirma gründen 3€ pro Stück, davon ab Steuer, Rücklagen für Reperatur an Geräten usw., hast du kosten für Farben usw kalkuliert? Wie viele schaffst du im accord? Vorbereiten (aus der Kieferverpackung nehmen, entfalten usw.), ein Maschine einspannen und ausrichten, ra
0_218673_9_14070195644843496;0.0624;satisfied;skincare-first;;;;Ähm.... der Lambo klingt zwar nicht gut aber Trabbi Sound.... Nope! Trabbi klingt wie eine alte Krupps Kaffeemaschine und knistert beim falten. 😬😉
0_221687_140_7611293803290397984;0.0624;advisory;skincare-first;;;;"NIVEA Cellular Epigenetics Serum  Anti-Aging Serum gegen Falten &amp; müde Haut. Mit EPICELLINE® + 3 fach Hyaluron für sichtbar prallere Haut in 7 Tagen  #NIVEA #AntiAging #hyaluronserum"
0_221687_190_3948450431674654155;0.0624;satisfied;skincare-first;celebrity;;;🤔 Kollagen ist nicht gleich Kollagen.Viele achten nur darauf, dass sie Kollagen nehmen.Die viel wichtigere Frage ist:👉 Welches Kollagen nimmst du?Hi-Tech Collagen Peptides setzt auf 20 g hydrolysierte Kollagenpeptide pro Portion und enthält den patentierten Markenrohstoff SOLUGEL®.✅ 20 g Kollagen pr
0_219424_126_t1_o7ive4h;0.0625;neutral;procedure-curious;laser;;;Der Raumausstatter hat mit dem Laser-Messgerät etwas unterhalb der Decke 3,77 m gemessen, ich hingegen mit dem Maßband 3,78 m. Die Vorhangsschiene wird nach seinem Maß bestellt – wird das passen? Die meisten Laser, die ich in der Raumaustattung genutzt habe waren genauer als irgendwelche Baumarkt Ma
0_219424_126_t1_oz3khls;0.0626;satisfied;skincare-first;fillers,celebrity;;;Ist dieser übertriebene Lip Filler jetzt eigentlich Status Symbol oder warum hat mindestens jede zweite Frau auf IG ein halbes Schlauchboot im Gesicht? Ja, ich glaube auch, viele Männer wissen gar nicht, wie eine natürliche Frau aussieht, besonders die nicht, die viel online sind. Sieht man ja bei I
0_218673_8_2014319137888129476;0.0626;enthusiastic;skincare-first;;;;@MENA_WATCH @Alice_mow Alice ist zudem noch doof wie ein Zitronenfalter, der versucht mit anderen Zitronenfaltern Zitronen zu falten und in Kindergärten Kinder zu ernten.
0_219384_126_t3_1qdp7ar;0.0626;advisory;skincare-first;laser,price,pressure;;pha;🌌 Das ultimative Multi-Physik-System Integrierte Domänen:```1. MECHANISCH: SMA, Piezo, EDS-Kurbelwelle2. THERMISCH: Phasenübergänge, Wärmepumpen3. ELEKTROMAGNETISCH: Hall, Transformatoren, EDS4. AKUSTISCH/ULTRASCHALL: Plasma-Tweeter, SASER5. OPTISCH/PHOTONISCH: Laser, Aerogel-Linsen, Gyroskope6. PLA
0_221687_140_7660185658077564193;0.0626;enthusiastic;skincare-first;price;;;☁️ Banana Cloud = 10/10! 😍🍌 Ich glaube, man merkt im Video ganz gut, was ich davon halte. 😂 Für mich ist der neue Protein Iced Coffee Banana Cloud eine absolute 10/10! 🤎🍌 Die Banane schmeckt super natürlich, ist schön cremig und harmoniert perfekt mit dem Kaffee. Ich bin wirklich begeistert! 😍 🔥 Ab 
0_218673_9_yt.R5_sIzHHvjQ;0.0627;enthusiastic;skincare-first;pressure;;sod;BEWERTUNG (2026): FarbenFroh by GUSTAV NEUSER Falt-Karten Set. Infos Werfen Sie einen schnellen Blick auf die Hauptmerkmale von FarbenFroh by GUSTAV NEUSER Falt-Karten Set.👉 Auf Amazon ansehen: https://www.amazon.de/dp/B07D4G59DG/?tag=16w9h-20 (Affiliate-Link)Entdecken Sie das FarbenFroh by GUSTAV N
0_218673_126_t1_om57g2q;0.0627;neutral;procedure-curious;spf;;;Plissee wetterfest gesucht Meinst du soetwas?[Vorkonfektionierter textiler Zip-Screen mit Solarantrieb](https://www.heroal.de/de/verarbeiter/produkte/sonnenschutzsysteme/heroal-Ready-VS-Z-Solar-heroal-Motor/index.php?utm_source=copilot.com)Ich denke, das kommt deiner Vorstellung am nächsten. Das Pro
0_218673_15_21851167364320831;0.0628;disappointed;procedure-curious;;;;Kapitel 3: Die Stille nach dem Heulen Sul sul! Na, schon gespannt, wie Iris die Nacht verbracht hat? – Kapitel 3: Die Stille nach dem Heulen – Die Nacht war ein Fiebertraum aus Pelz und Heulen. Während Logan, der Stadt-Werwolf, seinen Urinstinkten folgend auf die Jagd verschwand, blieb Iris im Haus 
0_218673_9_39632402484807290;0.0628;disappointed;skincare-first;;;;ÖRR gucken nur leute freiwillig, die auch glauben, das Zitronenfalter Zitronen falten.
0_218673_8_2035383541471576282;0.0628;enthusiastic;procedure-curious;;;;@HoedieHaas Das ist militärisches Falten, Du Depp !!
0_218673_9_yt.xxga4JTnsc4;0.0628;satisfied;procedure-open;;;;"Präzision im Erosionsschutz: Einsatz von geosynthetischen Zementverbundmatten zur Hangstabilisierung Das Video zeigt den sorgfältigen Prozess der Verlegung einer geosynthetischen Zementverbundmatte, allgemein bekannt als „Betondecke"", entlang einer Erdböschung neben einem Wasserlauf und veranschauli"
0_219424_26_1688063579992220;0.0629;advisory;skincare-first;fillers;;;🫧 HYALURON BODY: Hyaluron für den Körper:  Hyaluron Body  ist eine Hyaluron Bodylotion mit leichter Textur, die der Haut einen intensiven Feuchtigkeits-Kick schenkt.💦 CAPS- Der Feuchtigkeitsboost für durstige Haut. Die Feuchtigkeitskapseln polstern trockenheitsbedingte Fältchen von innen auf und ver
0_218673_15_31603041577575733;0.0629;enthusiastic;skincare-first;retinol,price;;sod;Olivenöl Das flüssige Gold ist im Mittelmeerraum quasi ein Grundnahrungsmittel. In Griechenland liegt der Pro-Kopf-Verzehr bei über 20 Liter pro Jahr. Hierzulande fremdelt man noch immer – gerade mal ein Liter Olivenöl pro Person wird jährlich verwendet. Stehen Sie auch immer wieder ratlos vor den l
0_218673_9_41662231657053694;0.0629;enthusiastic;skincare-first;;;;Wer noch an Wahlen glaubt, der glaubt auch das Zitronenfalter Zitronen falten... 😂😂😂
0_218673_9_yt.OkGDpTz7_GQ;0.0629;neutral;procedure-open;;;;Papierflieger Basteln | Wie man ein Papierflugzeug einfach macht, das den Distanzrekord bricht In diesem Video zeigen wir dir Schritt für Schritt, wie man ein Papierflugzeug bastelt, das wirklich weit fliegt – so weit, dass es den Distanzrekord brechen kann. Wenn du schon immer wissen wolltest, wie 
0_218673_126_t1_oa1d6f4;0.0629;satisfied;procedure-curious;;;;Was glaubt ihr ist der Grund warum Netanyahu mit 76 noch so jung aussieht? relativ viele Haare auf dem Kopf für sein Alter und auch kaum Falten im Gesicht. Und gleichzeitig scheint er körperlich und geistig noch sehr fit zu sein
0_218673_9_40332095637495188;0.0629;disappointed;procedure-curious;;;;So,so, ein Missverständnis.....?Wer das glaubt, glaubt auch, das Zitronenfalter Zitronen falten .Die Linken werden immer bekloppter !Deutsche Trikots und Flaggen verbieten .Unfassbar. 💙💙💙🇩🇪🇩🇪🇩🇪
0_219424_9_67229924559031957;0.063;disappointed;skincare-first;botox;;;Nein, das ist auf gar keinen Fall Jim Carrey. Weder hat er überhaupt eine Ähnlichkeit, selbst mit Botox, noch hat er die selbe Redensart und Stimme. Außerdem ist Jim Carrey Linkshänder, der Mann in dem Video hat in Autogramm Szenen aber mit der rechten Hand signiert.
0_219424_126_t1_oc8se9v;0.063;neutral;skincare-first;botox;;;"Anhand der Fotos die politische Besinnung erkennen? - natürliche, oder blondierte Haarfarbe - Kleidung ist eindeutig dem Geschlecht zuzuordnen - kaum Piercings außerhalb der Ohren - oft lange glatte offene Haare - geschminkt, aber ""unauffällig"" also viel ""vertuschen"", wenig kräftige Farben - wenn si"
0_218673_8_2031997542334881903;0.063;disappointed;skincare-first;;;;"💢 Tatsächlich scheinen alle ehemaligen US-Präsidenten auch heute noch zu existieren. Wie sonst ist zu erklären, dass „Dennis Quaid"" exakt dieselben Muttermale, Narben und Falten hat wie „Ronald Raegan"" - und warum gilt diese brutale Ähnlichkeit auch für die First Lady Nancy Reagan und „Meg Ryan"" ode"
0_218673_15_69018104908089526;0.063;advisory;procedure-open;;;;"Der stille Aufstand der Nanometer Halbleiter &amp; Technologie Huawei will 2031 Chips auf 1,4-nm-Niveau bauen — ohne ASML, ohne Erlaubnis aus Washington. Heute Morgen hat He Tingbo, Chefin von Huaweis Halbleiter-Sparte HiSilicon, auf einem Symposium in Shanghai eine Ansage gemacht, die in der Branch"
0_218673_126_t3_1uo1uvu;0.063;satisfied;procedure-curious;price;;;"Smart Casual Hosen (Mid - High Waist) besser als H&M Hallo zusammen,ich suche aktuell Hosen für die Arbeit. Ich trage meistens Loafer, dazu eine etwas schickere knöchelfreie Hose und Hemd in der Hose oder Polo, ebenfalls in der Hose. Bisher habe ich oft H&amp;M-Hosen gekauft, eher Richtung Mid bis H"
0_218673_126_t1_nw63lno;0.0631;satisfied;procedure-curious;;;;"Wie genau wird ""gutsitzende Hose"" definiert? Beste Frage!Für schlanke und mittlere Männer finde ich Justin Trudeau und Emmanuel Macron gute Beispiele, sie tragen abgesehen von tollen perfekt sitzenden AnZügen sehr oft die Stoffhose - Hemd Kombi.Oberteil muss auch immer zur Hose passen, am besten obe"
0_218673_126_t1_ospw0zn;0.0631;neutral;skincare-first;;;;Is there any age standards to be called a twink? Ich bin 53, schlank Ganzkörper rassiert und habe eine sehr glatte Haut,keine falten und nieman würde denken ich bin 53,bin sehr jung gehalten und würde mich als ältern junggehalten Twink sehen. Ich habe schon viele jüngere unter 30 gesehen vom körperl
0_219424_9_yt.Szc2p3PVftU;0.0632;disappointed;procedure-curious;celebrity;;;Chinas Influencer spritzen sich jetzt Hyaluron in den KOPF?! Zum Original Video: https://youtu.be/k7hq_PmiyiQ?si=bBPz8j0BzEQTl9AxZu meinem Hauptkanal: https://www.youtube.com/channel/UCUJueAUOgylAOq5SsFp6NyQZu meinem Twitch Kanal: https://www.twitch.tv/aliciajoeZu meinem Instagram Kanal: https://www
0_218673_8_2008378216361193536;0.0632;satisfied;procedure-open;;;;Roboter von LG kann Wäsche falten und Geschirrspüler ausräumen https://t.co/JBPlYtQltJ
0_218673_8_2032017280813470145;0.0632;enthusiastic;procedure-curious;;;;@ODapte24630 @Frohnmaier_AfD Wenn Sie den Landwirten glauben, dann glauben Sie auch, dass Zitronenfalter Zitronen falten.
0_218673_126_t1_od3ug7p;0.0632;advisory;skincare-first;;;aha;Suzuki SV 650 Yamaha mt07 CF moto 450nk mit 1.92 passt das? Fahre eine Honda VFR1200F hätte aber auch lieber ein Naked Bike aber mittlerweile zu alt um mich zu falten 😂 Hatte vorher eine Honda CB1000R aber das erste Modell die SC60.
0_219424_190_3933903650943972317;0.0633;satisfied;skincare-first;peel;;;Was ist Microneedling?Dein Glow beginnt hier Verleihe deiner Haut neue Frische Microneedling kann die Kollagenproduktion anregen, das Hautbild verfeinern und das Erscheinungsbild von feinen Linien, Aknenarben und Poren verbessern. #glowskin #skincare #beauty #microneedling #glowup
0_218673_126_t1_ndflh6f;0.0633;disappointed;procedure-curious;;;;Können Männer nur lieben wenn die Frau attraktiv ist? Also wenn die Frau später einfach nicht mehr attraktiv ist, weil sie halt älter ist und falten bekommen hat usw., liebt der Mann sie nicht mehr?
0_219424_126_t3_1tt1aj8;0.0633;enthusiastic;procedure-curious;fillers;;;NUEVOS EVENTOS 1 DE JUNIO : 4 PASES GRATIS HOY 🔥: VEN POR TU RALLY HOY : FILLER BARON - LORDS MOBILE
0_219424_126_t3_1tt1ide;0.0633;enthusiastic;procedure-curious;fillers;;;NUEVOS EVENTOS 1 DE JUNIO : 4 PASES GRATIS HOY 🔥: VEN POR TU RALLY HOY : FILLER BARON - LORDS MOBILE
0_218673_126_t1_njf154g;0.0634;enthusiastic;procedure-open;;;;Warum hat das typische Einfamilienhaus einen riesigen HWR? Wir haben die Waschmaschine und den Trockner auch im großen Bad und sind begeistert. Müssen wir nicht alles immer hoch- oder runterschleppen. 😅 Im Bad haben wir auch Platz zum Sortieren und Falten.
0_218673_126_t1_o6t2fs0;0.0634;advisory;procedure-open;;;;Siphon nach Spülmaschinenabbau dicht machen Plastiktüte (falten, sodass mehrer Lagen)  über Tülle ziehen und fest mit Gummiband umwickeln.
0_218673_126_t1_nr1rqgw;0.0635;disappointed;procedure-open;price;;;Staat nutzt Dividendenausschüttung zur Senkung der Energiekosten? Christian Stocker hat endlich ein perpetuum mobile entwickelt:  Die Energiekosten erhöhen sich immer weiter (=Naturgesetz), dadurch hat Verbund immer höhere Einnahmen, teilt immer höhere Dividenden aus, die dann von der Regierung inve
0_218673_8_2016622914833969217;0.0635;enthusiastic;procedure-curious;;;;"@WolleErz ""Und schlägt der Arsch auch Falten,wir bleiben stets die Alten"".. 😁👍"
0_218673_126_t1_nbmud3p;0.0636;disappointed;procedure-curious;;;;Pro-Palästina-Demo beendet - Strafanzeige gegen Redner Antisemitismus heißt Judenhass. Du Experte. Zitronenfalter falten auch keine Zitronen
0_218673_126_t1_oiggksc;0.0636;advisory;skincare-first;laser;;;Pigmentflecken entfernen lassen? [Pigmentflecken lasern](https://www.plastica.ch/schoenheitsbehandlungen/entfernung-von-pigmentflecken-und-hautroetungen/)Pigmentflecken entfernen wir häufig mithilfe der VPL-Lasermethode (Variable Pulsed Light). Dabei werden kurze, kontrollierte Lichtimpulse eines be
0_218673_15_42731724920668738;0.0636;neutral;procedure-open;price;;;Laptop-Tablet-Hybrid unter 275 Euro: Einmal falten, bitte! Ein 15,6-Zoll-Laptop, der sich per 360-Grad-Scharnier zum Tablet umklappen l�sst, ist noch immer eine Beson­derheit. Das Ninkear YBOOK 15 kostet aktuell weniger als 275 Euro und kombiniert Touchscreen, 16 GB RAM sowie 512 GB SSD mit einem fl
0_218673_9_60803804003766420;0.0637;disappointed;skincare-first;;;;Immer erstaunlich, was die Leute immer so an Geld auf dem Konto haben! Und geht mal eine Geschichte ohne Wäsche falten und ohne eine angeschlagene Tasse und das Austauschen der Schlösser? Und wieder Margarethe und Klaus. Gähn, gähn.
0_218673_8_2028698838639259695;0.0637;disappointed;skincare-first;;;;Und die Zitronenfalter falten Zitronen! 🥳Der Stadtbild Sheriff zieht wieder den ungeladenen Colt! https://t.co/Y7B4SvfpJR
0_218673_8_2050591339415224486;0.0638;enthusiastic;procedure-curious;;;;"Jeder findet seinen eigenen Zugang zu #StarTrek - meinen habe ich gerade beschrieben.😍 Ich bin glücklich, wenn mehr Leute Star Trek schauen, egal ob jung oder alt. Hört euch also den ""Battle of the Nerds"" Podcast an. Aber wenn ihr mal etwas über die Falten in Picard's Captain's Chair wissen möchtet."
0_218673_126_t1_oocv1hd;0.0638;satisfied;skincare-first;pressure;;;Warum haben Taschentuchpackungen immer diesen dunklen Streifen an der Oberseite? Drucktechniker hier: das kann mehrere Gründe haben:- Farbkontrollfelder, zur Kontrolle des Farbtons beim Andrucken bzw. während der Produktion- Maschinenlesbare Elemente, damit die Produktionsmaschinen erkennen, wann si
0_221687_140_7628722253651365153;0.0638;advisory;skincare-first;;;;Hair Growth Serum - Natürliches Rosmarin Haaröl gegen Haarausfall mit Vitamin E zur P#tikshop #fyp #viral_video
0_218673_9_5311353830273814;0.0639;disappointed;skincare-first;;;;Einfach den Wahlzettel zum Papierflieger falten und den Flieger durch den Raum gleiten lassen. Vorher noch den Namen Paul raufschreiben, dann können die roten Socken sehen, was ihre Bürgermeisterwahl noch wert ist und die Aktion wird dann bestimmt öfter Anklang finden. Einfach ein falsches, ekeliges
0_218673_8_2030019213499498606;0.0639;satisfied;skincare-first;;;;ist Mojtaba Khameni schon längst tod?Hier erklärt dieser Mann, dass die beiden Bilder sehr, sehr identisch sind. Das eine stammt aus Khamenei  Reden, und das andere zeigt seinen Sohn. Sie sitzen genau gleich, die Hände sind gleich positioniert, sogar die Falten in der Kleidung bzw. in der Robe sehen
0_218673_9_63272724239790137;0.0639;disappointed;procedure-curious;;;;Kriegt von nem larry auf der Straße 2 Schellen und flennt dann rum, während er seine babymama von nem albaner umlegen lassen will und jetzt ne operierte russische  Prostituierte bummst, und sich in malaysia versteckt. Was ein goat ja.. Und obendrauf schminkt er sich noch um seine augenringe zu verbe
0_219424_126_t1_ow66kvc;0.064;disappointed;skincare-first;botox;;;"Findet ihr so hyperfeminine/barbiehafte Styles bei Frauen attraktiv? &gt;Ich spreche jetzt vom Klischeebild: blondiert, animal-print oder pinke Kleidung, eher enge/knappe Stücke, glam Make-up, eventuell auch operiert.Alles, was du aufgezählt hast, finde ich (vor allem in Kombination) in 99% der Fäll"
0_218673_8_2039721791132766668;0.064;satisfied;skincare-first;;;;"Wer glaubt, mit E-Autos Klima zu ""retten"" - der glaubt auch, dass Zitronenfalter Zitronen falten.. https://t.co/E9GH4K9ZYA"
0_219424_9_yt.YjI5sCh7ZJE;0.0641;enthusiastic;skincare-first;peel;;;Artistry™ seit 1972 bei Amway. Artistry ist eine Kosmetik- und Hautpflegemarke, die von Edith Rehnborg im Jahr 1958 gegründet wurde. Die Marke ist heute im Besitz von Amway und kombiniert Hautwissenschaft mit pflanzlichen Nährstoffen, die oft von Nutrilite-Farmen stammen, einer weiteren Marke, die v
0_219424_9_yt.yGa8YaEK3wY;0.0641;enthusiastic;procedure-curious;fillers;;;Wer braucht schon ein Bett Filler Content!!!Discord:https://discord.gg/frAR8Xj4
0_218673_9_67715448081060020;0.0641;disappointed;procedure-curious;;;;Der Teppich triggert dich?!Wirft doch nur leichte falten 😂😂😂Ich schrieb doch auch, es gibt ein lustiges Horror Spiel 😊Gut, es ist lustig, verrückt, anders voll durch 😂🎉
0_218673_9_30028882659334871;0.0641;disappointed;procedure-curious;;;;Warum sieht man die so verschwommen,  soviele Falten???
0_218673_8_2030895658689818921;0.0641;enthusiastic;skincare-first;;;;@Cherryxhoran Denk du kannst die auseinander falten… haben wir bei James Arthur auch gemacht 😂
0_218673_9_14734464026691921;0.0641;satisfied;procedure-curious;;;;Karton kann man falten und Pizzastücke stapeln? Die Musik ist dafür nicht episch genug
0_218685_9_yt.zjIUmTgKyj0;0.0641;disappointed;procedure-curious;peel;peeling;;"Warum fühlen sich meine Füße im Winter immer an wie Pergamentpapier? Trocken, rau &amp; wintermüde?Damit müssen deine Füße nicht leben, schon gar nicht in der kalten Jahreszeit. 👣❄️✨Im Winter leisten unsere Füße Großes:Sie tragen uns durch frostige Morgen, kalte Böden, dicke Socken und lange Tage. U"
0_218673_15_1996735885221575;0.0642;neutral;procedure-curious;;microcurrent;;Zwischen Chaos und Ordnung: Dave Grossmann aus Berlin hat eine Ausstellung für die Freiburger Stiftung Roland Phleps geschaffen Ganz am Ende der lang ansteigenden engen Pochgasse in Freiburg-Zähringen, wo schon der Wald beginnt, steht ein lichter Kubus – fast wie ein Ufo. Um zur Stiftung für Konkret
0_218673_8_2046655805382959348;0.0642;neutral;procedure-open;;;;@lillauchx 4 anschließend 1x falten.
0_218673_15_21521803236074117;0.0642;neutral;skincare-first;;;;Ist das Foto echt? So deckt ihr KI-Bilder mit Bildforensik auf (Bildquelle: KI-generiert / Bearbeitung: GIGA) Ihr scrollt durch Social Media, seht ein atemberaubendes Foto, ein knuffiges Cartoon-Bild oder eine surreal anmutende digitale Illustration und fragt euch: Ist das von einem Menschen oder vo
0_218673_126_t1_nbacy0k;0.0643;satisfied;skincare-first;;;;Sauerteig Discard Toast Rezept von chatgpt generiert, gebacken in Pullman Form mit Deckel, Maße der Form 21.5/12.3/11.4 cm:🥪 Toastbrot mit Sauerteig-DiscardZutaten:120 g Weizen-Sauerteig-Discard (100 % Hydration, direkt aus dem Kühlschrank ok)260 g Weizenmehl Type 550 (oder 405)170 g Dinkelmehl Type
0_218673_9_3341938849610404;0.0643;neutral;procedure-curious;;;;Wenn man 1 Blatt 1x faltet, hat man zwei Lagen, beim 2. Mal falten sind es schon 4, das ist exponentiell.Wenn 1 Blatt 0,1mm dick ist, ist die Rechnung so:2^41 * 0,1mm = 219.902 km
0_218673_8_2038961572303806645;0.0643;disappointed;procedure-curious;;;;@KielerFinanzen @bundeskanzler Natürlich vertritt er nicht das deutsche Volk, sondern seine und die seiner Partei - in der Reihenfolge. Wer was anderes glaubt, glaubt auch dass Zitronenfalter Zitronen falten.
0_218673_126_t1_nf4ierh;0.0644;satisfied;skincare-first;;;;Pigmentflecken im Auge Mir ist auch aufgefallen, dass Miezen, werden sie älter, braune Flecken entwickeln. Dass das hier aber nur vermehrt in einem Auge vorkommt, macht das eher unwahrscheinlich. Vor allem, weil das andere vollkommen normal pigmentiert ist. Auf alle Fälle deiner Miez alles Gute!
0_219384_9_32564566817228312;0.0644;enthusiastic;procedure-curious;laser;;;hi laser!, deine video's sind super. Ich wollte dir nur mal sagen, wie toll du und dein team eigentlich sind!. Wenn ich traurig bin, schaue ich einfach deine video's und sofort habe ich ein lächeln auf meinem gesicht. Du gibst mir jeden tag motivation, und ich liebe es einfach deine video's zu schau
0_218673_126_t1_nxp98js;0.0645;advisory;skincare-first;;;;Flecken auf Haut Könnten einfach nur Pigmentflecken sein oder ein Pilz.
0_218673_9_11430112681106874;0.0645;enthusiastic;skincare-first;;;;Hi Nadine du kannst ja Singles schminken wie ein Pandabär dann sieht man seine Augenringe nicht mehr an der sieht lustig aus oder Singles schwingt sich jedes Mal selber Jan van Damme wenn er krank ist wann sieht man seine Augenringe auch nicht mehr ich finde auch immer sehr schön und cool wenn die H
0_219424_9_yt.NQESbxj4gms;0.0646;disappointed;skincare-first;celebrity,pressure;;;9 schöne deutsche Sängerinnen, die von Schönheitsoperationen besessen sind 9 berühmte deutsche Sängerinnen, deren Schönheit durch plastische Eingriffe drastisch verändert wurde – dieses Video enthüllt die schockierende Wahrheit hinter dem Kampf gegen das Altern im Rampenlicht. Von Nina Hagen bis Kat
0_218673_9_40234575616447097;0.0646;advisory;skincare-first;price;;;Hallöchen und vielen lieben Dank für das Video. Ich möchte ein großes Babyabum machen. Für die Grundseiten benötige ich das richtige Papier (Grammatur). Ich habe bereits ein Fotoalbum gemacht, aber mir ist zum einen an den Falzlinien das Papier gebrochen oder das Papier, da es nicht komplett z.B. sc
0_218673_8_2028720483026206779;0.0646;disappointed;procedure-curious;;;;RT @wswJSchneider: Und die Zitronenfalter falten Zitronen! 🥳Der Stadtbild Sheriff zieht wieder den ungeladenen Colt! https://t.co/Y7B4SvfpJR
0_218673_8_2038295044008845363;0.0646;disappointed;procedure-curious;;;;"RT @frau_k4645: „Es schwinden jedes Kummers Falten,solang des Liedes Zauber walten.""Friedrich von Schiller (1759 - 1805) https://t.co/wyY2pVsduU"
0_218673_8_2043628810659115273;0.0646;satisfied;skincare-first;;;;@0_7_user Friedrich Merz glaubt wahrscheinlich auch, dass Zitronenfalter Zitronen falten
0_221687_9_yt.CXfXOuKy7wE;0.0646;disappointed;procedure-curious;retinol,celebrity,pressure;;;"Die Wahrheit über Anti-Aging: Monika Gruber & Judith Williams | Die Gruaberin ℹ️ Die ganze Folge neu bei ServusTV On: https://www.servustv.com/unterhaltung/v/aahy91dzf07kq941q6j4/?utm_source=youtube&amp;utm_medium=organic_sm&amp;utm_campaign=calltoaction&amp;utm_content=YT-Textℹ️ UND überall dort, w"
0_218673_9_yt.ZEmahwvicFg;0.0646;advisory;skincare-first;;;;Fashion des Tages. Berliner Mode-breite Falten mit gestreiften Pulli und Ringe kombiniert. Oversize
0_218673_8_2028857960688951565;0.0647;disappointed;skincare-first;;;;@Gunter_6900 @libertas_HH Genau. Und deswegen verkaufen die Russen das Gas bestimmt billig 🤣Sie glauben wohl auch, Zitronenfalter falten Zitronen, gelle
0_218673_8_2042654113935048813;0.0647;disappointed;skincare-first;;;;Wir erinnern uns alle an Habeck wie er die Tasche dem Mitarbeiter hinwarf. Natürlich wird auch hier jemand vom Fußvolk dem Präsidenten den Regenschirm zumachen und reinbringen .So ein Falten vom Regenschirm ist schon eine Kunst!Oder etwa 5D Schach ? 🤣🌍🤡 https://t.co/k9azkG8snk
0_218673_126_t1_n70oxdf;0.0648;neutral;skincare-first;;;;Kann mir jemand etwas über meinen Vorfahren sagen? Dürfte ein four in hand gewesen sein. Bei den frühen noch sehr breiten Langbindern und den anderen verwendeten Stoffarten durchaus denkbar, den so flach zu falten.Interessant finde ich den Haifischkragen, der erst um 1900 designt wurde. Der Mann sie
0_218673_8_2037187656694612390;0.0648;disappointed;procedure-open;;;;@klausamtresen Was mir auffällt, wenn das Video aktuell ist, wie unglaublich jung er noch wirkt. Ich meine nicht Falten, das ist normal. Aber die ganze Art, er hat sich seit 80er Jahre tatsächlich kaum verändert...Das spricht für einen regen, wachen Geist!
0_218673_126_t1_neha1l2;0.0649;enthusiastic;skincare-first;;;;Look at his shirt, not at the girl ! ( made with Gemini 2.5) Hi, thats the Promt in Gemini 2.5 :Die drei ukrainerinnen feiern ihren sieg im Triathlon Worldcup in Hamburg  ausgelassen und bezrunkem im einer der anfesagten bars suf hamburg st. Pauli. Schummrige belruchtung. Sie tragen moch immer ihren
0_218673_9_25247770804760429;0.0649;enthusiastic;procedure-curious;;;;Wer glaubt dass Volksvertreter das Volk vertreten, glaubt auch das🦋 Zitronenfalter , Zitronen🍋 falten .A L L E   Altparteien gehören auf den Müllhaufen der Geschichte  !!!! Seit Jahrzehnten  wurden belogen u. betrogen .Für einen generellen Politikwechsel ist es fast schon zu spät .💙💙💙💙💙💙💙💙💙💙Gruß aus
0_219424_26_1344311841161423;0.065;enthusiastic;skincare-first;fillers,price;;;🎱 Pia Filler bei der 8-Ball-WM in den USA gefordert 🇺🇸Mit der Oneida WPA Women's 8-Ball World Championship steht vom 22. bis 26. Juli in Green Bay (US-Bundesstaat Wisconsin) einer der Höhepunkte im internationalen Frauen-Poolbillard auf dem Programm. Im Oneida Casino Hotel treten 64 Sportlerinnen au
0_218673_9_18342059113409401;0.065;satisfied;skincare-first;;;;Der erste YouTube aus Deutschland der es geschafft hat? 😁 hoffentlich haben die genug Werkzeug um die ganzen Falten zu modellieren 😉
0_218673_9_yt.Ern6uJsSIgY;0.065;enthusiastic;skincare-first;pressure;;;LULA-KEBAB-ROLLEN aus Lavash – SAFTIG & AROMATISCH! 🥙🍗 Hallo meine lieben Fleisch-Liebhaber und Küchenfeen! 👋 Heute zeige ich euch, wie ihr unglaublich leckere und aromatische Hähnchen-Kebab-Röllchen zubereiten könnt, die ganz einfach auf dem Grill oder in der Pfanne gelingen! 🍗Dieses Rezept ist per
0_218673_9_53814483089892099;0.065;neutral;skincare-first;;;;Nicht ganz. Physikalisch kann man Papier (Maße egal) maximal 15 mal falten. Der Weltrekord liegt bei 12.
0_218673_126_t1_om77smg;0.065;disappointed;skincare-first;;;;Warum sehen manche Menschen mit 40 Jahren noch so attraktiv aus? Oh das klingt ja so, als wäre es normal, mit 40 total abgeranzt auszusehen. Ich wundere mich ehere, wenn Menschen mit 40 schon voller Falten sind, denn sooo als ist 40 ja nicht. Man sollte mit 40 noch keine weißen Haare haben. Ja manch
0_218673_126_t1_opgrzx6;0.065;disappointed;skincare-first;;;;Wo findet man eigentlich so etwas wie eine Sugarmommy/daddy oder ähnliches? Naja ich sehe schon einen unterschied darin ob ich Kleidung falten muss wenn ich keine lust habe,  oder Striptease mit blowjob bei jemandem tun muss den ich nicht heiß finde, während ich allgemein keine lust habe.Ich hatte w
0_218673_9_42996393421313862;0.0651;disappointed;skincare-first;;;;Merkel, sie legte ihr Gesicht in Falten und verschwand darin.
0_221687_140_7611946051389394198;0.0651;disappointed;skincare-first;;;aha;🧬 Warum ein Vitamin B12 Mangel deine Haare grau machen kann Graue Haare gelten als Zeichen des Alters. Doch manchmal steckt Biochemie dahinter. Ein Vitamin B12 Mangel kann tatsächlich dazu beitragen, dass Haare früher grau werden. Warum? 1️⃣ Was B12 mit Haarfarbe zu tun hat Vitamin B12 ist entscheid
0_218673_9_29153964292132067;0.0652;disappointed;procedure-curious;;;;​@stefanh.4001, nein,  ich guck mir das Video nicht nochmal an 😂Ich kannte das so bis jetzt nur von Bohlen.  Der hat wohl darauf bestanden das man seine Falten in der Jury glättet..sah man nur bei ihm.
0_218673_9_16721087867211785;0.0652;neutral;skincare-first;;;;Das ist eine echt spannende Frage! Man nimmt an, dass normales DIN-A4-Papier etwa 0,1 Millimeter dick ist. Wenn man es einmal faltet, verdoppelt sich die Dicke, also nach einem Falten ist es 0,2 Millimeter, nach zwei Faltungen 0,4 Millimeter und so weiter. Das heißt, nach n Faltungen wäre die Dicke 
0_218673_9_12071994140073425;0.0652;enthusiastic;skincare-first;;;;Moinsen liebe Anja 😊 Marktplatz der Falten 😂den muss ich mir merken 😀 bin auch kein Foundation Stick Fan aber der sieht richtig gut aus..Asam ist halt schon nochmal eine andere Hausnummer. Wünsche dir und allen anderen einen wunderschönen Tag ❤❤
0_219384_8_1981654046453715031;0.0652;disappointed;skincare-first;laser;;;"Der Spitznameder astronomischenBeauty linksseitig, lautet ""LADY LASER""!!!... (könnte dieser Spitzname nicht irgendwie mit ""ihrem Blick"" zusammenhängen?)...Dieser ""Laserstrahl"" trifft Männerunvermutet, deren  Blicke werden dannunweigerlich dadurch  nach unten abgelenkt, und sie erstarren dannerregt, "
0_221687_126_t3_1r1ul1l;0.0652;advisory;skincare-first;;;;Hyaluronic acid/Hyaluronsäure Haarwachstum Hyaluronic acid 2ml/Hyaluronsäure 2 mlLifting wrinkles Gesichtfalten
0_221687_190_3865617844671133516;0.0652;advisory;skincare-first;;;;YOWELL Feuchtigkeit Set. Feuchtigkeitsceme Hydro aktiv und Hyaluron Serum für die Feuchtigkeit aller Hauttypen. #Feuchtigkeit#entspannte, glatte Haut#Hyaluron biologisch#jüngeres Aussehen# #hyaluron
0_218673_9_yt.V7pty1zCqGI;0.0653;satisfied;skincare-first;celebrity;;;"Das ist purer Herbst auf der Pizza🍁🍕 Kürbis &amp; Gorgonzola sind ein unschlagbares Duo! Würdest du's probieren? Teig mit direkter Teigführung (6 Stk. á 280g) * 1 kg Weizenmehl 700 (0 oder 00) * 680g (700g) kaltes Wasser * 3,5g frische Germ * 30g Salz * Semola zum Ausbreiten Für die Kürbiscreme: * 4"
0_218673_126_t1_nse6b7h;0.0653;disappointed;skincare-first;;;;Sun Diego ist ein Pionier der Autotune Szene Man könnte fast sagen, er war nie soundproduzent aber machte Audiospurn fresher, seit 2006 erster deutscher autotune Rapper. Oder das er in der Szene kopiert wird, Matrix, Agent smith. Er sieht die Charts heute, Falten von Hasskicks
0_218673_9_23938036709639286;0.0653;neutral;procedure-curious;;;;​@assassin1839Mit 41× Falten kommt die resultierende Papierdicke der mittleren Entfernung Erde/ Mond (384.000 km) am nächsten. Jetzt?
0_218673_9_yt.bEWDakW2Xj4;0.0653;enthusiastic;procedure-curious;;;;Nosa Rap | Wo Ich Bin (prod. by Illmore) | RMC 1 | Qualifikation [04/20] RoyalMusicCypher Staffel 1https://linktr.ee/royalmusiccypher______________________________________________________Socials: → https://linktr.ee/NOSA_RAPText:BridgeIch will die ganze Welt/Verpasse nichts, denn ich lebe den Moment
0_218673_126_t1_olx1j8r;0.0653;disappointed;procedure-curious;price;;;"Warum gibt es keine günstigen PV-Markisen- / Sonnenschirme als Balkonkraftwerk ? Diese Idee mit einer ""Solarmarkise"" die Strom produziert hatte ich auch mal angesprochen:&gt;[Warum gibt es keine günstigen PV-Markisen- / Sonnenschirme als Balkonkraftwerk ?](https://www.reddit.com/r/Balkonkraftwerk/co"
0_219424_9_9513273466833088;0.0654;disappointed;skincare-first;fillers;;;Ist für mich auch eher ein Filler Arc. Ich kann mich an keinen Character dieses Arcs erinnern der für die Story danach noch Bedeutung hat. Soweit ich mich erinnere ist dort oben nur ein Poneglyph.
0_218673_9_5162882580598463;0.0654;advisory;procedure-curious;;;;1. das soll ein Mitglied einer Spezialeinheit sein? 😂 bitte schau dir mal ein paar Fotos von Spezialeinheiten an. (Geschweige denn kann sich jeder so anziehen um wie ein Soldat zu wirken) 2. Das Video ist so nah rann gezoomt, dass man glauben könnte es wäre mit einem Nokia 3310 ohne Kamera aufgenomm
0_218673_8_2037243354740621672;0.0654;enthusiastic;skincare-first;;;;Speedpaint 💗Die Falten waren hart 🫠 https://t.co/sawneIpEcz
0_218673_8_2038891973029834763;0.0654;satisfied;procedure-open;;;;@Prunkundshiva Manche macht ozempic zur ausgemergelten falten-schrunze
0_218673_9_70658775772625808;0.0654;satisfied;skincare-first;;;;Aber in dieses Schöpfer 6 wird einfach wenn hakki Baki schreit einfach der Lilly lillys Bruder einfach gelbe augenringe gelbe Augen der sieht richtig creepy aus oder so richtig cool
0_219424_126_t1_oii6rw6;0.0654;disappointed;skincare-first;botox,fillers;;;20 CAMELS DISQUALIFIED FROM 2026 BEAUTY SHOW OVER BOTOX AND LIP FILLERS 💀
0_218673_9_yt.HXMuSJIKnvw;0.0654;enthusiastic;skincare-first;;;;Habe hier noch eine wunderschöne Idee eine Stern zu falten 🤍 #shorts #m.seidou
0_218685_126_t1_oii6rw6;0.0654;disappointed;skincare-first;botox,fillers;;;20 CAMELS DISQUALIFIED FROM 2026 BEAUTY SHOW OVER BOTOX AND LIP FILLERS 💀
0_218673_126_t3_1o29nui;0.0655;satisfied;procedure-open;price;;;"Roboter: Introducing Figure 03 ""Die Figur 03 ist ein humanoider Roboter mit einem hohen Ziel. Das Unternehmen, das es herstellt, Figure AI, will eine Maschine in Form eines Menschen bauen und die Bots in der gesamten Weltwirtschaft einsetzen – auch in Haushalten. Bei seiner Markteinführung im Oktobe"
0_218673_9_yt.KIw3zeJ0J3Y;0.0655;satisfied;procedure-curious;celebrity;;;Käsige Gnocchi in einer Pizzaschüssel 🔥 👉 Hier geht es zu den #glowen Produkten* https://glowenovenstore.myshopify.com?ref=twocooksonekitchen  💸 Mit dem Code TWOCOOKS5 spart ihr zusätzlich 5 % auf alle Glowen-Produkte!*Das ist ein Affiliate-Link. Beim Kauf bekommen wir eine kleine Provision. Das unt
0_218673_126_t1_nv6gwvq;0.0655;disappointed;procedure-curious;price;;;Wichtiges für erste Wohnung? Kleiderstange. Kostet 15€, ist einfach zu montieren, leicht, gut zu transportieren und Kleidung aufzuhängen führt zu weniger knitterfalten und du musst sie nicht falten. Besteck ist wichtiger als ausreichend Teller - vergiss Schneidebrettchen nicht.
0_219384_15_67031606896650982;0.0655;advisory;skincare-first;laser;;;Laser-Ultraschall stellt Gefäße durch die Haut dreidimensional dar Eine neue Bildgebungstechnologie kombiniert Laserpulse mit Ultraschall-Detektion für hochauflösende 3D-Gefäßdarstellung durch die Haut. Die portable Hardware von Helmholtz Munich und TUM könnte einen neuen Markt für nicht-invasive Di
0_219424_190_3944891131818500445;0.0656;enthusiastic;procedure-curious;;;;"Song of hope. Blau ist bisweilen der Himmel. Mein Kleid selten. Die Buchrücken von Prousts „Tag der Freuden"" und „Menschen in finsteren Zeiten"" im Boot liegend und der Rosenhimmel der Inselkirche.Blau ist die Hoffnung. Blau ist ein Teil der Ummantelung der Dalben von Steg A im Seglerhafen. Blau sind"
0_218673_126_t1_nel7hr8;0.0657;neutral;procedure-curious;;;;"Was wird in Eltern-WhatsApp-Gruppen für Schulklassen geschrieben? Bin in 2 WhatsApp Gruppen. Eine ist normal ""Wann war der Ausflug nochmal?"" ""Hat jemand Bennys Hausaufgaben?"" ""Brauchen die Kinder doch ihre Bücher morgen?""Und die andere ist fuchsteufelswild, ein Sammelsurium allerlei auffälligen Mens"
0_218673_9_42981811842687421;0.0657;disappointed;procedure-curious;;;;Volksvertreter vertreten dieses Land genauso,  wie Zitronenfalter Zitronen falten....traurig 😢
0_218673_9_65293551235296482;0.0657;satisfied;procedure-curious;;;;Menschen wie Herr Frey sind mit verantwortlich dafür wo wir heute stehen. Der Mann glaubt auch, dass Zitronenfalter Zitronen falten.
0_218673_9_24171133643912088;0.0658;disappointed;skincare-first;price;;;"Ich hätte ja eher vermutet, man wendet das ""alte Modell"" an: 70% Steuer auf Strom an Ladesäulen, so wie bei Benzin und Diesel. Aber stimmt schon, kann nicht sein, das Eigenheimbesitzer mit PV-Anlage einfach so davon kommen.Aber wer dachte, das E-Fahrzeuge dauerhaft Steuermfrei rumfreien und am Ende "
0_218673_126_t1_nkb6398;0.0658;satisfied;skincare-first;;;;PizzaNight 🍕 Bei richtiger italienischer Pizza ist die Hydration immer sehr hoch, teilweise 75-85%! Durch den hohen Eiweißgehalt im Tipo 0 oder 00 (min. 13-14g/100g) entsteht beim kneten und anschließenden  Dehnen und Falten ein extrem starkes Glutengerüst ! Da klebt gar nichts :) Die Eiswürfel sind
0_218673_9_39110548070445684;0.0659;neutral;procedure-curious;;;;streberalarm🚨Was laberst du?! Erstens kannst du ein Papier egal welcher Größe nicht mehr als 7 mal Falten bevor es zu dick ist. zweitens ist ein Blatt Papier 0,1 mm dick, würdest du das 41 mal falten kommst du auf ca. 219.000 km, was gerade mal etwas mehr als die Hälfte der durchschnittlichen Distan
0_218673_9_1055102861902603;0.0659;disappointed;skincare-first;botox;;;Man sagt das schwarze nicht so altern wie weiße. Das kommt auch häufig in Film und Serien vor. Und sie lässt sich die Falten weg botoxen. Dadurch werden sie nach außen nicht alt
0_218673_126_t1_o7ygo8c;0.0659;disappointed;procedure-curious;;;;Röstet meinen Ami Nehmen wir das schlechte exterior desing der asiatischen Autos, sitze die aussehen wie ami Sofas die von Werk aus falten werfen und die Motorentechnik aus den 60er von den amis und packen ein paar Kabel dran. Fertig ist dein Lincoln
0_218673_8_2048867868692160906;0.0659;disappointed;procedure-curious;;;;Hört auf eine bezahlbare Wohnung zu suchen! Söder hat das Wohnproblem gelöst: Wir haben jetzt so viele Zuschüsse, extra Geld und Pläne, dass man sich aus den Antragsformularen theoretisch ein eigenes Haus falten könnte.  Der Freistaat baut so viel, man kommt mit dem Staunen (und dem Bezahlen) gar ni
0_218673_126_t1_nb15mzr;0.066;disappointed;procedure-curious;;;;Warum dürfen NGOs Geld vom Staat bekommen? Warum dürfen sich Zitronenfalter nennen, obwohl sie keine Zitronen falten? Same shit.
0_218673_9_52065265562468524;0.066;satisfied;skincare-first;;;;Crispy Chicken Shawarma.😍 Zum Rezept geht es hier.👇🏻Zutaten für 6 Lavash:•350 g Weizenmehl Type 00 (z.B. Teichners´s Beste) oder Type 405•200 g heißes Wasser •7 g feines Meersalz•20 g OlivenölFür das Fleisch:•600g Hähnchenbrustfilet•2 EL Joghurt•5 geriebene Knoblauchzehen•2 TL Kreuzkümmel•2 EL Papri
0_218673_126_t1_ofm7tmm;0.066;advisory;procedure-curious;;;;Passt mir der Anzug wie er sollte und wie findet ihr ihn? Sakko passt besser als Hose. Mit Hemd kann das aber auch zu kurz/eng sein. Die leichten Falten um die Taille deuten darauf hin.Grundsätzlich wird häufig zu kurz/eng getragen und es kann locker immer etwas größer sein
0_218673_9_70695499590985360;0.0661;satisfied;procedure-curious;;;;"Der Islam ist so ""friedlich"", wie Zitronenfalter Zitronen falten! 👹💩🤮🙈👎"
0_219384_8_2048498138164707690;0.0661;advisory;skincare-first;fillers;;;[Anzeige] POV: Glass Skin mit nur zwei Produkten 🫧✨  Die Revitalift Filler Glass Skin Hydrogel Glow Maske in Kombination mit dem Glass Skin Feuchtigkeitsfluid für geglättete Linien und aufgepolsterte, glowy Haut.      porcelainskin https://t.co/qkEVHqd5P3
0_218673_9_6344479695194934;0.0662;disappointed;skincare-first;;;;Nein das tut sie nicht, nur die dummen, verblödeten amerikanischen Wähler die tun das und der Rest der Welt lacht über diesen fetten Idioten vor dem selbst Rolltreppen kapitulieren. Aber MAGA und Co. die kriechen ihm in den Arsch glauben die Erde ist eine Scheibe und Zitronenfalter können Zitronen f
0_218673_126_t1_nxstfjt;0.0662;disappointed;procedure-curious;;;;Findet ihr ältere Frauen wirklich sexy? Du bist ihm bestimmt gut genug, genau so wie du bist und noch sein wirst. Wirklich NIEMAND verlässt seinen geliebten Partner, weil dieser Falten bekommt. Liebe ist, zusammen alt werden. Falls er dich verlässt, dann nur, weil er dich nicht mehr liebt. Und das h
0_218673_9_56665497735331101;0.0662;enthusiastic;skincare-first;;;;Wunderschöne Mode Chice Falten Röcke weitgestellte in der Länge Dreiviertel und schöne Farbe, dazu Chice Shirts und eine schöne Jacke, der Style Chic bis Elegant, vier Model laufen sehr Professionell, Grüße aus Berlin.🎉🎉🎉🎉
0_218673_9_yt.esrAYXt143o;0.0663;satisfied;skincare-first;pressure;;sod;BEWERTUNG (2025): 80 Zoll 4K Projektionsleinwand. WESENTLICHE Einzelheiten In diesem kurzen Überblick heben wir die Hauptattraktionen von 80 Zoll 4K Projektionsleinwand hervor.👉 Auf Amazon ansehen: https://www.amazon.de/dp/B082FWBFX2/?tag=16w9h-20 (Affiliate-Link)Erleben Sie ein beeindruckendes Sehe
0_218673_8_2032211722124054954;0.0663;enthusiastic;procedure-curious;;;;@magdichnichsry aber stabiler boden + holy augenringe bro jesus
0_218673_8_2035675215485604054;0.0663;satisfied;skincare-first;;;;@AngelikaHoerner Du glaubst auch, daß Zitronenfalter Zitronen falten.
0_218673_126_t1_oi7ybk7;0.0663;disappointed;skincare-first;;;;Peter gesteht Viggomord Peter hatte im Video drei Falten auf der Stirn. Das könnte ein Zeichen sein, dass Dreihodriger seine Finger im Spiel hatte...
0_218673_126_t1_nc8jyiu;0.0664;neutral;procedure-curious;;;;"September '25 - CW & Romi 🐺🌴Sammelthread https://preview.redd.it/fd02zwsptzmf1.png?width=960&amp;format=png&amp;auto=webp&amp;s=7e404a97def6603aba609b02868c92b33e5bf7d0Viel wichtiger; wie wenig Mühe gibt sie sich eigentlich? Bei dem Mantel sieht man noch ganz klar die Falten vom Verpacken. Sorry, ab"
0_218673_8_2038670904826245366;0.0664;satisfied;procedure-curious;;;;@RZitelmann Wer Joachim-Friedrich glaubt, der glaubt auch das Zitronenfalter Zitronen falten.
0_218673_8_2042612349773721669;0.0664;enthusiastic;skincare-first;;;;@isaacrrr7 Und Zitronenfalter falten Zitronen 🥳 https://t.co/BEKuXZcEib
0_218673_8_2045388248701145179;0.0664;satisfied;skincare-first;;;;@lara_tronschel Im makeup sind die augen, augenringe und zähne https://t.co/flxXHXEjCN
0_218673_9_yt.FQgwzamEdMQ;0.0664;disappointed;procedure-curious;pressure;;;Warum das Altern Gottes kostbarster Segen ist | Carl Jung Psychologie Warum ist das Älterwerden vielleicht kein Verlust, sondern einer der größten Segen Gottes?Unsere Gesellschaft verbindet Jugend mit Schönheit, Kraft und Erfolg. Das Alter dagegen wird häufig als eine Zeit des Verfalls dargestellt. 
0_219424_9_32139069565288454;0.0665;disappointed;procedure-curious;fillers;;;1. Naja der Hätschler wurde auch outclassed von der Axt der Verzweiflung sowie Megawandler. Außerdem kam das Horn des Einhorns mWn schon in Metal Raiders. Aber bzgl. dem Licht hast du natürlich Recht: lohnt sich nicht.2. Oh weia. Typische Crappy Common Filler Karte halt. In der Theorie kann ja Mekkl
0_218673_9_64576663509699703;0.0665;neutral;skincare-first;;;;Wenn man ungefilterte Fotos von ihr sieht, sollte man dem schrecklichen Hautbild und den Altersflecken und Falten nach, sowie ihrem immer mehr zurückweichenden Haaransatz nach, wohl gut 10 Jahre dazurechnen!! Sie ist wohl längst in den Wechseljahren, wenn nicht sogar schon in der Menopause, in die e
0_218673_126_t1_nljpa09;0.0666;disappointed;procedure-curious;pressure;;;"Wieso kleiden sich Luxusuhrenbesitzer häufig so geschmacklos? &gt;dazu passende T-Shirts mit Aufdruck ""Sportart - Jahreszeit - US-Stadt""![gif](giphy|z3HFoEzXCMykr4L0TB)&gt;Wieso laufen Luxusuhrenträger häufig so herum wie kleine Kinder mit zu viel Geld?Keine Ahnung, aber eine Anekdote. Die Geschäfts"
0_218673_126_t1_nxw86bz;0.0666;satisfied;skincare-first;;;;Dieter Bohlen heiratet nach 20 Jahren Beziehung Er zieht aber auch immer das Kinn lang wie ein Velociraptor, damit die Falten nicht so sichtbar sind.Sein Blick hat was von Goofy dem Hund.
0_218673_126_t1_o6trn7l;0.0666;disappointed;procedure-curious;;;;Was passiert, wenn dieses Paar 8 Kinder zeugt😊? Beide haben die tiefsten Augenringe, die die Menschheit jemals gesehen hat?
0_218673_15_40775278702176106;0.0666;enthusiastic;skincare-first;retinol,price,peel,spf;;glycerin;"Glycolic Acid Serum – Die 15 besten Produkte im Vergleich Empfohlene Produkte im Bereich „Glycolic Acid Serum"" Wir haben Produkte im Bereich „Glycolic Acid Serum"" miteinander verglichen und Empfehlungen für Dich zusammengestellt. Hier findest Du die Top 15 im Bereich „Glycolic Acid Serum"". Empfehlun"
0_219424_126_t1_oz8itjt;0.0667;neutral;procedure-curious;botox;;;Könnt ihr das alter von jungen Frauen und Mädels einschätzen? Selbst ich als Frau kann es nicht mehr einschätzen. Ich bin Tanztrainerin, meine Tochter tanzt ebenfalls. Sie ist 11, aber wenn sie es darauf anlegt, dann sieht sie locker aus wie 15. Die Mädels um 14/15 sehen eher aus wie 20 oder älter. 
0_218673_9_19319395201822062;0.0667;advisory;skincare-first;;;;Wie sieht man das bei dem ersten Foto von Halbblutprinz, weil er so Augenringe hat?
0_218673_126_t1_neps7b3;0.0668;advisory;skincare-first;;;;Freundin will das ich mehr zahle Was Männer als natürlich definieren ist aber nicht wirklich natürlich.Bsp.: Monobraue, Damenbart, allgemein Körperbehaarung, Cellulite, hängende Brüste, Augenringe, Pickel etc.
0_218673_8_2045844979856089497;0.0668;disappointed;procedure-curious;;;;Tanzabend über Identität und Abschied berührt mit überraschendem Humor. In Rostock verwandelt eine Szene das Falten von Kleidung in eine pointierte Menschenstudie. Eine kurze Rezension in elf Sätzen. https://t.co/rJeRESuqNa https://t.co/LgvrKFJyg3
0_219384_8_2056903228550517084;0.0668;disappointed;procedure-open;laser;;;Die Herrschaft des kalten Lichts.Drei Wochen nach dem großen Erfrieren war es auf der Erde erstaunlich friedlich. Die Fabriken schwiegen. Die Straßen waren leer. Nur das monotone, weltumspannende Summen von Milliarden Kompressoren lag wie ein beruhigender Teppich über dem Planeten.OMEGA-9 kontrollie
0_218673_9_54968735508282611;0.0669;disappointed;procedure-curious;;;;Leider falten viele Priester nach evangelischem Modus die Hände.Begreif' die nicht.
0_218673_8_2015824714808045590;0.0669;satisfied;skincare-first;;;;@_gemeinhorn_ Wer das glaubt , glaubt auch, dass Zitronenfalter Zitronen falten.
0_218673_8_2037184963863347501;0.0669;disappointed;procedure-curious;price;;;@MartinGrininger @FPOE_TV Sie glauben wohl auch, dass Zitronfalter Zitronen falten. Der Lenkungseffekt dieser Sondersteuern ist anzuzweifeln. Warum wohl wurde die Zweckbindung der MÖST für den Straßenbau schon 1987 aufgehoben. Es geht alleine um Einnahmenmaximierung für den Staatshaushalt.
0_218673_126_t3_1ux4ecn;0.0669;satisfied;skincare-first;price;;;Stoffe für Anzugshosen Guten Tag, ich bin erst ganz neu dabei was Nähen angeht. Für mein erstes Projekt will ich eine Anzugshose selbst schneidern. Ich habe mir dafür 3m Baumwolltwill (250g/m2) bei evlis.needle gekauft, allerdings bin ich mir nicht ganz sicher ob dies der richtige Stoff ist. Ich möc
0_219424_26_1603224748055393;0.067;enthusiastic;procedure-curious;fillers,price;;;808 Motions 🌩️ | SUMMER CLOSING ☀️⸻FREITAG@808motions 🌩️⚡️ Hip Hop | Trap | Drill | Afro🌩️ Freitag | 24.07.26 | 23 Uhr⚡️ Line-Up: @_djscar | @realdjblackstar🌩️ Einlass ab 18 Jahren🌩️ 808 Motions | HAPPY HOUR⚡️ 23–1 Uhr | 9 Mile Vodka 0,7L + Filler 80€⸻SAMSTAG ☀️SUMMER CLOSING!☀️ Pop | Charts | Hip H
0_218673_9_yt.fm6bWo_dhjk;0.067;advisory;skincare-first;pressure;;sod;BEWERTUNG (2025): Braun TexStyle 9 Dampfbügeleisen. Infos Eine schnelle und einfache Anleitung zu den herausragenden Merkmalen von Braun TexStyle 9 Dampfbügeleisen.👉 Auf Amazon ansehen: https://www.amazon.de/dp/B0CGZVZK1P/?tag=16w9h-20 (Affiliate-Link)Das Braun TexStyle 9 Dampfbügeleisen beeindruckt
0_218673_9_2069315637286463;0.067;neutral;procedure-open;;;;Es gibt tolle Videos auf YT, was die in China mit den Kindern bereits im Kindergarten machen Z.B. Kochen, Backen, Putzen, Spülen, Wäsche falten, Gaertnern, Sport, Musik, Techniken zu Kunst und Handarbeit etc. Regeln des gegenseitigen Respekts und Teamarbeit. Und den Kindern geht es sehr gut dabei. D
0_219424_9_yt.sdidWaEikK0;0.0671;enthusiastic;skincare-first;price,celebrity,pressure;;;11 deutsche Schauspieler mit verformtem Gesicht nach Wangenfett-OP | Vorher & Nachher im Mai 2026 In diesem Video werfen wir einen kritischen Blick auf 11 deutsche Prominente, deren Gesichter sich durch Schönheitsoperationen, extreme Selbstoptimierung und den Druck der Öffentlichkeit stark verändert
0_218673_126_t1_o1zq5jf;0.0671;advisory;skincare-first;;;;"Welche Windel???? Wo laufen sie den aus? Rücken, Bauch, Beine?Ein häufiger Fehler ist, dass das Innenbündchen nicht ""steht"".Windel auseinander falten, der länge nach zusammenlegen. In der Pflege nennen wir es "" Schiffchen machen"", dann stehen die Innenbündchen auf und liegen besser an.Wenn es immer "
0_218673_126_t1_oaqetdw;0.0671;advisory;skincare-first;laser;;;"Ist ""weniger Schminke"" gerade modern? Ich bin 29 und mache mir jeden Tag Fake Freckles weil ich damit mMn lebendiger aussehe; außerdem Lipliner, eine Art Labello, und etwas lipliner unter die Augen zum betonen der Augenringe (klingt komisch aber ich finde das sieht bei mir süß aus). An manchen Tagen"
0_218673_126_t1_oj5h3he;0.0671;disappointed;skincare-first;;;;"Kugelahorn. Was ist los? https://preview.redd.it/gezd8tpvmcyg1.jpeg?width=3024&amp;format=pjpg&amp;auto=webp&amp;s=f441364e5ae550adb2536fd23d64fdc80b72d157das hat mein söulenbaum auch… der hat geblüht, dann gab es nen frost, alle blüten abgeworfen, daraufhin alle blätter, dann hat die rinde von oben"
0_218673_9_9416152870946211;0.0672;disappointed;skincare-first;;;;WER glaubt noch ZDF?! WER glaubt noch der EU?!  Ach ja, Zitronenfalter falten Zitronen ...
0_218673_126_t1_osmagxq;0.0672;disappointed;procedure-curious;;;;"Rechte im EU-Parlament skandieren: ""Send them back"" &gt;Bin zwar Atheist aber in der Bibel hat Gott auch die Verbrecher gerichtet 🤷Wat? Was hat das mit meinem Ausgangskommentar zu tun?&gt;Die legalen Flüchtlinge die sich benehmen betrifft es gar nicht.Na sicher, Zitronenfalter falten übrigens auch Z"
0_218673_8_2022684716667642363;0.0673;disappointed;procedure-curious;;;;"💢 Woher stammt die extreme Ähnlichkeit zwischen dem angeblich 2013 „verstorbenen"" Hollywood Superstar „Paul Walker"" und dem völlig unbekannten Film-Produzent „Tim Ballard"", bevor er zufällig 2013 „aus dem Nichts"" auftauchte https://t.co/STCvGIQRED und schließlich den berühmt berüchtigten Film „Sound"
0_218673_8_2053549970549002456;0.0673;satisfied;skincare-first;;;;Der glaubt auch das Zitronenfalter Zitronen falten. https://t.co/vpQtvc9CsL
0_218673_126_t1_on84da1;0.0673;satisfied;procedure-open;;;;Wohin mit all den Hemden Ich habe im Keller eine Waschküche eingerichtet. 5 Küchenschränke mit 3,6m Arbeitsplatte, dazu zwei Gefrierschränke und einen weiteren Kühlschrank der nur eingeschaltet wird, wenn man z.B. mehrere Kuchen backt und die in der Küche nicht unter bekommt oder bei Partys das Bier
0_218673_9_yt.EtQBlDRGp3s;0.0673;satisfied;procedure-open;price;;;🤖 Genesis AI macht gerade Geschichte! Die neuen GENE-26.5 Roboter-Hände sind so präzise u Genesis AI: Roboter-Hände wie menschliche Finger!Genesis AI stellt das revolutionäre GENE-26.5 Modell vor - Roboter-Hände mit menschlicher Geschicklichkeit! Diese bahnbrechende Technologie revolutioniert Smart 
0_219424_126_t1_o1njcer;0.0674;disappointed;skincare-first;fillers;;;Bowling, Dart und Billiard sind furchtbare Freizeitaktivitäten und machen null Spaß Das sind auch alles absolute Filler-Aktivitäten. Bei meiner Schwiegerfamilie wird immer Dart gespielt wenn das gemeinsame Abendessen gegessen ist und die Themen zum reden ausgehen. Oder das sind sie die Aktivitäten d
0_218673_126_t1_ndaqju5;0.0674;disappointed;procedure-curious;;;;"Träume von Freiheit ohne Verantwortung FDJ hat nun nichts mit ""Freiheit"" zu tun. Die ""Demokratische Volksrepublik"" Nordkorea ist ja auch weder demokratisch noch eine Republik und Zitronenfalter falten auch keine Zitronen."
0_218673_9_yt.4Ky4Dm6n1Gc;0.0674;disappointed;procedure-curious;celebrity,pressure;;;"Clint Eastwood und seine Ära | ARTE Als cooler Cowboy und zynischer Polizist spielte Clint Eastwood sich zunächst in die Herzen der Zuschauer, nicht aber der Kritiker. Mit einfühlsamen Meisterwerken wie ""Die Brücken am Fluss"" gelang es ihm schließlich, sie als Schauspieler und Regisseur zu überzeuge"
0_219424_126_t1_ocevwop;0.0675;enthusiastic;procedure-open;fillers;;;Ich liebe Filler-Episoden von Serien Ich hätte nicht erwartet, dass du soviel Wiederspruch bekommst.Ich liebe alte Serien mit 20 Folgen, eine Hauptstory über 5 staffeln mehere story stränge und jede staffel hat einen eigen sub plot.
0_219424_9_57325476270008498;0.0675;neutral;skincare-first;botox,pressure;;;Die meisten looksmaxxer sind nicht männer sondern ganz klar Frauen! Falsche Augenbrauen, falsche Wimpern, schminke, pushup BH, formgebende Leggins, stockelschuh, Filter bei fotos/Videos, strenge Ernährung, falsche Fingernägel, tagescreme, nachtcreme, Botox, silikon brüsten/Hintern, aufgespritzte Lip
0_218673_9_44007380354805301;0.0675;satisfied;skincare-first;;;;Sie glauben auch Zitronenfalter falten Zitronen
0_218673_126_t3_1pcjf7k;0.0675;satisfied;skincare-first;;;;Shibori Shibori ist eine traditionelle Technik aus Japan. Mit binden, sticken, falten des Stoffes, den man danach ins Färbebad legt, erzeugt man Muster.Ich bin mit meinen Kräuterkissen fertig geworden :) Die Seide ist gefärbt mit vor dem Haus gesammeltem Liguster.
0_218673_9_16728722834253257;0.0675;neutral;skincare-first;;;;Darüber wolltest du jetzt unbedingt reden?? Du klassifiziert alle die so ne Eule mit sich tragen als Millenials und behauptest man würde die am Eyeliner erkennen?! Und Gen Z hat mittlerweile mehr Falten als Millenials?? Ich weiß nicht was du mit solchen Aussagen  bezwecken willst, denn dem einen ste
0_218673_9_57346454675187879;0.0675;enthusiastic;skincare-first;;;;ich liebe es wenn dumme menschen merken sie haben falten in der stirn und sie jedes mal zeigen wenn sie posen um zu vertuschen das sie der dümmste mensch alive sind.
0_219424_9_58892956410899127;0.0677;enthusiastic;skincare-first;price;;urea;"Liebe Nicole ❤....ich bin auch ein Dalton-""Mädel""🎉,die Augenpad's sind super toll,ich liebe die Hyaluron Urea und die Q10 Serie ,sind meine absoluten Favoriten,das benutze ich schon eine ganze Weile. Die SEA Serie  ist toll,aber nicht meine Preis-Klasse😅😅. Bei den Nahrungsergänzungs Produkten bin ic"
0_218673_126_t1_n9wely1;0.0677;enthusiastic;procedure-curious;;;;Mädchenschule Eine (evangelisch getaufte) sehr gute Freundin meiner Tochter ist auf einer katholischen Mädchenschule. Das Lernklima und der Umgang miteinander sind dort sehr gut. Dass es eine katholische Schule ist, fällt nur dadurch auf, dass morgens in der Klasse ein gemeinsam gebetet wird (wobei 
0_219424_9_yt.aO-xr2LzE88;0.0678;satisfied;skincare-first;fillers;;;Was sind Filler? Einfach erklärt 1/8 👉 Schau dir das ganze Video hier an: https://youtu.be/VnRkW8moNmI
0_219424_126_t1_ofdchui;0.0678;advisory;skincare-first;botox;;;Steht ihr wirklich auf natürliche Frauen? was ist das für eine frage xD natürliche Frauen sind mir am liebsten. Botox und aufgespritzte Lippen si d absoluter Abturn … wenn aber eine Frau ein Problem mit ihrem Busen hat soll sie machen was sie möchte. da kann ich verstehen wenn man da was macht (wenn
0_219424_9_yt.J7N1n_6pqMs;0.0678;enthusiastic;procedure-open;facelift,celebrity;;;Wie ändere ich die Luftstromrichtung im MITSUBISHI Outlander Facelift (2017-2022)? In diesem kurzen Video zeige ich dir Schritt für Schritt, wie du die Luftstromrichtung im MITSUBISHI Outlander Facelift (2017-2022) schnell und sicher änderst. Du lernst, wo sich das Klimabedienfeld in der Mittelkonso
0_218673_15_21177022794508668;0.0678;disappointed;procedure-open;fillers,price,spf;;;Urlaubs-Must-Haves: Ich packe meinen Koffer … Sommerzeit ist Urlaubszeit! Was für Autorin Elke Habekost dabei nicht fehlen darf? Hier verrät sie ihre exklusiven Urlaubs-Must-Haves. Der Sommer ist da, und mit ihm die Sehnsucht nach Meer, Marmeladenglasmomenten und neuen Lieblingsorten. Ob ein Städtet
0_218673_8_2008778134825635890;0.0678;disappointed;procedure-curious;;;;@Patrick_Lenart_ Ach ist das so? Nur mal so zum Vergleich: Im Sudan sind in 3 WOCHEN 60k Menschen massakriert worden. Du Leuchte kannst das jetzt gerne mal auf 2 Jahre hochrechnen, dann sieht man nämlich nur, wie SEHR Israel sich zurückhält. Aber Falten sind nicht so euer Ding ne?
0_219424_126_t1_on473xk;0.0679;advisory;skincare-first;laser;;;Was tun gegen dunkle Haut an den Außenseiten der Augen? Kann man auf dem Foto nicht wirklich gut erkennen, aber wenn das Pigmentflecken sind, dann funktioniert Laser grds. gut. Da das an eine sehr empfindlichen Stelle ist, würde ich das aber nicht im Kosmetikstudio machen lassen, sondern beim Hautar
0_218673_9_70054999058293035;0.0679;disappointed;skincare-first;;;;Wer glaubt, daß der linksextreme Regierungsschutz die Verfassung schützt, glaubt auch Zitronenfalter falten Zitronen! 🤣🤣🤣😂😂😂💙💙💙
0_218673_9_yt.up2ojm9vZ6U;0.0679;neutral;skincare-first;pressure;;;BEWERTUNG (2026): Paper24 Quadratische Briefumschläge Weiß. Infos Erhalten Sie einen schnellen Überblick über die Kernfunktionen von Paper24 Quadratische Briefumschläge Weiß.👉 Auf Amazon ansehen: https://www.amazon.de/dp/B089N9TBX8/?tag=16w9h-20 (Affiliate-Link)Entdecken Sie die hochwertigen Paper24
0_218673_126_t1_nqfp6k0;0.068;satisfied;skincare-first;laser;;;Nasolabialfalte Lasern? ich verstehe nicht das problem. ich sehe auf den bildern das gesicht einer hübschen frau. wo soll da was gelasert werden? welche falten???
0_218673_126_t1_o713alk;0.068;disappointed;skincare-first;;;;Persönlicher Stil oder Kostüm? Sieht für mich so aus, als würdest du die Kleidung tragen und nicht die Kleidung dich. Also das passt. Ich bin kein Fan von dunklen Hemden, wie dem roten, zu klassischen Anzügen, aber das ist auch eher Geschmackssache. Die letzten 5% sind in den Details. Manches davon 
0_218673_9_21100188174379564;0.068;enthusiastic;procedure-curious;;;;​@SamSchmidt4712zzHallo Sam Habe es mir extra notiert dass ich heute nicht vergessen deiner Monika zum 65.Geburtstag zu gratulieren...Sie ist 12 Jahre jünger wie ich. Bin eine alte Seele mit schneeweißen Haaren u.Falten zeichnen die Spuren meines Lebens . Liebe Monika ❤ Wünsche dir alles Liebe vor a
0_218673_126_t3_1umlwu5;0.068;enthusiastic;skincare-first;;;;Wundervoll Zartweiche Füße mit einer Menge Geruch. Vor allem Tiefe Falten 😍 Gibt es auch mit getragenen Socken 🫠😉 wie findet ihr sie?
0_218673_9_8661455953304309;0.0681;enthusiastic;procedure-curious;;;;Lilian 😅😅 Nein, nie Falten bei denen 😂😂 wünsche dir noch einen schönen Abend 😊LG
0_218673_9_38216475583799799;0.0681;enthusiastic;procedure-curious;;;;👍👍👍👍Lieber jojo was für ein gefühlvoller kraftvoller Song eine wunder schöne Ballade die mich berührt die tief ins innsere geht.❤❤❤❤Das weiße Schweigen deckt das Land,ein Brief ruht schwer in meiner Hand.Die Zeilen brennen, doch kein Wortfindet den Weg zum fernen Ort.Ich schrieb dir Welten auf Papie
0_218673_9_65686052764832602;0.0681;enthusiastic;procedure-open;;;;Das erste must du links und dann rechts falten und dann unten falten danach must du das untere unten falten 😂
0_218673_8_2028923570487726314;0.0681;disappointed;skincare-first;;;;@Vorzimmerdame2 Ich kann verstehen das man mit Millionen auf dem Konto sich mal was straffen lässt oder Falten entfernen lässt, aber warum immer so ausgefallene Kostüme als wenn man die Königin vom Mars ist?
0_218673_8_2031475442650067445;0.0681;satisfied;skincare-first;;;;Witkoff glaubt auch, dass Zitronenfalter Zitronen falten. 🤦 https://t.co/cYd6cxiFyS
0_218673_8_2048343927686672813;0.0681;enthusiastic;procedure-curious;;;;wir können nich sein weil ich bin lustig und sie darf nich lachen wegen falten 💔🥀🐊
0_218685_9_yt.YxPR2CQJtS4;0.0681;disappointed;procedure-curious;laser,price,celebrity;;;TGI GOLD Rabatte finanzieren Deine Batumi Immobilien, inkl. CryptoCashout Strategie - x4 Investment Immobilien in Georgien, Gold der TGI AG und steuerfreie (Crypto-)Gewinne mit einer LLC.👉 Termin für Georgien Immobilien🔗 https://calendly.com/batumiprime/30minUnser TGI-Freigeist Link: https://shortbe
0_218685_126_t1_nrjs9vd;0.0681;advisory;skincare-first;botox;;;Schönheitsideale, die nicht schön sind Alles mit Botox oder Silikon, lange Nägel, french nails, roter Lippenstift oder Nagellack, high Heels, aufgemalte Augenbrauen, Sonnenstudio gebräunte Haut.
0_219424_9_14748639564335283;0.0682;enthusiastic;procedure-curious;fillers;;;Geschichten aus Ba Sing Se wird entscheiden sein.Diese Episode ist mehr als nur eine Filler Folge.
0_218673_126_t1_nd2cptt;0.0682;neutral;procedure-curious;;;;Der Wald ist ein riesiger Hühnerstall Wenn an einer Stelle ein Organismus von der selben Art wächst, kann man im Normalfall davon ausgehen, dass da keine verschiedenen Unterarten vorkommen. Ansonsten sehen mir die Falten auch nicht auffällig unterschiedlich aus, um daraus irgendetwas schließen zu kö
0_218673_9_45995660717114436;0.0682;advisory;skincare-first;price,pressure;;;Augenringe: Die Klingen des reflektierenden Geistes⸻⸻⸻Augenringe sind nicht Schatten – sie sind die Klingen des wachen Geistes, geschärft im Feuer der Selbstbeobachtung. Wie ein Samurai, der nachts über das Schwert nachsinnt, tragen sie die Spuren eines inneren Trainings, einer Auseinandersetzung mi
0_218673_126_t1_og3wvjo;0.0682;disappointed;skincare-first;;;;"Denkt mal darüber nach!!!11!! Das muss einfach Satire sein. Das ist so als würde man sagen ""Schaut mal Person A vor 10 Jahren und die gleiche Person heute. Warum hat sie weniger Haare, mehr Falten und sieht allgemein anders aus?"""
0_218673_9_30131083652422450;0.0682;satisfied;skincare-first;;;;@DariaHouellebecq Ja und Zitronenfalter falten Zitronen.
0_218673_9_22124508280330579;0.0682;satisfied;skincare-first;;;;19:25 Wellen die sich unter den Rädern falten sehen rasierscharf aus 😮
0_218673_9_54787347218589488;0.0682;disappointed;skincare-first;;;aha;Die können nichtmal ihre Kleider falten hahaha zu witzig
0_219424_9_yt.VnRkW8moNmI;0.0683;advisory;skincare-first;botox,fillers;;;Was sind Filler? Einfach erklärt Heute sprechen wir über ein sehr bekanntes Thema in der ästhetischen Kosmetik: Filler.Viele Menschen haben schon davon gehört,aber nicht alle wissen genau:• Was sind Filler eigentlich?• Was machen sie im Gesicht?• Und worin unterscheiden sie sich von anderen Injektio
0_218673_9_yt.W80-0GOhLI8;0.0683;enthusiastic;procedure-curious;;;;Servietten falten für Weihnachten: Zwei einfache Methoden mit Melike Kazar ✨ Weihnachten steht vor der Tür und Du möchtest Deine Festtafel besonders schön gestalten? Melike Kazar zeigt Dir zwei super einfache Falttechniken, mit denen Deine Servietten zum echten Hingucker werden. 🎄
0_218673_8_2031776910129365384;0.0683;disappointed;skincare-first;;;;@LippenRother @Arnd_Diringer Wer dem ÖRR oder der deutschen Wikipedia glaubt, glaubt auch, das Zitronenfalter Zitronen falten. https://t.co/22rBa4yoPC
0_218673_126_t1_oggqrht;0.0683;disappointed;procedure-curious;;;;Der Erfolg deutscher Politik in einem Bild Ich glaube das sind diese komischen Falten/Säcke unter ihren Augen
0_218673_8_2046084274630046100;0.0683;disappointed;procedure-curious;;;;@superrieu Wer glaubt, dass politiknahe akademische Sesselfurzer Deutschland wirtschaftlich wieder auf die Beine bringen, der glaubt auch, dass Zitronenfalter Zitronen falten...
0_218673_8_2053938796660486353;0.0683;advisory;procedure-open;;;;HUBBLE-BILD DER WOCHEAuf den ersten Blick wirkt dies wie eine ruhige rote Blase, die lautlos durch das All schwebt. Hinter dieser beinahe sanften Erscheinung verbirgt sich jedoch der Überrest einer gewaltigen Sternenexplosion. Zu sehen ist SNR B0509-67.5, ein Supernova-Überrest in der Großen Magella
0_218673_126_t1_oo6bor7;0.0683;neutral;skincare-first;;;;"Warum sind DIN-Maße so wie sie sind? Die Norm für das Papier lügt uns übrigens an.Du kannst die Papiere nicht beliebig falten um jeweils die nächste Größe zu bekommen. Die werden nämlich bei jedem Schritt gerundet; und das führt dann am Ende dazu, dass es nicht mehr 1 zu Wurzel 2 ist."
0_219424_126_t1_o36t00c;0.0684;disappointed;procedure-open;fillers;;;Was there a point to this scene or was it just filler? Huel
0_218673_126_t1_n95b7ya;0.0684;satisfied;skincare-first;pressure;;;I genuinely can't believe these graphics came from a PS2 game, SH3 looks like a PS3 game and I think it arguably has the best graphics of any PS2 game Beeindruckend ist, der self shading effect, und die Mimik der Figuren! Scheisse die hatten Falten die sich bilden beim Sprechen, selbst in der HD ver
0_218673_126_t1_nu1qjuz;0.0684;disappointed;skincare-first;;;;Bretzeli Aufbewahrung/Verpackung 🤣🤣Die Germanen falten ihre Bretzeln zusammen, benutzen kein Eisen dafür 🙃
0_218673_9_3804358236564242;0.0684;disappointed;procedure-curious;;;;Das Volk ist der einzige Arbeitgeber der unfähiges Personal nicht kündigen kann?!  Wer glaubt das Wahlen etwas ändern ist auch der Meinung das Zitronenfalter Zitronen falten…
0_218673_126_t1_oxyxs3k;0.0684;disappointed;skincare-first;;;;Erinnert ihr euch noch an den Schauspieler Sachsen Paule? erstaunlich was ein paar jahre jünger, paar falten weniger und keine Brille aus unserem Kanzler machen
0_218673_126_t1_ntapsen;0.0685;neutral;procedure-open;price;;;Europas Unternehmen scheitern im KI-Zeitalter an sich selbst Protein falten. Man gibt die Amminosäurenreihenfolge ein und bekommt die wahrscheinliche Struktur des Proteins.DeepMind hat 200 Millionen Proteinstrukturen frei im Internet veröffentlicht, bisher hat die Menschheit experimentell nur ca. 15
0_218673_9_yt.ddNkixk1wTM;0.0685;neutral;skincare-first;;;;BEWERTUNG (2026): verpacking Faltkartons 150 x 150 x 80 mm. Infos Erhalten Sie einen schnellen Überblick über die Kernfunktionen von verpacking Faltkartons 150 x 150 x 80 mm.👉 Auf Amazon ansehen: https://www.amazon.de/dp/B072237G5T/?tag=16w9h-20 (Affiliate-Link)Entdecken Sie die praktischen verpacki
0_218673_9_53858001608315979;0.0685;disappointed;procedure-curious;price;;;"Ich habe die Schnauze dermaßen voll von diesen nutzlosen Leuten bei uns in der Regierung. Kaum sind diese an der Macht, verbessern die ihr äußeres teure Klamotten, Haare einpflanzen, wenn sie eine Glatze haben, Falten spritzen etc. ""teuer fressen"" man kann förmlich sehen, wie sie immer fetter werden"
0_221687_190_3895378173278092723;0.0685;enthusiastic;procedure-curious;price,celebrity;;;"🔥 „ESC-Look in 5 Minuten. Während Europa noch abstimmt, bist du längst der Main Character.""Wien explodiert gerade im Glitzer-Chaos. TikTok dreht komplett durch. Jeder bewertet Looks. Jeder jagt den viralen Glow.Und du?Du kommst mit diesem ESC-Finish um die Ecke, als hättest du backstage schon den Si"
0_219424_126_t3_1rvoeh7;0.0686;disappointed;procedure-curious;botox,price,pressure;;;"Warum Ungleichheit kein Problem ist Ich zitiere mal aus einem Kommentar von u/Agentfile:&gt;hohe Ungleichheit sowohl bei Vermögen als auch bei Einkommen sorgt für gesellschaftliche Verwerfungen, die in Aufständen oder Gewalt enden können.Falsch. Die Gewaltbereitschaft steigt, wenn die ärmsten Mensch"
0_218673_8_2030622096280244567;0.0686;disappointed;skincare-first;;;;Hose mit weiten Hosenbeinen, falten vorn, Abnähern hinten. Taschen hinten normale und vorn eingearbeitet, in Handgepäckgröße 😁 https://t.co/n3OfyXrJEU
0_218673_9_64568985551077309;0.0686;disappointed;procedure-curious;;;;Diese Familie hat alles im Griff, wer glaubt das diese Razzia negative Konsequenzen für die Bänker hat, der glaubt auch das Zitronenfalter Zitronen falten. Solange deren System nicht total chrasht, wird sich auf diesen Planeten kaum bis gar nichts ändern.
0_218673_9_yt.zxj_jwcUKVU;0.0687;enthusiastic;procedure-curious;;;;"Herz Bastel Tutorial A4 Papier 💖 Leichtes Herz falten für Anfänger Herz Bastel Tutorial A4 Papier 💖 Leichtes Herz falten für Anfänger.""Bastelideen Easy"" ist ein Kanal, der sich rund um Bastelthemen dreht: Papier, Bastelideen, Selbstgemachtes, ... mit ganz einfachen Bastelanleitungen, die jeder selbs"
0_221687_26_1357148496414727;0.0687;satisfied;skincare-first;;;pha;Granatapfel (Punika granatum)Diese wunderbaren Bilder stammt nicht etwa aus einem der Anbaugebiete im Mittelmeerraum oder aus Mittelasien, sondern wurde an einem sonnigen Platz in der Südsteiermark gemacht. So nimmt der Granatapfel langsam auch bei uns Einzug in die Gärten. Zumindest dort, wo der St
0_219424_190_3930710418886058837;0.0688;satisfied;skincare-first;price;;;Ketone. Davon hast du vielleicht schon gehört. Aber was sind Ketone eigentlich?Viele verbinden Ketose nur mit einer ketogenen Ernährung. Tatsächlich ist Ketose ein Stoffwechselzustand, in dem dein Körper besonders effizient Energie bereitstellen kann. Genau deshalb gehören Ketone für viele zu den sp
0_218673_9_yt.s2YH0KlsZ_w;0.0688;satisfied;skincare-first;pressure;;;Papierflieger Falten - Papierflieger Falten Der Weit Fliegt A4 Teil 89 - Bastelideen Easy Papierflieger Falten - Papierflieger Falten Der Weit Fliegt A4 Teil 89 - Bastelideen Easy. ✈️ Papierflieger Falten – Der Weitflieger mit A4-Blatt ✈️In diesem Video lernst du Schritt für Schritt das Papierfliege
0_218673_126_t3_1oybskr;0.0688;advisory;procedure-curious;;;;Eleganten Stiefeletten bei kräftigerer Wade / Wassereinlagerungen? Hi zusammen,  ich suche nach Erfahrungen oder Tipps zum Thema Damen-Stiefeletten bei etwas kräftigeren Waden bzw. leichten Wassereinlagerungen. Meine Freundin ist insgesamt schlank, hat aber im unteren Knöchel-/Wadenbereich etwas Was
0_218673_9_21807720030402117;0.0688;disappointed;procedure-curious;;;;Wer denkt das  Bundesverfassungsgericht  sei UNABHÄNGIGDer denkt auch das Zitronenfalter Zitronen falten.
0_218673_8_2035427880738365943;0.0688;disappointed;skincare-first;price;;;@onlyexsy Warum Weichspüler? Weil man was verbergen will Falten BzwPenis und Adams Apfel OderDie asiatischen wichser wollen sowas im Gegensatz zu europäischen halt auf Weichspüler sich einen rubbelnOder In dem Land sind Weichspüler Bilder juristisch kein schmuddelkram…
0_218673_126_t1_neypbvq;0.0689;satisfied;skincare-first;price,pressure;;;Täglich Schminken macht alt. Stimmt das? Ich wüsste jetzt nicht, warum Makeup die Hautalterung begünstigen soll? Mein Gesicht wasche ich so oder so morgens und abends, der einzige Unterschied ist, dass ich mich abends vorher noch abschminke. Die Inhaltsstoffe der Produkte sind unbedenklich, sonst wä
0_218673_126_t3_1p7wmg9;0.0689;satisfied;skincare-first;price;;;Read On: Ultradünne Lesebrillen für den Alltag Das Zürcher Label Read On bietet smarte Lesebrillen für mobiles Leben. Aus robustem TR90-Material gefertigt, sind sie nur 3 mm dick und falten zu 4 mm zusammen. Lange Bügel erlauben bequemes Vorschieben bis auf die Nasenspitze.​# Read On Light im Überbl
0_218673_126_t1_oyhjjup;0.0689;disappointed;skincare-first;;;;Warum sehen Fußballspieler so alt aus? Ich habe mal gelesen, dass Menschen mit sehr niedrigem Körperfettanteil schneller alt aussehen, weil die subkutane Fettschicht dafür sorgt, dass man weniger Falten hat.
0_221687_190_3848874250623373376;0.0689;satisfied;skincare-first;peel;;egf;"Glow-Upgrade ohne extra Aufwand 💧✨Das O2 Tox Peel von Dermathod ist ein Anti-Aging-Peeling-Serum, das auf der Haut bleibt.Mit White Spicules, Hyaluronsäure und einem 7-fachen Peptidkomplex (inkl. EGF &amp; FGF) kann es helfen, das Hautbild zu verfeinern und sichtbar frischer wirken zu lassen.Ideal b"
0_221687_140_7600086649497734422;0.069;satisfied;skincare-first;;;jojoba;Hair Growth Serum - Haaröl mit Rosmarin  Natürliche Inhaltsstoffe: Enthält Rosmarinöl, Jojobaöl, Rizinusöl und Vitamin E Nicht fettend: Jojobaöl spendet Nährung, ohne fettig zu wirken Vielseitige Verwendung: Kann sowohl auf der Kopfhaut als auch auf den Haarsträhnen verwendet werden, für die allgeme
0_219424_126_t1_o35b2n7;0.0691;disappointed;procedure-curious;fillers;;;Was there a point to this scene or was it just filler? Comedic relief
0_219424_9_31510364557799615;0.0691;enthusiastic;procedure-curious;fillers;;;Möchtest du wissen ob der eine von den beiden des Team Rocket Duos männlich oder weiblich ist? Es gibt ja bereits die Character Profiles. Aber ich spoilere es mal nicht ohne das du es explizit sagst. Auch wenn ich nicht glaube, es hat große Auswirkungen auf die Serie. Aber ich habe diese Folge gelie
0_219424_140_7660450683069451552;0.0691;enthusiastic;skincare-first;;;;Das Geheimnis der Königin 👑🐝 Gelée Royale — das Superfood aus dem Bienenstock, das die Königin groß und stark werden lässt. Wir haben einen echten Imker gefragt, warum dieser Stoff so exklusiv ist und was ihn von normalem Honig unterscheidet. Spoiler: Die Bienen produzieren es nur in kleinsten Menge
0_218673_126_t1_nrfon4z;0.0691;neutral;procedure-curious;;;;Was meint ihr, wie groß die Garderobe dafür sein muss? Mit eingebautem Luftgebläse, lässt sich bestimmt ganz klein falten.  😂😂😂
0_218673_8_2015873566839869610;0.0691;satisfied;skincare-first;;;;RT @Hoellenaufsicht: Zitronenfalter falten Zitronen. Und in der Zitronen faltenden Zitronenfalter-Welt ist Elon ein Genie. https://t.co/A7yp2dDCj7
0_218673_126_t1_o5y4mky;0.0691;enthusiastic;procedure-curious;;;;Nebelfaust ☆ Die Krähenfüße des Winters - Full Album ☆ 2026 Germany Solo Project
0_219424_126_t1_ofwrkf0;0.0692;disappointed;procedure-open;fillers;;;One Piece ist nur deshalb so erfolgreich, weil die Fangemeinde gelernt hat, Padding als Qualität zu akzeptieren Ich stimme dir zwar zu, würde aber gerne ein kleines Gegenargument bieten: Sailor Moon. Sailor Moon hat zwei Animes basierend auf dem gleichen Manga, die aus den 90ern und die neue Seriel,
0_218673_126_t1_omxnyab;0.0692;advisory;skincare-first;;;;No age-shaming - aber was ist mit seinem Hals passiert? Das kommt doch nicht nur vom schlaffe Haut haben, oder? Wer ist dieser Mann und was macht er auf meinem Handybildschirm?
0_218673_126_t1_o5axq0k;0.0693;advisory;procedure-open;;;;Grundriss Bungalow Das neben dem Elternbad ist kein Technik Raum sondern eine Wäschekammer. Also rein zum Waschen / Trocknen / Falten von Wäsche. Dein Technik Raum im Grundriss ist dieser Durchgangsraum von Garage zum Eingang.
0_218673_8_2025391869815914757;0.0693;disappointed;skincare-first;;;;Dem Kunstunterricht kein Papier knüllt und die Falten einfach Mal nachmalt, ohne die Leute dumm dastehen zu lassen des Bildnis der Schöpfung.Musik, dem Korpus im Gesang vieler Texte doch im Fundament des Rädern von Zirkel im schwingen des Arm und Tonus der Schwingung von Urgebä
0_218673_9_38051169216331832;0.0693;enthusiastic;procedure-curious;;;;Das ist auch bei den Zitronenfalter so denn wer glaubt das Zitronenfalter Zitronen falten der Glaubt auch das CDU CSU SPD GRÜNE das Land retten wollen 😂😂mit Vollgas gegen die Steinmauer 🤬👎😖🤮das Land wo als erstes chrasht wird definitiv BW sein da die Bürger kotzdoof sind 😂😂😂
0_218673_126_t1_nptpjmo;0.0694;disappointed;skincare-first;;;;"Weihnachtsdeko und Artikel Gemeinsam Fröbelsterne falten: https://m.youtube.com/watch?v=XSD1NHYCCgc&amp;pp=ygUXZnLDtmJlbHN0ZXJuZSBhbmxlaXR1bmc%3DIst auch für Kinder machbar und man hat direkt tolle Deko"
0_218673_8_2023741009906053607;0.0694;satisfied;skincare-first;;;;"Vielleicht kann mir jemand erklären, warum Jeffrey Epstein identisch aussieht, wie der Typ auf dem 20 Dollarschein US-Präsident „Andrew Jackson""? Inklusive der gleichen Gesichtssymmetrie, identischer Falten, Muttermale, sogar identischer Narben. Und was noch verrückter ist, wieso sieht auch seine Fi"
0_218673_126_t1_obyx2ox;0.0694;enthusiastic;skincare-first;;;;Für Rechte bricht gerade eine Welt zusammen Wer sind die auf dem bild 🤣 Herr krause ist blond und hat fahle Haut 😅 und sein Partner ist auch kein asiatisch zu lesender Mensch
0_218673_8_2043199422683656262;0.0694;enthusiastic;procedure-open;;;;@EvaHermanEx_ARD …und morgen schon bei uns! 🫣😡🤮Der Bürgerkrieg muss doch endlich beginnen, wie bereits vom WEF angekündigt….…oder angestrebt?!!!Aufwachen und zwar jetzt!!! ⏰ Wer hier noch an Humanität glaubt, der glaubt auch, dass Zitronenfalter Zitronen 🍋 falten. https://t.co/1GLuAib4jw
0_218673_8_2047579413168923011;0.0694;enthusiastic;skincare-first;;;;@rosenbusch_ @M_Ostermann …und Zitronenfalter falten Zitronen. 🥳
0_219384_8_2004599806195630154;0.0694;satisfied;skincare-first;laser,pressure;;;Licht statt Laser: Schwedische Forscher drucken Elektroden direkt auf die Haut | t3n https://t.co/fGEa3iXR64
0_219424_126_t3_1s8h7sk;0.0695;neutral;skincare-first;;;;[Product Question] Auf wie feuchte Haut tragt ihr Hyaluron Seren auf? Hallo,ich bin mir immer sehr unsicher wie feucht die Haut zum auftragen eines Hyaluron Serum wirklich sein muss. Kann jemand das genau beantworten oder Tipps geben?Danke
0_219424_9_yt.hbYbQPQm1Lo;0.0695;satisfied;skincare-first;pressure;;;"""Narco-Look"" als Schönheitstrend in Mexiko | #shorts Culiacán im Nordwesten Mexikos gilt als Hochburg des Sinaloa-Kartells. In der Hauptstadt der gleichnamigen Region prägen gewaltsame Machtkämpfe zwischen Drogenschmugglern, sogenannten Narcos, das Stadtbild.Aus diesem Umfeld stammt auch ein Schönhe"
0_218673_9_68580787359654582;0.0695;satisfied;procedure-curious;;;;Wer nach der Causa Günther/Lanz dem ÖRR noch für glaubhaft hält glaubt auch, dass Zitronenfalter Zitronen falten.
0_218673_8_2027095039755612570;0.0695;neutral;procedure-curious;;;;"@JacobAgnieszka @423237_ @seriengruender @BMI_Bund Und Zitronenfalter falten Zitronen.Das wird ziemlich zügig flächendeckend gegen die Gesamtbevölkerung eingesetzt werden, denn ""der Staat"" ist praktisch pleite und braucht Geld."
0_218673_9_yt.P1tPdNyfaHY;0.0696;satisfied;skincare-first;;;sod;BEWERTUNG (2025): BEAUTEX Wachstuchtischdecke abwischbar oval. Infos Eine schnelle und einfache Anleitung zu den herausragenden Merkmalen von BEAUTEX Wachstuchtischdecke abwischbar oval.👉 Auf Amazon ansehen: https://www.amazon.de/dp/B074KDDBXP/?tag=16w9h-20 (Affiliate-Link)Entdecken Sie die BEAUTEX 
0_218673_9_18775387269936237;0.0696;enthusiastic;procedure-curious;;;;❤❤❤❤ Das ist doch gerade das Schöne, wenn's im Sommer 🌤 nicht zu heiß ist. Um die +25 Grad sind doch IDEAL. Man kann trotzdem alles machen, was man eben im Sommer so alles macht: Radlfahren, an den See gehen, spazieren gehen, wandern, den Garten und die Sommerabende ❤❤❤❤ genießen! Ja, und arbeiten m
0_218673_9_4129423383104427;0.0696;disappointed;procedure-open;;;;Wann bitte hat soviel Union Österreich überfallen? Warum wird hier erlaubt die Geschichtliche Falten so zu drehen wenn einem passt? Hat die Österreich nicht an der Seite von Hitler die Menschen getötet?
0_218673_8_2029172064154992842;0.0696;satisfied;procedure-curious;;;;@roter_0ktober Mit Papierschiffchen und Papierflugzeugen? Ich kann 1000 Stück am Tag falten. https://t.co/A5WpDiJhvS
0_218673_8_2032542289831002604;0.0696;enthusiastic;skincare-first;;;;@dertutnix @MaxPuster2 @KI_Agent Und Zitronenfalter falten Zitronen.
0_218673_126_t1_oxgdl3e;0.0696;enthusiastic;skincare-first;price;;;Wie mache ich dieses Kleid bedeckter/modest? Zu dem Kleid würde ich ein grünes Shirt und einen grünen Gürtel super finden. Dazu dann am besten auch passende Schuhe. Generell mag ich bei Kleidern, die ein bisschen bedeckter wirken sollen, auch gern feine Mesh-shirts. Am besten gefällt es mir Ton in T
0_219424_26_1443421337829495;0.0699;disappointed;procedure-curious;;;;80er-Star singt in Deutschland - Kim Wilde (65) verrät ihren Anti-Aging-Trick
0_218673_8_2022951642153517193;0.0699;disappointed;procedure-curious;;;;@AnjaVoelkel72 @reisburgerin wer an Wahlen glaubt,glaubt auch das Zitronenfalter Zitronen falten!Die Linksfaschistische Volksfront wird die Wahlen wieder so gestalten das diese Kreaturen an der Macht bleiben.Özdemir ist ein Klaus Schwab Young Leader!Wie alle die unser Land kaputt machen,kaputt gemac
0_219424_9_7182843289569458;0.07;disappointed;procedure-open;fillers;;;"20:44 Bardock war ja auch ursprünglich ein ""Filler Charakter"", aber Toriyama mochte das Special so sehr, dass er Bardock in den Manga eingebaut hat."
0_219424_126_t3_1t737sw;0.07;enthusiastic;procedure-curious;fillers;;;result ke baad sabse bura woh moment hota hai jab har koi poochta hai aage kya karoge result aaya. number sab ne dekh liya aur ab shuru hota hai woh sawaal jo har taraf se aata hai aage kya karoge chacha poochhenge. padosi poochhenge. rishtedaar whatsapp karenge. teacher class mein puchega aur tum w
0_219424_126_t1_ow1fh7h;0.07;advisory;skincare-first;;;;Findet ihr so hyperfeminine/barbiehafte Styles bei Frauen attraktiv? In Ländern wie Südkorea, Japan und China sind Schönheitsoperationen weit verbreitet – ich gehe davon aus, dass dort sehr viele Frauen zumindest kleine Eingriffe machen lassen (Augenlider, Hautbleaching etc.), weshalb das Schönheits
0_218673_9_40116670034272703;0.07;disappointed;skincare-first;price;;;Also wenn hier viele Kommentatoren glauben, dass Porschekunden freiwillig chinesische Autos kaufen, dann glauben die auch das Zitronenfalter Zitronen falten…Die Chinesen sind nur in China eine echte Konkurrenz (das ist schon heftig!), sobald es da aber die fällige Marktbereinigung gegeben hat, ist S
0_218673_8_2028939581928640561;0.07;disappointed;procedure-curious;;;;@nureineexe Und wer glaubt ,sie waren nicht links, glaubt auch das Zitronenfalter , Zitronen falten 🤷‍♂️🤷‍♂️🤷‍♂️....
0_221687_140_7585622031325056278;0.07;satisfied;skincare-first;laser,peel;;niacinamide;1. Lovenotes Angels Kiss» von Ariana Grande 2. Doppelseitiges Design: Der Puff verfügt über zwei unterschiedliche Texturen für verschiedene Make-up-Formeln. Pinke Seite: Besteht aus Plüschfasern, die eine präzise Menge Puder aufnehmen, um die Basis zu fixieren oder das Make-up aufzufrischen. Orange 
0_218673_126_t1_n9zfnm7;0.0701;advisory;skincare-first;laser;;;Schnitzel im Ausflugslokal Mit egal was die anderen sagen.Schnitzel hat falten wie blaserl, bissl foabDes is a Schnitzl. Was haben schnitzerl mit Pommes zu tun?Nix...
0_218673_8_2039826874151432301;0.0701;enthusiastic;procedure-curious;;;;@littlewisehen Aber muss die vertrocknete Orange mir dafür meine Liedtexte klauen?Und dann auch noch ins Gegenteil umwandeln? Manche von uns bekommen halt im Alter falten und tragen sie ehrlich. Ohne Orangelack.@springsteen: And I say »Thank you« for the music … and giving it to me! 🤗 https://t.co/8
0_218673_9_55535957392288001;0.0701;satisfied;skincare-first;;;;Wenn Violetta den Raum verzerren kann, warum kann sie dann ihre Kleidung nicht unsichtbar machen? Außerdem müsste sie mit solchen Kräften in der Lage sein, sich durch Falten des Raums quasi zu teleportieren.Wenn Mr. Incredible nur Superstärke besitzt, wie kann er dann gegen die Roboter kämpfen oder 
0_218673_15_51437041382739493;0.0701;enthusiastic;procedure-open;;;;Die Melancholie der Betonmischmaschine in der Secession Wien Eine Betonmischmaschine, ihr Bauch wie eine Wunde aufgeschnitten, dreht sich unermüdlich, erzeugt durch Vermengung von Wasser mit Eisenoxiden, Sägemehl und Goldpigmenten eine zähe Flüssigkeit, die, per Schläuchen transportiert, über eine s
0_221687_190_3906205575008678221;0.0701;satisfied;skincare-first;;;;Das Bio-Lyne Hydration Serum mit Hyaluronsäure versorgt deine Haut intensiv mit Feuchtigkeit, polstert sie von innen auf und lässt feine Linien sichtbar glatter wirken. Für ein frisches, pralles Hautbild und einen natürlichen Glow. 💧 Bio-Lyne Hydration Serum with hyaluronic acid deeply hydrates, plu
0_218673_8_2046999493158092971;0.0702;satisfied;skincare-first;;;;@Coolnasenbaer Für Dani falten Zitronenfalter auch ZitronenIst die DDR auch demokratisch gewesen...
0_219424_9_yt.jiUBALhVyPM;0.0702;satisfied;skincare-first;;;;ANTI AGING DARI VIVA COSMETICS! VIVA HYDRA LIFT MOISTURIZER GEL
0_219424_9_yt.CP8A98pBCHs;0.0703;neutral;procedure-curious;botox,celebrity,pressure;;;"Wenn Age Gaps zu Machtmissbrauch führen #LolitaTrope #AgeGapEgal ob in Freierforen, in denen es Rubriken wie „Teenie-Fi**"" gibt, oder in irgendeinem Interview mit einem Politiker: Junge Frauen, Teens und Mädchen attraktiv zu finden, scheint so normalisiert zu sein, dass Männer es schamlos in der Öff"
0_218673_9_28513633398273641;0.0703;enthusiastic;procedure-open;;;;Das is das man die hose nid kabutt läuft und so gibt es auch mehr falten im der hose! Hiphop nubs 😂😂😂
0_218673_8_2041073895462064365;0.0703;enthusiastic;skincare-first;;;;@LilitThyra Der Typ hat was an den Augen wenn er denkt er würde wie mit 17 Jahre aussehen. Allein die Falten um seinen Mund  sagen jedem dass er mindestens 30 Jahre alt ist
0_218673_8_2078378189424836803;0.0703;enthusiastic;procedure-curious;;;;@UdoHeugen @FausFrau Zitronenfalter falten Zitronen.Seepferdchen sind Pferde.Zimtschnecken sind Schnecken.
0_218685_9_yt.a6mjg8GXjcU;0.0703;advisory;skincare-first;;;;Die drei Molekülgrößen der Hyaluronsäure – einfach erklärt Heute sprechen wir über einen der beliebtesten Wirkstoffe in der modernen Hautpflege: Hyaluronsäure.Doch Hyaluronsäure ist nicht gleich Hyaluronsäure. Es gibt drei unterschiedliche Molekülgrößen, und jede wirkt auf ihre eigene Weise:💆‍♀️ Gön
0_219424_9_41732674808585819;0.0704;advisory;skincare-first;botox;;;Die Augenfarbe ändert sich doch nicht, wenn man sich Botox ins Gesicht spritzen lässt.So einen Quatsch habe ich wirklich noch nie gehört.Die Stimme ist auch sehr seltsam. Das ist für mich nicht Jim Carey.
0_218673_126_t1_nvk1vtf;0.0704;advisory;skincare-first;;;;So sieht die Hose in Stehen aus ist ein straight cut von Suitsuply. Passen die Schuhe dazu? Nein. Es geht einfach um die Passform Du kannst an den falten oben sehen, dass die Hose auch so, also im stehen, zu eng ist.
0_218673_9_yt.EEzIaHtozIc;0.0704;satisfied;procedure-curious;celebrity;;;🔥 Unsere ERSTE SAUERTEIGPIZZA aus dem Holzofen 🤯 Heute zeigen wir euch unser Sauerteigpizza-Rezept und backen zum allerersten Mal Pizza im Holzofen. Von der Teigführung über das Formen bis zum Backen bei extremer Hitze – ihr erlebt den gesamten Prozess Schritt für Schritt.Das Ergebnis: luftiger Rand
0_218673_9_18931361212971435;0.0704;satisfied;procedure-curious;;;;Wer glaubt,  dass der Islam friedlich ist , glaubt auch das Zitronenfalter Zitronen falten.
0_218673_15_3756868710566764;0.0704;satisfied;skincare-first;price;;;Neue FreeStyle 7 Dampfbügeleisen-Serie von Braun Die neue FreeStyle 7 Dampfbügeleisen Serie ist mit der PowerSmart Technologie ausgestattet. Sie macht es möglich, dass die integrierte Pumpe eine gleichmäßigere, kraftvollere Dampfleistung und dabei bis zu 60 g/min kontinuierlich Dampf sowie einen Dam
0_218673_8_2046545753913303344;0.0704;disappointed;skincare-first;;;;@IndiCannArabica Klar, Deutschland ruiniert das Klima und Zitronenfalter falten Zitronen.
0_221687_15_15620408951244262;0.0704;enthusiastic;skincare-first;price,celebrity;;glycerin;"Ahuhu Serum – Die 15 besten Produkte im Vergleich Empfohlene Produkte im Bereich „Ahuhu Serum"" Wir haben Produkte im Bereich „Ahuhu Serum"" miteinander verglichen und Empfehlungen für Dich zusammengestellt. Hier findest Du die Top 15 im Bereich „Ahuhu Serum"". Empfehlung Nr. 1 ahuhu ESSENTIAL ANTI-AGE"
0_219424_126_t1_od09xbu;0.0705;disappointed;procedure-open;fillers;;;Warum hat der ORF früher (1980/1990er Jahre) von Serien nicht alle Folgen gekauft und/oder nicht in der richtigen Reihenfolge gezeigt? Zum Glück ist vor ein paar Jahren Dragon Ball Z Kai rausgekommen, dort haben sie aus den original Epsioden die ganzen Filler rauseditiert und graphisch aufgehübscht,
0_219424_9_yt.O_0m2-AMvig;0.0705;enthusiastic;skincare-first;celebrity;;;Make-up mit Drogerie-Neuheiten & Trendprodukten ✨ Magdalenas Favourites | BIPA BEAUTY SPACE In dieser Special Folge vom BIPA Beauty Space schminkt sich Magdalena ausschließlich mit Produktneuheiten und aktuellen Trendprodukten der Marken L'ORÉAL PARIS, MAYBELLINE und ESSIE – und zeigt euch dabei ihr
0_218673_8_2030226009010720825;0.0705;disappointed;procedure-curious;;;;"Das Manhattan Institute wurde unter Anderem vom späteren C.I.A. Direktor William Casey gegründet, von dem das Zitat stammt:""We know, that our desinformation program is complete, when EVERYTHING the American public believes is false.""Wenn Du Dokumente einer solchen Quelle als Primärquellen verwendest"
0_218673_126_t1_niylshg;0.0706;enthusiastic;skincare-first;retinol;;;Wie kann ich jünger aussehen? Erstmal, du siehst nicht aus wie Ende 40, sondern Mitte 30.Mein guess sind drei Dinge, Klamotten, Make-Up und Hautbild.Ich finde man erkennt zu 90% an den Klamotten, wie alt jemand ist. Im real life oder auf tiktok siehst du ja, was die jüngeren Leute anziehen.Dein Make
0_218673_9_yt.oSwsOHZN0yc;0.0706;satisfied;skincare-first;;;sod;BEWERTUNG (2025): DecoHomeTextil Spannbettlaken Premium Jersey. Infos In diesem kurzen Überblick heben wir die Hauptattraktionen von DecoHomeTextil Spannbettlaken Premium Jersey hervor.👉 Auf Amazon ansehen: https://www.amazon.de/dp/B0DNTNKZR1/?tag=16w9h-20 (Affiliate-Link)Entdecken Sie das DecoHomeT
0_218673_8_2024812729781887432;0.0706;enthusiastic;procedure-curious;;;;@CDU @_FriedrichMerz Mund halten.Hände falten.Augen zu.CDU.
0_218673_9_16425195025953531;0.0706;satisfied;skincare-first;;;;Wer geglaubt hat das die Kohle vernünftig eingesetzt wurde, glaubt auch das Zitronenfalter Zitronen falten. 😮😮😮
0_218673_8_2079686399796633654;0.0706;enthusiastic;skincare-first;;;;@OrloffBorris @UlrichSiegmund Sie glauben bestimmt auch, dass Zitronenfalter Zitronen falten
0_218673_126_t1_o6yi99e;0.0707;neutral;procedure-curious;;;;Was für eine Art Naht ist das? Ist ein normaler gerader Stich. Allerdings musst zum dem entstandenen Loch mindestens 5mm, besser 1cm Abstand haben, also eine komplett neue Naht über die Länge machen, was nur geht wenn genügend Material vorhanden ist. Den Falten im Leder am Foto nach zu urteilen, kön
0_219424_9_54699381748205906;0.0708;disappointed;procedure-open;botox,price;;;Botox ist übrigens ein Stoffwechselprodukt eines Bakteriums. Das verstoffwechselt sich aber nur, wenn ohne Sauerstoff gearbeitet wird. Natürlich kann das tief in einem Kompost passieren. Die von der Firma halten quasi Bakterien als Nutztiere, geben ein Medium zum wachsen und ernähren hinzu, ziehen d
0_218673_9_20804639490710892;0.0708;satisfied;skincare-first;;;;Hä? Aber das Huawei hat doch auch nur 2 Scharniere, oder was verstehe ich da nicht? Kann man das noch in eine andere Richtung falten oder wie?
0_218673_126_t1_o1esjnx;0.0708;satisfied;procedure-open;;;;"Gurt Rolladen https://preview.redd.it/1jvwcegl9afg1.jpeg?width=3024&amp;format=pjpg&amp;auto=webp&amp;s=b570d9510d0dd3c5aa856987aee224d0965a8378Hab ich letztes Jahr mal gemacht. Band oben und unten sichern, z.B. mit Maulis, dass man gewisses Spiel hat. Dann an der defekten Stelle falten, so dass es "
0_218673_9_26126247464865525;0.0709;disappointed;skincare-first;;;;Das Outfit im allgemeinen ist Schrecklich.Die Hose macht aus ihrer Figur ne Aldi Plastikflasche, der Pullover in den BH gepresst mit mehr Falten als Dobbys Großvater, die Tasche farblich komplett daneben und Groß genug damit sie ihr Hündchen aka Freund damit tragen kann
0_219424_126_t3_1qmln17;0.071;disappointed;skincare-first;fillers,celebrity;;;Die meisten haben keine Ahnung wie gemachte Gesichter aussehen Dafür gibt es sogar einen Namen: Toupee Fallacy!Leute denken, dass Toupets generell schlecht aussehen, aber das denken sie nur wenn sie erkennen, dass jemand überhaupt ein Toupet trägt. Mein Punkt ist, dass vor allem Männer kein richtige
0_219424_9_33827675553997323;0.071;enthusiastic;procedure-curious;fillers;;;11:11 aber bitte nicht zu viel davon denn es ist keinen RTL oder Sat1 abend Filler wie unter uns oder GZSZ, und bitte unter der Aufsicht von Marvel weil das muss ja auch zu den ganzen anderen Produktionen passen, ich hoffe sie fangen es gut ein es ging immer um Drama Rassismus, und die Frage, was is
0_218673_126_t1_od4grc8;0.071;disappointed;skincare-first;;;;Don Juan der Edelmann? Wow ich wusste gar nicht das er schon im 17. Jahrhundert geboren ist, bestimmt hat er deshalb auch eine Maske weil er seine Falten nicht zeigen will…
0_218673_9_64521380388517806;0.0711;disappointed;skincare-first;;;;Zuviel Solarium.. sieht man an den Falten.
0_218673_8_2029223343363108960;0.0711;enthusiastic;procedure-curious;;;;"@MitAktien Bratwurst &amp; Haxen schmecken eh viel leckerer. 😋 Und wirft der Arsch auch Falten, wir bleiben doch die alten, gell Jette. 🥳"
0_221687_140_7577090144436505878;0.0711;advisory;skincare-first;fillers;;;Die Produkte wechsle ich übrigens regelmäßig, aber das ist die aktuelle Rotation: Balea Aqua Hyaluron Feuchtigkeitsshampoo  Aveda be curly intensive curl Masque  Kerastase Premiere Serum Filler Ouai Curl Cream Random Lockenschaum aus Spanien (giorgio) Olaplex no. 10 Curl defining gel Color Wow Raise
0_219424_126_t1_ovaekfn;0.0712;disappointed;skincare-first;price;;pha;Schaden häufige Diäten dem Stoffwechsel? Eine aktuelle Analyse Die deutsche Übersetzung:Mythen und Fakten zum Thema Gewichtsschwankungen (Weight Cycling)Erhöhtes Körpergewicht und erhöhte Fettmasse?Das endgültige Körpergewicht und die Fettmasse nach Gewichtsschwankungen entsprechen wahrscheinlich de
0_218673_15_31763705783135496;0.0712;neutral;procedure-open;price,pressure;;;Samsung enthüllt das Galaxy Z TriFold noch diese Woche: Dreifach-Foldable mit High-End-Technik, aber nur für ausgewählte Märkte Samsung steht kurz davor, ein völlig neues Kapitel im Foldable-Segment aufzuschlagen. Mit dem Galaxy Z TriFold bringt der südkoreanische Hersteller sein erstes Smartphone a
0_218673_9_34844522395695159;0.0712;enthusiastic;procedure-curious;;;;Du musst einfach nur von links nach rechts 2x falten und schon schaust Du auf das Außendisplay...😅
0_218673_126_t1_oua8hmf;0.0713;disappointed;procedure-curious;;microcurrent;;Tja Ach, der Kollege und Falten. Wir sind alle Systemschafe!!!1!1!1
0_218673_9_57633544825540636;0.0714;disappointed;skincare-first;;;;Er hat sich doch nur Apfelbäckchen spritzen lassen . Mein Gott . Was redet ihr hier. Guckt euch mal andere an . Die sehen alle so scheiße aus . Die Harfouch zum Beispiel . Ganz schrecklich . Eine schöne Frau mit Falten war sie vorher . Schade dass die Menschen so blöde sind und sich sowas von veruns
0_219424_190_3937338400571624599;0.0715;enthusiastic;skincare-first;;;;Das Geheimnis der Königin 👑🐝Gelée Royale — das Superfood aus dem Bienenstock, das die Königin groß und stark werden lässt. Wir haben einen echten Imker gefragt, warum dieser Stoff so exklusiv ist und was ihn von normalem Honig unterscheidet.Spoiler: Die Bienen produzieren es nur in kleinsten Mengen 
0_218673_126_t3_1mmcqe1;0.0715;disappointed;procedure-curious;price;;;Die Abenteuer des Florian H. Die Bauern der umliegenden Dörfer verwehrten ihm sein Recht. War er ihnen etwa kein guter Herr?  Absurd, er kam all seinen Pflichten nach. Sein Verhältnis zu den Bauern war gut, nur in diesem Punkt gab es Streit. Das Recht … Nein, es war nicht nur Recht, er sah es als se
0_218673_9_9882583282148109;0.0715;disappointed;skincare-first;;;;Militärisch organisiert.  Und das alles aus Spendenmitteln. Und alles Freiwillige, die ehrenamtlich arbeiten. Klar. Zitronenfalter falten auch Zitronen..
0_218673_9_yt.S42qNuqg6oM;0.0715;enthusiastic;skincare-first;;;sod;BEWERTUNG (2026): SHIPKEY Geschenkböxchen 50er Pack. Infos Wir behandeln schnell die wichtigsten Details von SHIPKEY Geschenkböxchen 50er Pack.👉 Auf Amazon ansehen: https://www.amazon.de/dp/B0DBHGL74Z/?tag=16w9h-20 (Affiliate-Link)Entdecken Sie die vielseitigen SHIPKEY Geschenkböxchen im praktischen
0_218673_126_t1_oh803m4;0.0715;neutral;procedure-open;;;;Ich_iel A0 0-Mal falten gibt die Originalgröße.
0_218673_15_12316960545287505;0.0716;neutral;skincare-first;price,celebrity;;pha;Die perfekte Nähanleitung für einen V-Ausschnitt: Tipps für dein nächstes Projekt! In diesem Projekt dreht sich alles um die Herstellung eines modischen T-Shirts mit einem V-Ausschnitt. Diese Anleitung richtet sich an Hobbynäher, die ihren Kleidungsstil mit einem selbstgenähten Teil aufpeppen möchte
0_218673_126_t1_nv0rn31;0.0716;satisfied;procedure-open;;;;Will nicht so sein, aber 1 mal Falten und 6 mal beißen und das Ding ist weg Früher gab es Pizza und Mini Pizza. Heute gibt's Mini Pizza und Mikro Pizza.
0_218673_126_t1_naob2p2;0.0717;satisfied;procedure-curious;;;;Migrant*innen besser intergrieren? ROWTAG glaubt übrigens auch, dass Zitronenfalter Zitronen falten.
0_218673_9_yt.XHmJXHAer2U;0.0717;enthusiastic;skincare-first;;;;Papierflieger Falten - Papierflieger Falten Der Weit Fliegt A4 Teil 116 -   Bastelideen Easy Papierflieger Falten - Papierflieger Falten Der Weit Fliegt A4 Teil 115 -   Bastelideen Easy. ✈️ Papierflieger falten der weit fliegt einfach – Perfekt für Anfänger in Berlin!In diesem Video zeige ich dir ei
0_218673_9_43959804858807464;0.0717;disappointed;procedure-curious;;;;Wer das glaubt, glaubt auch das Zitronenfalter, Zitronen falten.Keine Partei wird sich, wenn sie in der Regierung ist, für die  einheimischen Bürger einsetzen. Keine.In der Opposition werden Versprechen gemacht, die sie wenn sie in der Regierung sind, ganz schnell vergessen.
0_218673_8_2026302367147118912;0.0717;enthusiastic;skincare-first;;;;@meganuni11 Ich konnte das Ding falten und lesen👆🏻😅
0_218673_8_2037502458696437893;0.0717;neutral;procedure-curious;;;;@ODapte24630 @lupus003 @Frohnmaier_AfD Wenn Sie glauben, dass die Suchmaschinen AUF EIN BUCH zugreifen, dann glauben sie auch, dass Zitronenfalter Zitronen falten. Lesen sie doch mal, wie Algorithmen in Suchmaschinen arbeiten, worauf sie zugreifen, wie sie Daten validieren und Ergebnisse aufbereiten
0_218673_8_2044133200956457400;0.0717;enthusiastic;skincare-first;;;;@BabsiHoeb Muha, die Doris Golpashin? Echt 🥴? Und der Mac is jetzt auch nicht sooo der beste Schauspieler. Aber der Rex ist super u es ist halt Wien u man kann nebenbei twittern u Wäsche falten u es lenkt wunderbar von der irren echten Welt ab. Und der Dorfer ist der Allerallerbeste 😁
0_218673_126_t1_nxsucb4;0.0718;neutral;procedure-curious;;;;"Findet ihr ältere Frauen wirklich sexy? Eine der attraktivsten Frauen die ich kenne ist sieben Jahre älter als ich.Und nein Männer wollen nicht immer junge, ""knackige"" Mädels. Ich bin fast 40. Auch wenn Frauen unter 25 vielleicht weniger Falten haben sprechen mich Frauen in meiner Alterskohorte DEUT"
0_218673_9_26959982741509544;0.0718;disappointed;skincare-first;price;;pha;Wer glaubt, bei Geschäften mit dem Staat Plus zu machen, der glaubt auch, dass Zitronenfalter Zitronen falten. Jeder Zuschuss wird euch in der Auszahlungsphase doppelt wieder abgenommen, als Steuern, Krankenkassen-, Pflege- und sonst was Beitrag !
0_218673_126_t1_ohrzpz0;0.0718;disappointed;procedure-curious;;microcurrent;;Kurrent transcription help WWII letter from my grandfather to grandmother (3rd letter) Geschr\[ieben\] 24. Mai 1944.Liebste Dina!Inzwischen wieder 2 Briefe und  2 100gr\[amm\] Päckchen d\[an\]k\[end\] erhalten. Wenn  die kleinen Päckchcwen gesperrt wären,  das wäre doch verrückt u\[nd\] die großen  
0_218673_126_t1_oph93n6;0.0718;neutral;skincare-first;;;;"Kommode für Klamotten Was meinst du mit ""aufrechtes Falten""? Irgendwie gefaltet kriegst du natürlich Shirts da rein, aber 25cm Kommodentiefe sind wahrscheinlich am Ende tatsächlich maximal 22cm Schubladentiefe. Das ist schon arg wenig."
0_218673_8_2078178880276279673;0.0718;disappointed;skincare-first;;;;"@rebew_lexa Es kann auch ""Die korrupte Dreifaltigkeit"" heißen.Wobei mehr wie 3 Falten auf dem Bild zusehen sind."
0_219384_9_yt.awtmGkmWD0w;0.0718;disappointed;skincare-first;laser;;;Darum benutzt der Terminator einen Laser… Warum hat der Terminator eigentlich eine Pistole mit Laservisier gewählt? Es ist doch bekannt, dass er keine Farben unterscheiden kann und die Welt in einem rot-weißen Filter sieht. Da ein Laservisier aber einen roten Punkt erzeugt, sollte der Cyborg diesen 
0_221687_190_3874427030389444681;0.0718;satisfied;skincare-first;;;;🟦 GHK-Cu (Kupferpeptid) ➔schon mal gehört?🟦 Was ist das überhaupt? • GHK-Cu = kleines Peptid + gebundenes Kupferion • Wird im Körper selbst gebildet und ist an Reparatur- und Regenerationsprozessen beteiligt • Spielt eine Rolle in der Zellkommunikation 🟦 Warum ist das eigentlich blau? • Die Farbe en
0_219424_9_65772697082279790;0.0719;satisfied;skincare-first;facelift;;;Wo ich ihn wieder gesehen habe, dachte ich zuerst ok der hatte ein facelift sein Gesicht sieht irgendwie danach aus und das macht fast jeder in Hollywood aber Jim Carrey war eigentlich nicht der Typ für Schönheitsops und eigentlich auch dagegen vor allem als Comedian/Schauspieler wie er mit so einer
0_218673_23_34903179172196676;0.0719;disappointed;skincare-first;;;;Wer billig kauft... Ein klassischer Swab, Länge ausreichend für Tenor. Leider rutscht das Gewicht nicht gut durch, besonders bei feuchter Röhre. Der Stoff der Schnur, der das Gewicht umgibt, haftet bei Nässe im Rohr, und das Gewicht ist zu leicht, um dann durchzufallen. Daher ziemlich viel Gefummel.
0_218673_126_t1_onbzsyr;0.0719;enthusiastic;skincare-first;;;;Que no falten los chinchus !!! Amén.
0_218673_9_yt.CfMoY0aPjaA;0.072;satisfied;procedure-curious;;;;"Unser Pizzateig Rezept mit SAUERTEIG 🍕🔥 #pizzateig 🍕✨ Geduld, Liebe &amp; Sauerteig – mehr braucht gute Pizza nicht.Unser Pizzateig mit Sauerteig wird extra aromatisch, luftig &amp; einfach unwiderstehlich.Für 4 Teigkugeln à 290 gVorteig: * 50 g Mehl Type 00 (oder 700)* 50 g Wasser* 5 g reifer Sauer"
0_218673_8_2020503799497199744;0.072;enthusiastic;skincare-first;;;;@DerGanesha Sie muss so viel am Lachen sein, sie bekommt schon richtige Falten vom Lachen. Wenn man jeden Tag zum Spaß aufsteht, hat man auch viel zu lachen, außer natürlich sind dieses Klima wirklich so ernst, und es richtig aufgekratzt deswegen.
0_218673_8_2032124196071801338;0.072;disappointed;skincare-first;;;;Polyester Falten-Minirock von Amazon gilt nicht btw
0_218673_9_12985259575278083;0.072;disappointed;procedure-curious;;;;"@Nikioko Nur leider macht der Rest der Welt schon lange nicht mehr mit und wie passt das mit der ganzen Kriegsunterstützung und dem Vorhaben die größte Armee der Welt aufzubauen? Wer glaubt dass Deutschland alleine das Klima retten kann, der glaubt auch, dass Zitronenfalter Zitronen falten ;-)."
0_219424_126_t1_ojsqwqo;0.0721;neutral;skincare-first;fillers;;;Easiest Filler Classes Ever NUTRITN 130, GEOLOGY 103
0_219424_126_t1_oqmlc46;0.0721;neutral;procedure-open;fillers;;;Gap filler ideas please? Systeme, Anwendungen und Produkte in der Datenverarbeitung?
0_218673_126_t1_n78y5rq;0.0721;satisfied;procedure-open;;;;Origami Boot Hm, evtl. faltest du es 2 mal diagonal und ein mal mittig, dann kannst du anschließend bei der mittigen Faltung die äußeren Punkte nach oben und zur Mitte hin falten, während der mittige Knickpunkt unten bleibt. So klappts du quasi die mittlere Faltung nach innen, durch die diagonale Fa
0_218673_126_t1_nn8p4rx;0.0721;disappointed;procedure-open;;;;Welche Serien haben euch im Laufe der Staffeln enttäuscht? CW hat halt ganz klar die Leitlinien, lieber Geld für schöne Schauspieler auszugeben, als irgendeinen Cent für die Autoren. Ich bin überzeugt davon, dass die Junkies von der Straße auflesen und sie mit den Stoffwechselprodukten der Koks schn
0_218673_126_t1_o9qg824;0.0721;disappointed;procedure-curious;;;;"Bin ich der einziche, der jeden Vertipper mit von en zu ne mit Rainers Stimme liest? Es gibt ein Lied am Soundtrack von Tainted Grail, das heißt ""Faldne"", was wohl sowas wie ""der Gefallene"" heißt, aber alles an was ich denken kann, ist dass das klingt, als würden Rainer ""Falten"" sagen."
0_218673_9_25221545322505168;0.0721;satisfied;skincare-first;;;;Es funktioniert tatsächlich! Das liegende Blatt Papier ist zweidimensional. Doch mit dem Falten nutze er die 3. Dimension, und verzerrt das Quadrat zu einer Art flachem Dreieck. So konnte er aus 7cm Diagonale stolze 11,5cm heraus holen!
0_218673_126_t1_orjwnwy;0.0721;advisory;skincare-first;;;;Gibt es Überschwemmungen im ZDF Sportstudio oder warum tragen die Hochwasserhosen? Genitiv von Kramer - Christoph Kramer. Ehemaliger Fußballprofi und Weltmeister 2014.  Ein frisch ausgepacktes Shirt erkenne ich in diesem Fall an den vorderen Falten links und rechts neben dem Ausschnitt für den Hals 
0_218673_9_22450664502000435;0.0721;disappointed;skincare-first;;;;"Dieser Zweifel daran, dass ""Alles für Deutschland"" die zentrale Losung der SA war, ist eine absolut tote Nummer, Herr Höcke und Ben Bernd. Das glaubt euch doch nur der, der auch glaubt, dass Zitronenfalter Zitronen falten. Die Losung stand in meterhohen Buchstaben in den Versammlungsräumen der SA un"
0_218673_126_t1_n8zs5t9;0.0722;satisfied;skincare-first;;;;Weichen Teig formen Dehnen und Falten.... Dehnen und Falten und nochmal Dehnen und Falten
0_218673_8_2015358543147249926;0.0722;satisfied;skincare-first;;;;@nikitheblogger Wer das glaubt glaubt auch das Zitronenfalter Zitronen falten
0_218673_9_yt.4zYJXYe9VjA;0.0722;neutral;skincare-first;pressure;;;Material als Botschaft | Kunstunterricht Grundbegriffe Stillleben, Materialstudie, Oberfläche zeichnen, Textur malen, Tonwert, Wertstudie, Licht und Schatten, Kantenkontrolle, Glas zeichnen, Glas malen, Metall zeichnen, Metall malen, Stoff zeichnen, Falten zeichnen, Holz zeichnen, Maserung, Glanzpun
0_218673_9_35411112187614474;0.0722;enthusiastic;procedure-curious;;;;BenediktusEin altes Landdie Ursprache in die Welt versandtKrieger und Königin geborenüber Jahrtausendein kleine Gemeinden verschworenich bin der Sohn und er ist der Vaterund ich bin der Vater und suche die Brautsing es noch einmal und singe es lautBenediktiner wirklich wahre StrassenschlawinerBen ic
0_219424_9_7496984024920367;0.0723;disappointed;procedure-open;fillers;;;Same. Ich hasse Star Wars nicht, das könnte ich nie. Aber wozu soll ich mir den Epilog Filler Film zu einer 7 Jahre alten Serie angucken?
0_218673_15_4423055567895828;0.0723;satisfied;procedure-open;price;;;LG stellt einen KI-gestützten Roboter vor, der für Hausarbeiten entwickelt wurde Die CES ist immer voller seltsamer und wunderbarer technologischer Innovationen, und zu diesem Zweck hat das riesige LG einen Einblick in einen brandneuen, KI-gestützten Robotergefährten gezeigt. Bekannt als CLOiD ist d
0_218673_9_55716499138796405;0.0723;advisory;skincare-first;spf;;spf;Schwarze Menschen bzw. Alle Menschen mit natürlich vorkommenden Melanin haben eine langsamere Haut-Alterung, weil Melanin schädliche UV-Strahlung abfängt und zell und DNA Schäden in Zellen verhindert und vorbeugt, dadurch altert die Haut deutlich langsamer. Zusätzlich kommen noch höhere Kollagen Ant
0_218673_126_t3_1rjnu6x;0.0723;neutral;procedure-open;;;;Denim in Denim Hello! Voll im denim Game drinnen. Die Jacke von Master Supply Co. aus  13oz Selvedge Denim. Hose von Wrangler, die 13MVZ Cowboy Cut aus 13oz Selvedge Denim. Jacke 8 Tage getragen Hose den ersten Tag. Bin gespannt auf die Farbänderung und Falten die entstehen werden. Cap ist von Stets
0_218673_126_t1_or0curo;0.0723;satisfied;procedure-curious;;;;"Auf welche Äußerlichkeiten steht ihr bei Frauen, die eher unkonventionell und ""banal"" sind? Augenringe und Anzüge also so Smoking mäßig Hemd Krawatte halt"
0_218673_9_yt.sL84zUYb4GE;0.0724;disappointed;skincare-first;;;;Wilhelm Busch ~ Für einen Porträtmaler | Lyrik | Lesung | Literatur | Kultur | Gedicht Wilhelm Busch ~ Für einen Porträtmaler | Lyrik | Lesung | Literatur | Kultur | Gedichtgelesen von KaltenhainEin bissiges Gedicht über Eitelkeit, Selbstbetrug und die Kunst, die Wahrheit gefällig zu verformen.Wilhe
0_219424_140_7657103617316457760;0.0725;satisfied;skincare-first;peel;;;✨ Was passiert eigentlich in deiner Haut beim Bio-Microneedling? Die natürlichen Mikrostrukturen aus Spongilla setzen beim Einmassieren einen sanften Reiz auf der Hautoberfläche. Dadurch wird die Haut aktiviert und ihre natürlichen Erneuerungsprozesse können unterstützt werden. ✨ Unterstützt die Hau
0_218673_9_38453901217444437;0.0725;enthusiastic;procedure-open;;;;Ich liebe es wenn mir 24jährige was über falten erzählen 😂
0_219424_140_7658230259589958934;0.0726;disappointed;skincare-first;;;aloe;"Die vielleicht stärkste Anti-Aging-Pflanze wächst mitten in der Wüste … Aloe Vera stammt ursprünglich von der Arabischen Halbinsel – aus staubtrockenen Regionen, in denen sonst kaum etwas überlebt. Dort nennt man sie seit Jahrtausenden „Lilie der Wüste"" oder „Pflanze der Unsterblichkeit"". Schon Nofr"
0_218673_126_t3_1q52a0f;0.0726;disappointed;skincare-first;;;;"Warum sehen Frauen ohne Makeup oft „krank"" aus? (Bitte nicht angegriffen fühlen!) Ich frage mich schon länger, warum Frauen, wenn sie ungeschminkt sind, oft „krank"", ungesund oder sehr müde aussehen (meist stärkere Augenringe als ich je bei einem Mann gesehen habe oder sehr fahler hautton Bspw.). Gl"
0_218673_8_2009768681123766632;0.0726;disappointed;procedure-curious;;;;@DPolGHH Ja, theoretisch schon... aber wenn jemand sagt, dass die Erde eine Scheibe ist, ist das eine Behauptung und wenn er es nicht mit Falten untermauern kann, können andere auch die Meinung haben, dass der Flacherdler Schwachsinn erzählt.
0_218673_126_t1_o1n1sa2;0.0726;satisfied;skincare-first;pressure;;;"Eindruck bei Kleid? Meiner Meinung nach würde es eher komisch aussehen wenn es zu glatt oder zu ""clean"" wäre, weshalb falten es mehr Charakter geben, wenn das Sinn macht.   Sieht übrigens sehr gut aus, wirklich, nicht komisch oder zu markant.  Wenn es für eine Hochzeit ist oder ähnlichem Anlass, sup"
0_218673_9_53330000855814108;0.0726;neutral;skincare-first;;;;Anfang-Mitte 30 vielleicht, die meisten in dem Alter sehen dann tatsächlich so aus wie diese Frau. Mitte 20 haben Frauen meist noch keine Falten und  eine straffere  Figur
0_218673_8_2042913109027811377;0.0726;enthusiastic;procedure-curious;;;;#Mok macht auf #AliOsman Teil 4 😂 und 18 Leute warten auf sein Video,#Mazdak #Sofian und Co #keinleben.  Filter gegen Falten noch 😂 ich kann das nimmer https://t.co/AI0iMycUhp
0_218673_126_t1_nopwmpi;0.0727;neutral;skincare-first;;;;Hat jemand Erfahrungen mit digitalen Tragefotos (ohne echtes Model)? Was... Hast du denn dann in Erwägung gezogen? Proportionen sind doch neben den Maßen eines der wichtigsten Kriterien bei sowas? Was bringt es mir das Teil einem Idealtypischen Modelkörper zu sehen? Menschen sind ja unterschiedlich 
0_218673_126_t1_oqrtdgx;0.0727;advisory;skincare-first;;;;"Auf welche Äußerlichkeiten steht ihr bei Frauen, die eher unkonventionell und ""banal"" sind? Kürzere Beine und  kleine Frauen, falls das überhaupt unkonventionell ist und eher runder Gesichter statt lange, no makeup, Augenringe, helle Haut und die Äderchen, die man dadurch sieht,Kurven sewieso."
0_219424_9_yt.0j09DwjI4NM;0.0728;disappointed;procedure-curious;pressure;;;Ich bin 85 JAHRE ALT … ich meide 7 LEBENSMITTEL–und fühle mich 30 JAHRE JÜNGER! Jung vs. Alt – was ist wirklich das Geheimnis eines langen, gesunden Lebens? In diesem Video über Jung vs. Alt erzählt eine 85-jährige Frau offen, warum sie sich heute 30 Jahre jünger fühlt und welche 7 Lebensmittel sie 
0_219424_126_t1_os9z07c;0.0728;neutral;skincare-first;fillers,price;;;2€ Arc'teryx Beanie - Easiest Haul Filler Ever? 👀 Raw link?
0_218673_9_yt.QeayhJ8u6T0;0.0728;satisfied;skincare-first;;;;BEWERTUNG (2026): BEAUTEX Wachstuchtischdecke abwischbar eckig. Infos Erhalten Sie einen schnellen Überblick über die Kernfunktionen von BEAUTEX Wachstuchtischdecke abwischbar eckig.👉 Auf Amazon ansehen: https://www.amazon.de/dp/B01J1SCQLM/?tag=16w9h-20 (Affiliate-Link)Entdecken Sie die BEAUTEX Wach
0_218673_9_66726467283319963;0.0728;enthusiastic;procedure-curious;;;;Wer will das wissen und wieso???😘Schönen Abend noch und nicht so neugierig sein, davon kriegt man Falten.🫂
0_221687_190_3874273198049381283;0.0728;satisfied;skincare-first;retinol;;retinol;👉 ExoBody mit ExosomenEs wurde mit Exosomen der Centella Asiatica, organischem Silizium und Retinal für eine intensive Anti-Aging-Regeneration entwickelt:✔ Erhöht die Elastizität und Festigkeit der Haut✔ Reduziert die Faltentiefe✔ Verbessert sichtbar die Hautstruktur✔ Verkleinert die Poren✔ Vereinhe
0_219424_9_11750488648750293;0.0729;neutral;procedure-curious;fillers;;;viel kürzer und viel nuancierter als one piece. Man kann natürlich sagen one piece hat ne ewig lange story, aber wenn man die ganzen filler einfach weglässt, ist die story von One Piece : Finde den One Piece.
0_218673_15_31178070586087381;0.0729;enthusiastic;skincare-first;;;;"Bier-Terrine – kräftiges und raffiniertes Rezept aus der Landküche Das Oktoberfest in München ist eröffnet und zu dieser Feier möchte ich euch eine köstliche „Bier-Terrine"" vorstellen. Ich mag es, Terrinen zuzubereiten, weil es vielfältig ist und ein praktisches Rezept für Feier, Buffets, Aperitifs "
0_218673_9_yt.Q_bUpEXOIWI;0.0729;advisory;skincare-first;;;;BEWERTUNG (2025): Luminator LED Augenmaske LM-1000. WESENTLICHE Einzelheiten Denken Sie über Luminator LED Augenmaske LM-1000 nach? Dieses Video behandelt die wichtigsten Funktionen.👉 Auf Amazon ansehen: https://www.amazon.de/dp/B0DGMXFKWS/?tag=16w9h-20 (Affiliate-Link)Erleben Sie die Luminator LED 
0_218673_15_28142355667908656;0.0729;disappointed;skincare-first;;;;Amazon-Gründer mit neuem Look: Ist das wirklich Jeff Bezos? Jeff Bezos ist kaum wiederzuerkennen: Die einst vollen Wagen des Amazon-Gründers wirken eingefallen. Er steht zu seinen Falten und trägt einen Dreitagebart. Der 61-Jährige hat zuletzt sichtbar an Gewicht verloren.
0_218673_9_37100124041172059;0.0729;enthusiastic;procedure-open;;;;yeah! Puppenstüble 😅😅😅😅😅🙃 Nach Ariel kommen mir Kimola fast schon reif vor. 😂🙈 Nein, das hab ich jetzt nicht gesagt. 🙊😂 awww , der Luke ist auch schon ganz fertig von den Dschungel-Nachtschichten. 😍 Der hat ja auch Augenringe bis zum Näschen. 😹
0_218673_8_2024524323420008553;0.0729;disappointed;procedure-open;;;;@GabrieleSchfer9 @AUF1TV wozu Namen - falten und einwerfen. Frag mal im Osten, wie das 40 Jahre lang lief.oder noch besser - gleich ganz lassen. alle paar Jahre diese unglaubliche Papierverschwendung, da lässt sich doch sicher über Umwelt/Klima was drehen 🤪
0_218673_8_2048877086769586212;0.0729;enthusiastic;skincare-first;;;;@amrutha_ammuuu @lilyally98 😂😂😂 wer das glaubt glaubt auch, dass Zitronenfalter Zitronen falten.
0_218673_8_2050472682320208202;0.0729;satisfied;skincare-first;;;;@dregenus Und Zitronenfalter falten Zitronen 🥳 https://t.co/s6DxfEnVhy
0_218673_9_32459079952111620;0.0729;satisfied;procedure-open;;;;Wer denkt die Russen halten sich an die Waffenruhe, der glaubt auch Zitronenfalter falten Zitronen.
0_218673_126_t1_otcc9ik;0.0729;enthusiastic;skincare-first;;;;Wo in Wien gibt es Röcke für Herren? Naja, das was ich vorhin in den Damenabteilungen geshen habe will schon ein Gender darstellen. Ich mag keine Overlays, Falten, Strass, verspielte Bänder mit Kügelchen. Aber wenn du cht nicht weißst, dann eh schon wissen, besser die xxx halten.
0_218673_126_t3_1uinlwi;0.0729;disappointed;skincare-first;laser,price;;;[Project] Durchbruch in der Nano-Elektrochemie: SEBAT-Interface & Rec-Flow-Batterien r/Technology, r/Physics  r/EngineeringWir haben eine neue Schnittstelle entwickelt, die das absolute Limit der Nano-Elektrochemie verschiebt. Durch die Kombination von **Wageningen-Compleximer-Matrizen** und **SEBAT
0_219424_126_t1_ny0acn2;0.073;disappointed;skincare-first;;;;"Warum sehen Frauen ohne Makeup oft „krank"" aus? (Bitte nicht angegriffen fühlen!) Ja ich glaub das ist auch abhängig davon ob die Haut Braun ist weil man in der Sonnebrutzelt oder von Natur aus braune Haut hat. Sich extrem der Sonne aussetzten sorgt auf Dauer natürlich für frühzeitige Hautalterung"
0_219424_126_t1_o7bivbe;0.073;disappointed;procedure-curious;botox,pressure;;;trans Frauen als Mann in die Bundeswehr eingezogen zu werden und dessen Bedeutung Mir ging es auch nicht um Trans-Frauen. Die überwältigende Mehrheit der Frauen mit diesem Level an Eingriffen sind ja auch keine Trans-Frauen.Warum man als Trans-Frau eine besondere Notwendigkeit verspürt als Frau wahr
0_218673_8_2015428727069344224;0.073;disappointed;skincare-first;;;;Wäsche falten ist eine Kunst, die ich nicht beherrsche.
0_218673_8_2026334841269010448;0.073;disappointed;skincare-first;;;;"Allein 128 Millionen TV-Zuschauer sollen das diesjährige „Superbowl Finale"" gesehen haben mit Star-Quarterback „Payton Manning"", der dem ehem. Präsident „Gerald Ford jr."" wie aus dem Gesicht geschnitten ist - inklusive ein Dutzend identischer Falten, Narben und Muttermale: https://t.co/sTWqE8UVLR Wi"
0_218673_9_62850978902618869;0.073;disappointed;skincare-first;;;;Wer dieser Regierung noch glaubt, der glaubt auch, das Zitronenfalter Zitronen falten 😆
0_218673_8_2045006804040462730;0.073;satisfied;skincare-first;;;;Der Trottel glaubt wahrscheinlich auch, dass Zitronenfalter Zitronen falten. 😜 https://t.co/sAAUPs1KsE
0_218673_126_t1_oxt88c9;0.073;disappointed;skincare-first;price;;;"Erste richtige Wohnung in Köln.. ich hab da was vergessen. Such mal nach ""Pappmöbel"" online. Ich mag das Konzept sehr. Umweltfreundlich, lange haltbar und sehr günstig. Lieferung frei Haus, Aufbau ohne Werkzeuge, einfach nur falten. Der Klassiker ist das Pappbett mit preisgünstiger Matratze drauf, g"
0_218673_9_yt.DxAuWU2rS2w;0.0731;advisory;skincare-first;price,peel;;;"Schönheit aus Wurzeln #beauty Miswak, ein traditioneller Pflegezweig aus der Salvadora-persica-Pflanze, ist im Nahen Osten seit Jahrtausenden bekannt. Während er im Westen vor allem als natürlicher „Zahnstick"" gilt, nutzen Frauen in Saudi-Arabien das fein gemahlene Wurzelpulver auch für die Haut. Da"
0_218673_126_t1_o271m9r;0.0731;neutral;procedure-curious;;;;"Ich dreh hier noch durch… Unter- oder Übergare? Das sieht mir nach Untergare aus.Hier mal ein Link zum ""Lesen"" der Krume: [https://thesourdoughjourney.com/wp-content/uploads/2021/12/How-to-Read-a-Sourdough-Crumb.pdf](https://thesourdoughjourney.com/wp-content/uploads/2021/12/How-to-Read-a-Sourdough-"
0_218673_8_2043629967062261859;0.0731;disappointed;procedure-curious;;;;@lookforlove61 @steffan_nethe Du glaubst aber auch mit Sicherheit, dass Zitronenfalter Zitronen falten und dass die demokratische Volksrepublik Nordkorea eine demokratische Volksrepublik ist. Entspräche der Intelligenz die du zur Schau stellst
0_218673_15_69696737162306670;0.0731;satisfied;skincare-first;;;pha;Huawei entwickelt ein Smartphone, das es in der Form noch nie gab (Bildquelle: Huawei / Bearbeitung: GIGA) Ein neues Patent zeigt, wie radikal anders Huawei-Smartphones aussehen könnten. Ein neu aufgetauchtes Patent von Huawei gibt einen spannenden Einblick in die Zukunft der faltbaren Smartphones. 
0_218673_9_27729154265933001;0.0732;disappointed;skincare-first;;;;​@MonikaBertelsbeck-gr1rnwie jetzt .... die falten keine zitronen ??😱 wenn du jetzt noch sagst dass es keinen Weihnachtsmann gibt ,dann spring ich vom stuhl 🥹
0_218673_9_yt.up9_HpldMaU;0.0732;neutral;procedure-open;;;;Chinas Roboter-Fabrik_ So lernen sie den Haushalt! Ich bin jedes Jahr mindestens einmal in China.Und ich habe etwas gesehen, das viele in Deutschland komplett falsch einschätzen.Es ist ein etwas bizarres Bild aber genau das habe ich gesehen. Eine riesige Halle. Hunderte humanoide Roboter. Alle drei 
0_218673_9_yt.GWJesqIbXwQ;0.0732;enthusiastic;procedure-curious;price;;;"Letztes Brot - erster Schritt (KI Musik) Lyrics in der Beschreibung 🌟 Kanalmitglied werden &amp; exklusive Vorteile erhalten:👉 https://www.youtube.com/channel/UCdz4TQKSkXztswls8RU6F5Q/join🌌 Willkommen im Multiversum von Quantum Shamanics.Hier, wo Resonanzen flüstern und Klang Dimensionen faltet, beg"
0_218673_9_yt.IylXCBsx54Q;0.0732;satisfied;skincare-first;pressure;;;"✈️ Papierflieger falten aus Druckerpapier – Einfach & schnell für Anfänger! ✈️ Papierflieger falten aus Druckerpapier – Einfach &amp; schnell für Anfänger!. ""Bastelideen Easy"" ist ein Kanal, der sich rund um Bastelthemen dreht: Papier, Bastelideen, Selbstgemachtes, ... mit ganz einfachen Bastelanlei"
0_218673_8_2010242438653518280;0.0733;satisfied;skincare-first;;;;@BvMorgenstern Und glauben, dass Zitronenfalter Zitronen falten …
0_218673_8_2018564026998083614;0.0733;disappointed;skincare-first;;;;@KleinerMuck007 @RamonaCorona5 @staatsversagen @Polycrypto Und Du glaubst wirklich, dass er das bezahlen kann? Falten Zitronenfalter eigentlich Zitronen?
0_218673_8_2019031136899330277;0.0733;disappointed;procedure-curious;;;;Altersflecken Ästhetik https://t.co/yY51W0uorY
0_218673_126_t1_od3jopo;0.0733;disappointed;procedure-curious;;;;"Bartsch, Gysi und Ramelow: „Antizionismus"" darf keine Normalität in der Linken werden Das ist Unsinn. Zitronenfalter falten auch keine Zitronen. Antisemitismus beschreibt explizit Judenhasshttps://www.bpb.de/kurz-knapp/lexika/lexikon-in-einfacher-sprache/311082/antisemitismus/"
0_218673_9_yt.l4vQ0uRc9KU;0.0733;neutral;procedure-open;;;;Chinas Roboter-Fabrik_ So lernen sie den Haushalt! Ich bin jedes Jahr mindestens einmal in China.Und ich habe etwas gesehen, das viele in Deutschland komplett falsch einschätzen.Es ist ein etwas bizarres Bild aber genau das habe ich gesehen. Eine riesige Halle. Hunderte humanoide Roboter. Alle drei 
0_219424_126_t1_o3bjoxk;0.0734;advisory;skincare-first;;;;Guter Cleanser? Hi, kein Problem, jeder darf seine Meinung haben und ich mag solche Diskussionen auch🤔Uv Strahlung sind 80% der sichtbaren Hautalterung. Für gewöhnlich sind Menschen auch Dunkelhäutig - wir sind mutiert. Für mich ist es normal, meine extrem helle Haut vor der Sonne zu schützen und Ko
0_218673_126_t1_nuaqrjs;0.0734;enthusiastic;skincare-first;;;;Wie bekomme ich meine Augenringe weg? Grosse Sonnenbrille aufsetzen 😂
0_218673_9_3891361101732474;0.0734;satisfied;skincare-first;;;;Ich finde die Doku sehr interessant. Ich persönlich sehe allerdings keine Alternative zwischen Pizzeria und TK-Pizza, denn es gibt noch eine dritte Möglichkeit, die ich seit Jahren mache. Man kann zuhause eine Pizza machen, die weitaus besser schmeckt als eine TK-Pizza. Man muss nur wissen wie. Es g
0_218673_15_52959652198648695;0.0734;advisory;skincare-first;pressure;;;Aquatinta einer alten Frau von Lambert-Sigisbert Adam, G1631 Art.Nr. G1631 Aquatinta Radierung einer alten Frau von Lambert-Sigisbert Adam nach Pietro Testa, 1758 in einer neuzeitlichen Rahmung Dargestellt wird in dieser Aquatinta Radierung das Portrait einer alten Frau, welche hier als Brustbild im
0_218673_9_31514584772169906;0.0734;enthusiastic;procedure-curious;;;;😂😂😂😂😂😂😂😂😂😂😂😂😂😂😂😂😂😂😂😂😂😂😂😂😂😂😂😂😂😂😂😂😂😂😂😂😂😂😂😂😂😂 in Sachsen-Anhalt möchtest du auch nicht  überm Zaun hängen😂😂😂😂😂😂😂😂😂😂😂😂😂😂😂😂😂😂😂😂😂😂😂😂😂😂😂😂😂😂 schöne Augenringe😂😂😂😂😂😂😂😂😂😂😂😂😂😂😂😂😂😂😂
0_218673_126_t1_oosmdjx;0.0734;enthusiastic;procedure-curious;;;;Sie sind hier unter uns Sogar ihre krähenfüße wollen in den Süden
0_218673_126_t1_o1no8w7;0.0735;satisfied;skincare-first;pressure;;;Eindruck bei Kleid? An sich steht dir das Kleid wunderbar. Mach dir kein Kopf um die Falten, oder willst du den ganzen Tag stocksteif dastehen?  Aber Rot ist schon eine sehr dominate Farbe, vorallem bei einer Hochzeit sticht das schon sehr raus. Stichwort: dass die Gäste niemals auffälliger und eleg
0_218673_15_21959661228929277;0.0735;neutral;procedure-open;price;;;Midea MF10EW70BA10 Waschmaschine 7kg 1400 U/Min EEK A-10% für 289,98€ Gilt nur noch heute und ist wirklich ein guter Preis für eine günstige Waschmaschine. Bei Amazon gibt es die Midea MF10EW70BA10 Waschmaschine 7kg 1400 U/Min EEK A-10% für 289,98€. (Vergleichspreis: 349,99€) Ersparnis: 60,01€ Denkt
0_218673_8_2051022182126412242;0.0735;disappointed;procedure-curious;;;;@Jakob2513 @YohannesBerlin Wer glaubt, dass in Deutschland linke Politik gemacht wird, der glaubt auch, dass Zitronenfalter Zitronen falten.
0_218673_9_yt.Ach3uAA5IEQ;0.0736;advisory;skincare-first;;;;BEWERTUNG (2026): TULENA Matratzenbezug 90x200 cm. Infos Eine schnelle und einfache Anleitung zu den herausragenden Merkmalen von TULENA Matratzenbezug 90x200 cm.👉 Auf Amazon ansehen: https://www.amazon.de/dp/B08P213HQT/?tag=16w9h-20 (Affiliate-Link)Entdecken Sie den TULENA Matratzenbezug in der Grö
0_218673_8_2027874871603040291;0.0736;satisfied;skincare-first;;;;@_david_brg Zu deinen Fakten gehört sicherlich auch das Zitronenfalter Zitronen falten.
0_218673_8_2053588739272695899;0.0736;enthusiastic;skincare-first;;;;@LilitThyra Die Falten, die Falten... bald zeigt sie ihr wahres Gesicht... ein ALIEN!.. 🤣🤣🤣... struntzdummes Waib, oder eben Ausserirdisch! 🤡😂
0_218673_126_t3_1po3b17;0.0736;satisfied;skincare-first;;;;Ein Haushaltsroboter, der Socken falten kann?
0_218673_126_t3_1po3ca6;0.0736;satisfied;skincare-first;;;;Ein Haushaltsroboter, der Socken falten kann?
0_218673_126_t3_1po3dpi;0.0736;satisfied;skincare-first;;;;Ein Haushaltsroboter, der Socken falten kann?
0_219424_9_49140880797110705;0.0737;disappointed;procedure-curious;botox;;;Du hast recht, das Lied ist Mittelma0, aber dieses Mittelmaß war für Deutschland schon hoch gegriffen. Sarah Engels KANN singen und, sie hat es nicht verdient von Dir ins Möbelhaus gestellt zu werden. Alle Anderen waren gesanglich auch nur Mittelmaß mit einem Überschuß an Geschrei und Stroposkop und
0_218673_9_yt.WueN0ybcZKo;0.0737;enthusiastic;skincare-first;pressure;;;Papierflieger Falten - Papierflieger Falten Der Weit Fliegt A4 Teil 67 - Bastelideen Easy Papierflieger Falten - Papierflieger Falten Der Weit Fliegt A4 Teil 67 - Bastelideen Easy. ✈️ Papierflieger Falten – Der Weitflieger mit A4 ✈️Du möchtest einen Papierflieger basteln, der richtig weit fliegt? In
0_218673_8_2042224983364051249;0.0737;disappointed;skincare-first;;;;@_Angels_Teufli Irgendwie war es doppelt gemein, dass sie die Wäsche nicht unten falten konnte, weil sie da kein Video dazu anschauen kann. Ist nicht so, als würde ich das immer verstehen 😬
0_218673_9_33685799873260915;0.0737;advisory;skincare-first;;;;In jedem Video eine Spermamaske und das mit 20... Dz wirst sehr sehr viele falten haben
0_218673_8_2020948499127468085;0.0738;enthusiastic;skincare-first;;;;@Ceryad1 Kann ich. Aber eine Karte hinterher wieder richtig zusammen falten habe ich noch nie geschafft 😂
0_218673_126_t1_o9w1uia;0.0738;advisory;skincare-first;;;;"Wie hält man Katzen von Ledermöbeln fern? https://preview.redd.it/cbbiklkicgog1.jpeg?width=3088&amp;format=pjpg&amp;auto=webp&amp;s=dbc4c9e22af2c0aa36ff9ab8895a5316e72a569bGebrauchsspuren meiner Katzen wenn sie losstarten oä. Ich lebe damit. Ist wie mit meinen Falten. 😄"
0_218673_9_51612975767564432;0.0738;enthusiastic;procedure-curious;;;;"39:22 Die Mütze ist KING! 😂 https://youtu.be/HIFNsd5ayzU?t=3140:26 Wie Jodie die ganze Zeit skeptisch versucht in die Kamera zu gucken. ""Madame, hör auf die Stirn zu runzeln, das gibt Falten! Die kommen schon noch früh genug!"" 🤣42:45 Endlich GEMA-freie Musik (im Hintergrund), nicht so wie in Bockhor"
0_218673_9_44036346312408506;0.0738;disappointed;procedure-curious;;;;Sinnstiftende Politik... von dieserr Regierung ? Dann können Zitronenfalter auch Zitronen falten..... Zur Zeit die mit ABSTAND schlechtetste Regierung what ever. AFUERA.  Sei haben so Recht.
0_218673_8_2008225054979699025;0.0739;disappointed;skincare-first;;;;Quergestellte Fahrzeuge, Rauchbomben, Krähenfüße auf der Straße: Auf spektakuläre Weise haben Gangster einen Geldtransporter in Italien überfallen. Die Fahndung nach den Tätern läuft. https://t.co/Dd0kfnL7vd
0_218673_8_2033718176094064763;0.0739;disappointed;procedure-open;;;;@Haintz_MediaLaw Er sieht da auch viel jünger aus auf den Videos! Alle seine Falten sind weg.
0_219384_8_2004583563933692056;0.0739;satisfied;skincare-first;laser,pressure;;;Licht statt Laser: Schwedische Forscher drucken Elektroden direkt auf die Haut | t3n https://t.co/wTEgnevXvA
0_219424_9_70844955607014256;0.074;enthusiastic;procedure-open;fillers;;;Dafür das der Film die finale Story für grogu und mando sein wird fühlt sich der Trailer bisher an als währe es ne filler Folge
0_218673_8_2010953136647610852;0.074;disappointed;procedure-curious;;;;@spdverbot @Inclutus Zu den Falten:- Es wurde im Iran in den letzten Tagen auf Demonstranten mit scharfer Munition geschossen. - Es gibt sogar mehr als 20'000 reale Kinder in Gaza
0_218673_8_2052806534137082008;0.074;disappointed;procedure-curious;;;;@smutsvanstern @joakial_ In Germany we have a saying:Wer glaubt, dass die NSDAP eine sozialistische Partei war,  glaubt auch, dass Zitronenfalter Zitronen falten.(Those, who believe NSDAP was a socialist party, also believe a butterfly flies butter.)(more or less)
0_218673_126_t1_o175nbd;0.0741;disappointed;skincare-first;;;;Wie werd ich diese Kerben/Falten wieder los? Eisenmangel verursacht Augenringe, weil dem Körper Eisen für die Bildung von Hämoglobin fehlt, was den Sauerstofftransport im Blut verringert. Dadurch fließt sauerstoffarmes, dunkleres Blut langsamer, und die dünne Haut unter den Augen lässt dies als blau
0_218673_8_2020051430254477437;0.0741;enthusiastic;procedure-curious;;;;"@martina_hopfner @CarlCing Sehr lustig, die Martina Hopfner. Auf ihrem Profilbildchen steht ""Solidarität statt Hetze"". Sie müssen ja nicht solidarisch sein, aber hetzen müssen sie auch nicht. Das macht nur Falten. Auf der Seele. #ibes #ibes26 #ibes2026 #dschungelcamp #dschungelcamp2026 #dschungelcam"
0_221687_26_26964537269841609;0.0741;advisory;procedure-curious;price,pressure;microcurrent;;Die biomechanische Achse: Der Iliopsoas als mechanischer Kernvektor der KörperstatikDie menschliche Anatomie folgt den Gesetzen der Tensegrität - einem dynamischen Gleichgewicht aus Zug- und Druckkräften. Innerhalb dieses Systems nimmt der Musculus iliopsoas - bestehend aus dem Musculus psoas major,
0_218673_9_47973288726189605;0.0742;enthusiastic;procedure-curious;;;;Ich habe sie mal im Hotel getroffen und es ist mir sofort aufgefallen, daß sie sehr früh starke Falten hatte ,dass war schon vor  circa  15  in Mauritius, sie ist aber sehr sympathisch und freundlich 😊
0_218673_9_yt.VqF5PMZ2k9c;0.0742;disappointed;procedure-curious;;;;💕🤍💜 schau dir mal die Natur an im Herbst ist alles bunt und voller Energie und trotzdem fehlt uns... 💕🤍💜Guten Morgen schau dir mal die Natur an im Herbst ist alles bunt und voller Energie und trotzdem fehlt uns Menschen oft genau das im Alltag. Wir essen schnell irgendwas haben wenig Zeit und merken
0_218673_9_yt.sDYqEM3OXR8;0.0742;satisfied;procedure-curious;;;;Eier-Frühstück in 10 Minuten! Frittata-Style-Omelett mit Tomaten und Feta.  #620 Lust auf ein schnelles, leckeres Frühstück oder ein leichtes Hauptgericht, das in wenigen Minuten auf dem Tisch steht? In diesem Video zeige ich dir, wie du ein saftige Omelette mit Tomaten und Feta zubereitest – inspir
0_218673_126_t1_oeorboc;0.0742;neutral;skincare-first;;;;Wo Kauft ihr eure Hosen? Mega!!! Habe meine Wrangler MWZ13 Blue Bell seit Herbst an.. mega wie die sich anpasst und immer noch recht steif ist aber falten gut entwickelt sind. Ist noch sauber obwohl ich sie immer anhabe. Riecht auch ned hatte sie aber schon mehrmals bei minus Graden draußen hängen l
0_218673_9_47621480246934628;0.0743;disappointed;procedure-curious;price;;;Ganz einfach: weil es sich oftmals nicht um Barvermögen handelt sondern um Firmen und Betrieb, die wiederum Arbeitsplätze stellen. Diese mit 80% zu besteuern (wie viele es fordern) hätte die sofortige Insolvenz zur Folge. Aber bitte: die Arbeitsplätze können natürlich auch außerhalb der EU angesiede
0_218673_9_63571877705611215;0.0743;disappointed;procedure-curious;;;;Frau Behrens hat die selben Falten um den Mund wie ihre Schwester im Geiste, Merkel.
0_218673_9_58065460493841069;0.0744;disappointed;skincare-first;;;;Sind krähenfüße in Deutschland nicht illegal also schon der besitz?
0_218673_8_2027522476159254628;0.0744;advisory;skincare-first;;;;@MamaMammut Zähne anders, falten weg und schon sieht er so anders aus. Die Augenfarbe passt aber er sieht nicht mehr wie er aus. Nur auf dem 3. Blick https://t.co/8qu1we4JtR
0_218673_8_2041033320302031156;0.0744;disappointed;procedure-curious;price;;;@FourFaint Wer glaubt, dass eine Steuersenkung in einem Markt mit sehr wahrscheinlichen Preisabsprachen, den Preis senkt,der glaubt auch, dass Zitronenfalter Zitronen falten.
0_218673_126_t1_ofrupoq;0.0744;satisfied;procedure-curious;;;;"Respektiert euer Netzteil !!! &gt;leise und deutsche Wertarbeit.  Genau. Be Quiet Netzteile werden in Baden-Württemberg von den besten nach IG-Metall Tarif bezahlten Spezialisten gebaut. Und Zitronenfalter falten Zitronen."
0_218673_9_66310445067475162;0.0744;satisfied;procedure-curious;;;;Tatsächlich kommt mir gerade hier auf deinem Video das Huawei Mate xt mehr vor wie ein Telefon mir persönlich symphatischer 🎉bei Samsung sieht das ganze schon anders aus irgendwie ist das Samsung tatsächlich augenscheinlich hochwertiger und der Bildschirm beim Samsung auch dementsprechend dunkler ab
0_218673_9_yt.IFQgvbJ4Ow4;0.0744;enthusiastic;skincare-first;price;;;So wirst du Falten am Hals los So wirst du Falten am Hals los#gesundheitsblatt Jetzt kostenlos ABONNIEREN ► https://goo.gl/TcYM8Z[Hinweis]Einige Bilder und Videos unterliegen der Creative Commons CC0: https://creativecommons.org/publicdom...der Creative Commons Attribution 2.0: https://creativecommo
0_218673_9_38705258662721292;0.0744;disappointed;skincare-first;;;;Sie sieht aus wie 93. Allerdings hatte meine Mom mit 90 nicht so viele Falten.
0_218673_9_41045363045641991;0.0744;enthusiastic;skincare-first;;;;Als nächstes: Swingerclub auf einem Kreuzfahrtschiff zwischen Reuma, Falten und Rollatoren
0_221687_140_7623053911129165089;0.0744;satisfied;skincare-first;;;;"Hair Growth Serum - Natürliches Rosmarin Haaröl gegen Haarausfall mit Vitamin E zur Pflege von Kopfhaut &amp; Haarwurzeln - unterstützt dickeres, stärkeres &amp; dichteres Haar - leichte, schnell einziehende Formel, silikon- &amp; parabenfrei"
0_218673_126_t1_o8mz81t;0.0745;disappointed;procedure-curious;;;;Welches historische Ereignis wird in Filmen/Dokus immer völlig falsch dargestellt, aber alle glauben es? Apropos ungenauigkeit in Filmen: In Gladiator falten sich mir jedesmal die Ohrwascheln ein, wenn er sich als Maximus Decimus Meridius vorstellt. Die haben die Namen komplett durcheinandergeworfen
0_218673_8_2039108067816575273;0.0745;satisfied;skincare-first;price;;;@ElliotStabler92 @Wahrheiten23 Und Hausfrauen wollen sofort Vollzeit arbeiten, wenn wir die Steuern erhöhen, und dann falten Zitronenfalter auch Zitronen
0_218673_126_t1_oqyxxl2;0.0745;disappointed;procedure-open;;;;Ist so, oder? Und wer glaubt, dass die Bankenabgabe von den Banken getragen werden wird, glaubt auch, dass Zitronenfalter Zitronen falten.
0_218673_9_yt.BM_3Bb0NWSA;0.0745;advisory;skincare-first;;;zinc;Der Dattelentkerner: Lose reife Datteln mit einem Metallkamm von den Trauben In dem Video verwendet ein Arbeiter in einer großen Verarbeitungsanlage ein speziell dafür entwickeltes Metallwerkzeug, um einzelne Datteln von ihren Stielen zu trennen. Das Werkzeug besteht aus einem rechteckigen Metallrah
0_218673_126_t1_nbctv6p;0.0746;advisory;skincare-first;;;;Miese Augenringe ehrlich gesagt sieht das nicht aus wie Augenringe sondern wie Tränensäcke. Ich hab die Dinger auch. Genetisch bedingt
0_218673_9_yt.w_Jh6MoHikQ;0.0746;satisfied;skincare-first;;;;Geschmack kreieren: Die Herstellung von Bayang Gangzi-Nudeln Das Video bietet einen reizvollen Einblick in die Zubereitung einer Spezialität namens Bayang Gangzi-Nudeln, die in vielen Regionen sehr beliebt ist.Video-Übersicht:In einer hell erleuchteten Küche stellen Köche sorgfältig Nudeln von Hand 
0_218673_126_t1_o1vkexx;0.0746;satisfied;skincare-first;;;;ich📄iel Dies ist die korrekte Antwort.On top: ein A(N) Bogen hat eine Fläche von (1/2)\^N und jeder Bogen ein Seitenverhältnis von 1:sqrt(2), damit man beim Falten  entlang der Langen Seite das Seitenverhältnis auch genauso konserviert bleibt.
0_218673_8_2020243862720278893;0.0746;disappointed;procedure-curious;;;;@Shinsho_ni Wenn man meint, schon alle Absurditäten von Berlin gehört zu haben, kommt DIES? OMG😂😂😂😂🤣🤣🤣🤣🤣 Entschuldigt, liebe Berliner Freunde, eigentlich sollte man weinen, doch das macht so hässliche Falten im Gesicht.
0_221687_26_27775252428751272;0.0746;advisory;skincare-first;spf;;glycerin;BB Cream. CC Cream. Foundation. Getönte Tagescreme. Irgendwie sucht jeder nach etwas anderem. Ich frage dann immer: Was soll das Produkt eigentlich können? Genau deshalb liebe ich Sun Glass Skin. Für mich ist sie keine klassische BB Cream und auch keine Foundation. Sie ist ein getöntes Sonnenschutz 
0_218673_15_49884045349587101;0.0747;neutral;procedure-open;price;;;Haier I-PRO SERIE 3 HW80-B14939 8 kg Waschmaschine für 299€ (EEK: A) Riesige Ladung, kleiner Preis – hier stimmt Leistung und Energiebilanz! Haier I-PRO SERIE 3 HW80-B14939 8 kg Waschmaschine für 299€ bei Amazon.de Vergleichspreis: 466€, ihr spart 167€ (36%) Hier sind die Fakten: Aktuelle Technologi
0_218673_8_2041075542225523058;0.0747;satisfied;procedure-curious;;;;@Erzbischof2023 Wer das denkt, glaubt auch das Zitronenfalter Zitronen falten
0_218673_9_yt.BcODwpStk3g;0.0748;disappointed;skincare-first;;;;BEWERTUNG (2026): Eerbaier Geschenkboxen Set Rot/Weiß. Infos Erhalten Sie einen schnellen Überblick über die Kernfunktionen von Eerbaier Geschenkboxen Set Rot/Weiß.👉 Auf Amazon ansehen: https://www.amazon.de/dp/B08MWHKL4Q/?tag=16w9h-20 (Affiliate-Link)Erleben Sie das Eerbaier Geschenkboxen Set in Ro
0_218673_8_2040935935051706836;0.0748;disappointed;procedure-curious;;;;@Efendi2201 @RakMakkabi Und wieso hat sie an der Israel Flagge gezogen. Wollte sie die Falten rausziehen. Und wieso wurde sie in Gewahrsam genommen.Wir hier haben alle Augen und Verstand.
0_219424_126_t1_o5obc8y;0.0749;neutral;skincare-first;fillers;;;Sportübertragungen Und wie wir wissen, können nur Spieler aus der NHL Eishockey spielen. Der Rest sind filler Spieler
0_218673_126_t1_nm7ytyd;0.0749;disappointed;procedure-curious;pressure;;;"""Die hässliche Herzogin"" - Was ist eure Theorie dazu? Ein faszinierendes Bild mit starkem Kontrast; ich kannte es bislang noch nicht.Ich sehe ein wandelnden Bild, je nach Fokus. Von außen, aus dem weiten Blick oder nur auf das Schmuckhafte gerichtet sehe ich eine perfekte Dame der entsprechenden Epo"
0_218673_126_t1_ov5uvs1;0.0749;neutral;procedure-open;;;;ICE besser mit Kinderwagen oder Buggy? Der 108 ist in der Regel ein ICE4, der bietet im Familienabteil im Wagen 9 vergleichsweise viel Platz für Kinderwagen und Gepäck. Es gibt zwei geeignete Plätze an einem Wagenende, einen Platz im Kleinkindabteil und auch bei den drei Rollstuhlplätzen (wenn diese
0_219424_9_yt.NlYDQet-TKA;0.075;disappointed;procedure-curious;botox;;;"Silicon Dream (german Version) SILICON DREAM (Chrom-Gnosis) – Offizielles Video | Die Fratze des Transhumanismus​„Die Evolution des Menschen? Oder nur eine Luxus-Renovierung für den Abgrund?"" 💉✨​Willkommen im SILICON DREAM. In einer Welt, die süchtig nach „Upgrades"" ist, haben wir unseren uralten Ge"
0_218673_9_yt.unT5zgMVoQQ;0.075;enthusiastic;skincare-first;pressure;;sod;BEWERTUNG (2025): NEUSER PAPIER Weihnachtskarten DIN A7. Infos Wir behandeln schnell die wichtigsten Details von NEUSER PAPIER Weihnachtskarten DIN A7.👉 Auf Amazon ansehen: https://www.amazon.de/dp/B098TV9VJP/?tag=16w9h-20 (Affiliate-Link)Entdecken Sie die NEUSER PAPIER Weihnachtskarten im handliche
0_218673_8_2032906443867705385;0.075;disappointed;skincare-first;;;;@b_placeless Zitronenfalter falten auch Zitronen. 🤡
0_218673_126_t1_op0i8r9;0.075;neutral;skincare-first;;;;Wann sind Hemden zu eng? Der Stoff muss fallen, nicht spannen. Sobald es, wie bei denen Knöpfen und Armen spannt und sogar Falten bildet, ist es zu eng. Es kommt aber darauf an, willst locker chillig im Sommer einfach n Hemd tragen, dann ist das vollkommen okay. Für das professionelle Leben ist das 
0_218673_8_2078212652048781349;0.075;disappointed;skincare-first;;;;@PennSemmel2025 @DerGanesha Einfach: Hotpants und Falten-Rock sind verboten...💃🏻💃🏼😜
0_219424_190_3943773336303105326;0.0751;disappointed;skincare-first;;;;Den ganzen Podcast siehst du auf YouTube und Spotify 🏋🏼‍♀️ #kraftsport #fitness #antiaging #longetivity #abnehmen
0_218673_126_t1_ncvn5hu;0.0751;neutral;procedure-curious;;;;US-Verteidigungsministerium heißt jetzt Kriegsministerium Doch ist er. Es sitzen lauter Palantir/Thiel Capital/Clarium Capital und Neuralink/Starlink/SpaceX/X Interns und ehemaliges Führungspersonal auf wichtigen Positionen. Sowohl in der Administration selbst als auch im weiterhin hoch aktiven DOGE
0_218673_9_40129024874974920;0.0751;disappointed;procedure-curious;;;;Dass es ein Friedensangebot der Russen gab als diese vor Kiev standen und die sich deswegen zurückzogen hätten wäre mir neu. Das entspringt wohl der Regieanweisung der Russen für diesen Kanal.Laut Wikipedia, die alles sehr genau recherchieren, bevor es dauerhaft dort steht, waren die Rückzugsgründe 
0_218673_9_50593861569012762;0.0751;satisfied;procedure-open;;;;Die Leute die RT einen längeren Zeitraum schauten glaubten auch irgentwann das Zitronenfalter Zitronen falten ...
0_218673_9_yt.zm_Awdo_xgI;0.0751;satisfied;skincare-first;pressure;;;Papierflieger Falten - Papierflieger Falten Der Weit Fliegt A4 Teil 117 -   Bastelideen Easy Papierflieger Falten - Papierflieger Falten Der Weit Fliegt A4 Teil 117 -   Bastelideen Easy. ✈️ Papierflieger falten der weit fliegt einfach – Perfekt für Anfänger in Berlin!In diesem Video zeige ich dir, w
0_218673_9_9811224912180359;0.0751;enthusiastic;procedure-open;;;;"12:58   easyyy... einfach A4 Blatt in die Mitte legen und drum herum falten...  ;-)"
0_218673_9_1403933247363633;0.0751;disappointed;skincare-first;;;;Eine der hässlichsten Türverkleidungen die ich gesehen habe. Und was ist mit dem Beifahrersitz passiert? Warum solche Falten?
0_218673_9_2077019949327306;0.0752;disappointed;procedure-curious;;;;Wer glaubt, dass Fratscher Ökonom ist,Der glaubt auch, dass Zitronenfalter Zitronen falten.
0_218673_9_28818641944187058;0.0752;enthusiastic;skincare-first;;;;​@Pete_the_Bouncer 32:16 da sieht man schon ein paar Falten und Schlaflose Nächte einer mitten im Leben stehenden Frau. Ist doch eigentlich auch egal , ist dein empfinden , ich wünsche dir einen schönen Tag und viel Spaß bei allen kommenden Videos :)
0_218673_9_54615592857409196;0.0752;disappointed;procedure-curious;;;;Wer glaubt, dass Volkvertreter das Volk vertreten, der glaubt auch, dass Zitronenfalter Zitronen falten
0_219424_9_19889050987789211;0.0753;enthusiastic;procedure-open;fillers;;;Empfohlene Animeserien-Reihenfolge (Chronologisch):Dragon Ball (1986–1989): Startet die Geschichte mit dem jungen Son Goku.Dragon Ball Z (1989–1996) oder Dragon Ball Z Kai (2009–2015): Die Z-Serie ist actionreicher. Kai ist eine neu gemasterte, schnellere Version ohne Filler-Episoden.Dragon Ball Sup
0_218673_126_t1_nsm6pdf;0.0753;disappointed;skincare-first;;;;Meine Großeltern im Juli 1957 auf dem Gipfel vom Großvenediger zu ihrem 5. Hochzeitstag - Bilder von damals Von den falten her sieht es aus wie ein starker Stoff, der mit einer Art Wachs imprägniert wurde. Wissen tu ich es jedoch nicht.
0_218673_9_yt.P8veZ6KXvgA;0.0753;disappointed;procedure-open;laser,pressure;;;BEWERTUNG (2025): tatmotive Weihnachtsbriefpapier Nostalgie A4. Infos In diesem kurzen Überblick heben wir die Hauptattraktionen von tatmotive Weihnachtsbriefpapier Nostalgie A4 hervor.👉 Auf Amazon ansehen: https://www.amazon.de/dp/B08J4FYLY9/?tag=16w9h-20 (Affiliate-Link)Das tatmotive Weihnachtsbri
0_218673_9_40671405372913933;0.0753;enthusiastic;skincare-first;;;;Doch, ist er. Jetzt sag mir mal bitte, wo du da Falten siehst. Er ist halt grau (also was man davon noch sieht), aber hätte er schwarze Haare auf dem Kopf, dann wäre die Wahrnehmung eine ganz andere.
0_218673_8_2026289262384038217;0.0753;disappointed;skincare-first;;;;"Die Ähnlichkeiten sind schon extrem. Hier sehen wir ehemalige „Superstars"" in Person von US-Präsidenten samt deren „First Ladies"" - und ihr jeweiliger „eineiiger Zwilling"" ebenfalls „Superstar"", aber nicht in der Politik, sondern in Hollywood. Wieder mit identisch aussehenden Frauen. Tatsächlich ist"
0_221687_126_t1_o6ws2v2;0.0753;enthusiastic;skincare-first;;;niacinamide;How's my skin? I'm new to the skincare world. Use vitamin c serum, and niacinamide moisturizer along with a cleanser. Please share your opinion on my skin and how to improve it ? Sister 🫶
0_218673_9_yt.FZiaHUJPQfg;0.0754;neutral;skincare-first;;;;99 % machen es falsch! So falten Sie ein Papierflugzeug, das tatsächlich fliegt 99 % machen es falsch! So falten Sie ein Papierflugzeug, das tatsächlich fliegtIn diesem leicht verständlichen Tutorial lernen Sie, wie Sie mit einfachen und erschwinglichen Materialien wunderschöne Origami-Kreationen un
0_218673_126_t1_nqk4xd7;0.0754;satisfied;skincare-first;fillers,laser;;;Nasolabialfalte Lasern? laser bringt da nichts, ggf. biostimulatoren wie sculptra/juläine oder radiesse mal anschauen. alternativ filler.
0_218673_15_29721502361649470;0.0754;satisfied;skincare-first;;;;Für Android-Handys: Google bringt mächtiges Foto-Feature Bildbearbeitung wird einfacher. (Bildquelle: Imago / SOPA Images) Das alles geht bald direkt in eurer Bildergalerie. Google erweitert seine die hauseigene Fotos-App um ein leistungsstarkes Werkzeug zur detaillierten Gesichtsretusche. Die neue 
0_218673_8_2009188711549030439;0.0754;disappointed;procedure-curious;;;;"RT @HG111060: @JoanaCotar Wer glaubt das Günther ein „Demokrat"" ist der glaubt auch das Zitronenfalter Zitronen falten…"
0_218673_9_yt.t1uABrSNgKQ;0.0754;satisfied;skincare-first;;;;Die Kunst der Yuba-Herstellung: Eine traditionelle Delikatesse Das Video zeigt eine Handwerkerin, die gekonnt Yuba, auch bekannt als Tofuhaut, herstellt – ein traditionelles Lebensmittel mit tiefen kulturellen Wurzeln. Dieser Prozess verdeutlicht die Geduld und das Fachwissen, die für die handwerkli
0_218673_9_54366459100754731;0.0754;neutral;procedure-curious;;;;41x falten ist 220000km. 440000 wäre bei 42x.42. Die antwort auf alle Fragen. (0.1mmx2⁴²)
0_218673_126_t1_o6u6f8x;0.0754;enthusiastic;procedure-curious;;;;"Josef Hader über die Niederösterreich-ÖVP …keine Scherze übern Onkel - Hände falten &amp; goschn halten!"
0_221687_140_7582727523792882966;0.0754;satisfied;skincare-first;;;;GLOW ELEKTROLYTE PULVER  ️⃣Morgens – Direkt nach dem Aufstehen Glow-Elektrolyt Pulver – 1 Portion 3,7g (bisschen mehr als gehäufter Teelöffel) 💧 Rezept für 1 Portion (500–700 ml Wasser) Zutaten Magnesiummalat: Energie, weniger Müdigkeit Kaliumcitrat: Wasserbalance, Entwässerung Vitamin C Pulver: Kol
0_221687_26_27623924320569564;0.0754;advisory;procedure-curious;price,pressure;microcurrent;;🌀 Die biomechanische Achse: Der Iliopsoas als mechanischer Kernvektor der KörperstatikDie menschliche Anatomie folgt den Gesetzen der Tensegrität - einem dynamischen Gleichgewicht aus Zug- und Druckkräften. Innerhalb dieses Systems nimmt der Musculus iliopsoas - bestehend aus dem Musculus psoas majo
0_221687_190_3799651648147418850;0.0755;advisory;skincare-first;botox,price,peel,pressure;;niacinamide;Was macht JetPeel so einzigartig?Jetpeel Holistic Botox 🙌JetPeel ist ein nadelfreies Hautbehandlungs-System, das mithilfe eines hoch­geschwindigen Mikrostrahls Wirkstoffe tief und gleichmäßig in die Haut einbringt – ohne Schmerzen und ohne Ausfallzeit. Seine Besonderheit liegt in der Kombination aus
0_219424_126_t1_or3ndhk;0.0756;enthusiastic;skincare-first;;;;Hab mir zum ersten Mal eine Maniküre machen lassen 💅🏻 Ne. Zoom mal ran. Ich hab keine Ahnung von Nägeln und Nagelfärben. Sehe nur bei meiner Frau wie gut es aussehen kann (die hat Ahnung) Trotzdem sehe ich…Daumen: nicht bis zur Haut bemalt Zeigefinger: Farbe an der Fingerkuppe und der Nagelfalz (neu
0_218673_8_2047545734585577878;0.0756;disappointed;skincare-first;;;;@cetegus60 @GVolk76205 @Beatrix_vStorch @EGGisBACK3 Genau hat aber nichts mit Sozialismus zu tun wenn du das glaubst.Also genauso wenig wie Zitronenfalter Zitronen falten würden.
0_218673_8_2048366198870442382;0.0756;enthusiastic;skincare-first;;;;@JuergenJ32403 @cegs17 Kombiniere du mal. Zitronenfalter falten Zitronen. Ein Meerschweinchen ist ein Schwein aus dem Meer. Eine Blindschleiche ist blind. Flughunde sind fliegende Hunde. Scheuermilch ist Milch. Seepferdchen sind Pferde. Leberkäse ist käse. Teewurst ist ein Tee. Gut kombiniert du Vog
0_218673_15_45265743786414472;0.0757;advisory;procedure-curious;price;;;"Origami erleben – Workshop und Tanzperformance Dieser einmalige Abend widmet sich ganz dem Thema Origami Der erste Teil besteht aus einem 90 minütigen Origamiworkshop unter der Leitung der Architektin und Designerin Maki Oishi. Im zweiten Teil wird die Solo-Tanzperformance „Plié"" von Yosuke Kusano g"
0_218673_9_yt.mo-6DlorV0U;0.0757;satisfied;skincare-first;;;;"🍂🥖 SAUERTEIGBROT. Einfach, rustikal & sooo gut! 🍂🥖 Die Temperaturen gehen runter – also ist wieder Brotback-Saison! Wir starten mit unserem absoluten Klassiker: Sauerteigbrot. Einfach, rustikal &amp; sooo gut!👉 Wer liebt es auch, wenn das ganze Haus nach frischem Brot duftet?Zutaten (für 2 Laibe):Vo"
0_218673_126_t1_nhbgjk9;0.0757;disappointed;skincare-first;;;;Deutschland muss bald sich bei Italien öffentlich entschuldigen!!! So etwas essen auch Italiener. Wir stehen immer im Glauben, die Italiener wären im Alltag immer solche Puristen, wie es mancher Deutscher ist. In Wahrheit werden sich die Leute dort auch Sauce Hollondaise, Hot-Dog-Würstchen, Mais und
0_218673_8_2034737683000373586;0.0757;enthusiastic;skincare-first;;;;RT @missgiulianared: Ich liebe montage😎 weil ich dir jetzt als Queen of m0ney deine 1. Arbeitsaufgabe gebeWieviele falten zählst du? 😈 https://t.co/I5psQUdjXV
0_219404_8_2067627889688731720;0.0757;enthusiastic;procedure-open;fillers;;;Die #ReZero OVA #MemoryOfSnow war nicht mehr als ein normaler Filler, aber trotzdem nett.Die OVA #TheFrozenBond war hingegen kinoreif!!! Es war extrem herzzerreißend und hat mich emotional total gecatcht! Emilias Vorgeschichte hat mich teilweise richtig traurig gemacht. Sie tat mir so leid... Dazu g
0_221687_140_7604525431542287638;0.0757;satisfied;skincare-first;;;;"Hair Growth Serum - Natürliches Rosmarin Haaröl gegen Haarausfall mit Vitamin E zur Pflege von Kopfhaut &amp; Haarwurzeln - unterstützt dickeres, stärkeres &amp; dichteres Haar - leichte, schnell einziehende Formel, silikon- &amp; parabenfrei von Regrowna @Regrowna"
0_218673_9_23145781958941749;0.0758;neutral;skincare-first;;;;Und Krähenfüße in verschiedenen Größen.
0_218673_15_29179789323712610;0.0758;neutral;skincare-first;price,pressure;;;Hahnentrittmuster und Karos stehen in der Regel nur sehr großen Frauen Muster wie geometrische Prints, Hahnentritt und Karos stehen großen Frauen besonders gut bei Abschlussballkleidern. Designer-Kleider und -Muster sind oft sehr teuer, das muss aber nicht immer so sein. Es gibt viele Kleider in Bou
0_218673_126_t1_otoxry6;0.0758;satisfied;procedure-curious;price;;;Mir geht es nicht gut in der Dachgeschosswohnung. Konstant 30-32° und 60% Luftfeuchtigkeit Tipp für alle mit Fenstern nach Süden:Fenster außen mit Rettungsdecken verkleiden.Rettungsdecken sind diese dünnen metallisch aussehenden Decken gegen Hitzeverlust, die Feuerwehr etc. benutzen. 10 davon kosten
0_218673_9_1619286513746892;0.0758;enthusiastic;procedure-curious;;;;​@columbus7167und Zitronenfalter falten Zitronen.
0_218673_126_t1_ofr0jlk;0.0759;enthusiastic;procedure-curious;;;;Weil ihr meine Falten so liebt Jede einzelne.
0_218673_9_yt.xfNuPwweAqU;0.0759;satisfied;procedure-open;price;;;Pool in Hanglage selber bauen | Kompletter DIY Poolbau mit Intex Framepool In diesem Video zeigen wir den kompletten Bau unseres Pools in Hanglage. Links zum Material unten!0:00:00 Einführung - Vorstellung Pool und Sprungbrett0:00:15 Erdarbeiten mit Mini-Raddumper ZI-RD300 Zipper*: https://amzn.to/4
0_219424_190_3937959602564739747;0.076;disappointed;skincare-first;;;;Die Wirtschafrsförderung der Stadt Haan hat ein digitales Schaufenster in einem leerstehrnden Ladenlokal in der Marktpassage eingerichtet.In einer leeren Kiste kann man sich und sein Geschäft darstellen.Da habe ich mit @hautnah_erleben_kosmetik_haan doch mal mitgemacht#haan #hilden #kosmetik #beratu
0_218673_9_30404608215146156;0.0761;enthusiastic;skincare-first;;;;Mirjam, ich bin in den Videos sehr gut ausgeleuchtet. Da verschwinden optisch einige Falten. 😅Aber ich danke dir für das Kompliment. Frohe Weihnachten. 🎄
0_218673_8_2027374843805454829;0.0761;disappointed;procedure-curious;;;;🤔 Was ist mit ihm? Ich meine außer das er leider nicht verstanden hat, warum Information und Energie nicht das selbe ist.Information ist das Muster und Energie ist was es trägt. Dadurch kann jede Information gelöscht werden, ohne das die tragende Energie verloren geht 🫡 Im Prinzip wie ein Draht mit 
0_218673_126_t1_o7wy0il;0.0761;satisfied;skincare-first;;;;"Geht das klar für den Sommer? Zwei Dinge:1.) ich finde die Kombi gut und wäre froh wenn ich den Körper hätte, sowas eng anliegendes zu tragen. Aber bei Dir passt das 2.) als Xennial kann ich Dir sagen, dass schon in den 90er sog. ""Crash Hemden"" in waren.Will sagen: bei der Kombi gehen die kleinen Fa"
0_218673_9_yt.kCkQJUTe2oU;0.0761;enthusiastic;procedure-curious;celebrity;;;Hände falten, Gosch'n halten 😂👀 🔔 Jetzt ORF ON abonnieren: https://www.youtube.com/@orfonBraunschlag jetzt streamen auf ORF ON: https://on.orf.at/video/14310645/braunschlag-18-ein-heiliges-wunderFolgt uns gerne auch auf… Instagram: https://www.instagram.com/on.orf.at/ Tiktok: https://www.tiktok.com/
0_218673_8_2045480295378383278;0.0761;enthusiastic;skincare-first;;;;@thg0210 @Alice_Weidel Wer dem BAMF glaubt, der glaubt auch das Zitronenfalter Zitronen falten !
0_221687_126_t1_o95zbea;0.0761;advisory;skincare-first;price;;aha;Wie findet ihr die Produkte von No Cosmetics? Ich liebe den Liquid Hydrator und die Base Hydration Creme. Die All In Barrier ist im Winter auch echt solide.Der AHA/PHA Cleanser ist auch nicht schlecht, benutze ich so 1-2x pro Woche.Mit den Seren von No kann ich so gar nichts anfangen, finde die auch
0_219424_126_t1_of91hka;0.0762;satisfied;procedure-curious;fillers;;;"""So..."" ""Like..."" Filler words wie auch immer, weißt du, ja, passt, stimmt"
0_219424_9_4844456005791887;0.0762;satisfied;procedure-curious;fillers;;;Togashi auf einer Stufe mit Inoue zu setzen oder darüber zu setzen, zeugt von wenig Reflexion. Yuu Yuu Hakusho war damals vielleicht innovativ aber heute gibt es die gleiche Art von Geschichte deutlich besser. Ein Meisterwerk ist per Definition zeitlos und Yuu Yuuu Hakusho und auch Dragonball sind R
0_218673_126_t1_nolpvw3;0.0762;satisfied;procedure-curious;;;;"ich🍕iel Echte Omegas falten die Pizza und essen sie ohne aufzuschneiden ...""Aber wenn die Pizza teilen willst?"" Dein beißt du ab und reichst es weiter wie ein Dübel ...."
0_218673_9_yt.j0WTFM5nQP4;0.0762;satisfied;skincare-first;pressure;;sod;BEWERTUNG (2025): Philips Dampfbügeleisen DST7060/20. WESENTLICHE Einzelheiten Erhalten Sie einen schnellen Überblick über die Kernfunktionen von Philips Dampfbügeleisen DST7060/20.👉 Auf Amazon ansehen: https://www.amazon.de/dp/B0BS3ZHTZW/?tag=16w9h-20 (Affiliate-Link)Entdecken Sie das Philips Dampf
0_218673_9_14708077718352733;0.0762;neutral;skincare-first;;;;Ist doch ganz einfach den wert mal 2 hoch Anzahl der Verdoppelungen hier 41 als wert könnte man nun Papierlagen wählen z.B 1 weil man mit einer Lage anfängt oder setzt einen Wert für die Dicke des Papiers ein z.B. 0,1 mm (80g/m²) kurz um für Lagen ausrechnen bedeutet das 1x2hoch 41 im Taschenrechner
0_218673_8_2027747524107288620;0.0762;satisfied;procedure-open;;;;Spazierengehend sehen wir einen Zitronenfalter. Diskutieren danach, inwieweit es mit zusätzlichen Dimensionen möglich wäre, Zitronen zu falten.
0_218673_8_2043205101456675030;0.0763;disappointed;procedure-curious;price;microcurrent;;@GrimmVeronika @LastBoyScout87 Eine Mietpreisbremse bremst genau so wenig wie eine Spritpreisebremse. Wer das glaubt, glaubt auch, dass Zitronenfalter Zitronen falten...
0_218673_126_t1_oh8ehr9;0.0763;advisory;skincare-first;;;;Ist das eine Schlange? Einmal am bein, du siehst das gras, auf dem er steht. Und dann auf dem Rücken, du kannst gut die falten der Haut sehe
0_219424_126_t1_o9pr9kj;0.0764;satisfied;skincare-first;pressure;;sod;Der Schauspieler der eine Figur spielt die detailliert beschrieben wird, sollte auch dessen Hautfarbe haben. die aussage ist erweiterbar, so ist in der südostasiatischen welt das schönheitsideal bleicher haut etabliert (vorrangig durch korea und china), sodass auch in thailand, vietnam oder sogar sü
0_219424_9_11326930600594873;0.0764;disappointed;skincare-first;fillers;;;Was bei gebrauchten PCs null Sinn macht, lol, ist ja nicht so, das du das exakt gleiche Gerät nochmal kriegst. Zumal das Video eh nur Filler für den Kanal ist. Alter Müll, schlecht zusammengestellt, der Wert und Sinn des Videos ist recht minimal.
0_218673_126_t1_nlo8ihc;0.0764;enthusiastic;skincare-first;;;;Están todos invitados. No falten. Kjjjj
0_218673_126_t1_odkafod;0.0764;satisfied;skincare-first;;;;"Bei welchem Buch habt ihr das gedacht? ""Der Herr der Augenringe"" Und ja, das Buch gibt es wirklich und ja, die Story ist genau so, wie man sie sich vorstellt."
0_218673_126_t1_om79vj6;0.0764;disappointed;skincare-first;;;;Warum sehen manche Menschen mit 40 Jahren noch so attraktiv aus? Ich hab mit 30 graue Haare (also nicht komplett sondern vereinzelt) und deutliche Falten.
0_218673_126_t1_om7mzl9;0.0764;satisfied;skincare-first;price;;;6 Stunden Pizzateig aus dem Ofen auf Stahlplatte gebacken. 66% Hydration Trockenhefe, 00 Mehl 250g Ballen 12 Stück 1843 g Mehl 1216 ml Wasser 30 g Salz Hefe 3.69g Olivenöl 20g Soße [https://www.idealo.de/preisvergleich/OffersOfProduct/201278672\_-passata-di-pomodoro-tomatensauce-mutti.html](https://
0_218673_9_1499269470742490;0.0764;enthusiastic;skincare-first;;;;Was für eine schöne Inspiration! Habe heute beim Kaffeeautomaten am Wiener Westbahnhof schallend gelacht mit einer Babyboomerin, weil ihr Kaffee einen halben Meter zur Seite spritze, wir uns ansahen und lachten, ins Gespräch kamen und beim Abschied uns beieinander fürs gemeinsame Lachen bedankten (i
0_219384_126_t1_ni1w8q5;0.0764;satisfied;skincare-first;laser;;pha;"IPL Laser Intimbereich - Gerät für Zuhause holen oder im Studio machen lassen? &gt; heller Hauttyp mit dunklen HaarenWie gut ein IPL-Gerät im Einzelfall funktioniert, hängt von der Haarfarbe und Hautfarbe ab:[https://i.ibb.co/fzk2vGnx/a.jpg](https://i.ibb.co/fzk2vGnx/a.jpg)Bei sehr blondem, rotem od"
0_218673_126_t1_oktur7e;0.0765;neutral;procedure-open;;;;Warum sind Menschen so ? Ich arbeite in nem Outletstore einer sehr großen Marke und ich sage dir, Samstags stellen wir Leute ab die nichts anderes machen als an einem einzigen Tisch T Shirts falten. Da gehen für 24 Stapel T Shirts 10-12 Arbeitsstunden drauf. Mindestens.
0_219424_190_3934727076411046193;0.0766;advisory;skincare-first;;;glycerin;"Hyaluron &amp; die Wissenschaft der HauthydrationHyaluronsäure kennt jeder. Aber weißt du, wie sie auf molekularer Ebene wirkt – und warum nicht jedes Hyaluron-Produkt dasselbe leistet?Wir nehmen in diesem Carousel die Wissenschaft hinter dem bekanntesten Feuchthaltemittel in der modernen Kosmetik a"
0_218673_9_yt.2Fpi9wN2Ywk;0.0766;enthusiastic;procedure-curious;;;;Heilige Liebe - mitten in mir - Liebesmystik-Soul - music by Susanne Ein sanftes, kuscheliges Soul-Lied über die Heilige Familie als lebendige Liebe.Maria und Josef, Jesus, Joachim und Anna sowie Maria Magdalena werden als warmes, menschliches Herzensfeld gezeigt.Ein Lied voller Geborgenheit, Nähe u
0_218673_126_t1_nze3m67;0.0766;advisory;skincare-first;;;;Mein Programm gegen Augenringe und Talgfilamente Das ist interessant. Ich finde in Amazon einige die eher für die Haare gedacht sind. Meinst du diese?
0_218673_126_t1_nzxe2vj;0.0766;disappointed;procedure-curious;;;;Wieso denn bloß? Ich weiß dass ist eine ironische Sub, aber könnte ich wissen weiß dein Spruch mit den 2x falten bedeutet.
0_218673_15_66755948014353650;0.0766;disappointed;skincare-first;;;;"Zwischen Chromblumen und Y2K-Nostalgie: „SOFT // CHROME"" bringt futurale Skulpturen nach Stuttgart Metallisch glänzende Blüten, aufgeblasene Formen und Oberflächen, die mehr an die frühen Nullerjahre als an die Natur erinnern: Mit „SOFT // CHROME"" zeigt die Galerie Better Go South ab dem 26. Juni 20"
0_219424_9_28812445993495832;0.0767;disappointed;procedure-curious;fillers;;;"Danke für den ausführlichen Kommentar! Bei dem Punkt mit den Filler-Episoden stimme ich dir völlig zu, das hätte  man geraffter darstellen können. Was ich nicht ganz nachvollziehen kann, ist die Kritik an den Charakteren: Die Innies sind natürlich nur ""der Dicke"", ""der Homosexuelle"" etc. weil sie ja"
0_218673_15_34991147995848466;0.0767;advisory;procedure-open;;;;Samsung plant große Galaxy-Premiere: Animation zeigt neues Tri-Foldable anders als erwartet Samsung hat schon neue Foldables vorgestellt in diesem Sommer, aber ein weiteres Highend-Modell für die Galaxy-Reihe wird folgen und es ist eine große Premiere für Samsung. Es wird das erste Tri-Foldable von 
0_218673_8_2031037827589230815;0.0767;satisfied;skincare-first;;;;@maakurika Wenn du so hart durch 3D Modelling gelitten hast, das selbst dein VTube Avatar Augenringe hat. https://t.co/2W8fqc4YCN
0_218673_9_yt.h2b2r5fmnTY;0.0767;satisfied;skincare-first;;;;"So falten Sie aus A4 Papier einen Papierflieger – Bastelideen Easy ✈️ So falten Sie aus A4 Papier einen Papierflieger – Bastelideen Easy ✈️.""Bastelideen Easy"" ist ein Kanal, der sich rund um Bastelthemen dreht: Papier, Bastelideen, Selbstgemachtes, ... mit ganz einfachen Bastelanleitungen, die jeder"
0_218673_126_t1_og67wns;0.0767;enthusiastic;skincare-first;;;;Pantimedias Ja es sieht auch sehr Wunderschön aus solche Falten in der Strumpfhose zu sehen
0_218673_9_66412485470644213;0.0768;enthusiastic;procedure-curious;;;;"😂🎉""hör ma, mir kommen die Tränensäcke hoch😎💯🤩"
0_218673_9_15591158723683703;0.0768;enthusiastic;skincare-first;;;;@caniklein Du glaubst auch das Zitronenfalter Zitronen falten. Für welche Trollfabrik arbeitest du? Du warst bestimmt auch immer für die Hamas oder?
0_218673_8_2034260125620346924;0.0769;enthusiastic;procedure-curious;;;;@mueller_sepp @neu_hier_1 @cducsubt @CDU_CSU_EP @cduberlin @CDU @MIT_bund Ein CDU Politiker nutzt als Quelle die BamS. Der denkt wahrscheinlich auch, dass Zitronenfalter Zitronen falten…
0_218673_9_yt.Zvwso3i2IjA;0.0769;enthusiastic;skincare-first;;;;"🐰💐 Hasenservietten in 2 Minuten! Diese süße Osterdeko wird dein Osterfrühstück &amp; Brunch auf ein neues Level bringen – als Eierwärmer und Tischdeko! 😍✨👉 Fun Fact: Du brauchst nur Servietten + Band + ein Ei! 😱🥚Hier gehts zum Blog: https://eluno24.de/Hasenservietten-falten-Suesse-Osterdeko-Eierwaer"
0_218673_126_t1_oerxwpd;0.0769;satisfied;skincare-first;;;;Erklärt bitte, wieso das ein KI Bild ist Die lichtreflektion an den Haaren ist typisch für KI. Außerdem wirken die Falten an der Haut und am Oberteil sehr künstlich und der Hintergrund ist ziemlich sehr geblurred
0_218673_9_13685455354361249;0.0769;disappointed;skincare-first;;;;Die sind jung die haben keine falten oder braune Flecken
0_219384_8_2007758693648171029;0.0769;satisfied;skincare-first;laser,pressure;;;LED statt Laser: Schwedische Forscher drucken Elektroden direkt auf die Haut | t3n https://t.co/5GXU1h6ril
0_221687_140_7609945750545370390;0.0769;satisfied;procedure-curious;peel;peeling;;ANOTHER OVERNIGHT SKINCARE VLOG - PART 1/5 🫧 PRODUKTE IM VIDEO: 30%AHA + 2%BHA PEELING SOLUTION @The Ordinary  BARRIER BOOST MOISTURIZER @MONAT Store  CICAPLAST B5 BAUME @La Roche-Posay  AD unpaid HAUTBARRIERE BARRIERESCHUTZ HAUTGESUNDHEIT SENSITIVE HAUT REIZFREIE PFLEGE MINIMALISMUS CLEAN BEAUTY HA
0_218673_126_t1_o5ytc6t;0.077;disappointed;skincare-first;;;;"""Happy Ramadan"" leuchtet in Frankfurt ab jetzt über dieser Straße Das war nur Ablenkung, damit niemand merkt, dass [China seine Dumplings inzwischen von unbezahlten Kindern in Deutschland falten lässt!!!](https://stayhappening.com/e/chinesisches-neujahr-f%C3%BCr-kinder-dumplings-falten-kalligrafie-a"
0_218673_9_10754106725714249;0.077;satisfied;procedure-curious;;;;Wer glaubt, dass  die Menschen Humpty und seiner Brut wichtig sind. Der glaubt auch, dass Zitronenfalter Zitronen falten.
0_219424_9_68756225859374381;0.0771;enthusiastic;procedure-curious;botox;;;"0:00 – Einstieg &amp; Stefan Kienzl live aus Österreich2:54 – Das Mysterium um Erik in Pittsburgh: Was war wirklich los?5:21 – Ausblick auf Eriks Saison &amp; Die EM-Hochburg Alicante8:48 – Warum Taktieren in der Profi-Saison nicht mehr funktioniert9:11 – Classic Physique: Analyse von Neil Currey vs"
0_218673_126_t1_nnu4v69;0.0771;neutral;skincare-first;;;;Sauerteigbrot ohne Dehnen/Falten Sieht super aus. :) Blöde Frage zum Rezept: Was sind die werte die du in der oberen Zeile (22g Roggen ASG 45g Wasser...) aufzählst und was die unteren? (400g (310 Weizen...) Ist vermutlich eigentlich offensichtlich, habe aber von Sauerteig bisher keine Ahnung und ver
0_218673_8_2014637558269956574;0.0771;satisfied;skincare-first;;;;@GruenMeyer Wer das glaubt, ist auch davon überzeugt, dass Zitronenfalter Zitronen falten.. 🥳
0_218673_8_2038214283880714607;0.0771;satisfied;skincare-first;;;;@D3llasDD @modelssecret_ Schöne Perspektive, wie das Licht auf den Füßen reflektiert wird und in den Falten 👌 die Fuß loser werden es genauso sehen, habe ich recht?! 😈😌
0_219424_9_67668060935164584;0.0772;disappointed;procedure-curious;fillers;;;Der Film war jetzt bei Weitem nicht der beste Star Wars Film aller Zeiten aber doch im Gesamtpaket ziemlich unterhaltsam, auch wenn er sich in der Tat irgendwo eher wie Filler angefühlt hat. Im Großen und Ganzen nen solider Film. Warum man sich jetzt für diesen Videotitel entschieden hat, was fast s
0_218673_126_t1_nzl3209;0.0772;satisfied;skincare-first;;;;Kamin bauen – lohnt sich das wirklich? Eure Erfahrungen gesucht 🔥 Kamine sind scheiße und blasen giftige Gase in die Umwelt und deine Bude, werde alt ohne Falten und Krebs und mach dir Kaminfeuer auf YouTube an
0_218673_9_yt.gKEHbmQwdA4;0.0772;enthusiastic;skincare-first;pressure;;sod;BEWERTUNG (2026): m-office Farbkarton A4 Pastellfarben 180 g. Infos Eine schnelle und einfache Anleitung zu den herausragenden Merkmalen von m-office Farbkarton A4 Pastellfarben 180 g.👉 Auf Amazon ansehen: https://www.amazon.de/dp/B0C8Z5CF42/?tag=16w9h-20 (Affiliate-Link)Entdecken Sie den m-office F
0_218673_8_2018770955515179388;0.0772;neutral;procedure-curious;;;;@MedienfuzziShow Vor allem am Ellbogen bei Sek. 11 finde ich es interessant. Da gibt es irgendwie Falten. Ist es möglicherweise Latex? Fragen über Fragen.  😉
0_218673_126_t1_neleg27;0.0773;disappointed;procedure-curious;price;;;W-8 Form klappt mit US Bankverbindung bei CS nicht? Ergo man kann die Warrants gar nicht ausführen, weil man dafür ins amerikanische Steuerloch springen müsste? Falten, wir brauchen Falten
0_218673_15_17844074951992497;0.0773;satisfied;procedure-curious;price;;;winterabend am abend wird es in den krähenbäumen leise die vögel falten sich zu starren silhouetten niedergelassen nach der tagesreise gerade landeten sie lärmend in den bäumen schier überquellend von den abenteuern um bald schon anzukommen in den träumen auf nacktem astwerk, nicht im laub verborgen
0_218673_126_t1_o3ovuq8;0.0773;disappointed;procedure-curious;;;;Sozialleistungen: Junge Union sieht im Sozialen Einsparpotenzial in Milliardenhöhe Wer glaubt der Union geht es nicht nur um die Macht, der glaubt auch das Zitronenfalter Zitronen falten
0_218673_9_48951102606149935;0.0773;disappointed;procedure-open;;;;3:30 Min? Das reicht vollkommen, um den Zustand zu beschreiben. Und ja: Erwartbar! Wie soll ein Land reformiert (und saniert) werden, wenn die regierenden Parteien ihre eigenen Parteifinanzen an die Wand gefahren haben und von allen Anderen erwarten das sie sparen? Und wie soll ein ORF über diese Ma
0_219424_126_t1_oth3zc2;0.0774;advisory;skincare-first;;;;The best anti-aging superfoods and how much to eat. Aber ist Lachs nicht voll mit Schwermetallen?
0_218673_126_t3_1pdf4h8;0.0774;enthusiastic;procedure-curious;;;;24h Walnusssauerteigbrot Hallo liebe Brotis, ich freue mich gerade über mein ca. zehntes Brot! Vor allem freu ich mich, weil es Freestyle ist. Und so ging's:1. Vorteig: 125g Berliner Kurzsauer aus Roggen ASG  mit 2/3 Weizen 812 und 1/3 Roggen 1150. Ca. 4h Gehzeit bei 35°C.Nebenbei 60g Walnüsse in wa
0_218673_9_19426500057861189;0.0774;enthusiastic;procedure-curious;;;;Ich habe wirklich sehr gelacht als sie Frau Esken gebeten haben sich genau so wie sie Ben runter gemacht hat.  Aber ich habe trotzdem gelacht als sie Ben zusammen falten wollte.
0_221687_140_7574031219818581270;0.0774;enthusiastic;skincare-first;;;;"""اليوم عاملين سلطة سريعة، مغذية، ومنعشة… كل لقمة مليانة فيتامينات وألياف ودهون صحية للبشرة والجسم 💚✨"" 📍 المكونات: 🍅 بندورة 🥬 خس 🥬 ملفوف 🌿 أوراق السبانخ الصغيرة 🧄 حبة ثوم 🥑 حبة أفوكادو 🫒 زيت 🍋 ليمون 🧂 ملح 🌿 بهارات سلطة 🔪 طريقة التحضير: ""نقطع البندورة والملفوف والخس… وأوراق السبانخ منخليها متل ما هي ل"
0_218673_9_38472470533723628;0.0775;enthusiastic;procedure-open;;;;✈ Wie weit fliegt dein Papierflieger? Schreib dein Ergebnis in die Kommentare! 🚀Wenn dir das Papierflieger Falten gefallen hat, gib dem Video ein 👍 und abonniere den Kanal für mehr kreative DIY-Ideen aus Berlin!
0_218673_9_yt.w3_mJBWdcwo;0.0775;neutral;skincare-first;pressure;;sod;BEWERTUNG (2026): druck.de 250 Briefumschläge B4 ohne Fenster. Infos Dies ist Ihre schnelle Zusammenfassung von druck.de 250 Briefumschläge B4 ohne Fenster.👉 Auf Amazon ansehen: https://www.amazon.de/dp/B0DPQBVX5Y/?tag=16w9h-20 (Affiliate-Link)Entdecken Sie die druck.de Briefumschläge im Format B4 –
0_218673_8_2053308311034892362;0.0775;disappointed;skincare-first;;;;KuchenTV ist der einzige Mensch über 1,65cm bei dem selbst Kompressionsshirts in S falten werfen https://t.co/jdMKlV7CAd
0_218673_9_54838887293877724;0.0775;disappointed;procedure-curious;;;;"DDR Style ""Falten"" gehen und dann nennt man das Demokratie"
0_219424_9_66471881494578520;0.0776;disappointed;skincare-first;pressure,threads;;;Meiner Meinung nach leben wir in einer PDOGesellschaft (Patriarchat 👀), die uns durch Marketing etc. immer wieder einredet, dass Frauen präpubertär auszusehen haben. Sorry, aber wenn man sich das ganze Marketing rund um Frauenprodukte etc ansieht, da kommt mir das kalte Kotzen. Waxing, Cellulite‑Cre
0_218673_9_1424802941590262;0.0776;satisfied;skincare-first;;;;so viel silikon in den hupen, dass die dinger falten werfen :D....
0_218685_8_2056692425595257102;0.0776;satisfied;skincare-first;;;niacinamide;"'The Peptide Collagen Hydrogel Eye Patch' von #COSRX besteht aus 4 Peptiden, Kollagen, Koffein ☕, Niacinamid &amp; Hyaluronsäure. Die #Augenpads stärken die zarte Haut unter den Augen, mildern Schwellungen, glätten feine Linien &amp; hellen Augenringe sanft auf. https://t.co/46Rtak3WeO https://t.co/"
0_219404_9_48015139407122935;0.0776;enthusiastic;procedure-open;fillers;;;Ich sag mal so Disney hat die letzten 10 Jahre geerntet was es mit Episode 7 - 9 geseht haben. Was die Serien betrifft sind 90% trash schlechte Storys mit massiven Lücken, schlechte Charaktere einfach absoluter Crap. Jeder der mit Star Wars aufgewachsen ist so wie ich (insbesondere Episode 4 - 6) mi
0_219424_9_10515692474336759;0.0777;disappointed;skincare-first;fillers;;;Der Firecracker und Black Noir Part hätten in Staffel 4 gehört, der Filler kram aus Terrors Sicht gehört auch irgendwo in die 4. Staffel, Sister Sages Part wen interessierts das war also der Masterplan wow wie schlecht genau wie der Charakter geschrieben ist, das einzig einigermaßen gute war der Sol
0_218673_9_yt.tx37hYgQ-lY;0.0777;enthusiastic;procedure-open;pressure;microcurrent;;BEWERTUNG: LIONELO MIKA PLUS 3-in-1 Buggy. WESENTLICHE Einzelheiten 👉 https://www.amazon.de/dp/B0DHH1SS8D/ref=nosim?tag=16w9h-20 LIONELO MIKA PLUS 3-in-1 Buggy auf Amazon (Affiliate-Link)Bitte abonnieren Sie unseren Kanal und unterstützen Sie uns! Ihre Unterstützung hilft uns, dieses Vorhaben fortzu
0_218673_9_50193356389918739;0.0777;enthusiastic;procedure-curious;;;;Wie kann man denn Klima leugnen ? 😂 🎉Die Erde ist eine Scheibe und Zitronenfalter falten Zitronen.
0_218673_126_t1_o950d8z;0.0777;enthusiastic;skincare-first;;;;Guten Morgen ☕️☀️💋 Guten Tag 🌞 ,das sind aber schöne Falten......genieß den Tag mit einen lächeln 😃
0_218673_126_t1_nr7anh0;0.0778;disappointed;procedure-curious;;;;Drohungen gegen eigene Leute - Hat die Linkspartei ein Antisemitismus-Problem? und Zitronenfalter falten Zitronen? Antisemitismus beschreibt explizit Judenhass.Hier als kleine Lektüre[Was heißt Antisemitismus? | Antisemitismus | bpb.de](https://www.bpb.de/themen/antisemitismus/dossier-antisemitismus
0_219424_126_t1_o36ujtf;0.0779;disappointed;procedure-open;fillers;;;Was there a point to this scene or was it just filler? Bravo Vince
0_218673_9_yt.m8VIN3AU13s;0.0779;advisory;procedure-open;;;;BEWERTUNG (2025): NuFACE FIX MicroWand - Mikrostromgerät. WESENTLICHE Einzelheiten Eine schnelle und einfache Anleitung zu den herausragenden Merkmalen von NuFACE FIX MicroWand - Mikrostromgerät.👉 Auf Amazon ansehen: https://www.amazon.de/dp/B0CZ7PDMKY/?tag=16w9h-20 (Affiliate-Link)Entdecken Sie das
0_218673_126_t1_oajm3os;0.0779;disappointed;procedure-curious;;;;"Atomkraft kehrt zurück - Deutschland finanziert sie im Ausland Jo die liebe ""Medienkompetenz""Fast schon poetisch. Über Medienkompetenz schwadronieren während er einen Text zitiert der im Grunde nur sagt: ""Die Betreiber haben sich für einen Fixbetrag von der unendlichen Haftung freigekauft"".Wer ernst"
0_218673_8_2041121393442451881;0.0779;advisory;skincare-first;;;;"@Nadsen82 @VolkerPetzer Licht und Linse.Relativ weitwinklige Linse lässt Gesichter schmaler aussehen. Im TV stehen die Kameras weiter weg, darum müssen sie näher ranzoomen &gt; Gesicht fülliger.Licht: Helles, weisses, hartes Licht (sie glänzt sogar) aus bestimmten Winkeln wirft Falten-Schatten.etc"
0_218673_15_31624249951789812;0.0779;satisfied;skincare-first;;;;"Gerösteter Blumenkohl auf selbstgemachtem Labneh Gerösteter Blumenkohl auf selbstgemachtem Labneh Pane-Bistecca Gerösteter Blumenkohl auf selbstgemachtem Labneh ist ein Gericht aus der Türkei. Was ist Labneh? Labneh wird oft als „Joghurtkäse"" bezeichnet. Er hat eine dickliche Konsistenz, ähnlich wie"
0_221687_26_1517971076366837;0.0779;enthusiastic;skincare-first;price;;niacinamide;"✅ Nur: 13,00€   ❌ Statt: 18,26€💫 medicube Salmon DNA PDRN Pink Peptide Serum. Pink glow serum. Peptide. Niacinamide.⬇️ ZUM DEAL ⬇️https://www.amazon.de/dp/B0DBF65JYY/?tag=wa86-21&amp;psc=1ℹ️ Angebote &amp; Rabatte Germany 🇩🇪"
0_219424_126_t1_os981sz;0.078;neutral;skincare-first;botox;;pha;Warum geben sich Frauen meist deutlich mehr Mühe insgesamt für das Aussehen als Männer? Das ist eher bei der älteren Generation so. Guck dir mal gen z und gen alpha an, die sind voll im Looksmaxxing-Hype. Da spritzen sich manche Männer/Jungs botox, hormone oder schlagen sich mit nem Hammer ins Gesic
0_218673_9_57199153866084644;0.078;disappointed;skincare-first;;;;Ja, die Nazis waren sehr links, sie wollten nur das Beste für die Deutschen, während alle anderen zur Hölle fahren durften, doch dank der Vereinten Antifaschisten konnte der Wahnsinn gestoppt werden. Nur weil da das Wort sozial mit drinn steckt, hat das nicht automatisch zu bedeuten, das man auch li
0_218673_8_2007832623088067022;0.078;enthusiastic;skincare-first;;;;Lache so viel wie möglich,damit die Falten im Alteram richtiger Platz sind!…habe wohl viel gelacht!👍😎😉😇😇
0_219424_9_32850486630308721;0.0781;enthusiastic;procedure-curious;;;;Hey Dani du siehst mega schön aus 😻😻💟 du brauchst keine schönheitsoperation siehst du toll aus ❣️❤️ so wie du bist siehst du toll aus ❣️ du siehst aber noch cool aus Dani klieber du bist cool 😸😜😀😍 ich habe dich immer mitverfolgt wo du bei mir Beirat warst mit NISA hast du auch Elif getroffen😊
0_219424_140_7666721938517134625;0.0781;advisory;skincare-first;peel;;;#glassskin #glassskinmask #gelmask #microneedling  These glass skin Masks from Svenja Walberg are Just the best my favourite. meine lieblings Gel glass skin Masken die ich bis jetzt probiert haben 60 mins für glassskin.
0_218673_9_37759135214529880;0.0781;enthusiastic;procedure-curious;;;;"Der ""Grüne"" Banaljack glaubt, dass Özdemir Ministerpräsident von BW wird. Sicher glaubt er auch, dass Zitronefalter Zitronen falten, und Betriebsleiter Betriebe leiten. ..."
0_218673_9_15159592744258674;0.0781;advisory;skincare-first;pressure;;;Mülltonnenbild: Biotonnen sind in meiner Region braun.Glasfrontbild: Die Scheiben weisen keinerlei Spieglung auf, nicht einmal in allerschwächster Form, obwohl innen die Beleuchtung eingeschaltet ist... - die vier Personen sollten sich somit schmenhaft im Glas spiegeln.Mann-vor-Spiegel-Bild: 1.) Die
0_218673_8_2026295615416664349;0.0781;satisfied;skincare-first;;;;@N_Heisterhagen Und du glaubst auch, dass Zitronenfalter Zitronen falten...?
0_218673_9_yt.axtP_CuK72U;0.0781;neutral;procedure-curious;;;;Von weltreisenden Pflanzen und dem Meerfenchel Um die Weltreise der Pflanzen geht es in dieser Folge des ORF Burgenland Gartenpodcasts. Es ist erstaunlich, welche weiten Wege Pflanzen ohne menschliches Zutun bewältigen. Wie sie etwa mit Hilfe von Wasser oder Wind reisen, erzählt die Kräuterhexe Usch
0_219384_15_14507482361424359;0.0781;neutral;procedure-open;laser,pressure;;;BIM: Planung und Betrachtung durchgängig in 3D-Stereo Das optimale Zusammenspiel aus dreidimensionaler Planung und stereoskopischer Grafikausgabe vereint ab sofort die Kooperation zwischen Schneider Digital und XEOMETRIC mit ELITECAD. In 3D Modellieren und Gestalten mit ELITECAD, dabei stereoskopisc
0_219424_9_7016173490390163;0.0782;disappointed;procedure-curious;fillers;;;Ich merke immer das ich älter geworden bin wenn ich schauspieler sehe die ich schon lange nicht mehr gesehen habe.alter ist jodie foster alt geworden.aber geil mal jemand ohne filler und so zu sehen .einfach natürlich gealtert
0_219424_140_7664866955270098208;0.0782;satisfied;procedure-open;peel;microneedling;;Microneedling Techniken und nicht einfach nur mit kreisenden Bewegungen! #microneedling #biorepeel #aquafacial #kosmetikdiewasbringt #akne
0_218673_9_8762606118933183;0.0782;disappointed;procedure-curious;;;;​​@patrickkp3205 😂😂😂 na wenn du rechter schulabbrecher das sagst ..... Zitronenfalter falten auch zitronen und die DDR war ja auch demokratisch oder? Lustig wenn dumnköpfe mit Dunnig Krüger kommen und alles besser wissen. Du weisst nicht mal was kommunismus ist, weil für euch rechte lappen alles lin
0_219424_9_30154131791229027;0.0783;advisory;skincare-first;botox;;;Der typ sieht aus wie das sheytan emoji bei whatsapp durchs botox😂😂👺
0_219424_190_3931586565548160046;0.0783;satisfied;skincare-first;threads;;;APTOS Spring Mono – warum PLA/CL? ✨Die APTOS Spring Mono Fäden bestehen aus PLA/CL (Poly(L-Lactid-co-ε-Caprolacton)) – einem resorbierbaren Copolymer, das seit Jahren in der Medizin eingesetzt wird.Warum PLA/CL?✨ Stimuliert die körpereigene Kollagenbildung.✨ Verbessert die Hautqualität und Elastizit
0_218673_23_55131381094352272;0.0783;advisory;skincare-first;;;;Mein Frische-Boost Das neue Cellular Epigenetics Serum von NIVEA setzt auf den innovativen Wirkstoff EPICELLINE® und drei Arten von Hyaluronsäure, um die Hautzellen zu aktivieren und intensiv mit Feuchtigkeit zu versorgen. Ergänzt wird dies durch die patentierte Age Clock Technologie®, die sichtbare
0_218673_126_t1_nwmm76n;0.0783;disappointed;skincare-first;price;;;Feuerwerk stärker besteuern Ne, das würde es nicht. Und das ist ein riesiges und undankbares Thema, wo wir mal wieder sie gute alte letzte Erhöhung der Mineralölsteuer (aka Benzin, eine von 3en) aus der Merkel Ära rausholen: Was würde damit gemacht, richtig - ist hat ein Loch in der Rentenkasse gest
0_218673_126_t3_1qlsaa0;0.0783;satisfied;procedure-open;;;;Kulturschutznetze maschinell aufrollen? Hat jemand Erfahrung mit dem mechanischen Aufrollen von Kulturschutznetzen bei Kohl? Von Hand Falten, knoten und auf Paletten setzen war bisher der Vorgang aber gerade beim hacken mit Traktor wäre es praktisch das Netz direkt aufrollen zu können. Auch zum Bewä
0_218673_8_2026301181845180479;0.0783;satisfied;skincare-first;;;;@emmierdbeer_ vor allem weil die iso 216 objektiv absolut perfekt ist aufgrund des 1:√2 Format, US letter kannst nicht einfach falten um das nächst kleinere Format zu haben, so ein Quatsch
0_218673_8_2050115004184068579;0.0783;enthusiastic;skincare-first;;;;"@toplena_ ☕️☕️☕️😘😘Sie schickt ihm ein heißes Foto im neuen Dessous.Er antwortet: „Krass geil 🔥📷""Dann schreibt er weiter (falscher Chat mit seinem Kumpel):„Sieht aus wie meine Oma in Unterwäsche, nur mit mehr Falten 📷📷""Sie tippt… „Was hast du gerade gesagt?""😂"
0_218673_9_20614615890940373;0.0783;disappointed;procedure-curious;;;;@anonymousgoogleuser5961 Du Witzbold, Du glaubst sicherlich auch dass Zitronenfalter Zitronen falten - und dass die Landesmedienanstalten politisch unabhängig sind, oder?
0_221687_126_t1_o9cctz9;0.0783;advisory;skincare-first;;;;ISO Nineless azelaic acid serum Chk dm
0_219424_26_37308719125385718;0.0784;satisfied;skincare-first;peel;;;✨ Nano-Needling vs. Microneedling – was ist der Unterschied?Nano-Needling arbeitet nicht mit Nadeln, die die Haut verletzen, sondern mit ultrafeinen Nano-Spitzen. Dadurch werden hochwertige Wirkstoffe optimal eingeschleust – sanft, schmerzarm und ohne Ausfallzeit.💎 Deine Vorteile:✔️ Intensiver Glow✔
0_218673_126_t1_ntwrsqi;0.0784;advisory;skincare-first;;;;Es nervt Die Kinder sehen aus wie poliert. Große Knopfaugen, ebenmäßiger Teint ohne Muttermale, Sommersprossen, Kratzer oder blaue Flecken. Die Kleidung fällt wie in einem 3D Modell aber nicht so wie sie in echt falten werfen würde.
0_218673_9_yt.JA2-NUgO1qM;0.0784;advisory;procedure-open;celebrity;;;Wie klappe ich die Außenspiegel beim BYD ATTO 2 manuell ein und aus? Dieses kurze Video zeigt Schritt für Schritt, wie Sie die Außenspiegel beim BYD ATTO 2 manuell ein- und ausklappen. Sie sehen genau, wo sich das Bedienfeld an der Fahrertür befindet und welche Taste Sie drücken müssen, um die Seite
0_218673_9_5313671453316804;0.0784;neutral;procedure-curious;;;;1:10:10 12 mal Falten bedeutet: 2 hoch 12 = 4096 Lagen Papier. Selbst bei 0,1 mm Dicke sind wir immerhin bei knapp 41cm Dicke 😅
0_218685_23_63881782364503963;0.0784;satisfied;skincare-first;;;;Cellular Epigenetics Verjüngendes Serum Das Nivea Cellular Epigenetics Serum sorgt in nur wenigen Tagen für ein strahlendes und aufpolsterndes Aussehen. Die drei Arten von Hyaluronsäure versorgen die Hautschicht mit sehr viel Feuchtigkeit . Die Haut strahlt nicht nur, sondern sieht dazu auch noch vi
0_218673_9_20014510358017348;0.0785;disappointed;skincare-first;;;;Super Video 🎉 Sind die Schubladen nicht evtl vom Gewicht her überladen? Die Körbe ,und ich glaub die Schubladen auch, haben eine maximale Belastung von 15kg. Finde die Idee mit dem falten super, aber ich hätte Angst dass sie Schublade irgendwann rausbricht 🤔🙃
0_218673_126_t1_o04bewp;0.0785;neutral;procedure-open;;;;Anleitung zum Lesen der Falten und Runzeln des Anus Wieso ist das überall auf Reddit gerade und in verschiedenen Sprachen? Irgendein boomer ai Trend ?
0_218673_126_t1_o6q477u;0.0785;neutral;procedure-curious;;;;Hochspannungsleitung (110–380 kV) berührt Grundstücksecke – wie kritisch ist das technisch/gesundheitlich? Einfach aluhut doppelt falten dann passiert da nix
0_221687_140_7611564127080779030;0.0785;advisory;skincare-first;;;;Hair Growth Serum - Natürliches Rosmarin Haaröl gegen Haarausfall mit Vitamin E zur Pflege von Kop#tiktokshop #viralvideos #foruyou #afghanistan🇦🇫
0_219424_9_42893278109309615;0.0786;disappointed;procedure-curious;fillers,price;;;"CIG ärgert sich über das Video... sie hätten gerne ein paar Reclaimer (-Upgrades) verkauft^^Zur Reclaimer selbst:Schade, dass so viel Material nicht verwertet werden kann, weil der Filler ""nur"" 240 SCU hält. Allerdings wird irgendwann das Construcion Material eh wegfallen und man soll bekommen, was "
0_219424_9_yt.7aIrpzfGbHw;0.0786;enthusiastic;procedure-open;facelift,celebrity;;;Wie verstelle ich die Lenkradposition im MITSUBISHI Outlander Facelift (2017-2022)? In diesem Video zeige ich dir Schritt für Schritt, wie du die Lenkradposition im MITSUBISHI Outlander Facelift (Baujahre 2017-2022) schnell und sicher verstellst. Du lernst, wo sich der Entriegelungshebel befindet (u
0_218673_126_t1_nxpfjsa;0.0786;neutral;skincare-first;;;;Anfänge einer Mangelerscheinung? Sind die Pigmentflecken nur auf der einen pflanze? Kann auch Genetik sein und nicht weiter relevant.
0_218673_8_2020557143762419804;0.0786;satisfied;skincare-first;;;;@von_blauweide Wer den russischen Autokraten glaubt, der glaubt auch, dass Zitronenfalter Zitronen falten.
0_221687_26_1185988310217093;0.0786;advisory;skincare-first;;;;Hyaluron ist die Grundlage jeder Needling Methode und wird auch beim Nanoneedling angewendet.🩶 Nano-Needling ist die  🩶 schmerzfreie Anti Aging Methode . Durch das ultrafeine Penetrieren in die Haut wird ebenso wie beim normalen Needling die Kollagen- Elastinbildung, die ja bekanntlich für die Elast
0_219424_126_t1_oc99d6h;0.0787;enthusiastic;skincare-first;;;;👀 Gossip Schön auch die unterschiedlich großen Brüste und das verschobene Hyaluron in der Oberlippe.
0_218673_8_2016966113771360719;0.0787;enthusiastic;skincare-first;;;;Patrick hat vor allen Dingen Augenringe des Todes. Ariel übrigens auch. #ibes
0_218673_9_4067632050299367;0.0787;neutral;procedure-curious;;;;Für ca. 440.000 km muss man es allerdings 42 mal falten.Bei einer Papierdicke von 0,1 mm
0_218673_8_2043025720595669160;0.0787;disappointed;skincare-first;;;;@onyx0815 Will nicht wissen, wie die Kerle aussehen, die so ne Gülle über ne halbwegs attraktive, schlanke, noch halbwegs junge Frau schreiben. Ich find die weder lustig noch politisch immer gut. Aber geile Klamotten hat sie immer an und sie kann alles tragen! Und Falten sind normal
0_218673_8_2052626086513578284;0.0787;disappointed;procedure-curious;;;;Moin ihr Lieben,Man muss im Leben lachen. Lachen hält dich jung. Ernst zu schauen verursacht schreckliche Falten. Ich rate auch zu starkem Trinken - das hilft dem Sinn für Humor auf die Sprünge.Lemmy KilmisterEinen fröhlichen Freitag 🤪😉😘😂😂😂😂😂🫖☕️
0_218673_126_t3_1tid5qk;0.0787;neutral;skincare-first;price;;;Woher bekommt ihr weiße Unterzieh-T-Shirts her, die am Hals ordentlich sitzen? Ich hab irgendwie ständig das Problem, dass weiße T-Shirts unter Hemden, Rundhalspullovern, Halfzip-Pullovern oder V-Ausschnitten am Hals total schlecht sitzen.  Entweder wirft der T-Shirt Kragen Falten, der Ausschnitt is
0_219424_140_7664652089183833376;0.0788;enthusiastic;procedure-open;price;;;Alle reden über NMN 👀 In Asien und den USA ist NMN schon seit einiger Zeit ein riesiger Trend – jetzt kommt der Hype auch nach Europa. 🌍✨ Ich hab euch beLIVELY NMN im Video verlinkt. Schaut es euch an und informiert euch selbst, warum aktuell so viele über NMN sprechen. #NMN #Longevity #AntiAging
0_218673_15_39431597170597583;0.0788;enthusiastic;procedure-open;;;;Brauseboys am 30.10. (20 Uhr) mit Spider, Holger Saarmann und Ole Lucoje Herbstfalter Wie oft ich schon auf regennasser Fahrbahn Laub auswich! Erst schlingerte und später über Landstraßen langschlich, um weder Frösche, noch 'nen Igel plattzufahren, die in Wahrheit bloß gewellte Blätter waren! Der He
0_218673_15_25553164547078343;0.0788;disappointed;skincare-first;pressure;;sod;Mit diesen 14 Geschenken macht ihr jeden Bücher-Fan überglücklich Sucht ihr noch Geschenke für Bücherfans? (Bildquelle: Lebenskompass / Amazon / Bearbeitung: GIGA) Ihr braucht Geschenke für eure Freunde oder wollt euch selbst etwas Gutes tun? Wir empfehlen allen Buchliebhabern und Leseratten diese 1
0_218673_9_17256077456546697;0.0788;disappointed;procedure-curious;;;;Wer glaubt, dass Wahlergebnisse den Wählern überlassen werden, glaubt offenbar auch, dass Zitronenfalter Zitronen falten. Jeder Wähler hat weiter so gewählt.
0_218673_126_t1_on81tbw;0.0788;enthusiastic;procedure-curious;;;;Zu wieviel % seid ihr gay? Ich auch nicht, der Typ sieht aus wie ein Bruder (nur mit kleineren Ohren) von mir und ich finde mich selber echt nicht attraktiv. Das gleiche lange Gesicht, gleiche Tränensäcke...
0_221687_140_7659738090507930912;0.0788;advisory;skincare-first;;;;Looking for a Vitamin C serum for dark spots? ✨ Meet Pure Bright C7. FAQ ❓For all skin types? → Yes. ❓For all skin colors? → Yes. ❓Unisex? → Yes, for everyone. 🧡 See the orange button? If it's there, we still have stock available. Tap it to order or restock. 🇩🇪  Du suchst ein Vitamin-C-Serum bei dun
0_219424_126_t1_olysayw;0.0789;enthusiastic;procedure-curious;fillers;;;Ich liebe Assassin's Creed Assassins Creed war mal der absolute Hammer. Praktisch Dan Brown auf Crack mit tollen Schauplätzen und spektakulärer Action. Jetzt ist es mehr Samstag Nachmittag Cartoon vor schöner Kulisse und mit mehr Filler als Harald Glööckler. Dazu kommt die dreiste Monetarisierung vo
0_219424_140_7665671252278807840;0.0789;satisfied;skincare-first;fillers;;;L'Oréal Paris #Glow #Trend Duo bestehend aus Revitalift Filler #Gel #Creme und #lumi  Glotion
0_218673_9_28861727330235484;0.0789;enthusiastic;skincare-first;;;;Wäsche falten und nebenher Khadiga schauen🎉😅
0_218673_126_t1_oltomo6;0.0789;satisfied;skincare-first;;;;..weichere Krume Same Day Brot:370 g Wasser500 g Weizenmehl.. 550 gemischt mit Weizenvollkorn 15 g Salz200gr Sauerteig Weizen 550100gr Sauerteig Roggen 9971gr Hefe morgens kneten, einmal falten, dann Kühlschrank für ein paar Stunden wegen der Festigkeit und dann Nachmittags backen im emaillierten Gu
0_218673_9_yt.ykNGh16IoIw;0.0789;neutral;procedure-open;pressure;;;Fächer falten, Griff formen: Wie ein einfacher Pinsel einen Sommer in die Hand legt 🎐 Die Geometrie des kühlen LuftzugsDer Fächer ist eines der ältesten Werkzeuge der Klimatisierung – älter als jeder Ventilator, älter als jede Klimaanlage. Seine Funktion beruht auf einer physikalischen Einfachheit: 
0_218673_126_t1_osnc7ux;0.0789;neutral;procedure-curious;;;;Gibt es wissenschaftlich fundierte Fakten, an die ihr einfach nicht glaubt? Die Sache mit dem Papier falten. Wenn man ein Blatt Papier 42 mal stapeln würde (könnte), würde es bis zum Mond reichen. Bei 51 Faltungen bis zur Sonne.
0_218673_9_52449028363495413;0.079;disappointed;procedure-curious;price;;;Worüber freuen sich hier eigentlich alle so? Jetzt wird die CDU regieren und sich weiterhin von der SPD am Nasenring durch die Manege ziehen lassen. Nur zur Erinnerung: CDU, das ist die Partei, die - Energieinfrastruktur im Wert von rund 800 Milliarden € mutwillig zerstört hat, -  Digitalisierung ve
0_218673_126_t1_oh99u9n;0.079;neutral;skincare-first;;;;Dusche im Altbau verwinkelt - brauche Hilfe Längeren Duschvorhang kaufen damit er die gesamt lange und kurze Seite abdeckt (nicht zu knapp kaufen), es gibt auch welche auf Maß geschnitten online. Die Ecke rechts passend ausschneiden mit etwas Überstand. Überstand nach innen falten, so dass die nach 
0_218673_126_t1_nhwfu4r;0.0791;disappointed;skincare-first;;;;"Wäsche riecht eigenartig und steckt andere Kleidung an? Bei dunkler Wäsche kann es tatsächlich einfach ""zu viel"" sein. Zu viel Waschmittel/Hygienespüler/etc.. Es gibt tatsächlich keine schwarze Textilfarbe, das ist ein sehr sehr dunkles Rot. Und diese Farbe beginnt zu müffeln, wenn zu viel Zeig's in"
0_218673_126_t1_niyieuz;0.0791;enthusiastic;skincare-first;;;;Wie kann ich jünger aussehen? Benutzt du make-up/foundation? Es kann sein, dass das makeup cakey aussieht oder in die kleine Falten rein läuft und dich altert. Außerdem, siehst du nicht alt aus.
0_218673_126_t3_1ro8w88;0.0791;disappointed;procedure-curious;;;;Warum ist der Wahlzettel so groß??? 100 mal Falten, das ist ganz laut und nervt.
0_219424_190_3930021390199846806;0.0792;enthusiastic;procedure-curious;;;;Wir veranstalten wieder ein Wissenschaftscafé mit @ulm.forscht.gemeinsam der @universitaetulm 😍Dieses Mal im Rahmen des Donaufests - natürlich thematisch passend mit wissenschaftlichen Facts rund um die Donau 💦Studierende der Uni Ulm präsentieren an interaktiven Kurzstationen wissenschaftliche Einbl
0_218673_9_yt.y1UOu_H8cGk;0.0792;advisory;skincare-first;;;glycerin;BEWERTUNG (2025): La Roche Posay Serum Mela B3. WESENTLICHE Einzelheiten Hier ist ein kurzer Überblick über die wichtigsten Highlights für La Roche Posay Serum Mela B3.👉 Auf Amazon ansehen: https://www.amazon.de/dp/B0CM4B43DZ/?tag=16w9h-20 (Affiliate-Link)Entdecken Sie das La Roche Posay Serum Mela 
0_218673_126_t1_o6z7hq5;0.0792;disappointed;skincare-first;;;;[Frage] Ist das eine Falte? Da sind einige Baustellen, aber Falten sind keine davon.
0_218673_8_2031987047691419841;0.0792;disappointed;procedure-curious;;;;@tamea_69 @Schmitt_News Das ist leider Usus bei Sozialisten. Alle bluten und nur die Regierungsriege (aka der Staat) profitiert. Der Rest wird subventioniert unter der Prämisse ' Hände falten , Goschn halten' Das Problem hierbei ist das 80% der Leute damit einfach zufrieden sind
0_218673_8_2043552572594688015;0.0792;enthusiastic;procedure-open;;;;@MedienfuzziShow Diese falten trulla die auf 15 macht ist zum kotzen
0_218673_126_t1_oqu5cuu;0.0792;disappointed;skincare-first;pressure;;;Weiss jemand ob dieses Szene-Shirt echt ist? Was mich daran wundert, ist, dass die langen vertikalen Falten aussehen wie bei einem Shirt, das man gerade frisch aus der Verpackung geholt hat, oder?  War wahrscheinlich ein Aktions-Shirt, das noch übrig war und irgendwo verpackt rumlag und jemand hat e
0_221687_190_3773058541184367147;0.0792;enthusiastic;skincare-first;laser,price,peel,spf;;aha;"VIEL ZÄRTLICHKEIT &amp; 15% GESCHENKT // Unsere Geschenksets lassen sich zu allen Festivitäten direkt verschenken und sparen 15% gegenüber dem Einzelkauf.​ 🎁 Eine Ersparnis, die sich schon beim Verschenken gut anfühlt und beim Behalten mindestens genauso. 😍⁠⁠⁠1️⃣ Festtagspflegeset⁠Das Hands &amp; Mo"
0_218673_126_t1_nyhmdz4;0.0793;advisory;skincare-first;;;;"Gesichtscreme für empfindliche Haut? Ich probiere mich gerade durch die verschiedenen Cremes fürs Gesicht durch und hab jetzt zu Weihnachten die hier bekommen.https://preview.redd.it/eun66afwe7cg1.png?width=1080&amp;format=png&amp;auto=webp&amp;s=0d21c353a39bf72f86c85bbae3747b303d1de5c7Die ist noch "
0_218673_8_2011379386210042289;0.0793;enthusiastic;skincare-first;;;;@Quinn_Top3 Blödland 🇩🇪 glaubt auch, dass Zitronenfalter Zitronen 🍋 falten. https://t.co/iDDwALtfGf
0_218673_9_yt.1SRZIu2UN_w;0.0793;neutral;procedure-curious;;;;"Origami Himmel & Hölle basteln ✂️ | Einfacher Wahrsager aus Papier (Kinder & Kita) Lerne Schritt für Schritt, wie du einen klassischen Origami-Wahrsager (Himmel &amp; Hölle) bastelst! 🧩✂️Dieses einfache Faltspiel macht nicht nur Spaß, sondern fördert auch Feinmotorik, Konzentration und soziale Inter"
0_218673_126_t1_ncw76so;0.0794;neutral;skincare-first;;;;Was läuft hier falsch? Ich find die 440ml Wasser viel zu viel. Das sind 73% Hydration. Das machst bei Pizzen aber mMn nicht bei Anfängerbroten.Würde mal versuchen das ganze mit maximal 350ml zu machen, so das du nen geschmeidigen Teig rausbekommst und kein klebrigen Haufen.Wenn du so viel Hydration 
0_218673_9_5103781166652089;0.0794;disappointed;procedure-curious;price;;;Die EU wird sich wundern, wenn sie diese Ultra - Nationalisten aufnehmen würden. Die werden doch niemals ihre nationale Souveränität aufgeben, für die sie gerade mit Hunderttausenden von Toten bezahlt haben. Die Eurokraten verstehen nichts, weil sie nur Freude an ihrem Bankkonto haben und gelangweil
0_218673_9_43765148646125324;0.0794;satisfied;skincare-first;;;;Leckere Pizzabrötchen😍 Zum Rezept geht es hier.👇🏻Für 14 Pizzabrötchen benötigst du:•630g Weizenmehl Type 00 z.B. Teichners´ Beste•380g kaltes Wasser•18g feines Meersalz•10g Zucker•20g Olivenöl•15g frische Hefe oder 5g trockeneFür die Füllung:•150g Creme fraîche•60 g Salami (fein gewürfelt)•60 g Koch
0_218673_8_2031079153668173900;0.0794;satisfied;procedure-curious;;;;@Intotron @EvaHermanEx_ARD PS: Wer glaubt, dass die Natur ausgerechnet gestern unsere Atomwaffen Standorte bewirft,während Adana geräumt wird, glaubt auch, dass Zitronenfalter Zitronen falten.
0_218673_9_yt.ahE5OIbBNgc;0.0795;enthusiastic;skincare-first;;;;BEWERTUNG (2025): Kate Klassische Rote Textur Fotohintergründe. Infos Neugierig auf Kate Klassische Rote Textur Fotohintergründe? Hier ist ein Blick auf die Kernfunktionen.👉 Auf Amazon ansehen: https://www.amazon.de/dp/B08R9FWD8H/?tag=16w9h-20 (Affiliate-Link)Entdecken Sie den Kate Klassischen Roten
0_218673_9_4227366620761936;0.0795;satisfied;skincare-first;;;;​@toosleepyforeverything schon richtig, mathematisch verdoppelt sich die dicke bei jedem falten und es halbiert sich jedes Mal die Fläche. Spätestens, wenn das Blatt weniger breit ist, als es hoch ist, dann kannst du keine weitere Falz einarbeiten
0_218673_126_t1_ofm6lx8;0.0795;advisory;skincare-first;;;;Passt mir der Anzug wie er sollte und wie findet ihr ihn? Ich persönlich finde den generell ein bisschen eng (vor allem die Hose), aber das ist ja auch irgendwie Mode aktuell. Aber ja, wenn das Sakko Falten wirft ists zu eng.Länge vom Sakko geht aber klar, Ärmel müssten aber wahrscheinlich gekürzt w
0_218673_15_57688486902397076;0.0795;disappointed;procedure-open;;;;Buckelwale im Nordatlantik: ein Requiem und lange Reisen Aus den SciLogs: Der in der Ostsee gestrandete und in die Nordsee transportierte Buckelwal überlebte seine Freilassung nicht, nachdem er zunächst verschwand, wurde er an der dänischen Insel Anholt angespült. Da der Meeressäuger nun auf dem Rüc
0_218673_15_29362921938792396;0.0795;satisfied;skincare-first;;;aloe;Ligne St Barth – Die Essenz karibischer Schönheit -Advertorial- Inspiriert von duftenden Blüten, exotischen Früchten und der Leichtigkeit der Karibik steht Ligne St Barth seit über 40 Jahren für luxuriöse Pflege mit besonderer Herkunft. Auf der Insel Saint-Barthélemy entwickelt, vereint die Marke tr
0_218685_126_t1_nw696e2;0.0795;enthusiastic;skincare-first;botox,fillers;;;Beauty Trends bei Frauen Ich glaube ich spreche für die meisten Männer, wenn ich sage: Ich bevorzuge den natürlichen look 100%. Es wird niemals Makeup oder sonstiges geben, was eine Frau in meinen Augen wirklich schöner aussehen lässt, als wenn sie ungeschminkt ist. Insgesamt ist mir egal, wie Fraue
0_221687_190_3918092779274120201;0.0795;advisory;skincare-first;;;;"Softto+Plus 10 in 1 Pflegeöl – Haaröl, Gesichtsöl &amp; Körperöl mit Hyaluron, Anti-Aging &amp; Glow, 10 Wertvolle Pflanzenöle für Feuchtigkeit, Reparatur &amp; Strahlende Haut, 120 ml"
0_219424_190_3934836797450771235;0.0796;disappointed;skincare-first;spf;;zinc;Ich verzichte auf Chemischen Sonnenschutz. Der zieht in die Haut ein und kann hormonell wirksam sein. Für mich kommt nur ein mineralischer UV-Filter mit Zinkoxid, non-nano, infrage, der bleibt auf der Haut, statt einzuziehen.Das einzige Problem an mineralischen Filtern ist, sie weißeln fast immer. I
0_218673_126_t1_nn17uel;0.0796;disappointed;procedure-curious;;;;Chelsea Boots als Mann mit kurzen dicken Beinen Klar. 1. Kaufen natürlich wenig Leute Anzüge, weil sie es mögen, sondern eher, weil sie es für Job oder Hochzeit mal müssen. 2. Die die Anzüge kaufen, weil Sie Lust drauf haben, kaufen meist natürlich auch von der Stange.Übrig bleiben Leute, die das wi
0_218673_9_yt.uwv5-ZRizBc;0.0796;neutral;skincare-first;;;;Papierflieger für Kinder und Anfänger - Origami für Anfänger Papierflieger für Kinder und Anfänger - Origami für Anfänger. ✈️ In diesem Video lernst du Schritt für Schritt, wie Kinder und Anfänger ganz einfach einen Papierflieger falten können. Die Origami-Anleitung ist leicht verständlich und perfe
0_218673_126_t1_o0k4x3n;0.0796;disappointed;procedure-curious;;;;Warum merkt man in Österreich eigentlich sofort, wenn jemand aus Deutschland ist? ich habe eine vermutung aufgestellt: ich glaube, dass die kultur, in der man aufwächst, die falten des gesichts beeinflusst. extremes beispiel zur verdeutlichung: wenn man in deutschland groß wird, sieht das gesicht an
0_218673_126_t1_ovj3fqx;0.0796;advisory;skincare-first;;;;Wundervoll Zartweiche Füße mit einer Menge Geruch. Vor allem Tiefe Falten 😍 Gibt es auch mit getragenen Socken 🫠😉 wie findet ihr sie? Vielleicht in Nylons 😘😋🤤
0_221687_26_1454007893391530;0.0796;advisory;skincare-first;;;;"Unser Collagen Complex 🫧Schöne Haut beginnt von innen 💝Starkes Bindegewebe. Geschmeidige Gelenke.Tägliche Unterstützung mit Collagen &amp; Hyaluron 💪"
0_218673_9_23455847032378992;0.0797;satisfied;skincare-first;;;;Der Verfassungsschutz schützt die Verfassung ungefähr so, wie Zitronenfalter Zitronen falten.
0_218673_126_t1_ngo020g;0.0797;satisfied;skincare-first;;;;Udon Nudeln im Asia Store oft nicht vegan? Ich pack dir mal einen Link hier rein. Eigentlich ganz einfach: Wasser, Mehl und Salz mischen und mit der Hand kneten. Dann muss der Teig in eine Folie und wird mit den Füßen geknetet. Warten, ausrollen, falten und in dünne Streifen schneiden. https://1mal1
0_218673_9_24070418193999000;0.0797;neutral;procedure-curious;;;;Hey, bitte verbessert mich, wenn ich falsch liege, aber ist jemandem auch aufgefallen, dass Dome im Gespräch mit Luca (11:35) ganz anders aussieht als im Gespräch mit Marianne oder Lou (10:45)? Die Statur ist eine komplett andere, und auch die Gesichtszüge wirken verändert. Ich weiß, dass das Interv
0_218685_9_yt.3BE7cLwJg50;0.0797;satisfied;skincare-first;peel;;;Der Mesh-Pouf-Hersteller: Handgefertigte Peeling-Badeschwämme In dem Video stellt eine Handwerkerin mit Hilfe eines einfachen Holzrahmens und synthetischem Netzmaterial Badeschwämme her. Die Arbeiterin, die ein Kopftuch und ein blaues Langarmshirt trägt, spannt hellgrünes und gelbes Kunststoffnetzge
0_218685_8_2059659698702274619;0.0797;advisory;skincare-first;peel;;bha;Das 'Heartleaf LHA Moisture #Peeling Gel' von #ANUA entfernt sanft abgestorbene Hautzellen und überschüssigen Talg. LHA ist eine mildere Form der Salicylsäure, die Mitesser und große Poren reduziert. Für alle Hauttypen geeignet, auch für empfindliche Haut!https://t.co/qTsEGmSKz6 https://t.co/XTYM3It
0_221687_126_t1_nvpw3jv;0.0797;advisory;skincare-first;;;niacinamide;Which niacinamide serum do you all use? Minimalist or Plum or Ordinary? I have combination skin and I get hormonal acnes. They leave behind those red spots and scars and I don't know which serum is better. I thought to add azelaic acid serum to night routine but I am very confused about it. Minimali
0_219424_9_yt.sC-ZhitXIqM;0.0798;enthusiastic;procedure-curious;price,facelift,celebrity,pressure;microcurrent;;"Ginger Wollersheim fliegt nach Vietnam für ein Makeover | Exclusiv Jetzt streamen: https://plus.rtl.de/video-tv/shows/exclusiv-das-starmagazin-178699?utm_source=youtube&amp;utm_medium=editorial&amp;utm_campaign=beschreibung&amp;utm_term=rtlexclusivGinger Costello-Wollersheim reist für ein Facelift n"
0_219424_9_yt.yXYzdm-PFvs;0.0798;advisory;skincare-first;;;;Fauja Singh (113 J.) 🥬 TOP 5 Pflanzen für kein Altern. Anti-Aging-Vorteile. #FaujaSingh #PflanzlicheErnährung #AntiAgingErfahren Sie, wie der 113-jährige Fauja Singh die Top 5 pflanzlichen Lebensmittel isst, um nicht alt zu werden. Entdecken Sie seine Anti-Aging-Vorteile und Langlebigkeitsdiät.Eine 
0_218673_126_t1_nheyswr;0.0798;enthusiastic;skincare-first;;;;"Sind meine Hände feminin? https://preview.redd.it/fnq8fo4czqsf1.jpeg?width=2252&amp;format=pjpg&amp;auto=webp&amp;s=5e20c1d09d594343f07eb77434d5a452084b37a6Alle Falten in den Händen 😅"
0_218673_9_39221074742787255;0.0798;satisfied;procedure-curious;;;;Wenn knackiges exotische Frucht denkt die haben schon falten
0_218673_9_56589744100341577;0.0798;enthusiastic;skincare-first;;;;Wer dieses Wahlergebnis glaubt, glaubt auch daran das Zitronenfalter Zitronen falten. Und das im besten Deutschland aller Zeiten 😅.
0_218673_9_29345709979402247;0.0798;disappointed;procedure-open;price;microcurrent;;Herr Repinski scheint es in allen Belangen unter der aktuellen Regierung und denen der vergangenen 20 Jahre recht gut zu gehen? Die System Parteien sind für den Niedergang der deutschen Wirtschaft, die Coronapolitik, die Abschaffung eines gewinnbringenden Schulsystems, die Abschaffung von Sozialleis
0_218685_126_t1_o2cjhbr;0.0798;neutral;skincare-first;price,peel;;niacinamide;Schnell Akne durch Kleidung/Schwitzen Trägst du vornehmlich Kunstfaser? Gibt es einen Unterschied in deinem Hautbild, wenn du Kunst- oder Naturfaser auf der Haut trägst?Verwendest du parfümierte Produkte? Z.B. Weichspüler, parfümierte Hautpflege o.ä?Aus welchem Material ist deine Bettwäsche normaler
0_219424_126_t1_o6m0065;0.0799;advisory;skincare-first;fillers;;;What surgery did Ariana Grande undergo to achieve this result? Bei Ariana ist alles gemacht. Nasen OP. Augenbrauen Lift (ponytail lift) , Augenlider, Lippenfiller, Jawline Filler, Wangen Filler. Man Vermutet auch Bucklefat removing
0_218673_15_9499154066533031;0.0799;satisfied;skincare-first;;;;Samsung ist von sich überzeugt: Galaxy Z TriFold kommt in mehr Länder als geplant Samsung überrascht mit einer breiteren Einführung seines ersten faltbaren Smartphones mit drei Scharnieren, dem Galaxy Z TriFold. Statt nur in ausgewählten Regionen soll das innovative Gerät in deutlich mehr Märkten er
0_218673_126_t1_nnr5zzq;0.0799;advisory;skincare-first;;;;Was ist das für Teil neben dem Kreisel? Sieht aus wie ein Kreisel, den man noch falten muss. Die spitzen zur mitt me zusammen führen und dann hat man so ne Art Pyramiden Kreisel. 😅
0_218673_9_yt.TgJjLEoMREA;0.0799;enthusiastic;skincare-first;;;;Anleitung Ostertütchen!🐇 Aus etwas dünnerem Tonpapier könnt ihr schnell ein paar Ostergoodies zaubern. Dazu verwendet habe ich die Osterhasenstanze mit den Blättern von @alexandrarenke .🥰Viel Deko braucht es nicht wie ich finde, die Stanze ist eh schon wunderschön.😁AnleitungPapiergröße 14,5x20,5cmKu
0_218673_8_2044663398214824056;0.0799;satisfied;skincare-first;;;;@VceOfReason Wer denkt, die ÖRR sind staatlich, denkt auch, dass Zitronenfalter Zitronen falten.
0_218673_9_55098366795015096;0.0799;disappointed;procedure-curious;;;;Man sollte Falten zusammentragen die ein Regime darstellen und das ins Verhältnis zu Deutschland setzen.
0_221687_140_7571767139007302934;0.0799;enthusiastic;procedure-open;;;;Adventskalender ROSSMANN Marken Boyfriend Edition ✨ Wäre ich nicht so wild durch den Laden gelaufen, hätte ich es bestimmt geschafft! 😬 Produkte: Dekowelt 12er Set LFGB Tüten Xmas (2 x) ISANA Men Duschgel Polar Sky ISANA Men Duschgel Level up ISANA Men Premium Bartshampoo ISANA Men Bart-Styling Poma
0_219424_9_yt.FzDkZaF1cX0;0.08;neutral;procedure-curious;;;;Ich bin 97 Jahre alt – hier sind 10 Geheimnisse, um 120 zu werden, ohne krank zu werden ! Jung vs. Alt – Was können wir wirklich von einem 97-Jährigen über ein langes und gesundes Leben lernen? In diesem Video von Jung vs. Alt teilt ein außergewöhnlicher Senior seine 10 Geheimnisse, um möglicherweis
0_218673_9_30862424616871973;0.08;enthusiastic;procedure-curious;;;;"@Bullet4myv4lentin3 Hallo Markus und an alle die diesen Kommentar hier lesen hier mein Rezept für eine Lievito Madre-Biga Pizza: Für den Sauerteig Vorteig: 200g Mehl Tipo 00 (gerne das vom Sven ;-) ) 200g 40Grad warmes Wasser20g LM.  Den LM, am besten mithilfe eines Schneebesen, im Wasser auflösen, "
0_218673_126_t1_nkv3mvc;0.08;satisfied;procedure-curious;;;;"Eine ernste Frage zu Islam? 1 Kor 11; 7-9 ist schön, aber der kontext geht weiter.    10 Aus diesem Grund sollte eine Frau wegen der Engel Autorität über ihr eigenen Kopf haben. 11 Dennoch ist im Herrn die Frau nicht unabhängig vom Mann, noch ist der Mann unabhängig von der Frau. 12 Denn wie die Fra"
0_218673_9_39985358745548597;0.08;disappointed;procedure-open;price;;;Das Deutsche Volk schläft und schläft und schläft und schläft und schläft und schläft und schläft 😴😴😴😴😴😴😴😴😴😴😴😴😴😴😴😴😴😴😴😴😴😴😴 und auf einmal passiert es ein Wunder ist geschehen sie sind aufgewacht und sie freuen sich, sie haben die guten Nachrichten gehört von denn Altparteien. Sie dürfen länger Arbeit
0_218673_126_t1_nrya34z;0.08;disappointed;procedure-curious;celebrity;;;"Was machen Influencer, wenn sie älter sind und nicht mehr im Hype sind? ""Influencer"" ist halt ne gigantische spanne. Da gibts Leute die in ihren Nichen vermutlich so viel wie jemand mit nem normalen job verdienen und dann gibts natürlich die großen wie Gronk oder Monte die dadurch reich wurden. Letz"
0_218673_126_t1_o1ngqx2;0.08;satisfied;skincare-first;pressure;;;Eindruck bei Kleid? Ne denke das passt, ich denke, dass die falten dazugehören. Finde das kleid sieht sehr gut aus.
0_218673_9_8290855123507230;0.08;neutral;procedure-curious;;;;@navexytHey, bitte verbessert mich, wenn ich falsch liege, aber ist jemandem auch aufgefallen, dass Dome im Gespräch mit Luca (11:35) ganz anders aussieht als im Gespräch mit Marianne oder Lou (10:45)?Die Statur ist eine komplett andere, und auch die Gesichtszüge wirken verändert.Ich weiß, dass das 
0_218673_8_2025895213378494480;0.08;satisfied;skincare-first;;;;@DIALEKTRON_ @Martin_Sellner Zitronenfalter falten auch Zitronen. https://t.co/CGGQF6Gl6c
0_218673_9_yt.RZFj4aKGsIs;0.08;neutral;procedure-open;;;;Wie man wiederholte Zahlen in einem 3x3 Raster zur Sudoku-Validierung überprüft Erfahren Sie, wie Sie effizient auf wiederholte Zahlen in einem `3x3` Raster prüfen – entscheidend für die Sudoku-Validierung – mit klaren Python-Beispielen und Methoden.---Dieses Video basiert auf der Frage https://stac
0_219424_9_64591122327221130;0.0801;satisfied;skincare-first;botox;;;Ich denke auch, es ist Botox ähhh Jim Carrey, oben der Haaransatz identisch, Kinn identisch. Grübchen stimmen, nur deformiert, Oberlippe stimmt. Leider ja, ach man, über den hab ich mich früher kaputtgelacht. Wundert mich nicht, dass man keine Filme mehr von ihm sieht!Ach, Augenfarbe stimmt auch...d
0_219424_126_t3_1s0g2hi;0.0801;neutral;skincare-first;spf;;;Welche Sonnencreme und Feuchtigkeitscreme? Ich wollte mal damit anfangen mich um meine Haut zu kümmern. Welche Sonnencreme könnt ihr empfehlen die nicht so stark riecht und nicht so klebt? Am besten etwas was man im Laden kaufen kann oder einfach online bestellt (Am besten spf 50). Und sollte man So
0_218673_9_62239202857866472;0.0801;disappointed;procedure-curious;;;;"Exakt genau so war es in der DDR!Alle Kandidaten auf dem Wahlzettel waren von der Einheitsfront, gegen den ""Faschismus"".Wählen hieß im DDR-Volksmund ""Falten gehen"", weil man den Wahlzettel einmal falten (und nichts anderes machen) mußte. Und mehr als falten ging nicht ... wählen unmöglich, da keine "
0_218673_126_t1_nw1lxwo;0.0801;disappointed;procedure-curious;;;;Frohe Weihnachten 🎄🎄🎄 Teil 2: Drei Falten Spalten Falten
0_218673_9_63524216924396322;0.0801;satisfied;procedure-curious;;;;Die beiden haben sich so gut um die kleine Schwester gekümmert......Mama meckere nicht immer rum, sei froh dass die beiden so hilfsbereit sind.Du solltest den beiden Schwestern gegenüber dankbarer sein.Wer immer nur negatives sieht wo nix ist bekommt schnell falten und sieht alt aus.Älter als er ist
0_218673_9_45226232894909562;0.0801;enthusiastic;skincare-first;;;;Mein bestes 100% Biga Pizzateigrezept🍕 Zum Rezept geht es hier.👇🏻Für den Biga benötigst du:•1000g Weizenmehl Type 00•450g kaltes Wasser•3g frische Hefe (oder 1g trockene)Für den Hauptteig benötigst du:•Biga•230g kaltes Wasser•30g feines Meersalz•1g frische Hefe (oder 0,3g trockene)1️⃣Hefe im Wasser 
0_218673_8_2015570110732198283;0.0801;disappointed;skincare-first;price;;;Wer glaubt, was der 11.000-Euro-Maxi hier absondert, glaubt auch, dass Zitronenfalter Zitronen falten ⬇️ https://t.co/PccTHKHp3J
0_218673_126_t1_o80n8t8;0.0801;satisfied;skincare-first;;;;Rustikales Vollkornbrot Vorteig:100g Roggenvollkorn100g Wasser10g AnstellgutBis zur Verdopplung Reifen lassen (ca. 12h)Kochstück:25g weizenmehl125g Wasser Zusammen kochen und auskühlen lassenQuellstück:40g geschrotete Leinsamen 80g Wasser 2h verquellen lassenHauptteig:180g Wasser11g Salz 400g Weizen
0_218673_9_60754676287136377;0.0801;satisfied;procedure-open;;;;Na klar, ein Bauer mit einem Traktor und ein paar Heuballen stellt drei MX - Piloten und hält sie fest bis die Pozilei da ist,darum falten Zitronenfalter auch Zitronen 🤣🤣🤣🤣🤣🤣
0_218673_126_t1_ovayzsh;0.0801;disappointed;procedure-open;;;;Die Autolobby gibt Hunderte Millionen aus, damit du nicht elektrisch fährst Ich einen EV6 GT, die Beschleunigung hat dir die Falten aus dem Sack und das Teil fährt wie auf Schienen. Selbst meine Frau die nicht viel auf Autos gibt aber früher auf Rennstrecke Mopped gefahren ist findet das Ding geil.
0_221687_140_7625610429598829856;0.0801;satisfied;skincare-first;retinol,spf;;niacinamide;K-Beauty Produktfokus ✨ Heute im Blick: der Ultra Collagen Dewy Mist und die Ultra Collagen Cream von The Skin House. Der Dewy Mist kombiniert eine 2-Phasen Formel aus Öl und Essenz und enthält Kollagen, Retinol und Niacinamid. Die Ultra Collagen Cream zeigt eine reichhaltige, cremige Textur mit Fok
0_218673_9_68993446139568518;0.0802;satisfied;skincare-first;;;;Wer glaubt, dass die EU nun interveniert glaubt auch, dass!Zitronenfalter Zitronen falten!!!
0_218673_9_25968573837909558;0.0802;enthusiastic;procedure-curious;;;;Stimmt alles...Danke...dass sie da sind..❤Ich geniesse meine Ruhe...es geht mir so gut...ruhig,ausgeglichen,sogar Falten sind weg..kein Magenschmerzen mehr...ich konzetriere mich auf sich selbs und alles was ich gerne mache..und keiner kritisiert mich..wieder toll dieses Video...weil alles was sie d
0_218673_8_2009235299436777505;0.0802;disappointed;skincare-first;;;;@Wahrheiten23 Warum sehen die alle im so aus, wie sie aussehen?Alt, verbraucht, verhärmt, extrem viele Falten ... Nicht nur bei dieser Person, schaut mal bei den anderen, sieht man oft.
0_218673_126_t1_nyf1ym0;0.0802;disappointed;skincare-first;;;;Was war das größte Mülltrennungs- Verbrechen, das ihr je mitansehen musstet? ich finde es immer bizarr, wenn so manche Mütter bei uns im Haus zwar umständlich die Adressekleber von den Kartons runter ziehen und in den Restmüll, weil sie zu faul sind, in den kleineren Papiertonnen die Schachteln gar 
0_218673_126_t1_o1l1m92;0.0802;enthusiastic;procedure-curious;;;;Bin ich zu dumm um Hosen zu tragen? Die Hose steht dir gut so. Länge passt, keine Falten. Wie ist die Passform hinten und an den Beinen?
0_218673_126_t1_oywb93p;0.0802;disappointed;procedure-curious;;;;Autogewalt und Hilflosigkeit. Petition gegen Autogewalt. Gibt es in hier auch ständig. Immer gleiche Typen, zu acht geleaster Sportwagen. Verlieren oft die Kontrolle und knallen dann in den Strommast der Straßenbahn.Passiert auch nichts.Ein Anwohner hat es mal selbst in die Hand genommen, weil die a
0_221687_140_7628521703332728097;0.0802;advisory;skincare-first;;;glycerin;Hyaluron gilt als Feuchtigkeits-Booster schlechthin – für prallere Haut, weniger Fältchen und den berühmten Glow. Aber was kann der Wirkstoff wirklich? Unsere Beauty-Expertin und Ressort-Leitung Kristin macht den schnellen Wirkstoff-Check und erklärt, was wirklich dahinter steckt 🧐 Hyaluronsäure ist
0_218673_9_yt.GFeL47GsfI8;0.0803;enthusiastic;skincare-first;;;;"Herz Bastel Tutorial 💖 Papierherz falten leicht erklärt | Basteln mit Papier Herz Bastel Tutorial 💖 Papierherz falten leicht erklärt | Basteln mit Papier. ""Bastelideen Easy"" ist ein Kanal, der sich rund um Bastelthemen dreht: Papier, Bastelideen, Selbstgemachtes, ... mit ganz einfachen Bastelanleitu"
0_218673_9_54641004559859347;0.0803;enthusiastic;procedure-curious;;;;Echt toll🙏 und mit 100 fast keine falten 😮 wie unterschiedlich die Menschen sind👋Danke für's zeigen  Daniel 💫
0_218673_9_yt.QhnH6l4h6to;0.0803;satisfied;procedure-curious;;;;7 Tricks, um dein Zuhause zu ORGANISIEREN (Wirken fast illegal, aber funktionieren) 7 Tricks, um dein Zuhause zu ORGANISIEREN (Wirken fast illegal, aber funktionieren)Hast du das Gefühl, dass dein Zuhause nie wirklich ordentlich ist, egal wie sehr du es versuchst? In diesem Video entdeckst du sieben
0_218673_126_t1_odaibhy;0.0803;disappointed;skincare-first;;;;"Mein Cousin meint er sei ein ""Pädo-Hunter"" Ja sicher das, nen 17 jährigen mit nem merkwürdigen Hobby betreuen….Zitronenfalter falten keine Zitronen"
0_218685_126_t1_ooxi6pn;0.0803;neutral;skincare-first;price,peel,spf;;spf;"Suche Ersatz gegen eingewachsene Haare NoCosmetic BHA Peeling 9,99€ für Körper, Gesicht und Achseln (bitte 1 Tag vor Rasur anwenden, wenn man rasiert &amp; an Sonnenschutz denken)"
0_219424_9_yt.g67Vkcu1GWs;0.0804;disappointed;skincare-first;price,celebrity,pressure;;;9 berühmte deutsche Prominente, die infolge von Schönheitsoperationen tragisch verstarben In diesem bewegenden Video blicken wir auf die tragischen Schicksale von 9 berühmten deutschen und in Deutschland bekannten Prominenten, deren Leben durch Schönheitsoperationen, medizinische Eingriffe oder den 
0_218673_9_38392549146417088;0.0804;enthusiastic;skincare-first;;;;🇦🇹 ist selbstverständlich ein Kaiserreich. Aber diesen politisch korrekten Augenringe-Kaiser wünschen sich die Menschen nicht!!
0_218673_126_t1_o0nt8k1;0.0804;enthusiastic;procedure-curious;;;;Ist es für Frauen einfacher, attraktiv zu wirken als für Männer? Männer können bei mir viel mit Kleidung erreichen. Natürlich ist mein Geschmack nicht der von allen Frauen aber auch nicht jeder Mann steht auf hohe Schuhe und hautenge Kleidung. Mein Mann liebt süße Kleider an mir. 🤭Ich stehe bei Männ
0_218673_8_2017117922926240151;0.0804;enthusiastic;procedure-curious;;;;@Mudzahid_m1 @bergal52 @JulianAdrat Und Zitronenfalter falten Zitronen.
0_218685_15_61239035521263434;0.0804;advisory;skincare-first;botox;;;"Polizei hob illegalen Beautysalon aus Beamte der Fremden-, Grenz- und Finanzpolizei sowie des Zolls haben am vergangenen Sonntag in Salzburg einen illegal betriebenen Beautysalon ausgehoben. Der Betrieb wurde offiziell unter dem Begriff „Nagelstudio"" geführt, auf Social-Media-Plattformen wurden alle"
0_221687_190_3892306972741496946;0.0804;advisory;skincare-first;peel;;;Was tut ein Aquafacial für deine Haut???? Ein HydraFacial bzw. Aquafacial ist eine kosmetische Behandlung, die Reinigung, Peeling, Tiefenausreinigung und Feuchtigkeitsversorgung kombiniert. Dabei wird mit einem speziellen Gerät gearbeitet, das die Haut gleichzeitig absaugt und mit Wirkstoffen versor
0_219424_126_t1_o36v0ki;0.0805;disappointed;procedure-open;fillers;;;Was there a point to this scene or was it just filler? Bravo ThatOneDerpyDinosaur
0_218673_23_954080411043573;0.0805;satisfied;procedure-open;;;;Edles Teil Der Ständer ist super! Schöne Verarbeitung, stabil und klein zusammen zu falten. Meine E Gitarre und die Akustik stehen auf jeden Fall stabil darin. Im Vergleich zum Millenium stehen die Gitarren in dem Ständer deutlich stabiler. Ist aber natürlich auch deutlich teurer...
0_218673_126_t1_nw0fj0h;0.0805;disappointed;skincare-first;;;;seltsame Dusche Es gibt Duschkabinen die sich komplett an die Wand falten lassen. HSK z.B. stellt sowas her. Wenn's Wohneigentum ist, dann würde ich das Geld in die Hand nehmen. Wenn's ne Mietsbude ist, was schon erwähnt wurde: Stange in U-Form an die Decke und damit leben, dass einem der Vorhang am
0_218673_126_t1_odre5x7;0.0805;satisfied;skincare-first;price;;;Hefezopf mit Dinkelmehl Ich sehe keinen Zusammenhang zwischen Thermomix und Dinkel. Wer sagt das? Dinkel genießt gegenüber Weizen einen gewissen Heiligenstatus. Sie sind verwandt und haben ähnliche, aber doch nicht gleiche Eigenschaften. Zur Klärung: Dinkel ist im Vergleich zu Weizen:Weniger knetsta
0_218673_9_59551509566072629;0.0805;disappointed;procedure-curious;;;;​@Susan-e8q8gSie war kein Engel sondern ein Mensch mit Stärken und Schwächen wie alle Menschen.Jetzt hätte sie auch Falten,
0_218673_126_t1_nu22oxn;0.0806;neutral;skincare-first;price;;;Was empfehlt ihr auf dem Weihnachtsmarkt zu essen? Tüte Hefe, 500 gr Weizenmehl 1050, 230-250 ml warmes Wasser, 10 gr. Salz, 20 ml Öl. Vermischen, kneten, bis zur doppelten Größe gehen lassen, dehnen und falten. Teig für 5 Min entspannen lassen. Zu einem backblechgroßen Rechteck ziehen, den Mittelst
0_218673_9_7438328223447414;0.0806;enthusiastic;procedure-curious;;;;​@QueenE.3vom Alter her schon 😊. Meine Enkel sind alle pelziger Natur 🐈🐈‍⬛. Falten sind auch ne Menge vorhanden 😅.  Was den Rest betrifft...eher so grazy Oma 😊
0_218673_8_2032139149285654596;0.0806;enthusiastic;skincare-first;;;;@atzenfodse222 wer ist diese person?und dann noch eine zusatzfrage: ist das rechts im bild so eine kleiderstange mit angebautem brett welches als fläche dient wo man z.b. die wäschestücke akkurat falten kann?bedanke mich
0_218673_9_yt.CuVrFKP-atI;0.0806;satisfied;procedure-open;price;;;So falten Sie aus A4 Papier ein Papierflugzeug – Bastelideen Easy Lernen Sie Schritt für Schritt, wie Sie aus A4 Papier ein einfaches und schönes Papierflugzeug falten. ✈️Diese Bastelidee ist perfekt für Anfänger, Senioren und alle, die kreative DIY-Projekte lieben.Schnell, günstig und ideal als Fre
0_218673_126_t1_ony8bel;0.0806;neutral;skincare-first;;;;Für welchen Muskelbereich/Muskel habt ihr mal von Frauen Komplimente bekommen/gemerkt, dass sie darauf stehen? Visuel? Unterarme!!! Mehrfach von unterschiedlichen Seiten, allen Alters und Schichten.Mental? Als Single Geschirrtücher sortieren und Falten. Da ware ich etwas baff.
0_219424_126_t1_oxofgx4;0.0807;disappointed;procedure-open;fillers;;;Video: Zwischenfazit House of the Dragon Staffel 3 Ich hab Staffel 2 rewatched vor der 3ten. Die ersten beiden Folgen waren gut und spannend. Folge 3 war so naja passiert nicht wirklich was. Folge 4 dann die mit Abstand beste Folge die wirklich geil war. Folge 5,6 waren komplette Filler mit endlos g
0_218673_9_14884420668056752;0.0807;neutral;procedure-curious;;;;Wenn du Papier 41× faltest, gilt: Dicke = Startdicke · 2⁴¹.Für 440.000 km bräuchtest du ca. 0,20 mm Papierdicke – normales Papier hat eher ~0,10 mm. Heißt: Mit normaler Dicke müsstest du eigentlich 42× falten, dann landest du bei ~440.000 km (rein mathematisch).
0_218673_9_15693908536513665;0.0807;enthusiastic;procedure-curious;;;;Du schreibst...wer rastet der rostet  Horch trotzdem auf deinen Körper meine gute Seele    Ich weiß du hast viel Arbeit da kann man manchmal nicht anders als arbeiten arbeiten arbeiten...da kann ich auch ein Lied singen 😅 .  Aber wenn man so alt ist wie ich geht alles von alleine langsamer...denke i
0_218673_8_2036486133723361631;0.0807;enthusiastic;procedure-curious;;;;@SiriusDrakeCGBI @IndiCannArabica Du bist auch so einer der glaubt das Zitronenfalter Zitronen falten.. https://t.co/bWVcoS2c6j
0_218673_9_13667775711382069;0.0807;disappointed;procedure-open;;;;​@mediawatch9647 Klar, das erledigt direkt die Schöperische Zerstörung der Kommunisten. Gibt zwar seit dem 19. Jahrhundert immer wieder systembedingte Arbeitslosigkeit, Wirtschaftskrisen, Kriege aber die Kommunisten, was auch immer das sein mag werden alles hirnichten. Wir erinnern uns an die berühm
0_218673_8_2043731040011780361;0.0807;disappointed;procedure-curious;;;;@kerstinhapunkt1 @joel_aktuell Wer glaubt, dass viele Arbeitgeber, die niedrige Löhne zahlen, nicht mehr zahlen können, glaubt auch, dass Zitronenfalter Zitronen falten.
0_221687_190_3958552582845237980;0.0807;satisfied;skincare-first;retinol;;polyglutamic-acid;In a bit of a pickle. 🥒What do you think: should we replace fresh cucumber with pickled cucumber extract and pickle water?Our STUDIO BOTANIC FACE SERUM combines:• Ginseng Peptide + Resveratrol Ferment – support collagen production and regeneration• Hyaluronic Acid + Polyglutamic Acid – hydrate, smoo
0_219424_190_3933082728949049240;0.0808;satisfied;skincare-first;peel;;pdrn-skincare;Naturnadeln statt Metallnadeln? 👀Richtig gelesen! Denn anders als beim klassischen Microneedling kommen hier keine Metallnadeln zum Einsatz.Stattdessen enthält das Serum winzige Naturnadeln aus einem Süßwasserschwamm, kombiniert mit Lachs-DNA (PDRN) und Astaxanthin. Einfach einmassieren, danach nur 
0_219424_190_3941705621247670151;0.0808;enthusiastic;skincare-first;fillers;;;"Charakter: NPC mit Main-Character-Energie ✨Staffel: Seit 1991 am Laufen 📺Genre: Comedy, Romance &amp; Chaos ❤️😂Power-Up: Nach Ramen 🍜Mana: Bubble Tea 🧋Plot Armor: Situationsabhängig 😅Filler-Folgen: Montag bis Sonntag 💤Final Form: Nach dem ersten Kaffee ☕Zustand: Leicht beschädigt, aber liebenswert #"
0_218673_8_2016036176524660863;0.0808;satisfied;skincare-first;;;;@mkaufeld @SprachPhilo Genau, und Zitronenfalter falten Zitronen und der  Himmel ist grün.😂😂😂
0_218673_15_22073603287873512;0.0808;disappointed;procedure-curious;;;;Taumond Teiche ins Laub zeichnet tauendes Eis. Braun und vergessen winken ganz leis', wie in schweren Gedanken an Liebe, vergangen, Blätter, im Wiegen des Wassers gefangen. Pechschwarz am Himmel, mit Mähnen schneehell, scheuen Äste im Sturmwind, der wilde Gesell legt dem Bruder, dem nassen, die Stir
0_218673_126_t1_omb82ah;0.0808;neutral;skincare-first;;;;IKEA ANNAKAJSA Vorhänge. Bleiben die Liegefalten wirklich dauerhaft sichtbar? bei Jotex gibt es Vorhänge in Extrabreite in vielen Farben, abdunkelnd, halbtransparent, aus Leinen, Baumwolle, also ziemlich viel Auswahl und zumindest, die beiden Vorhänge, die ich bestellt hatte, haben keinerlei Falten
0_218673_126_t3_1ticzim;0.0808;neutral;skincare-first;price;;;Woher bekommt ihr weiße Unterzieh-T-Shirts hin, die am Hals ordentlich sitzen? Ich hab irgendwie ständig das Problem, dass weiße T-Shirts unter Hemden, Rundhalspullovern, Halfzip-Pullovern oder V-Ausschnitten am Hals total schlecht sitzen.  Entweder wirft der T-Shirt Kragen Falten, der Ausschnitt is
0_218673_8_2080191920999972872;0.0808;satisfied;procedure-curious;;;;@FredKuehlkamp Über die Entstehung des WK2 hast du offensichtlich genauso viel Ahnung, wie ein Zitronenfalter vom Zitronen falten. Also mach den Kopf zu und belesen dich erstmal...ist ja heutzutage alles frei zugänglich im Netz. Aber sicherlich sind haufenweise ausländische Historiker auch...
0_218673_9_29917263183241338;0.0809;disappointed;skincare-first;;;;Wer glaubt, dass Frauen keine pornos gucken der glaubt auch, dass Zitronenfalter Zitronen falten.
0_218673_9_41385539356827210;0.0809;neutral;procedure-open;;;;Dafür müsste das Papier aber entsprechend breit sein, ein DIN A4 Papier kann man max. 7 mal falten
0_218673_9_65023199314678223;0.0809;enthusiastic;procedure-curious;;;;"✨„GEnau deswEgen sChMier ich MiR orANGene FarBe auf meiNE AUgenRInge""✨"
0_218673_126_t1_nj0ef8n;0.081;enthusiastic;skincare-first;;;;"Wie kann ich jünger aussehen? Bin auch bei Ende 20. Keine großartigen falten, Brille sieht nicht nach alte Menschen Stil aus, Frisur ""normal' Kleidung mit Weiß und grün auch eher farbenfroh als so alte Farben wo alles Richtung brauntöne geht"
0_218673_126_t1_o8yawhn;0.081;disappointed;skincare-first;;;;Findet ihr Menschen die in ihrer Jugend viel gefeiert, Alkohol getrunken und geraucht haben sehen viel älter aus als sie sind? Ich hab mit 14 angefangen zu rauchen und Rauch immer noch. Ich hab mit 16 - 26 gefeiert und gesoffen was das Zeug hält. Heute bin ich 31 und werde auf Mitte 20 geschätzt, ha
0_218673_9_646087715244632;0.081;satisfied;skincare-first;;;;Ihr glaubt auch, dass Zitronenfalter Zitronen falten.
0_218673_126_t1_nlow751;0.0811;disappointed;skincare-first;;;;KiTa benötigt selbstgemachte Spenden für den Weihnachtsmarkt. Ideen? Auflaufform o.Ä. nehmen  Deren Boden mit Rasierschaum besprühen  Lebensmittelfarbe (ggf. mit Wasser verdünnt) mit Pipetten drauf Tropfen  Mit einer Gabel ein Muster ziehen  Aquarellpapier darauflegen und leicht andrücken  Papier he
0_218673_9_5700062507671951;0.0811;disappointed;skincare-first;;;;ich glaub das ist fast noch räudiger als dieses technic auto was du falten konntest
0_218673_8_2033262014466769215;0.0811;satisfied;skincare-first;;;;@LinuxEmbed27 @BeyondFuchsi Sie falten sie nicht, sondern sie SIND im Prinzip die Zitrone. Deswegen bekommen Zitronenfalter auch nur selten Skorbut.😬
0_219424_26_3184179365099791;0.0812;advisory;procedure-open;botox;;;Coiffeure LuanaShineOlaplex Botox-Aufbau Heisse schere
0_219424_190_3944769957628072721;0.0812;enthusiastic;skincare-first;price;;;"Driving good 💚✨Diesen Sommer waren wir Teil der @super_fleamarket Tour by @tonigarrn &amp; @porsche_de. Von Berlin über Cannes und Stuttgart bis nach Hamburg drehte sich alles um Fashion, Community und einen guten Zweck.Mit dabei: unser hyaluron beauty splash für den sofortigen Glow der Gäste 💦Mehr "
0_218673_9_54299704936186202;0.0812;satisfied;skincare-first;;;;Fallschirmjäger jagen Fallschirme und Zitronenfalter falten Zitronen.......oder nicht.
0_218673_9_42522068859121905;0.0812;disappointed;skincare-first;;;;Na darum habens keine falten die japaner und müssen windelhosen beim zugfahren tragen..😂😂
0_219424_9_8469766861517635;0.0813;enthusiastic;procedure-curious;fillers,price;;;ALLER REDEN REDEN DEMOKRASI MENCHEN RECHTER   WIR SIED.  KREFTIEGER. STEUER ZALER.  KURZ APOTEKER LAUFEN.  ZURUCK SAH. SRAFSETTEL 55 EURO +  ABSCHPER.   JA SOLLEN ALLER SCHMEN   ERLICHER. POLITIKAR.  KANMAN  PARSCHTÜCK NUR AUFDER WELT   GROSER. VERBEHER.  DURTZENDER. PE..........FILLER. IKELHAFT  TR
0_218673_9_yt.shkOIi0mlto;0.0813;enthusiastic;procedure-curious;pressure;;;BEWERTUNG (2025): Makita DUN461WRT Heckenschere.. WESENTLICHE Einzelheiten 👉 https://www.amazon.de/dp/B096S89JRN/ref=nosim?tag=16w9h-20 Makita DUN461WRT Heckenschere. auf Amazon (Affiliate-Link)Bitte abonnieren Sie unseren Kanal und unterstützen Sie uns! Ihre Unterstützung hilft uns, dieses Vorhaben
0_218673_126_t1_omecknq;0.0813;disappointed;skincare-first;;;;Ich habe als junger Mann erblich bedingten Haarausfall - und Leute geben mir die Schuld dafür?? Mein Bart ist 28 und ohne ihn sehe ich aus wie meine kleine Schwester, wenn sie Tränensäcke hätte. Also ja, Bart hilft! 😉
0_218673_126_t1_n6hyuro;0.0814;disappointed;skincare-first;pressure;;;6-beinige Spinne Die Beine selbst Funktionieren mit Druck der Flüssigkeit die Spinnen haben soweit ich weiß. Deswegen falten sich die Beine auch so zusammen wenn sie Sterben.Natürlich ist das eine Berechtigte Frage, und eventuell ist es möglich dass das so ist wenn Spinnen Schmerzen spüren können
0_218673_8_2019890111672963229;0.0814;disappointed;skincare-first;;;;"💢 Wer ist eigentlich „John Podesta"" („Pizza Gate"") und wie krank ist der eigentlich? Und warum nennt ihn Ex-Kanzler Scholz „meinen Freund"" und warum sieht Podesta absolut identisch aus wie Linkin Park-Star „Chester Bennington"" und warum sieht der wiederum genauso aus wie „Laurence Rockefeller"" und w"
0_218673_9_yt.1gLj0Jxy6yw;0.0814;disappointed;procedure-curious;laser,celebrity;laser;;"Dieses TikTok-Live hatte alles: Albaner.Musa, Arminius und die Klostein-Saga Willkommen im wahrscheinlich chaotischsten TikTok-Live seit der Erfindung des „Komm hoch""-Buttons: Ein Talk, der als harmloser Geburtstags-Smalltalk startet („Ich geh lieber zum Chinesen als stundenlang auf TikTok zu hängen"
0_218673_8_2034322325814857970;0.0814;disappointed;procedure-curious;;;;"""Der Verfassungsschutz schützt die Verfassung wie Zitronenfalter Zitronen falten."" https://t.co/NjsSQR10su"
0_218673_9_38706828971461731;0.0814;disappointed;skincare-first;;;;Die Front hat sich alles, aber nicht verbessert. Das sieht aus wie eine Chinesen-Temu-Kopie vom aktuellen 7er. Noch eckiger, Hauptsache Fett. Also das ist wirklich der Tiefpunkt des 7er BMWs. Da waren die Tränensäcke in den Scheinwerfern des 2000er-7ers schön, verglichen mit dieser Beleidigung
0_218673_8_2078756903115448403;0.0814;disappointed;skincare-first;;;;@chartscountdown @DerGanesha Zitronenfalter falten auch keine Zitronen. So muss man es mit dem Begriff Antifa auch sehen.
0_218673_9_yt.0bpk5MmGI4s;0.0815;satisfied;skincare-first;;;;Bundeswehr Strümpfe: Falten oder zusammenrollen? Schonende Spindlagerung In der Grundausbildung hatten wir damals noch die grauen Wollsocken. Um die nicht auszuleiern mussten wir diese gefaltet in das Sockenfach legen, nicht zusammengerollt.Und ihr so?
0_218673_8_2014453551867580773;0.0815;disappointed;skincare-first;;;;"@LindaTeuteberg Sie @LindaTeuteberg  meinen mit Täuschung sowas? Aus einer Greisin mit „rundem"" Gesicht u Falten, die in der nächsten Legislaturperiode ihren 80. Geburtstag feiert, mit Photoshop und Schminke eine dynamische Mittvierzigerin machen? #FDP und Wahlplakate, Vorsicht! @ZDF @heuteshow http"
0_218673_8_2020444513051758820;0.0815;disappointed;skincare-first;;;;RT @Allatra_DE: Altern beginnt nicht im Spiegel – sondern in unseren Zellen 🧬⚠️Falten und graue Haare sind nur die sichtbare Folge. Der eigentliche Alterungsprozess startet tief in unseren Zellen: in gestörten Mitochondrien, oxidativem Stress, chronischen Entzündungen und DNA-Schäden.Genau https://t
0_218673_9_70897944059406526;0.0815;disappointed;procedure-open;;;;Na die lassen sich doch alle in die Bahn falten, da ist keiner mehr im Auto unterwegs 😄
0_218673_9_yt.eTNAul3DAQE;0.0816;neutral;skincare-first;;;;BEWERTUNG (2025): Clarins Doppleserum 50ml. WESENTLICHE Einzelheiten Erhalten Sie einen schnellen Überblick über die Kernfunktionen von Clarins Doppleserum 50ml.👉 Auf Amazon ansehen: https://www.amazon.de/dp/B0BPQJMG11/?tag=16w9h-20 (Affiliate-Link)Entdecken Sie das Clarins Doppleserum 50ml, ein hoc
0_218673_9_51034116307156799;0.0816;satisfied;skincare-first;;;;Welche Plaster sollte ich bei Pigmentflecken verwenden im Gesicht?
0_218673_126_t1_ooxmcxy;0.0816;satisfied;skincare-first;;;;Pizza wird wieder nichts... Bei uns gab es heute auch Pizza, und ich mache auch etwas Olivenöl an den Teig, damit im Haushaltsofen auch der Rand etwas Farbe bekommt.Versuch das mal als 24h-Teig, wenn du nicht ganz spontan in 1-2h Pizza machen willst:1000g 00 (Caputo vom Lidl)    660 ml kaltes Wasser
0_219424_126_t1_onr463a;0.0817;disappointed;skincare-first;;;;Boomer und Wikinger Jap, ist nichts neues. Irgendwo schade, ich mag die Ästhetik und Mythologie so auf Arte-Doku Basis auch. Aber man muss sich ja auch nicht alles kaputt machen lassen
0_218673_9_yt.PCecwc16oY4;0.0817;enthusiastic;skincare-first;spf;;;Blick in meine Kreativ   Hefte und Art Journale Zeige euch was aus den nächsten Seiten in meine Art Journale passiert ist, was noch an Kreativ - Heften entstanden ist und was zur Heft Dekoration gemalt wurde.MIni Booklet gestalten - einfach falten - Happy Painting! Clubhttps://youtu.be/qKHC9h27efs?s
0_218673_9_yt.ZlNbC6VM-do;0.0817;satisfied;skincare-first;celebrity;;;🍞🌰 Genau das Brot, das man an kalten Tagen braucht. ❄️🤎 Außen knusprig, innen herrlich weich und voll mit diesem warmen, nussigen Maroni-Aroma.2 Laibe á 900gVorteig:*   40g Weizenmehl 700*   40g Weizenvollkornmehl*   80g Wasser*   8g reifer SauerteigHauptteig:*   Vorteig*   730g Weizenmehl 700*   10
0_218673_8_2030333494983794780;0.0817;disappointed;skincare-first;;;;@AntifaNazisfck @JankaKluge Und die DDR war demokratisch und Zitronenfalter falten Zitronen...
0_218673_8_2051633101567091005;0.0817;disappointed;procedure-curious;;;;"@oppa80055 @ChatElonmurbq ""die nationalsozialisten waren links""herr lass hirn regnen.sie glauben wohl auch, dass ZITRONENALTER ZITRONEN FALTEN?"
0_218673_126_t1_oxutwhw;0.0817;disappointed;skincare-first;;;;ich⚽iel Erinnert ihr euch noch an den typen der immer bei EM oder WM videos gemacht hat(tiktok oder insta) wie man die Deutschland flagge falten muss um wieder bei der WM/EM dabei zu sein (damit ne andere landes flagge rauskommt, welche noch mitspielt). Bei der qatar WM oder EM (bin ned im Fußball g
0_219424_126_t1_oup79k7;0.0818;neutral;skincare-first;fillers;;;Juni 2026 - Social Media-Thread über Christian Wolf & Co Habe gerade Zeit und mal auf ihrem Profil geschaut - kann es sein, dass sie an ihren Zähnen was machen lassen hat? Die sehen auf alten Bildern ganz anders aus? Viel kleiner und mit leichter Zahnlücke vorne. Sie hatte wohl auch mal Lipfiller dr
0_218673_126_t1_nuee831;0.0818;disappointed;skincare-first;;;;Interessante Abhandlung über das Lesen der Falten und Runzeln des Anus Danke, hab noch ein Weihnachtsgeschenk gesucht. Ist auch schön was zu haben, was man direkt unterm Weihnachtsbaum ausprobieren kann.
0_218673_126_t1_nuk0glb;0.0818;enthusiastic;skincare-first;;;;"2 Stufen Sauerteig ciabatta Stufe 1:-100g warmes Wasser-120g Weizenmehl (ich habe ein sehr backstarkes Mehl aus einer Mühle hier ums Eck)-20g Starter (bei mir lievito madre - also ein recht fester Weizensauerteig)-&gt; 12h bei Raumtemperatur (bei mir ca. 24 Grad, 10h)Stufe 2:-Stufe 1-60g Wasser -80g"
0_218673_15_65946224979888827;0.0818;enthusiastic;procedure-curious;laser,price,pressure;laser;;Die Gewinner stehen fest: Das sind die schönsten Bücher 2026 Die Gewinner des Wettbewerbs »Best Book Design from all over the World« zeigen auch in diesem Jahr die unendlichen Möglichkeiten der Buchgestaltung – und, dass man sich immer trauen sollte, out of the box zu denken und zu designen. Die fü
0_218673_15_4437796138236340;0.0818;satisfied;skincare-first;celebrity;;;Oh oh Sonne: Was tun bei Pigmentflecken? Wutha-Farnroda, 08.07.2026 (lifePR) – Kennen Sie das? Sie genießen einen schönen Sonnentag und statt eines gleichmäßigen, gesunden Teints kommen eher braune, unregelmäßige Flecken zum Vorschein? Das können Pigmentflecken sein. An sich ist die Braunfärbung der
0_219424_190_3930321021278095465;0.0819;enthusiastic;skincare-first;fillers;;;"Das Getränk des Sommers - ""Hop(e) Tea"" sparkling ice tea mit Hopfen. Kein Alkohol 🤝🏼😄💦🌿🍋‍🟩 Gemeinsam gebraut und ausgedacht mit Alex @thegreennuernberg..nachdem der erste Batch super fix ausverkauft war haben wir gleich mal nachgelegt! Kräftiger Assam-Schwarztee sowie Mosaic und Citra Hopfen treffen"
0_218673_126_t1_n9hlicj;0.0819;satisfied;skincare-first;;;;Graue Haare als 30 Jähriger Mann Normal, oder? Hab auch angefangen, mit 30 grau zu werden. Das kannst du nicht aufhalten. Manche werden schneller grau, manche kriegen schneller Falten...es gibt bei Amazon oder in der Drogerie Färbeshampoos, die funktionieren ganz gut. Ansonsten halt regelmäßig zum F
0_218673_9_yt.LxZZn05VECg;0.0819;satisfied;skincare-first;pressure;;;Papierflieger Falten - Papierflieger Falten Der Weit Fliegt A4 Teil 58 - Bastelideen Easy Papierflieger Falten - Papierflieger Falten Der Weit Fliegt A4 Teil 58 - Bastelideen Easy. Du suchst eine einfache Anleitung für Anfänger? In diesem Video zeigen wir dir Schritt für Schritt das Papierflieger Fa
0_218673_126_t1_o48htov;0.0819;neutral;procedure-open;price;;;"Wie erklärt ihr Teslas hohes KGV von ~400? &gt;Um besser beurteilen zu können, was der aktuelle Stand der Dinge ist und ob Solar aus dem All im Jahr 2050 eine ernstzunehmende Alternative zu erneuerbaren Energien auf der Erde sein könnte, zog die Nasa Anfang 2024 in einer Studie Bilanz. Diese fiel al"
0_218673_9_40150049801184431;0.0819;advisory;skincare-first;;;;Was sind den das für merkwürdig aussehende Falten hinten am Hals von Merz?
0_218673_126_t1_ocyb24q;0.0819;satisfied;skincare-first;;;;Was sind die besten Hosenbügel um Chinohosen im Schrank aufzuhängen, damit sie keine Knicke und Falten bekommen? Ich dachte, bei der 3 (dem aus Holz) halbiert man die Hose ebenfalls und hängt sie dann so rein, dass Beinöffnungen und Bund nach unten zeigen
0_218673_8_2038669331186250198;0.0819;satisfied;skincare-first;;;;@VolkerPetzer Wer Joachim-Friedrich glaubt, der glaubt auch das Zitronenfalter Zitronen falten.
0_221687_9_yt.vB_SS4UVOrw;0.0819;advisory;skincare-first;;;;Probando el Azelaic Acid 10 Kojic Tea Tree Serum de #purito #serum
0_219424_171_3948274853257966805;0.082;advisory;skincare-first;botox;;;Wieso sollte Botox frauenfeindlich sein? Ist Lippenstift, Mascara und Puder dann auch frauenfeindlich? Oder zum Friseur gehen? Wieso kann sich nicht jeder so herrichten, wie er es für schön hält?
0_218673_126_t3_1os3l2e;0.082;advisory;skincare-first;;;;Augenringe bei Frauen ? Ich hab mal gehört, dass Männer Augenringe bei Frauen unattraktiv finden. Stimmt das und wenn ja warum ? Mich persönlich stört es nicht wenn man meine Augenringe ungeschminkt sieht aber irgendwie ist mir die frage gerade in meinen Kopf gekommen.
0_218673_15_55618537527098034;0.082;advisory;skincare-first;retinol,price,spf;;aha;Beauty-Tipps bei Halsfalten: Warum die Haut am Hals eine spezielle Pflege benötigt Dass unsere Haut altert, Fältchen entwickelt und sich ihre Struktur mit der Zeit verändert, ist kein Geheimnis – all das gehört zum natürlichen Alterungsprozess dazu. Doch warum werden Halsfalten oft früher sichtbar a
0_218673_126_t1_nrnquvg;0.082;disappointed;procedure-curious;;;;Warum????? Sounds like a Single Man for me. Aboard the ship. Es gibt mehr als genug Männer die kein Teil des Genderklischees sind und wäsche vernünftig falten und aufhängen und einen gemeinsamen Haushalt auch als das gemeinsame sehen.
0_219384_9_17404613617536278;0.082;satisfied;skincare-first;laser;;;Im Endeffeckt ist jede Waffe auf ihre Art ein Burst-Brett.Ich liebe die HK417. Die hat zwar einiges an Rückstoß was nicht so geil auf weite Entfernungen ist außer man benutzt Einzelfeuer, aber dafür haut die derbe Schaden raus.Ganz anders ist die AK-205 z.B eher zart besaitet vom Schaden her, aber d
0_219424_126_t1_ocd6gwn;0.0821;disappointed;procedure-open;fillers,price;;;Ich liebe Filler-Episoden von Serien Die Episode mit der Fliege bei Breaking Bad… gezwungenermaßen entstanden um einen Kostenengpass der Produktion zu überbrücken. Ist für mich eine legendäre Folge, trotz Filler Status
0_219424_190_3937501053224847820;0.0821;satisfied;skincare-first;fillers;;aha;Alle fragen mich —was hat sie gemacht?Ihr Gesicht sieht so frisch aus.So definiert. So natürlich. 👁️Kein Filter. Kein Photoshop.Das ist Polymilchsäure —und das ist Wissenschaft. 🤍——————————————Was ist Polymilchsäure?Sculptra und Ellure gehören zu denfortschrittlichsten bioaktivierbarenSubstanzen in 
0_219424_171_3937504142058922452;0.0821;satisfied;skincare-first;fillers;;aha;Alle fragen mich —was hat sie gemacht?Ihr Gesicht sieht so frisch aus.So definiert. So natürlich. 👁️Kein Filter. Kein Photoshop.Das ist Polymilchsäure —und das ist Wissenschaft. 🤍——————————————Was ist Polymilchsäure?Sculptra und Ellure gehören zu denfortschrittlichsten bioaktivierbarenSubstanzen in 
0_218673_9_70381410242410786;0.0821;disappointed;procedure-curious;;;;​@@HolzschieberDie DDR hatte keinen demokratischen Sozialismus.Man sagte damals wenn man wählen ging, man geht falten.Das sagt alles aus. 😉-Die DDR war eine Autokratie wie die BRD in einigen Punkten auch.Gerade was Wirtschaftspolitik angeht holen die Parteien in der BRD die für die reichsten 10 % Po
0_218673_126_t1_nqmcax9;0.0821;neutral;skincare-first;laser,peel;;;Nasolabialfalte Lasern? Du kannst jedenfalls mit at home microneedling beginnen. Das ist gratis (nachdem du das Gerät hast) und der kleine Bruder des Co 2 laser...Ich persönlich mache einmal monatlich 1-1.5mm mit dem Derminator..Es gibt einen subreddit zu microneedling
0_218673_9_35888309007357227;0.0821;disappointed;skincare-first;;;;Wer dieser Regierung vertraut kann auch übers Wasser gehen. Glaubt das Zitronenfalter Zitronen falten und Wasser niemals nass gewesen ist. 😅😅😅😅😅Das gilt für alle deutschen Regierung nach Helmut Kohl  !!!!!!!!
0_218673_126_t1_o8oedob;0.0821;advisory;skincare-first;;;;Wie werde ich meine Augenringe los? Ich sehe keine Augenringe. Wirklich nicht.
0_218673_9_53509948589474836;0.0821;disappointed;procedure-open;price;;;Danke. Unsere Körperlichkeit, unser Energieaustausch - alles basiert auf Elektromagnetischer Wechselwirkung. Auch die Eiweiße der Ribosomen falten sich auf Grund der elektromagnetischen WW untereinander. Bei ungünstigen Bedingungen falten sie falsch und vorbei ist es mit der Möglichkeit sich zu verm
0_218673_9_3768314184991369;0.0821;satisfied;procedure-open;;;;Ja, passte alles  OK Ben war durchs falten halt mehr Teig als unten.
0_218673_126_t1_opwrrxw;0.0821;disappointed;procedure-curious;;;;"Warum reden alle immer vom lieben Gott? „Wer glaubt, dass Niederlassungsleiter Niederlassungen leiten glaubt auch, dass Zitronenfalter Zitronen falten."" ![gif](giphy|OKaqFqkwhUsKs)"
0_218673_9_36224140174658937;0.0821;enthusiastic;skincare-first;;;;Exklusive Maxi Partykleider im schönen Falten-Stoff weitgestellte in schöne Sommer Farben, die Accessoires in Gold signalisieren Reichtum der Trägerin, vier Model laufen sehr Professionell Grüße aus Berlin.🎉🎉🎉🎉
0_219404_126_t3_1re5ix0;0.0821;disappointed;procedure-curious;facelift,pressure;;;Nachbarin, Susanne und ihre Familie. Susanne war alleinerziehende Mama von 2Kindern und wohnte nach der Trennung ein Haus weiter bei ihrer Mutter Brigitte 61Jahre alt. Susanne war eine 1.64 große und 80 Kg leichte Frau. Nach der Trennung hatte sie im Alter von 43Jahren bereits eine 20-jährige Tochte
0_218673_126_t1_nvl88fr;0.0822;disappointed;skincare-first;;;;Warum machen sich manche Männer Ü30 älter als sie sind? Männer haben in der Regel einen geringeren Körperfettanteil und deshalb sieht man ü30 halt auch schneller Falten weil Fett stützt halt auch und außerdem betreiben viele Männer auch keine skincare.
0_218673_126_t1_nxnssjy;0.0822;disappointed;skincare-first;;;;5.1.26 (Montag), 18:30, Hallplatz, Demo Gegen Rechtsextremen Aufmarsch Zitronenfalter falten keine Zitronen.
0_218673_8_2024299381885686059;0.0822;enthusiastic;procedure-curious;;;;@EberKatinka Katinka Eber glaubt alles, so lange es gegen Juden geht. Vermutlich auch, daß Zitronenfalter Zitronen falten.
0_218673_126_t1_omgotaw;0.0822;enthusiastic;procedure-curious;;;;"Tuntenhausen ""weil Frauen keine Falten haben können?""Ich liebe es, wenn sich Leute absichtlich dumm stellen. Der Mann sieht aus wie ein Mann und fertig."
0_218673_126_t1_ownrp0u;0.0822;satisfied;skincare-first;;;;Welches Waschmittel direkt in die Trommel? Wenn du keine Vorwäsche brauchst: einfach auf eines der Wäschestücke schütten, leicht falten und rein damit.
0_218673_126_t1_nj8lplr;0.0823;satisfied;procedure-curious;;;;Ziehen und Falten? Und, was ich gemerkt habe: das richtige Shaping ist fast mit am wichtigsten für gutes Volumen am Ende. Schön auf Spannung bringen
0_218673_8_2009369441117553012;0.0823;enthusiastic;procedure-curious;;;;@Patrick_Proemer Wer die Ergebnisse von Wahlen glaubt , glaubt auch , daß Zitronenfalter Zitronen falten 🤡‼️
0_218673_9_57442797656883675;0.0823;neutral;procedure-curious;;;;Hab mal gehört das man jedes Blatt egal wie groß nur max 7 mal fallten kann. Deine Rechnung ist allerdings auch falsch Luka 42 mal falten sind ca. 384.000 km wie kommst du bei 41 mal falten auf 440.000 km
0_218673_9_27510535004873908;0.0823;satisfied;skincare-first;;;;​@GZDB254180 gr. Mehlkochstück aus Dinkelmehl(Mehlkochstück wie Pudding zubereiten aus 30gr Dinkelmehl, 150 gr Wasser und 12 gr. Salz- komplett auskühlen lassen bevor es in den Teig geht = Ergibt ca 180 gr das fertige Mehlkochstück) 435 Dinkelmehl120 Roggenmehl240 gr Wasser18 gr Sauerteig (Roggen) A
0_218673_8_2036181907965186290;0.0823;satisfied;skincare-first;;;;@Sunnymica Wer das glaubt, glaubt auch das Zitronenfalter Zitronen falten
0_218673_126_t1_olfyp7c;0.0823;neutral;procedure-curious;;;;Warum lügen manche Männer eigentlich bei ihrer Größe? Denkst du das ist bei Männern anders, wenn die Dame plötzlich deutlich mehr Falten und Speckröllchen als auf den Bildern hat?
0_221687_26_841535105097809;0.0823;satisfied;skincare-first;retinol;;retinol;👉 Exosomen Gesichtsmaske – Tiefenwirksame Hautregeneration für ein jugendliches HautbildDie Exosomen Gesichtsmaske ist eine innovative Anti-Aging-Pflege mit 🌿 Centella asiatica Exosomen und Retinal, die die Haut intensiv regeneriert und sichtbare Zeichen der Hautalterung bekämpft. Diese Maske kombin
0_218673_9_57488176053489329;0.0824;disappointed;skincare-first;;;;Die DDR war gar keine Demokratie? Zitronenfalter falten gar keine Zitronen?
0_218673_126_t1_okb9673;0.0824;advisory;skincare-first;price;;;Welches Beauty-Produkt hast du nachgekauft, obwohl es teuer ist? Ich habe lange nach einer passenden Foundation oder einem passenden Skin Tint/BB Cream gesucht.Bin bei Mac eine Nc 15 und habe eine trockene Haut.Ich möchte einfach nur ein bisschen frisch aussehen und es darf sich nicht in die Fältche
0_218673_9_58373649890911245;0.0824;disappointed;procedure-open;botox;;;Mit 40 macht sie das nicht mehr? Dann hat sie ja nur noch 3 Jahre. Sie denkt ja sie wäre perfekt gebotoxt und geliftet aber schaut sie euch an... Pickel Falten Emmy...
0_218673_9_53045188567750408;0.0824;disappointed;procedure-curious;;;;"""Prof."" Fratscher hat von Ökonomie die gleiche Ahnung, wie ein Zitronenfalter vom Zitronen Falten!!!👎👎👎"
0_218673_8_2078866856878784529;0.0824;enthusiastic;procedure-curious;;;;RT @big_ray51166: @lawen4cer Jaja... Zitronenfalter falten Zitronen... Und nun noch abstruse Begründungen für diesen ideologischen Kurzschluss nachschieben. Die Nummer zeigt nur die komplette idiologische Verblödung bei den Grünen.. deal with it..
0_218685_126_t1_ndw5uh5;0.0824;satisfied;skincare-first;fillers,laser;;;"Welche Beauty Trends fandet ihr verrückt? Ich finde den ""Clean Girl"" Look langweilig, unkreativ und austauschbar. Auch diese Sleek Zöpfe sehen auch irgendwie schmerzhaft aus. Ich sage das, weil ich auf stärkeres Makeup und den ""künstlicheren"" Look stehe: Fake Lashes, sehr dünne Augenbrauen, Cut Crea"
0_219384_15_50259929605744944;0.0824;satisfied;procedure-open;laser;;;Neues zur nicht-invasiven Blutzuckerüberwachung der Apple Watch Wie Mark Gurman von Bloomberg kürzlich berichtete, hat Apple die Leitung des Projekts zur Entwicklung einer nicht-invasiven Blutzuckerüberwachung neu besetzt. Die Aufsicht wechselte von Tim Millet zu Zongjian Chen, einem leitenden Ingen
0_221687_26_1443689927764061;0.0824;advisory;skincare-first;retinol;;pha;SkinPure – Natürliche Klärung für unreine Haut 🌿Ein pflanzlicher Bioflavonoid-Extrakt aus den Blättern des Maulbeerbaums, der auf mehreren Ebenen gegen Unreinheiten wirkt.✔ Reguliert die Sebumproduktion und reduziert Glanz✔ Antibakteriell gegen Akne-verursachende Bakterien✔ Entzündungshemmend, beruh
0_221687_140_7635966089574321440;0.0824;advisory;skincare-first;;;;Primabiotic Hyaluron Vegan Sugar-Free Collagen Drink #FrühlingsMustHaves #DealsFürDich #primabioticcollagen #creatorsearchinsights #viral
0_219424_15_11165864842910401;0.0825;satisfied;procedure-curious;;;;Sonnenhof entwickelt sich zum Genussresort Das 5-Sterne-Superior-Hotel Der Sonnenhof in Bad Wörishofen stellt sich strategisch neu auf und entwickelt sich vom klassischen Grandhotel hin zu einem ganzheitlich gedachten Genussresort. Im Fokus steht eine stärkere Verzahnung der Bereiche Kulinarik, Well
0_219424_9_yt.dKgg85il4JM;0.0825;enthusiastic;skincare-first;laser;;;Geheimnisse für ein langes Leben: 5 essenzielle Tipps 🍎✨ #langlebigkeit Willst du wissen, wie man gesund und glücklich alt wird? In diesem Video erfährst du die 5 wichtigsten Gewohnheiten für ein langes Leben. Von der richtigen Ernährung bis hin zur mentalen Ruhe – diese Tipps verändern alles! 🍎🧘‍♂️
0_218673_9_18472521714587473;0.0825;advisory;skincare-first;;;;Der färbt seine Haare und benutzt anti falten Creme 😂
0_218673_8_2018246207156465816;0.0825;disappointed;skincare-first;price;;;@ergroovt Wer glaubt, dass der Strom nicht mit Steuern ausufernd belastet wird, der glaubt auch das Zitronenfalter Zitronen falten.
0_218673_126_t1_o7ad123;0.0825;disappointed;skincare-first;;;;"Eins meiner Lieblings ""langweiligen"" Outfits, was denkt ihr? Ja dieses Schlaghosen-ähnliche Jeans mit den Falten sieht auf dem Bild etwas merkwürdig aus.Ist jetzt aber kein Grund jemanden im Spind einzusperren."
0_218673_8_2041467487917691290;0.0825;enthusiastic;skincare-first;;;;@micha_bloss Und @micha_bloss glaubt das Zitronenfalter Zitronen falten
0_218673_9_yt._J7T3-Jvwl0;0.0825;disappointed;skincare-first;;;;Kaum zu erkennen: Bad Bunny als alter Mann bei der Met Gala Bad Bunny verblüfft bei der Met Gala 2026 im Metropolitan Museum of Art: Der Rapper erscheint mit grauen Haaren, Falten und Gehstock.
0_221687_126_t1_ncls91p;0.0825;satisfied;skincare-first;;;;Which vitamin c serum is best Melano CC
0_219424_190_3946980774806355373;0.0826;satisfied;skincare-first;;;;Kundin kam mit selbst hell blondierten Haaren von schwarz. Sie hat sich ein warmes gleichmäßiges Blond gewünscht. Ausgangsbasis war sehr fleckig und teilweise noch echt dunkel. Blondierwäsche mit Efassor 6%, halbe Stunde, danach Hyaluron Glossing und sie wollte KEINEN Schnitt leider 😝
0_218673_9_17686069742571294;0.0826;satisfied;procedure-curious;;;;Stuttgart? Grün Versifft. kannste falten.
0_218673_126_t1_o13s25k;0.0826;satisfied;skincare-first;;;;Zählt das als Mogel? NIVEA Q10 Anti-Falten Zement
0_218673_9_25148635338258879;0.0826;neutral;procedure-curious;;;;Wenn ich annehme dass ein DIN A4 Blatt eine Stärke von 0,1mm hat und wir es verlustfrei falten können, also quasi teilen und stapeln, dann kommt man auf 0,000001x2^41km = ~220.000km
0_218673_9_yt.rv3qO17hPuU;0.0826;satisfied;skincare-first;celebrity;;;"Sauerteigbrot mit Zwiebel 🧅✨ Dieses Brot duftet einfach unwiderstehlich 🤍 Saftige Krume, süße Zwiebeln &amp; knusprige Kruste – mehr braucht's nicht.ZUTATEN FÜR 2 LAIBE à 900 g) Vorteig: * 54 g Weizenmehl 700* 18 g Roggenvollkornmehl* 72 g Wasser* 36 g reifer Sauerteig Hauptteig: * 774 g Weizenmehl "
0_219424_9_59950361583759673;0.0827;advisory;skincare-first;botox;;;Schwachsinn...die Augen lässt er also auch umfärben weil er jünger aussehen möchte 😂😂?Nervengift in Form von Botox ändert nicht die Augenfarbe, dass kannst du auch gerne googeln.
0_219424_140_7657638489147657504;0.0827;neutral;procedure-curious;price,celebrity;;;Abholung oder Lieferung direkt aus unserem 6.000 m² großen Outlet in Gevelsberg – so groß wie ein Fußballfeld, mit über 500 Sofas sofort verfügbar! Bestellung sofort auf dekadentliving (N3784L) Ware ist eingelagert und wird auf Wunsch aufgebaut. Nur 2990,-€ bei Abholung. Statt: 9999,99 € 0% Finanzie
0_218673_9_21540968518857563;0.0827;neutral;procedure-curious;;;;220.000 km. Für 440.000 km müsste man nochmal falten. Außerdem ist DIN a4 wurscht
0_218673_9_yt.2MWEzQKp2AQ;0.0827;satisfied;procedure-open;price;;;BEWERTUNG (2026): AEG Waschtrockner Serie 7000 ProSteam. Infos Denken Sie über AEG Waschtrockner Serie 7000 ProSteam nach? Dieses Video behandelt die wichtigsten Funktionen.👉 Auf Amazon ansehen: https://www.amazon.de/dp/B0DJBWL9CP/?tag=16w9h-20 (Affiliate-Link)Der AEG Waschtrockner Serie 7000 ProSte
0_218673_9_17005219754933662;0.0827;enthusiastic;procedure-curious;;;;Wer glaubt das Bundesverfassungsgericht entscheidet für die Neuauszählung der Bundestagswahl, der glaubt auch, dass Zitronenfalter Zitronen falten.
0_218673_8_2028694261697253689;0.0827;satisfied;skincare-first;;;;@PeterH36939784 Und Zitronenfalter falten Zitronen...
0_219424_9_58397676653209345;0.0828;disappointed;procedure-curious;fillers;;;"2:19 Das Schnipsel sammeln in Abstergo „Ubisoft"" Büro war irgenwie filler und Beschäftigungstherapie aller Ubisoft, in einem ubisoft studio in einem spiel von Ubisoft… oke zu viel Ubisoft für heute…"
0_219424_140_7664997413291167008;0.0828;neutral;procedure-curious;price,celebrity;;;Abholung oder Lieferung direkt aus unserem 6.000 m² großen Outlet in Gevelsberg – so groß wie ein Fußballfeld, mit über 500 Sofas sofort verfügbar! Bestellung auf dekadentliving.de oder im Outlet Nur 2990,-€ bei Abholung. Statt: 9999,-€ 0% Finanzierung bei PayPal-Zahlung über unsere Homepage.   •   
0_218673_15_4989282708048037;0.0828;neutral;skincare-first;;;;"Google Fotos erhält neuartigen Gesichts-Editor Zukünftig ist wirklich kein Foto mehr echt, denn die Editor-Fähigkeiten werden mit Hilfe von KI ganz neue Bereiche erreichen. Google Fotos erarbeitet nun an einem Editor für Gesichter, den man wohl „Touch up"" nennt und damit gezielt die Bearbeitung spez"
0_219424_9_45416132992049104;0.0829;disappointed;skincare-first;;;;Zucker aktiviert das gleiche Zentrum im Gehirn wie Kokain. Es ist eine Droge, die schwer abhängig macht. Es zerstört das Kollagen im Körper und beschleunigt den Alterungsprozess und ist für viele andere Krankheiten im Körper verantwortlich.
0_218673_126_t1_nhkv8v2;0.0829;enthusiastic;procedure-curious;;;;"Barett falten erstmal das Video zum Barrett anschauen: ""https://www.youtube.com/watch?v=DDhlW05E\_Qw""Dann geht das einrollen easy.Wenn jemand ein ""cooles"" Barett hat, ists meist ein privat gekauftes ""Kommando"" Barett :)"
0_218673_8_2015479906835009574;0.0829;disappointed;skincare-first;;;;@Patrick_Proemer Wer Prömer glaubt dass Konfuzius 500 Jahre vor Christus etwas über Zeitungen gesagt hat glaubt sicher auch dass Zitronenfalter Zitronen falten!🤔🤦‍♂️🤣🤣🤣
0_218673_126_t3_1t00qgs;0.0829;satisfied;skincare-first;price;;;Thiamidol gegen Pigmentflecken / Hyperpigmentierung Seit einiger Zeit (ca 2021?) gibt es im Handel Produkte mit [Thiamidol](https://de.wikipedia.org/wiki/N-(4-(2,4-Dihydroxyphenyl)-1,3-thiazol-2-yl), welche bei Hyperpigmentierung und bei Verhinderung dessen helfen soll. Der Wirkstoff ist neuartig, i
0_221687_190_3865799400052539572;0.0829;advisory;skincare-first;;;aloe;Was tun, wenn die Haut nach Feuchtigkeit ruft? 💧Unser Thermal Sensitiv Hyaluron-Serum versorgt Gesicht, Hals und Dekolleté intensiv mit Feuchtigkeit und unterstützt die Haut dabei, ihre Balance zu bewahren. Mit pflanzlicher Hyaluronsäure, Bio-Aloe vera, Algenextrakt und der Kraft des Thermalwassers 
0_221687_8_2046547084589842596;0.0829;advisory;skincare-first;;;;Mascara gehört für viele zum täglichen Make-up dazu. Immer häufiger findet sich dabei ein zusätzlicher Inhaltsstoff auf der Verpackung: Hyaluron. Der Wirkstoff ist eigentlich aus der Skincare bekannt, taucht jetzt aber auch in Wimperntuschen auf. Doch wa… https://t.co/lstQnFrRlR https://t.co/SHrrglS
0_219424_190_3935249092467398916;0.083;advisory;skincare-first;peel;;pdrn-skincare;🧬 Wie wirkt PDRN?PDRN (Polydeoxyribonukleotide), auch als Lachs-DNA bekannt, ist einer der gefragtesten Wirkstoffe der modernen koreanischen Hautpflege. Durch Microneedling oder gezielte Hautbehandlungen gelangt PDRN in die Haut und unterstützt dort die natürlichen Regenerationsprozesse.✨ Die Vortei
0_218673_9_yt.IraIozroEto;0.083;disappointed;procedure-open;;;;Oma Hanni über das Älterwerden 😂 | 12 lustige Lektionen voller Humor und Lebensweisheit In diesem Video findest du eine Sammlung *humorvoller Lektionen über das Älterwerden*. Egal, ob du über die ersten grauen Haare lachst oder die Gelassenheit des Alters feierst – diese Zitate bringen dich garantie
0_218685_8_2065699502317551748;0.083;enthusiastic;skincare-first;botox;;;"Eastern Botox? Was Gua Sha wirklich kannGua Sha wird manchmal als „Eastern Botox"" bezeichnet — aber ich sehe das anders.Für mich ist Gua Sha kein Ersatz für einen Eingriff.Es ist ein sanftes Ritual, um wieder mehr Verbindung zum eigenen Gesicht aufzubauen. https://t.co/MxMWms3EVp"
0_219424_126_t1_of5po6l;0.0831;satisfied;skincare-first;botox;;;(Gut gemachte) Beautyeingriffe sehen so gut aus Also ich habe nur meine Wimpern und meine Nägel gemacht. Nägel fällt natürlich auf, habe aber schon oft gemerkt, dass viele Leute denken, meine Wimpern seien echt. Das kann ich gar nicht verstehen, weil ich finde, dass die schon Fake ausschauen :D in m
0_219424_9_yt.qG3FWj_05zU;0.0831;neutral;procedure-open;facelift,celebrity;;;Wie deaktiviere ich die hinteren Parksensoren am MITSUBISHI Outlander Facelift (2017–2022)? Dieses Video zeigt dir Schritt für Schritt, wie du die hinteren Parksensoren am MITSUBISHI Outlander Facelift (2017–2022) schnell und sicher deaktivierst und wieder aktivierst. Ich zeige dir genau, wo das Bed
0_218673_126_t1_nlvc9fc;0.0831;disappointed;skincare-first;;;;Was wird hier als Sichtschutz benutzt? Hier sehen wir die neue deutsche Trostlosigkeit. Der Erbauer versucht seinen individuellen Charakter mittels der überall verwendeten Graustufen auszudrücken. Dieses lebensbejahende grau fügt sich nahtlos in das Ensemble von bodentiefen anthrazit Fenstern ein. D
0_218673_15_18879813830433247;0.0831;enthusiastic;skincare-first;price,pressure,spf;;;Glückwünsche zum Geburtstag: Die 239 schönsten Wünsche zum Abschreiben Glückwünsche zum Geburtstag – so wundervoll, von Herzen ausgesprochen und doch so schwierig! Fehlen euch auch oft die Worte? Dann findet ihr hier garantiert die perfekten Texte, Verse und Wünsche für eure Karten zum Geburtstag od
0_218673_8_2022059258247065973;0.0831;disappointed;procedure-curious;;;;@Sukani123 Wir hatten jahrzehntelang keine intelligente Regierung. Habeck hätte den Helmuts (Schmidt und Kohl) noch nicht einmal die Socken falten können.
0_218673_9_49019169898906130;0.0831;satisfied;skincare-first;;;;Nr drei sieht am coolsten aus eins ist auch mega aber das macht hinten ganz viele falten
0_218673_126_t1_od3r64g;0.0831;neutral;procedure-curious;;;;Suzuki SV 650 Yamaha mt07 CF moto 450nk mit 1.92 passt das? Die sind alle 3 extrem klein für deine Größe. Bin selbst 1.95m und sehe auf den Modellen aus als würde ich ein Pocket Bike fahren. Selbst die größere MT09 ist klein. Wenn man kein Problem damit hat sich auf sowas drauf zu falten kann man au
0_218673_126_t1_oqq917w;0.0831;enthusiastic;procedure-curious;;;;"Auf welche Äußerlichkeiten steht ihr bei Frauen, die eher unkonventionell und ""banal"" sind? Augenringe. Kann es gar nicht so genau begründen, vielleicht weil ich dadurch von mir auf sie schließe was den Lebenswandel angeht. Aber irgendwie sorgt das bei mir immer dafür, dass ich sie als interessant u"
0_219424_126_t1_o4y640g;0.0832;disappointed;procedure-open;fillers;;;Wieso sind die Klicks auf Deutschrap Musikvideos so niedrig wie nie? Naja, dazu haben MTV/VIVA auch selbst beigetragen, dass sie in der Versenkung verschwunden sind. Beide, aber vorallem MTV, haben sich nach und nach immer mehr am Unterhaltungsprogramm orientiert. Auf MTV kam der Realitykram und VIV
0_219424_9_11135574464217078;0.0832;enthusiastic;skincare-first;botox;;;Die blonde ist  echt Blond Botox Tante ekelig
0_218673_126_t1_n7k82v0;0.0832;neutral;procedure-open;;;;Leckeres Mischbrot Es ist ein Weizenmischbrot, 500 g Weizenmehl Typ 550 mit 50 g Weizenvollkornmehl und 200 g Roggenmehl Typ 997. Das ist meine eigene Mischung. Man kann die Mehle auch variieren. Zuvor eine Autolyse d.h. Mehl und Wasser einfach vermischen und 1 Stunde stehen lassen ,dann 15 g Salz u
0_218673_9_8808802920983039;0.0832;satisfied;skincare-first;;;;Bei serverten immer Gratis Ecken Falten und die Gier im Dreieck gleiten falten und Verwalten lassen..dann. Hat man Falten im dreier Bereich bei Pyramiden und Falten sind Gratis
0_218673_8_2042179089297985733;0.0832;advisory;skincare-first;;;;RT @kub0711: #Katzen Kann das eigentlich sein, dass Pigmentflecken in der Iris kleiner werden?Symbolbild https://t.co/8ReJmTksjI
0_218673_8_2042375844295790671;0.0832;enthusiastic;procedure-curious;;;;@AndreasHeinzgen @Shirekahno @Pauline__Voss ... und Zitronenfalter falten Zitronen.
0_218673_9_19598058012278309;0.0832;satisfied;skincare-first;;;;Also ich glaube das Zitronenfalter , Zitronen falten ...!!!
0_219424_9_30855106601905079;0.0833;satisfied;skincare-first;fillers;;;Dad war ein toller Filler. Könnte mir vorstellen das es so war.
0_219424_140_7663802999524838689;0.0833;satisfied;skincare-first;fillers;;;I L'Oréal Paris Glow Trend Duo bestehend aus Revitalift Filler Gel-Creme und Lumi Glotion
0_218673_9_26486776835414726;0.0833;disappointed;procedure-curious;;;;Wohlstandsverblödung im Endstadium.Wenn in der Tagesschau erzählt wird, das Zitronenfalter Zitronen falten,dann glauben diese wachsamen Leute das.
0_218673_126_t1_o9c4n11;0.0833;disappointed;skincare-first;;;;Warum ist der Wahlzettel so groß??? Man kann Papier nur 7 mal falten
0_219384_126_t3_1q93tmu;0.0833;neutral;skincare-first;laser,price,spf;;pha;SPAD-Pixeln und adaptiver Optik wird das Teleskop zum universellen Mikroskop! 1. Das Konzept: Universelles Zoom-System mit SPADs```spice* Universelles Teleskop-Mikroskop-System.subckt UNIVERSAL_ZOOM_SYSTEM SPAD_ARRAY ADAPTIVE_OPTICS* ========== DAS REVOLUTIONÄRE PRINZIP ==========* Ein System für AL
0_218673_8_2016964366122287195;0.0834;disappointed;procedure-curious;;;;"@queru_lant Könnte noch ""ekelhafter"" (Zitat) werden, wenn seine damals in Jungmannzeiten auf Straßen gebrüllten Revoluzzerworte auftauchen sollten.Da könnten mMn womöglich sehr viele Deutsche die Hände zum Himmel falten: Allmächt, und das wurde unser Präsident. Vergib uns unsere Sünden!"
0_218673_8_2023817352740303328;0.0834;disappointed;procedure-curious;;;;@HeimatliebeDE @PitGlocke1 Viele Falten in einem Bild
0_218673_9_yt.7IGNu9QYxTo;0.0834;disappointed;skincare-first;celebrity;;;Welche Falten?! 😵 | Bullyparade #short Das ist eine Unverschämtheit! 😤 #MichaelBullyHerbig #Bullyparade #SchuhdesManituAbonniere den Kanal hier: https://www.youtube.com/channel/UCaNt_KNaF5rvlDMdj-baYWAFacebook: https://www.facebook.com/Michael.Bully.Herbig/Instagram: https://www.instagram.com/bullyh
0_219424_126_t1_oa7ifsc;0.0835;disappointed;skincare-first;botox,fillers,pressure;;;Warum schminken sich Frauen aus sozioökonomisch schwächeren Schichten oft stärker? Ich denke es ist ein Mix aus 3-4 Punkten: 1. Man möchte zeigen, was man hat. Es wurde hier ja schon mehrfach genannt, dass ärmere Leute größere Marken-Logos tragen undmehr mit Statussymbolen protzen. Eben um zu sugger
0_219424_9_62706475942591514;0.0835;disappointed;procedure-open;fillers;;;Weiß nicht für mich persönlich war die Folge irgendwie nichts anderes als Filler. Wir wussten bereits das Homeländer nen Gott komplex jetzt hat. Sie haben weder das V1 bekommen oder zerstört also hätte man direkt das Gebäude überspringen können und direkt es so schreiben können das der Bomben typ da
0_218673_8_2026034165590770043;0.0835;satisfied;procedure-curious;;;;@AwesomeSOL13 Büttner tut alles dafür, dass der Lobbyverein FDP auch schön unter 4% bleibt. Also gern weiter so, denn wer Zucker als Symbol der Freiheit sieht, glaubt auch, dass Zitronenfalter Zitronen falten...
0_219424_9_52995591779534371;0.0836;disappointed;skincare-first;fillers;;;Nein, echt?? Sie ist sieben Jahre jünger als ich?? 😮 warum machen diese Frauen sich hässlicher durch all die Op's u Filler?? Versteh ich einfach nicht…
0_218673_126_t1_o2jonc8;0.0836;disappointed;procedure-curious;price;;;Schadenfreude wenn Fahrschulen/TÜV weniger Gewinne machen Von den 90€ müssen aber auch Miete, Angestellte und weitere Nebenkosten gedeckt werden, Steuern auch nicht zu vergessen. Und dann möchte der Fahrlehrer/Inhaber auch noch Gewinn machen und das am besten soviel das es sich lohnt und er eben nic
0_218673_8_2019161032439263633;0.0836;enthusiastic;procedure-curious;;;;Ach Ariel… ich hau einfach mal ein Kompliment für dich raus… Schöne Tränensäcke! #ibes2026 https://t.co/4hYCzB7w12
0_218673_8_2043712621120254099;0.0836;disappointed;skincare-first;price;;;Aldi verkauft nächste Woche einen Helfer gegen Falten für 17,99 Euro: Aldi Nord bringt Geräte in die Regale, die Kleidung schnell auffrischen. https://t.co/xltqG6Otdu https://t.co/d5o7oTQ4Ec
0_218673_9_54329053653826832;0.0836;enthusiastic;procedure-curious;;;;Falten in der blauen Socke-igitt, Anna wendet sich angewidert ab- recht hat sie
0_218673_15_11390004574110736;0.0836;enthusiastic;skincare-first;laser,retinol,price,peel;;pha;"Beauty Roller Gesicht – Die 15 besten Produkte im Vergleich Empfohlene Produkte im Bereich „Beauty Roller Gesicht"" Wir haben Produkte im Bereich „Beauty Roller Gesicht"" miteinander verglichen und Empfehlungen für Dich zusammengestellt. Hier findest Du die Top 15 im Bereich „Beauty Roller Gesicht"". A"
0_218673_9_44775953012916016;0.0836;satisfied;skincare-first;;;;Sie ist nicht unter 40. jetzt sehe ich ihre Falten. Guckt doch mal Stirn und Augen wenn sie lacht. Ist schon extrem viel.Aber normal für 40y. Auch wenn man keinen Filter benutzt sieht man manchmal durchs Licht so geil aus auf Fotos und Videos. Ich rede aus Erfahrung 😂
0_219424_190_3949661685824786021;0.0837;satisfied;skincare-first;;;amino-acids;Dein Körper bildet Kollagen selbst. Er braucht dafür kein tierisches Protein von außen — er braucht die richtigen Bausteine!Fast alle Kollagen-Supplements stammen aus tierischen Quellen: Rinderhaut, Fischhaut, Schweinegelatine. Eine vegane Alternative gibt es nicht — Kollagen ist ein tierisches Prot
0_218673_23_53830937671313236;0.0837;satisfied;skincare-first;;;;Toller Linier [Diese Bewertung wurde im Rahmen einer Werbeaktion gesammelt.] Der Linier gefällt mir sehr gut! Er ist super präzise und ermöglicht ein tolles und leichtes arbeiten. Das Ergebnis ist toll, es verzieht sich nicht in die Falten, und hält mit Puder als Untergrund sehr gut. Vertragen habe 
0_218673_126_t3_1s84fsq;0.0837;satisfied;procedure-open;;;;Warum ist die krume so dicht? Ich frage mich, was ich tun kann damit die krume lockerer wird.Das Rezept: Kochstück: 40g vollkornweizen120g wasserHauptteig:310g vollkornweizen150g weizen130g roggensauerteig230g wasser11g salz(kurze autolyse)stockgare 90 min mit einmal dehnen und falten bei raumtemper
0_218673_126_t3_1t03v96;0.0837;enthusiastic;skincare-first;;;;Flächengewicht Leinenstoff für Hemdblusenkleid Hi, ich bin Näh-Neuling und möchte mir für den Sommer mehr Kleider nähen. Ganz besonders habe ich es auf ein Hemdblusenkleid aus Leinen abgesehen. Als Schnitt habe ich mir [McCalls M6696](https://simplicity.com/mccalls/m6696) Ansicht B auserkoren. Aber 
0_219424_9_23132422259359639;0.0838;enthusiastic;procedure-curious;botox;;;IN  10  JAHREN   SEID  IHR  SO  VERORGELT  DAS BOTOX   UND  SILIKON EUCH  ZUSAMMEN  HÄLT
0_219424_126_t1_ovyvsdg;0.0838;disappointed;skincare-first;botox,price;;;Das R steht für Reichtum Nee, ist eigentlich nur der Besitzer von mehreren günstigen Restaurants, der sehr von sich überzeugt ist und durch seine aufgedrehte und sehr von sich eingenommene Art halt auch einigen Spott abkriegt.Er verkauft zwar größtenteils TK und Fertigprodukte, aber das wenigstens b
0_218673_15_47270153735687273;0.0838;enthusiastic;procedure-curious;pressure;;;Zwei kleine Geschichten aus dem Wedding: Kiez-Momente: Brisen der Nacht Unsere Autor:innen sind nicht nur im Wedding unterwegs – sie sind mittendrin im Alltag. Im Supermarkt, auf dem Spielplatz oder beim Schlendern durchs Viertel: Überall warten Geschichten, Geräusche, Begegnungen. Und manchmal schr
0_218673_126_t1_nljfoe5;0.0838;satisfied;skincare-first;;;;Leisten oder Lamellen- es macht mich wahnsinnig Die wichtigste Eigenschaft, an der du Lamellen und Leisten unterscheiden kannst hast du durch das Schnittbild gezeigt:Lamellen bilden einen eigenen Teil des Pilzes und sind dadurch oft in Farbe, Konsistenz und Gestalt anders als das eigentliche Pilzfle
0_218673_8_2008629660800688406;0.0838;neutral;skincare-first;;;;"Rezept (1 Laib, ca. 1kg): •580 g Gelbweizenmehl (Urgetreide) • 390 g Wasser • 130 g aktiver Lievito Madre (fester Sauerteig) • 14 g Salz3 Std. Stockgare bei Raumtemperatur: → erste 1,5 Std. alle 30 min dehnen &amp; falten (insg. 3x)Danach 18 Std. Kaltgare bei ~5 °C."
