id;confidence;mood;segment;topics;procedure;ingredient;text
0_219424_126_t1_orukj4f;0;enthusiastic;skincare-first;botox;;aha;Same outfits Manchild misogynist chuturu ka baap hai nallo, yogesh chuturu ke bhai ka naam hoga...naam likhna sikhao guvu ki gawar nibbio ko pehle.... ungrateful toh gugu hai jo apni aulaad bhool gayi kyunki kutta nahi puch raha tha irrelevant ko par aaj yogesh ne bheekh mein gugu ko fame followers 
0_219424_140_7662737997888097569;0;disappointed;procedure-curious;price;;;DIE BESTE NAHRUNG 🌊  Sea Moss (Chondrus crispus) gehört zu den Rotalgenarten, die entlang der felsigen Küsten Nordamerikas, Europas und der Karibik im Atlantik wachsen. Unser Sea Moss stammt aus St. Lucia, der Insel wo Fluch der Karibik gedreht wurde. Hier sind die Gewässer noch sauber 💪🏼 💢 Bekannt 
0_219424_190_3947510466662511644;0;disappointed;skincare-first;;;glycerin;Was ist Hyaluronsäure – und woher kommt sie?Hyaluronsäure ist ein Glykosaminoglykan – ein langkettiges Zuckermolekül, das natürlicherweise in der Haut, im Bindegewebe und in den Gelenken vorkommt.In der Dermis ist sie Teil der extrazellulären Matrix: des Gerüsts, das Kollagen und Elastin umgibt und 
0_218673_126_t1_nbcwavl;0;neutral;skincare-first;;;;"Miese Augenringe https://preview.redd.it/zxi6xxa610mf1.jpeg?width=848&amp;format=pjpg&amp;auto=webp&amp;s=6d16c8dd7ba3463b5cc5a7581b403b70eb9bdad7"
0_218673_126_t1_neplhwa;0;advisory;skincare-first;;;aha;Anyone knows why my yorkie has white fur in his head ? Hahaha Mein hund ist auch ein yorkshire terrier und sieht beinahe identisch aus. Bei yorkies kann sich vitiligo so auswirken, das deren fell eine derartige farbe annimmt. das nächste mal wenn sein fell nass ist, kannst du ja mal nachschauen ob e
0_218673_9_34313443582673934;0;advisory;skincare-first;;;;Wo sind die Aufnahmen der angeblichen Vergewaltigungen durch Hamas von jüdischen/israelischen Frauen?!Die lügen wie gedruckt und versuchen auf die Tränensäcke zu drücken.
0_218673_126_t3_1o87xuz;0;disappointed;skincare-first;;;;Samsung Android Kamera Filter ausschalten Geht um die Kamera meines Samsung (Android V 15). Wenn ich ein Selfie mache und mir das Bild anzeigen lasse, macht es nach einem kurzen Moment immer einen Filter drüber, der Falten etc wegmacht. Ich kann das nicht rückgängig machen und hab diese automatische
0_218673_126_t1_nv1fj4w;0;neutral;procedure-open;botox;;;"Dezember 2025 - Megathread ❄️🎄 Ema Louisehttps://preview.redd.it/07t9p6ipgd8g1.jpeg?width=4000&amp;format=pjpg&amp;auto=webp&amp;s=83f59b5864c17cfb68c3508406dc32b924b02ce8Hat sie sich eigentlich auch das Kinn machen lassen?Ich habe sie hin und wieder auf meiner FYP und frage mich das schon seit eine"
0_218673_126_t1_ny2au4f;0;enthusiastic;skincare-first;;;;Blondes Haar wächst mir aus der Stirn Mir wachsen auch immer Mal einzelne Haare. Meistens aus irgendwelchen Pigmentflecken. Vielleicht ist dein blondes Haar gar nicht blond, sondern weiß? Einzelne weiße Haare hatte ich auch schon immer Mal.
0_218673_9_yt.RGGNTbacF1A;0;enthusiastic;skincare-first;celebrity;;;"EGH'Z - SCHEISS DIR NIX, DANN FEHLT DIR NIX!!! (ANSAGE: Alters-Shaming) [OFFICIAL AUDIO] Lyrics:EGH'Z  - SCHEISS DIR NIX, DANN FEHLT DIR NIX!!!-------------Scheiss…dir…nix…Sie sagen: „Zu alt.""Ich sag: „Zu echt.""Falten im Gesicht, doch Stahl in der Brust.jede Sekunde gelebt, jede Sekunde bewusst.Ihr "
0_218673_126_t3_1tnxufj;0;enthusiastic;procedure-open;price;;;Anne und Felix - Episode 4 - Die Dusche # Episode 4 - Die Dusche*Die anderen Teile findet ihr hier:* [Teil 1](https://www.reddit.com/r/SexgeschichtenNSFW/comments/1tltbpj/anne_und_felix_episode_1_licht_schatten/)*,* [Teil 2](https://www.reddit.com/r/SexgeschichtenNSFW/comments/1tm3wnj/anne_und_felix
0_218673_9_14109909359719530;0;disappointed;procedure-curious;;;;lächerlicher gekaufter Typ.  Israel begeht ein Kriegsverbechen nach dem anderen. Sie töten frauen und Kinder und anektieren immer mehr Gebiete in Gaza Jordantal und Libanon und der redet so als wären sie die Engel die sich verteidigen. Deutschland ist komplett aufgekauft von diesen Kräften. Der würd
0_218673_126_t3_1uwnfiq;0;disappointed;procedure-curious;;;;Die Nacht in der Bibliothek **Die Nacht in der Bibliothek**  Der Regen trommelte wie ferner Trommelwirbel gegen die hohen Bleiglasfenster der alten Universitätsbibliothek in Prag. Es war kurz vor zwei Uhr nachts. Nur der große Kristallkronleuchter im Hauptsaal brannte noch – ein Meer aus warmem, gol
0_219384_126_t3_1rbzsbc;0;satisfied;procedure-curious;laser,price;microcurrent;;Ein Wesen (oder eine KI), das mit Lichtgeschwindigkeit um die Erde rast, könnte tatsächlich alles nach seinem Belieben lenken – und zwar auf eine Weise, die für uns Normalsterbliche wie Magie aussieht. Sie haben den ultimativen Gott-Modus gefunden.Lassen Sie es mich in voller Konsequenz durchdenken:
0_219384_9_yt.c4INq7h8vfo;0;enthusiastic;skincare-first;laser;;;"XS 0198 - ""Neon Vibes"" - Official Lyrics Video XS 0198 - ""Neon Vibes"" - Official Lyrics Video....................................................................................................Lyrics:Neon Vibes.Neon Light.Die Nacht ist wach, wir schlafen kaum,Neonfarben überzieh'n den Raum.Der Bass "
0_219384_8_2052356209160696225;0;satisfied;procedure-open;laser,price;;;12. HologrammeEnergie erschafft, speichert und ruft Bedeutung im Universum ab, indem sie bei bestimmten Frequenzen projiziert oder expandiert – in einem dreidimensionalen Modus, der ein lebendiges Muster erzeugt, das als Hologramm bezeichnet wird. Das Konzept des Hologramms lässt sich am leichtesten
0_221687_8_1981998673547382814;0;advisory;skincare-first;;;;Gold Serum enthält Lavendel-, Myrrhen-, Ylang-Ylang-, Zeder- und Rosenöl sowie Brocollisamenöl.Außerdem sind Vitamin E, Immortelleextrakt und Hyluronsäure enthalten, seinen süßen Blumenduft verdankt es dem ätherischen Jasminöl. https://t.co/PfXiBm7JkW
0_219424_9_32521259896679926;0.0014;disappointed;skincare-first;;;;"Der ""Creme Trend"" kam nachdem Kanye West und Kim K sich so ein Haus von einem weltbekannten Innenarchitekten  Namens AXEL  Vervoort machen lassen. Seine Arbeiten sind an die Lehre des Wabi Sabi angelehnt. Das Zuhause soll ein Ort der Ruhe sein, natürliche, helle Farben und Materialien wie Holz, Marm"
0_218673_8_2031659166666744283;0.0029;disappointed;skincare-first;;;;"💢 Die Bibel spricht davon, dass ein Drittel der insgesamt 600 „Beobachter, Engel, Wächter, Botschafter, Sterne"" aufgrund ihrer Sünden als sogenannte „gefallene Engel"" auf die Erde verbannt wurden, um als unsterbliche „Wesen"" oder „Entitäten"" unter uns zu leben. Das „Buch Henoch"" erscheint daher wie "
0_218673_126_t3_1uj4omm;0.0035;disappointed;procedure-curious;;;;"Kennt jemand die Legende von der „Tüten-Frau"" aus dem stillgelegten Tunnel im Grafenberger Wald? Hey Leute, ein Kollege von mir hat mir neulich eine extrem gruselige Geschichte erzählt. Er meinte, das sei eine urbane Legende hier aus Düsseldorf, die man sich wohl unter Jugendlichen oder in bestimmte"
0_218673_9_46819872793844024;0.0046;enthusiastic;procedure-curious;;;;Nö, das haut hin. Jedes Falten ist eine Verdopplung und 2⁴² ist eine riesige Zahl.
0_218673_126_t1_ob4ai95;0.0057;satisfied;skincare-first;laser;;;"Help!!! Haut verbrannt nach Laser von Pigmentflecken https://preview.redd.it/0p0szfa27tpg1.jpeg?width=1767&amp;format=pjpg&amp;auto=webp&amp;s=176e8e506ac23ffa35c77085b8ebb3c450f9dcd4"
0_218673_9_yt.klp6370XlDw;0.0062;enthusiastic;procedure-curious;;;;BEWERTUNG (2025): Hochflor Teppich Grau 160x230, Waschbar. WESENTLICHE Einzelheiten 👉 https://www.amazon.de/dp/B0F23MKLQ9/ref=nosim?tag=16w9h-20 Hochflor Teppich Grau 160x230, Waschbar auf Amazon (Affiliate-Link)Bitte abonnieren Sie unseren Kanal und unterstützen Sie uns! Ihre Unterstützung hilft un
0_218673_126_t1_nc08ob8;0.0069;satisfied;skincare-first;;;;Simon ist wirklich Tscheche Augenringe bis Prag.
0_219424_26_27381055061589448;0.0072;disappointed;procedure-open;botox;;;"Die ukrainische Marine gab die Zerstörung eines Grenzschiffs des russischen FSB, der ""Isumrud"", bekannt.Laut Angaben der ukrainischen Marine wurde das Schiff durch eine unbemannte See-Drohne vom Typ Sargan-3000 in der Nähe von Noworossijsk zerstört. Es wird berichtet, dass es Tote und Verletzte unte"
0_219424_126_t1_orxs9ng;0.0079;satisfied;skincare-first;botox;;;What are the lore implications of this elf not being a natural blond? Are we to assume other elves also modify their appearances in purely cosmetic ways? Where does it end? Do elves get Botox? Lip filler? BBLs? And who the f even is that guy, and why does he have such a smug smile? Zey wär wigs!
0_218673_126_t1_ob4algk;0.0083;satisfied;skincare-first;laser;;;"Help!!! Haut verbrannt nach Laser von Pigmentflecken https://preview.redd.it/vd6sxy857tpg1.jpeg?width=1782&amp;format=pjpg&amp;auto=webp&amp;s=c7028cb1fe1bf06753e6ad837d92412b9c101cf0"
0_219424_126_t1_os8md2e;0.0084;enthusiastic;procedure-curious;botox;;;Sooo happy for Ruru 🧿❤️ Oho b00bs dikha diye Nepali r@nd ne audience ko issi ke liye toh aaye the sabNational EX logo ke saath so ke unke naam pe show mein jaati hai Yogesh ki bheekh mein di hui fame hai Chuturu teri toh aukaad nahi hai khud ke naam pe kutta bhi thooke tujh peS|ut Gugu yaha bhi fame
0_219424_9_50639832153553300;0.01;disappointed;procedure-curious;;;;"🕊🕊🕊🕊💕💕⭐⭐💕💕🕊🕊🌿 Das Haus im SchattenDer Großvater sagte zum Enkelsohn:„Jedes Haus wird alt. Doch kein Haus muss verfallen.Denn man kann immer wieder auf seinen Grundlagen aufbauen.""Ein Haus ist kein natürliches Leben, das einfach vergeht wie eine Pflanze im Kreislauf der Natur.Ein Haus ist etwas ander"
0_219424_126_t1_ouds905;0.011;satisfied;procedure-curious;botox;;;ich_iel Nehmen wir mal den arabischen Raum und Ostasien als Vergleich. Im arabischen Raum hast du es tagsüber viel mit trockener Hitze zu tun, abends kühlt es aber ab. In Wüsten ist halt buchstäblich nichts, was Temperatur hält. Ein Tee, abends gekocht ist angenehm, der kann auch tagsüber noch lulli
0_219424_126_t1_oapju76;0.0144;disappointed;procedure-open;;;;Die Deutschen sind absolute Knechte, die mit wenig zufrieden sind und alles mit sich machen lassen Das beschreibt unseren Bürokratiestaat, und weshalb er nicht barrierefreier und digitalisiert zu machen ist – er ist einfach ein zu guter Arbeitgeber.
0_221687_26_1700852985383142;0.0151;satisfied;skincare-first;;;biotin;Kollagen beginnt mit der Wahl seiner Quelle. 🐟Kollagen ist nicht gleich Kollagen. Entscheidend ist nicht nur die Menge, sondern auch, in welcher Form es vorliegt.Für Promarine Collagen Peptides verwendet Coral Club Kollagen aus Kaltwasserfischen wie Kabeljau, Pollock und Schellfisch. Marines Kollage
0_221687_26_1700876038714170;0.0151;satisfied;skincare-first;;;biotin;Kollagen beginnt mit der Wahl seiner Quelle. 🐟Kollagen ist nicht gleich Kollagen. Entscheidend ist nicht nur die Menge, sondern auch, in welcher Form es vorliegt.Für Promarine Collagen Peptides verwendet Coral Club Kollagen aus Kaltwasserfischen wie Kabeljau, Pollock und Schellfisch. Marines Kollage
0_218673_126_t1_nd5vk7x;0.0152;disappointed;procedure-curious;;;;"Legendary hobo Mark ""Hobo Shoestring"" Nichols has been found dead. augenringe wurden immer dicker. ich denke er konnte nicht gut schlafen."
0_218673_126_t1_nnk9ky7;0.0152;neutral;skincare-first;;;;"Suche BILD-Kollagen ""Kollagen"" ist das Protein, dass bspw. deine Haut elastisch hält und im Alter fehlt wenn die Falten kommen.In ""Collagen"" werden Ausschnitte anderer Bilder zu einem neuen Bild zusammengeklebt (von frz. ""coller"": kleben)."
0_218673_126_t3_1qcpujt;0.0154;neutral;procedure-open;price;;;Schwarmrobotik: Strukturbildung, Separation und Kohesion. 1. MAKRO-SKALA: Humanoide Schwärme (10-100 Roboter)Aufbauen (Assemblage):```python# Physische StrukturenSTRUCTURES = {    'Architektur': [        'Brücken'          # Über Lücken        'Rampen'           # Höhen überwinden          'Türme'  
0_219424_140_7665373185554124064;0.0155;satisfied;skincare-first;;;amino-acids;Kollagen wird oft fälschlicherweise als rein tierischer Stoff dargestellt. Doch chemisch und biologisch betrachtet ist Kollagen kein Produkt von Mensch oder Tier. Kollagen beschreibt eine präzise Zusammensetzung aus ganz bestimmten Grundbausteinen: Aminosäuren, Vitaminen und Mineralstoffen. Alle die
0_218673_126_t1_ofdiwx0;0.0164;advisory;skincare-first;;;;Wer extrem dagegen ist dass Charaktere in Serien/Filmen auf einmal Schwarz sind, aber komplett Cool damit ist dass Schwarze Charaktere in One Piece Weiß gemacht werden, ist ein Rassist. Gelblich fahle Haut. Welcher schwarzer hat denn bitte gelblich fahle Haut?
0_221687_8_2033275120446321127;0.017;enthusiastic;skincare-first;;;;@gamepaddy Tag: Neutrogena Hydro Boost Aqua Fluid mit LSF 25Abend: Neutrogena Hydro Boost Nachtcreme mit einem Spritzer Hydro Boost Pures Hyaluron Serum
0_219424_15_39105655460599310;0.0174;advisory;procedure-curious;price,celebrity;;;Lichtkonzepte für Außenbereiche: Funktionalität trifft auf Ästhetik Die Gestaltung von Außenbeleuchtung hat sich in den letzten Jahren grundlegend gewandelt. Während früher simple Bewegungsmelder und nüchterne Laternen den Standard darstellten, verschmelzen heute technische Innovation und gestalteri
0_219424_9_yt.4vOaXIGvwoo;0.0174;enthusiastic;procedure-open;facelift;;;"Wie ändere ich die Radioquelle im MITSUBISHI Outlander Facelift (2017–2022)? Dieses Video zeigt dir Schritt für Schritt, wie du die Radioquelle im MITSUBISHI Outlander Facelift (2017–2022) schnell und sicher änderst. Du erfährst, wie du im Display zum Menü ""Radio"" gehst und zwischen FM, MW, LW, CD, "
0_219384_9_11280447197997390;0.0175;enthusiastic;skincare-first;laser;;;Und wen mann einfach über den wolken fliegt sieht man....LASER UND SYRIO DIE BEAUTY QUEENS SIND😂
0_219424_9_yt.6A1skphiMzU;0.0183;enthusiastic;procedure-curious;price;;;Showgeschichten von Christine Kaufmann vom 23.03.1990 mit Gerhard Schmitt - Thiel Christine Maria Kaufmann (1945 - 2017) war eine deutsch-österreichische Schauspielerin und Autorin. Ihren Durchbruch hatte sie 1954 als Waisenkind in Harald Reinls Rosen-Resli. International bekannt wurde Kaufmann als 
0_221687_140_7634653709816843553;0.0183;advisory;skincare-first;;;;Primabiotic Collagen – Kollagen Trinkampullen Liquid collagen/ Collagen peptides🌸Primabiotic.de.Straffere Haut ,stärkere Haare und weniger sichtbare Falten.#tiktokshop #primabiotic #collagen #kollagentrinkampullen #collagenpeptides
0_219424_9_yt.LPKtuI0IFA8;0.0184;enthusiastic;procedure-curious;facelift;;;Wie ändere ich das Radioband im MITSUBISHI Outlander Facelift (2017-2022)? Dieses Video zeigt dir, wie du das Radioband im MITSUBISHI Outlander Facelift (2017-2022) schnell und einfach wechselst. Du lernst, wo du die Einstellung auf dem Display findest, wie du zwischen FM1 und FM2 umschaltest und wi
0_219424_126_t1_of1v5yo;0.0187;disappointed;procedure-curious;botox;microcurrent;;"Suche den Liedtext zu „Slowy, 12Vince, AzudemSK - Nordseite"" Vorab: Ich hab stellenweise auch mal sachen nicht verstanden. Bei Slowy's Zeile ""Wenn ich meinen Namen auf der 1 sehen will..."" gehts um Graffiti, also vermutlich eine Straße wie die A1 oder eine Zug- bzw U-Bahn-Linie 1, und da nennt er da"
0_219424_9_yt.g3e0SJxW5OU;0.0189;disappointed;procedure-curious;price;;;Dachziegel per Kran: Wie Tradition und Technik aufeinandertreffen Feuergeschmiedete Haltbarkeit – Nur mit MenschenhandIn vielen ländlichen Regionen Chinas wird bis heute nach Jahrhunderte alten Bauprinzipien gebaut. Das hier gezeigte Tor mit seinem geschwungenen Dach ist kein bloßer Schmuck – es ist
0_218673_126_t1_nbzv8j9;0.0191;enthusiastic;procedure-curious;;;;"Miese Augenringe https://preview.redd.it/igin46c5lqmf1.jpeg?width=3612&amp;format=pjpg&amp;auto=webp&amp;s=27b58f2d3845ff4c4bf3d5370dcebe8cb9fcd104Was soll ich sagen 😭"
0_218673_9_57918067511342985;0.0194;enthusiastic;skincare-first;;;;And the Oscar goes to..... fickrich schmerzt !! Für die besten improvisierten Tränensäcke in der kanzlerwood Geschichte die es je gab!!!! Harzlichen schluckwunsch fikdih März, Februar, Januar.
0_218673_9_44977593106915591;0.0199;neutral;skincare-first;;;;ok, aber was ist wenn du 40 bist und voller Falten und hast dich in einen 60 jährigen verliebt, der graue Haare hat, aber seine Haut sieht aus als wäre er 40? Passt das mit dem Alter????
0_219424_9_53992753844504342;0.0207;satisfied;skincare-first;botox;;;..Botox-durchgefärbt Feldenkirchen, Habeck ohne Absätze im Groupie-Meer, Sabine in Reihe-1, Voigt im KI-Delir (auch in der Dissertation?-), die Blender im Jetzt, erfrischend..😂
0_218673_15_36389219024607155;0.0221;disappointed;procedure-open;price,celebrity;microcurrent;;Bitcoin als zeitabhängiger Potentialtopf: Eine physikalische Analyse der Hyperbitcoinisierung durch die Linse der Proteinfaltung I. Das zeitabhängige Potentialmodell: Bitcoin als sich vertiefender Energietopf Die grundlegende Analogie Stellen wir uns das globale Finanzsystem als eine dreidimensional
0_219424_9_21639121540330364;0.0224;enthusiastic;procedure-curious;botox,price;;;Du fängst das Video mit Humor an und somit mal ein weitest humorvoller Kommentar, mit meiner Meinung (muss ja nicht jedem gefallen, aber ist eine Meinung)Das Western- und das Shining Video sind der Brüller und super gelungen! Als Content Creator eine neue Messlatte unter den Creatern, Topp!Das Video
0_218673_9_39934744150578339;0.023;enthusiastic;procedure-curious;;;;"Oha! Cosmo ""singt"" wieder nachts! Bewundernswertwie ihr das geduldig mitmacht! Ich hätte Augenringe bis zu den Knien! Ich mag eure Videos!"
0_218673_126_t1_o4zl1bf;0.0233;satisfied;skincare-first;;;;Finde kaum Frauen attraktiv – verbau ich mir damit alles? Nein, ich bin selber ne schlanke Frau mit reiner Haut. Dabei ist aber auch die Frage was ist reine Haut für euch Männer? Zählen da Dehnungsstrifen oder Pigmentflecken noch als rein? Sind sebum filaments ein Problem oder nicht etc. Aber sehr z
0_219424_126_t3_1qg53z5;0.0234;enthusiastic;procedure-open;price,celebrity;microcurrent;;"Vakuum-basierte Fischtreppen und Wasserstandsregulierung ```python def vakuum_wasserbau(): """"""Analysiert Vakuum-Technologie für Fischtreppen und Wasserstandsregulierung."""""" print(""\n"" + ""=""*120) print(""VAKUUM-WASSERBAU: Revolution der Flussregulierung und Fischtreppen"") print(""=""*120) print("""""" DAS "
0_218673_8_2047910371319480532;0.0235;disappointed;procedure-curious;;;;"Böhmermann meint „Einer der größten Mängel waren seine stark ausgeprägten Tränensäcke, und ey, wären die Segelohren nicht gewesen, gäb es heute ein Volk, ein Reich, ein Frieden."" https://t.co/h8sxFnUvqH"
0_218673_15_66839499563850130;0.0238;disappointed;procedure-open;;;;Media Exklusiv: Welche Rolle spielen Münzen in der Mythologie und Kunst? Für das Team von Media Exklusiv sind Münzen mehr als nur Zahlungsmittel – sie erzählen Geschichten, spiegeln Mythen wider und sind oft kleine Kunstwerke. Die Geschichte der Münzen ist untrennbar mit Mythologie und Kunst verbund
0_219424_126_t1_ob9ydbg;0.024;disappointed;skincare-first;botox;;;"It sucks to have kinks that are really hetero coded Ich finde das auch nicht hetero mäßig. Aber manchmal ist es in bestimmtem Kreisen verpönt, "" künstlich"" etc. auszusehen oder eben Filler, Botox etc. zu benutzen, was ich mega problematisch finde. Sorry, aber das ist doch der Traum einer Domina, ein"
0_218673_9_yt.iy3CcgDsCxo;0.0241;neutral;procedure-open;;;;BEWERTUNG (2025): Bauknecht WATK Sense 96 41 N Waschtrockner. WESENTLICHE Einzelheiten Erhalten Sie einen schnellen Überblick über die Kernfunktionen von Bauknecht WATK Sense 96 41 N Waschtrockner.👉 Auf Amazon ansehen: https://www.amazon.de/dp/B0B3J1D9V2/?tag=16w9h-20 (Affiliate-Link)Erleben Sie den
0_218673_15_44041076387112401;0.0251;enthusiastic;skincare-first;;;;Hydro Bob: Die perfekte Anti-Frizz-Frisur für jede Saison Was ist ein Hydro Bob, wie kann man ihn stylen und was braucht man dafür? Diese und andere Fragen klären wir in diesem Artikel. Neben elektrischen Haaren klagen wir gern auch mal über Frizz oder den Verlust von Volumen, wenn die Haare nicht f
0_219424_9_22754956734543983;0.0259;disappointed;procedure-curious;;;;"Annie sieht gefühlt ganz anders aus als bei ihren zwei Videos vorher. Hatte sie ne ""Schönheitsop"" oder bin ich einfach nur lost af"
0_219424_26_1708412284183660;0.0259;advisory;skincare-first;;;;Babylights in Blond sind eine Haarfärbetechnik, bei der ultrafeine Strähnchen vom Ansatz bis in die Spitzen gesetzt werden.: Da die Strähnen hauchdünn und dezent gesetzt werden, wachsen sie weich heraus. : Sie eignen sich sowohl für dunkelblonde Haare, um diese aufzuhellen, als auch für hellblondes 
0_219424_9_yt.HEGNIECg_AU;0.0264;enthusiastic;skincare-first;facelift;;;MITSUBISHI Outlander Facelifting (2017 - 2022): Wo befindet sich der Disc-Player? In diesem Video zeige ich dir genau, wo sich der Disc-Player im MITSUBISHI Outlander Facelifting (2017 - 2022) befindet und wie du ihn schnell öffnen, schließen und Discs auswerfen kannst. Wir nutzen den Bildschirm/Mon
0_219384_9_yt._wAE99qiJtA;0.0273;enthusiastic;skincare-first;laser;;;"⚡️ NEON SKY (1995 Strobe Light Mix) ⚡️ | Ultra-High Energy Happy Hardcore Blick nach oben, der Himmel brennt in Pink und Grün! 🌌✨ ""Neon Sky"" ist eine Hymne an die Nächte, die niemals enden. Bei peitschenden 180 BPM verschmelzen euphorische Rave-Stabs mit einer unaufhaltsamen 909-Kickdrum.Spürst du d"
0_219424_126_t1_ow1b0b6;0.0274;satisfied;skincare-first;botox;;;Findet ihr so hyperfeminine/barbiehafte Styles bei Frauen attraktiv? Wenns dezent ist ja. Vom kleidungsstyle her ja. Botox oder so geht gar nicht, fake fingernägel oder wimpern usw. Dezent geschminkt und der style von barbie schon eher
0_219424_26_27079906558377002;0.0275;enthusiastic;skincare-first;price;;;🍊 Sanddorn – die kleine Beere mit einer beeindruckenden KraftSanddorn wächst dort, wo viele andere Pflanzen kaum überleben können: an windigen Küsten, in kargen Böden, bei Frost, Salz und intensiver Sonneneinstrahlung.Was macht ihn so außergewöhnlich?Ein Teil seines Geheimnisses liegt in den natürli
0_218673_126_t3_1up5qti;0.0276;enthusiastic;procedure-curious;;;;How to be the Diddy of the Alt Bubble Wanna become the Diddy of the Alt Bubble?  Here's how:\- Lange Haare (Bonus wenn schwarz)  \- Pornobalken im Gesicht   \- Tiefe Augenringe  \- Manlet (unter 1.70)  \- unter 45kg  \- Smoke weed everyday  \- Bums chaya während deine mama reinkommt und hör nicht au
0_218673_126_t1_ob4aeql;0.028;satisfied;skincare-first;laser;;;"Haut verbrannt nach Laser von Pigmentflecken https://preview.redd.it/pgtl943z6tpg1.jpeg?width=1825&amp;format=pjpg&amp;auto=webp&amp;s=4fddd60c5ca17a9b282dbee89558804d7bae1634"
0_219424_126_t1_oa1dh6r;0.0284;disappointed;procedure-curious;botox;;;Was glaubt ihr ist der Grund warum Netanyahu mit 76 noch so jung aussieht? ?? Hab extra nochmal n Foto gesucht und der sieht halt einfach aus wie ein 80 Jähriger Mann.🤷🏼‍♀️ Vielleicht hat er ein bisschen Botox in der Stirn aber sonst? Klär mich auf.
0_218673_126_t1_nf1fw7l;0.0289;neutral;skincare-first;;;;"Pigmentflecken im Auge https://preview.redd.it/2piz7cro63qf1.jpeg?width=1260&amp;format=pjpg&amp;auto=webp&amp;s=caefd57c8b69d33e76f7cf46d7e5bebc50a6fddaIch weiß nicht wo du wohnst, aber man findet da schon welche. Nicht an jeder Ecke aber es gibt sie.  Oft muss man sich auf den Seiten etwas durchle"
0_218673_126_t3_1ugilqr;0.0291;neutral;skincare-first;laser;;pha;"Von der Nanophysik ins Studio: Nano-Kinematik in Echtzeit visualisieren 🧬🎹 Ich habe mich in letzter Zeit intensiv mit der „Cinematic"" (Kinematik) von Brushed Polymers (BBP) beschäftigt und dabei eine interessante Brücke zwischen molekularer Physik und Audio-Visual-Design geschlagen.**Das Konzept: Na"
0_218673_9_34391941405704331;0.0292;satisfied;procedure-curious;;;;New York Style Pizza.😍 Zum Rezept geht es hier.👇🏻Für 2-3 Pizzen (je nach Durchmesser) benötigst du:•550g Weizenmehl Type 00 (z. B. Teichners Beste)•140g Semola•415g kaltes Wasser•20g feines Meersalz•3g frische Hefe (oder 1g Trockenhefe)•20g OlivenölMehl, Semola, Hefe, Salz, Olivenöl und Wasser in ei
0_218673_8_2010113304807591962;0.0294;satisfied;skincare-first;;;;Wusstest du, dass Pandas keine bestimmte Fellfarbe haben? Ihre Körper sind schwarz-weiß, aber ihre Augenringe in Wirklichkeit sind dunkel. Ist das nicht faszinierend? 🐼#Pandas #Fellfarbe #Überraschend
0_218673_9_yt.tOwTvXwtLLo;0.0296;satisfied;procedure-curious;;;;Die Kunst der Walnussfurnierverarbeitung Die Bilder zeigen den sorgfältigen Prozess des Aufbringens von Walnussfurnier, einer hochwertigen Dekorationstechnik, die häufig bei maßgefertigten Einrichtungsgegenständen zum Einsatz kommt. Dieses Handwerk verdeutlicht die Finesse und Präzision, die bei der
0_219424_9_67228695063301552;0.0297;satisfied;skincare-first;botox;;;Ich finde es geheuchelt Hijab zu tragen und Haya (Schinke ,Parfum,Botox,sogrnannte Schönheitsops .....usw usw)nicht einzuhalten .
0_218673_9_5724765990651184;0.0301;enthusiastic;skincare-first;;;;SALZ BINDET WASSER, DADURCH QUILLT DIE HAUT AUF UND FALTEN KÖNNEN GEMILDERT WERDEN ‼ ABER VERSCHWINDEN NIEMALS, SO EIN QUATSCH🤮‼
0_221687_8_2032344859311317354;0.0308;satisfied;skincare-first;;;;"Rosmarinöl Haarserum für Haarwachstum – Don Quiff® Hair Growth Serum – 50 ml – BIO Rosmarin, Minze, Jojoba, Arganöl, Rizinusöl, Teebaumöl, Vitamin E – Kopfhautpflege &amp; Anti-Frizz – Made in Germany https://t.co/SY6FLzS93U"
0_218673_126_t1_o5b0a7j;0.031;disappointed;skincare-first;;;;"Welche körperlichen Merkmale an Frauen findet ihr attraktiv, obwohl sie oft als Makel oder in Werbungen als „unschön"" gelten? - Sommersprossen, Pigmentflecken - Kellerbräune, also wirklich extrem blass Haut.- Statur: nahezu egal, von super dünn bis ein paar Kilo zu viel geht alles- Oberweite von fla"
0_219384_9_yt.7vpNi4uSMDA;0.031;enthusiastic;procedure-curious;laser;microcurrent;;Frostiger Sternenstaub – MetalGarurumon Dieses Werk ist eine futuristische Cyber-Symphony, die die technologische Vollendung der Freundschaft zelebriert. Es vertont MetalGarurumon als unaufhaltsame, fliegende Festung, die den Kosmos mit Eis und Stahl kontrolliert. Musikalisch wird das Bild eines sil
0_221687_9_59693590877256074;0.0313;satisfied;skincare-first;;;;Ich esse zwar keine proteinriegel, aber das mit dem Kollagen interessiert mich doch sehr. Hilft, das Kollagen daran nicht den Tagesbedarf zu decken, wenn man sich standardmäßig ernährt? Damit meine ich Porridge mit Whey, Quark, Fleisch, Fisch, Eier, Kartoffeln, Reis, Obst und Gemüse. Oder wird das d
0_221687_26_1746211486550512;0.0313;satisfied;skincare-first;;;;ℹ️ 𝗕𝗲𝗮𝘂𝘁𝘆𝗦𝘂𝗻 informiert:𝗪𝗮𝘀 𝗶𝘀𝘁 𝗕𝗲𝗮𝘂𝘁𝘆𝗟𝗶𝗴𝗵𝘁? Auch bekannt als #Collagen-Licht, besteht #BeautyLight aus einem Rotlicht und enthält keine UV-Strahlung.Anders als UV-Licht dringt das BeautyLight tief in die Haut ein und wird von den Zellen aufgenommen.So kann es die natürliche Produktion von Collagen,
0_218673_126_t1_n6zs654;0.0319;disappointed;skincare-first;retinol,price,peel;;;Most Overrated/Marketed K-Beauty Brands? Finger weg davon. Asiaten haben eine andere Haut als Afrikaner, oder Europäer. Wenn Du weiß- also Europäer - bist, dann ist afrikanische und asiatische Haar und Hautpflege nichts für Dich ! Warum ? Weil asiatische und afrikanische Haut und Haare wesentlich di
0_218673_126_t1_okes0w7;0.0329;enthusiastic;skincare-first;;;;Benutzt ihr Make-Up? Nein, ich hab zwar auch schon immer Augenringe auf die ich oft angesprochen werde, aber das ist mir relativ egal. Ich seh halt so aus wie ich aussehe. Bin niemand der sich jeden Tag im Spiegel betrachtet.
0_219424_126_t1_otsae0m;0.0331;disappointed;procedure-curious;price;;;Was zahlt ihr für eure Hochzeiten? Hatten Getränkepauschale 50€ pp und die Location mit getränken und Essen hat uns 10k gekostet. Insgesamt haben wir letztes Jahr 20.000€ für unsere Hochzeit gezahlt. Haben aber die Torte von meiner Tante machen lassen, braut war auch so 1400€, ich war ca 900€, Blume
0_219424_190_3947705808555741726;0.0333;advisory;procedure-curious;botox,price;;;Wusstest du, woraus Botulinumtoxin besteht? 🤔Viele Menschen glauben, Botulinumtoxin sei eine künstlich hergestellte Chemikalie. Tatsächlich hat es einen natürlichen Ursprung.🦠 Botulinumtoxin ist ein Protein (Neurotoxin), das ursprünglich vom Bakterium Clostridium botulinum gebildet wird.Für die medi
0_218673_126_t3_1s0dpx1;0.0335;disappointed;procedure-open;;microcurrent;;Die Rückseite des Lichts (auch bei Substack von mir veröffentlicht!) Er kam spät an dem Abend, an dem das Licht das erste Mal zögerte.Der Tag war grau gewesen, einer von diesen endlosen, diffusen Tagen, an denen Zeit nicht vergeht, sondern wie Staub in der Luft hängt. Der Himmel war kein Himmel gewe
0_219424_126_t1_o4aekxq;0.0342;enthusiastic;procedure-curious;;;;Was ist das für ein Zug? Hamsterbacke mit Schönheitsoperation
0_218673_126_t1_ngyk8ic;0.0342;disappointed;skincare-first;;;;Frauen im Internet glauben nicht, dass meine Frau kein Make-Up trägt. Gleiches hier. Meine Frau hat mittlerweile ein paar Falten mehr im Gesicht. Ich finde die stehen ihr.Wir wollen gemeinsam alt werden, nicht gemeinsam Fake.
0_219424_15_9692458110823203;0.0347;enthusiastic;procedure-curious;price;;;"Von ""Hohes Haus"" ins Hohe Haus: Gertrude Aubauer ist 75 Gertrude Aubauer hier im Jahr 2015 im Hohen HausAPA/GEORG HOCHMUTH Sie kannte das Hohe Haus aus der Perspektive einer Journalistin und einer Politikerin. Gertrude Aubauer hat das Parlament viele Jahre ihres Berufslebens angesteuert, um über das"
0_218673_9_2003862338691206;0.0352;advisory;skincare-first;;;;Also, ich habe gesehen, dass es eine Diskussion über den Schauspieler von Snape in der Serie gab. Es stimmt, dass jeder fahle Haut haben kann, und Snape hat Augen, die Harry als kalt und leer bezeichnet, die ihn an dunkle Tunnel erinnern. Soweit passt das. Allerdings sieht man bei Dreadlocks oder ge
0_218685_126_t3_1qgibra;0.036;advisory;procedure-curious;laser,price;laser;;"Neuartige biologische Systeme DNA Fusionsspleissen 1. Das Konzept: Neuartige biologische Systeme ```python class SyntheticBiologyRevolution: """""" ERZEUGUNG VON: 1. Neuartige Symbiose-Organellen (nicht in der Natur) 2. Chimäre Organe (Kombination verschiedener Spezies) 3. Skalierte Organe (andere Größ"
0_218673_8_2050526044705194045;0.0361;disappointed;skincare-first;;;;Aber Ben, warum trägst du immer Sonnenbrille? Ich habe so dunkle Augenringe/Haut unterm Auge weil die Haut zu dünn ist. Und ich hasse es so sehr. Deshalb immer Sonnenbrille. ✌🏻 https://t.co/XwpIbNqHMG
0_219424_9_yt.6aIlUnWRT1g;0.0362;satisfied;skincare-first;;;aha;Was du über Sculptra wissen solltest! Sculptra ist kein klassischer Filler.Während herkömmliche Hyaluronsäure-Filler durch das injizierte Material direkt Volumen erzeugen, basiert Sculptra auf Poly-L-Milchsäure (PLLA) – einem bewährten, biokompatiblen Kollagen-Stimulator.Der Volumeneffekt entsteht n
0_219424_9_16171441915548264;0.0362;advisory;skincare-first;peel;;;Hallo Susanne, gerne ein Video über Microneedling etc. Was wirkt und was quatsch ist. Und vielen Dank für die heutigen Infos. Man lernt ja nie aus. LG Nicole
0_219424_126_t1_oziyyzj;0.0362;satisfied;skincare-first;;;;Cool vom Kanzler Jetzt hat der Merz sich schon schönheitsoperation gegönnt um auf den Klopp Beliebtheitszug aufzuspringen
0_219424_9_yt.utg2nK2hsqQ;0.0368;enthusiastic;procedure-curious;facelift;;;Wie ändere ich die Sprache im Kombiinstrument des MITSUBISHI Outlander Facelift (2017-2022)? In diesem Video zeige ich dir, wie du die Sprache im Kombiinstrument des MITSUBISHI Outlander Facelift (2017-2022) schnell und sicher änderst. Schritt für Schritt erkläre ich, welche Taste du drücken und ged
0_219424_9_yt.CfaqCA4C2ic;0.037;enthusiastic;skincare-first;;;;White Orchid Hyaluron hajfeltöltő szérum
0_219424_9_28384295671402828;0.0371;advisory;procedure-open;;;;Hyaluron ist das Rotationsfüllmittel der moderne.
0_218685_15_7126109148566422;0.0371;enthusiastic;skincare-first;spf;;biotin;Douglas eröffnet neue Beauty-Destination in Köln Am 6. November eröffnete DOUGLAS offiziell den neuen Flagship Store in der Kölner Schildergasse. Am Abend feierten rund 250 Gäste die Eröffnung. Für besondere Stimmung sorgte nicht nur der Auftritt des dem Kölner Männerchors Grüngürtelrosen vor dem St
0_219424_9_yt.AanXgBv4NYw;0.0377;advisory;skincare-first;;;;Artistry™ Derma-Architect™ Artistry Derma-Architect™ ist ein neues hochentwickeltes Hautpflegegerät für gesund aussehende straffere, glattere Haut. Es stimuliert die Kollagenbildung und fördert die Aufnahme von Artistry™ Pflanzenmikronährstoffen*. * Pflanzenmikronährstoffe aus den Artistry Skin Nutr
0_219424_26_1631520622316841;0.0379;enthusiastic;procedure-curious;;;;Ob du nun Fan der Thüringer Avantgarde-Synth-Rock Band ANTIAGE bist oder dir einfach nur gerne Bilder anschaust: Unter https://dajana-fotodesign.de/portraits/kaa-soleil-antiage findest du verschiedene Portraits aus Shootings mit Sänger Kaa Soleil sowie einige Making of Videos. Denn wir hatten sowohl
0_219424_190_3949959308069236537;0.0379;disappointed;procedure-open;;;;"Andere schmuggelten Kokain in Booten und Kleinflugzeugen. Er benutzte ausgemusterte Passagiermaschinen.Amado Carrillo Fuentes wurde in Mexiko der „Lord of the Skies"" genannt, der Herr der Lüfte. Der Beiname war keine Übertreibung, sondern die genaue Beschreibung seines Geschäftsmodells. Statt kleine"
0_218673_126_t1_offrprx;0.0379;advisory;skincare-first;;;;"Steht ihr wirklich auf natürliche Frauen? Glaube, die Männer hier verstehen die Alternative nicht:• Augenringe• keine perfekten haare• Akne• ""krumme"" nasen• Doppelkinn• fast keine WimpernWeil Frauen, die nichts davon haben, sind in 90% der Fälle nicht so geboren. Das ist wirklich natürlich."
0_218673_8_2051850964890759601;0.0379;enthusiastic;procedure-curious;;;;Anzeige | POV: Du willst ein ästhetisches Video machen, doch dein Freund hat eine andere Idee 😅Leute, ich habe so gelacht! Aber mit meinen Falten hat er leider recht ahahaha ☀️ ich verwende die Q10 Anti-Falten-Serie von  . Sie hilft, neue Falten vo... https://t.co/F014G1N28s
0_218685_9_45763390618540739;0.038;enthusiastic;skincare-first;;;;"Liebe Nicole ❤Vielen lieben Dank für dein Aufgebraucht Video ❤Bzgl. deiner Umfrage, folgende Videos mag ich am meisten --&gt;* Duftvideos* Aufgebraucht Videos * Hauls* K-Beauty Videos* Test-, Schminkvideos* Top und Flop Videos mag ich auch gerne * Vlogs* Mystery Boxen ... hier bin ich aber etwas hin"
0_219424_140_7663929860640984352;0.0381;enthusiastic;procedure-curious;botox;;;"🪩DARK DAY DISCO - Tanze am Tag! Schlafe in der Nacht!  🫵 Sichere dir Tickets 🎫 https://kulttempel.ticket.io/UWyWb9AJ/  🗓️  Sonntag, den 19.07.2026 🕑 14:00 Uhr Einlass 🕗 20:00 Uhr Ende 🏛️ Kulttempel Oberhausen &amp; Old Daddy Club Lounge https://www.facebook.com/share/1Ctm3pdrP4/?mibextid=wwXIfr • DA"
0_219424_190_3948216949481709917;0.0381;disappointed;skincare-first;;;amino-acids;GHK-Cu (Kupfer-Tripeptid-1) wurde erstmals im Jahr 1973 vom amerikanischen Biochemiker Loren Pickartbeschrieben.Er entdeckte, dass das kleine Tripeptid GHK (Glycyl-L-Histidyl-L-Lysin) in Verbindung mit einem Kupferion (Cu²⁺) im menschlichen Blutplasma vorkommt und biologische Aktivität besitzt. Die 
0_219384_126_t3_1ucfm4d;0.0381;neutral;skincare-first;laser,price;;;IPL Geräte: Welche könnt ihr empfehlen? Welche IPL Geräte könnt ihr empfehlen (für helle Haut mit dunklen Haaren)?Besonders würde mich interessieren, wie IPL Geräte unter 200 Euro ankommen. Auf was würdet ihr bei einem Kauf von einem IPL achten?Vielen Dank für das Teilen eurer Erfahrungen!
0_218673_9_yt._e37BQoyMvE;0.0384;neutral;procedure-curious;;;;BEWERTUNG (2026): Homaxy Abwaschbare Tischdecke 140 x 240 cm. Infos Wir behandeln schnell die wichtigsten Details von Homaxy Abwaschbare Tischdecke 140 x 240 cm.👉 Auf Amazon ansehen: https://www.amazon.de/dp/B0CQXMH6F4/?tag=16w9h-20 (Affiliate-Link)Entdecken Sie die Homaxy Abwaschbare Tischdecke in 
0_221687_140_7598038336183340290;0.0384;enthusiastic;skincare-first;;;zinc;"Collagen Complex 💎 ✔ mit Hyaluronsäure &amp; Q10 ✔ Vitamine C, D, B12, Biotin &amp; Zink ✔ für Haut, Haare, Nägel &amp; Energie Beauty beginnt von innen. #CollagenComplex #GlowFromWithin #Hyaluronsäure #Q10 #Biotin"
0_218673_9_39326938565765704;0.04;enthusiastic;procedure-curious;;;;Heyyy❤❤Ich lieb deine Videos und finde es sooo sooo toll das du anderen Leuten irgendwelche Träume oder Wünsche erfüllst❤❤Ich würde sehr sehr gerne eine make up Routine von dir zusammen gestellt haben und am besten wo ich am Ende kaum noch Augenringe habe ❤❤Das wäre so sooo nett ❤
0_218673_9_71228662940447668;0.0401;advisory;skincare-first;;;;Die Haut der Menschen von KI Videos hat immer so etwas wie von Knete - kann es schwierig beschreiben aber es ist alles zu weich und zu butterig, die Fältchen in seinem Gesicht haben keine feinen Schattierungen, sie sind wie mit einem Werkzeug durch Ton oder Knete gezogen. Und er hat keine ruckartige
0_218673_126_t1_oga0fix;0.0401;disappointed;skincare-first;;;;What's something Germans say that sounds rude in translation but isn't actually rude? Oder Du bekommst in der Parfümerie Anti-Falten-Creme als Goodie, wenn Du was kaufst...
0_219424_9_26970084950240543;0.0403;advisory;skincare-first;botox;;;40? Hab mich auch gefragt, wie alt sie wohl ist. Aber sie sieht wie Anfang 40 aus. Vielleicht ist sie noch etwas älter und sieht durch Botox paar Jahre jünger aus. Wer weiß. Aber das schärfste Messer in der Schublade ist sie nicht.😂
0_218673_9_yt.EnN0aKbZFwM;0.0409;satisfied;procedure-open;;;;Anbringen von Dichtungsband an den Eckfugen der Fenster Das Video zeigt einen Bauarbeiter, der während der Montage der Gebäudehülle die Eckfugen der Fenster mit speziellem Abdichtungsband sorgfältig abdichtet. Er arbeitet auf einer grünen, witterungsbeständigen Dampfsperrplatte, reißt vorsichtig ein
0_219424_126_t3_1sb8fi1;0.0411;satisfied;skincare-first;;;resveratrol;Spallationsaktivierte Naturstoffe: Peptide, Flavonoide & Alkaloide als Radiopharmaka – die vierte Dimension der Compleximer-Medizin 🧬⚛️ ​Das Prinzip:Naturstoff + Spallationsneutronen (n,γ) = radioaktiv markierter Naturstoff für Theragnostik (Diagnose + Therapie in einem Molekül)Beispiele:Naturstoff 
0_218673_126_t1_ntnhpzk;0.0412;advisory;skincare-first;;;;Wie bekomme ich meine Augenringe weg? Ich esse jeden Tag super viel Fleisch 😂 Ich wüsste aber jetzt nicht genau wie ich das herausfinden kann ob es trotzdem der Fall ist
0_219384_126_t3_1r6b3ms;0.0413;neutral;skincare-first;laser;;glycerin;Organosilan-Creme Topisch 25-60% weniger Korona-Verluste mehr Biophotonen 🔬 WAS SIND BIOPHOTONEN ÜBERHAUPT?Biophotonen sind ultraschwache Lichtemissionen lebender Zellen, verursacht durch oxidative Prozesse in den Mitochondrien . Sie liegen im Bereich von 200-800 nm (UV bis nahes IR) mit einer Inten
0_219424_126_t1_nxmv4hv;0.0414;advisory;skincare-first;botox;;;Real BOTOX Weib auf der CES2026 Aria oder wie die genau heißt
0_221687_26_1425435226289618;0.0414;advisory;skincare-first;;;;Mascara gehört für viele zum täglichen Make-up dazu. Immer häufiger findet sich dabei ein zusätzlicher Inhaltsstoff auf der Verpackung: Hyaluron. Der Wirkstoff ist eigentlich aus der Skincare bekannt, taucht jetzt aber auch in Wimperntuschen auf. Doch was bringt Hyaluron in Mascara wirklich?
0_219424_9_yt.cRroJPA-h_A;0.0419;satisfied;skincare-first;;;;Methylene Blue: Das Geheimnis hinter Energie, Fokus und Zellpower? Ein Stoff, der direkt in deine Zellenergie eingreifen kann – und jetzt neu entdeckt wird.Methylene Blue wird in der Biochemie untersucht, wenn es um Mitochondrien, Energieproduktion und mentale Klarheit geht. In Kombination mit Rotli
0_219384_126_t1_ozub52u;0.0422;disappointed;skincare-first;laser;;;Jüdische Weltraum-Laser der Rothschilds lösen Waldbrände aus Wenn die Vollschacke ein Gesicht hätte...
0_218673_9_71538441546836975;0.0429;disappointed;procedure-curious;;;;Ihr Feiglingen!!  Land der Doppelmoral Ihr seid Feiglinge, eine Schande, dass ihr unser Land regiert , auch du hässliche alte, mit den Falten im Gesicht, dass die Eier nicht zu antworten
0_218673_126_t1_omzyl1c;0.0436;disappointed;skincare-first;;;;No age-shaming - aber was ist mit seinem Hals passiert? Das kommt doch nicht nur vom schlaffe Haut haben, oder? Wenn man sich die gefärbten Haare in grau denkt, sieht es nicht mehr so wild aus, finde ich.
0_218673_9_6391572898968551;0.0438;satisfied;skincare-first;;;;Ja, absolut – das ist eine faszinierende Perspektive! Nachdem die T0-Theorie (Time-Mass-Duality Framework) zentral auf dem universellen geometrischen Parameter ξ = 4/3 × 10^{-4} aufbaut, der aus fundamentalen geometrischen Prinzipien abgeleitet wird (u. a. dem Volumen einer Kugel, V = 4/3 π r³, das 
0_219424_23_31818779312567452;0.0442;advisory;skincare-first;;;;Hyalron-Filler Elasticity Die Kombination Hyaluron-Filler Elasticity in Verbingung mit LSF 50 ist unschlagbar! Sehr ergiebig in der Anwendung!
0_218673_15_8062626109902358;0.0444;enthusiastic;skincare-first;price,celebrity;;;Hisense WD3S8043BW3 Waschtrockner für 399 Euro Bei Amazon bekommt ihr aktuell den Hisense WD3S8043BW3 Waschtrockner (ConnectLife /16 Programme /8 KG, 54 Liter /1400 U/min/Dampffunktion/JetWash/Anti-Allergie Program/Auto Program/Eco Wash/Steam Refresh/Wolle/EEK A-D) für 399€ inklusive Versand. Im Pre
0_219424_9_yt.7p0HS8rL4Lk;0.0446;disappointed;skincare-first;botox;;;Girlgroups: Wie der Traum Frauen kaputt macht Girlgroups sind zurück! Die erste globale Girlgroup KATSEYE steigt rasant auf, jedes kleine Mädchen kennt HNTR/X und die Pussycat Dolls haben ein Comeback. Mit ihren Songs prägten Girlgroups wie TicTacToe, Spice Girls oder die No Angels ganze Generatione
0_218673_9_12015092709411149;0.045;disappointed;skincare-first;;;;Dieses augenringe gehören nicht zu dem Look😂😂😂😂😂😂😂😂😂
0_219424_9_yt.tm3RHNpCmnQ;0.0451;advisory;skincare-first;;;vitamin-e;"Moringa Gesichtsöl Serum Anti Aging | reife, trockene Haut | Rosazea & Akne Pflege | Squalan Öl |... Moringa Gesichtsöl Serum, multifunktional, 3-in-1: Age Repair Elixier für Haut, Haare &amp; Nägel. Natürliches Anti-Aging Serum mit Moringa-Öl, Squalan &amp; Vitamin E – ideal bei reifer, trockener H"
0_218673_126_t1_nd9fy3d;0.0451;satisfied;skincare-first;spf;;glycerin;[Routine Help] What moisturizer and/or sunscreen combo should I use to make my oily skin look less shiny? Guter Punkt zur Routine! Wenn ihr zwischen Feuchtigkeitscreme und Sonnenschutz hin- und hergerissen seid, kann eine einfache 2-Schritt-Routine helfen:1. Feuchtigkeitscreme – idealerweise ein lei
0_218673_9_yt.Xo__hp4lm7s;0.0451;neutral;skincare-first;;;;BEWERTUNG (2026): Ttincceer Runde Hintergrund Abdeckung 180cm. Infos Werfen Sie einen schnellen Blick auf die Hauptmerkmale von Ttincceer Runde Hintergrund Abdeckung 180cm.👉 Auf Amazon ansehen: https://www.amazon.de/dp/B0CF1P4TKV/?tag=16w9h-20 (Affiliate-Link)Entdecken Sie die Ttincceer Runde Hinter
0_219424_9_yt.8MR3uRPE7mE;0.0454;disappointed;procedure-curious;price;;;Eine eifersüchtige Freundin zerstörte ihr Gesicht… Die wahre Geschichte von Lynn May Beschreibung:Eine eifersüchtige Freundin zerstörte ihr Gesicht… Die wahre Geschichte von Lynn MayIn den siebziger Jahren war Lynn May eine der bekanntesten Frauen Mexikos. Tänzerin, Schauspielerin, gefeiert für ihre
0_219384_126_t3_1sivohm;0.0459;advisory;skincare-first;laser;;;Gibt es hier sonst noch Männer die ihre Körperbehaarung nicht ausstehen können? Hallo, ich habe seit der Pubertät immer wieder Probleme mit dem Selbstbild weil mich als Mann Körperbehaarung sehr stört und fange auch mit dem entfernen an durch rasieren und Laser etc. Ich weiß das dass bei Männern ehe
0_219424_190_3943954258152475456;0.046;enthusiastic;procedure-open;peel;microneedling;;the bridal glow effect ✨Jetzt Termin vereinbaren: Ästhetik am Theater Regensburg#ästhetikamtheater #microneedling #aquafacial #wedding #hyaluron
0_219424_190_3947549662518701375;0.0465;satisfied;skincare-first;peel;;pdrn-skincare;Lachs-DNA Microneedling.Warum eigentlich Lachs-DNA? 🧬 Lachs-DNA (PDRN) ähnelt der menschlichen DNA und unterstützt die natürliche Regeneration der Haut. In Kombination mit Microneedling kann sie optimal eingeschleust werden.#lachsdna #pdrn #microneedling #skinbooster #salmondna
0_219424_9_33781093653889208;0.0467;enthusiastic;skincare-first;;;;Bei Ariel ist mehr Hyaluron als Inhalt vorhanden!😂😂😂😂😂😂😂
0_219424_126_t3_1u8kuyl;0.047;neutral;skincare-first;;;;Trans freundliche Kosmetikstudios in Berlin? Hellooo :) Die Frage richtet sich in erster Linie an alle trans sisters in und um Berlin.   Ich bin auf der Suche nach einem Kosmetikstudio, welches entweder bekannt trans freundlich oder wenigstens sensibilisiert ist. Im Vordergrund stehen bei mir die Au
0_218673_9_24562318653711324;0.0471;disappointed;skincare-first;;;;Das Koka zerstört unsere gesamte Gesellschaft!!! Anders sind mir diese Zustände nicht erklärbar!!! Seht euch deren Augenringe an...das kommt vom Ausbeuten der Finanzmittel in deren eigenen Taschen in ihrer Amtszeit!!! Das hat nichts mit politischer Arbeit zu tun....😢😢
0_219424_190_3938344862389814937;0.0473;enthusiastic;procedure-curious;botox;;;"🪩DARK DAY DISCO - Tanze am Tag! Schlafe in der Nacht! 🫵 Sichere dir Tickets 🎫 https://kulttempel.ticket.io/UWyWb9AJ/ 🗓️ Sonntag, den 19.07.2026🕑 14:00 Uhr Einlass🕗 20:00 Uhr Ende🏛️ Kulttempel Oberhausen &amp; Old Daddy Club Loungehttps://www.facebook.com/share/1Ctm3pdrP4/?mibextid=wwXIfr•DARK DAY DI"
0_221687_140_7637039291381583136;0.0474;satisfied;skincare-first;;;;hoch-, nieder- und nanomolekulare Hyaluronsäure in hoher Konzentration, um die Haut intensiv mit Feuchtigkeit zu versorgen. Unterschiedliche Molekülgrößen ermöglichen eine Versorgung verschiedener Hautschichten — für mehr Glow, Spannkraft und Hautqualität. Ideal auch nach Faltenunterspritzungen oder
0_219424_126_t3_1qi4n0k;0.0475;advisory;skincare-first;laser,price;;;"""Thorium-Vakuum-Karamellisation – Molekulare Gastronomie 2.0"" Das Konzept: Interpretationsmöglichkeiten:1. Hochpräzise Karamellherstellung unter extremen Bedingungen· Problem: Herkömmliche Karamellisierung ist ungenau (180-200°C), verbrennt leicht· Lösung: Nutzung von Thorium-Reaktor-Abwärme in kont"
0_219424_9_yt.APFx9MAoPiw;0.0478;enthusiastic;procedure-curious;;;;Kein Pilz! Die Wahrheit über diese mysteriöse rote Pflanze Willkommen bei MindFakten! 🌍Hier entdeckst du die faszinierendsten Geheimnisse aus Natur, Wissenschaft und Geschichte. Von mysteriösen Pflanzen bis hin zu unglaublichen Fakten – wir bringen dir Wissen in kurzen, spannenden Videos.👉 Abonniere
0_218673_8_2014619865881903268;0.0478;satisfied;skincare-first;;;;"@Markus_Soeder Jesus, Maria und der Hl. Joseph obendrauf.Schlimm. Allerdings bringt diese Brille die Tränensäcke charmant zur Geltung.Das beeindruckt die bayerischen Mädels auf der Alm, oder?... Beuteschema?Vermutlich ein Erbstück vom Franz Joseph Strauß?Damit springen die ""Wellen"" über."
0_218673_9_32975484758524593;0.0484;enthusiastic;skincare-first;;;;Er sieht irgendwie sehr alt aus...extrem dünnes Haar😂Dazu Augenringe des Todes😂
0_218673_126_t1_njys0r0;0.0485;enthusiastic;skincare-first;;;;Ich bin doch einfach nur ungeschminkt Weiß nicht, was OP genau trägt aber eigentlich sollte eine getönte Tagescreme nur Pigmentflecken und Unebenmäßigkeiten kaschieren. Eine andere Hautfarbe/Hautton sollte (!) man davon nicht haben.
0_219384_8_1978483146342433065;0.0486;neutral;skincare-first;laser;;;Kapitel 1: Der süße SchluckHamburg, 1999. Luisas Wohnung – ein verfallener Unterschlupf im Herzen des Rotlichts, wo die Samtvorhänge in Fetzen hängen und der Geruch von Moder mit billigem Parfum kämpft. Die Wände sind rissig, ein flackerndes Neonlicht von draußen zeichnet Schatten wie Krallen auf de
0_221687_26_1398979498902842;0.0486;disappointed;skincare-first;spf;;hyaluronic-acid;Was ist eigentlich Sodium Hyaluronate? 🤔Sodium Hyaluronate ist die Salzform der Hyaluronsäure – ein natürlicher, körpereigener Stoff, der unser Bindegewebe stärkt und die Feuchtigkeitsdepots der Haut auffüllt. 💧Je nach Molekularstruktur wirkt es auf unterschiedlichen Hautschichten:✨ Hochmolekulare H
0_221687_190_3870681432326762865;0.0486;advisory;skincare-first;;;;Strahlende Haut beginnt mit intensiver Feuchtigkeit. 💧✨ Das Bio-Lyne Hydration Serum versorgt deine Haut tiefenwirksam mit Hyaluronsäure, polstert sie sichtbar auf und verleiht ihr diesen frischen, natürlichen Glow.Für ein glattes, ebenmäßiges Hautbild – strahlend wie Glas. Die perfekte Basis für de
0_218673_9_yt.hGDhBXMvHcA;0.0487;enthusiastic;skincare-first;;;;BEWERTUNG (2026): JACOBSON Premium Spannbettlaken Royal Lila. Infos In diesem kurzen Überblick heben wir die Hauptattraktionen von JACOBSON Premium Spannbettlaken Royal Lila hervor.👉 Auf Amazon ansehen: https://www.amazon.de/dp/B08R2SK2H3/?tag=16w9h-20 (Affiliate-Link)Das JACOBSON Premium Spannbettl
0_218673_126_t1_omxo7zw;0.0488;disappointed;skincare-first;;;;No age-shaming - aber was ist mit seinem Hals passiert? Das kommt doch nicht nur vom schlaffe Haut haben, oder? Habe mir gerade andere Fotos angesehen... Scheinbar hat er schon seit etlichen Jahren einfach einen richtig dicken Hals.
0_219424_9_19975687083887870;0.0489;satisfied;procedure-curious;botox;;;Im Prinzip Diktatur. Eine Diktatur, die sich einen freiheitlich modernen Anstrich gibt. Perfiderweise indem sie dir tatsächlich auch Freiheiten lässt, die insbesondere für einen moslemischen Staat besonders fortschrittlich und ausgesprochen tolerant wirken..! So dürfen bspw auch Frauen Autofahren, d
0_218673_126_t1_n97tykp;0.0492;satisfied;skincare-first;;;;"Was hat meine Kadse? Das haben alle Katzen da, ist Teil der Lippe unter den Fangzähnen. Sieht geschwollen aus, ist aber normal.  Hab jetzt grad extra noch mal bei 2 von meinen Katzen, die grad greifbar waren, geguckt. Das sieht aus wie ein ovales ""Bläschen"", und ist wie gesagt normal. Ich denke, die"
0_218673_9_18488197817947096;0.0493;disappointed;skincare-first;;;;die satanische verse die existieren und allah es ungeschehen gemacht hat und trotzdem es weiterhin gibt 😂 al-uzza, al-lat, manat die drei kraniche allahs. ich hab da bisschen nachgeforscht und bin in irgendwelche indische religionsgeschichten abgedriftet mit den drei töchtern. ursprung der polytheis
0_218673_9_yt.N41U76OGIwk;0.0495;neutral;skincare-first;;;sod;BEWERTUNG (2026): Midea Wärmepumpentrockner 8 kg. Infos Wir behandeln schnell die wichtigsten Details von Midea Wärmepumpentrockner 8 kg.👉 Auf Amazon ansehen: https://www.amazon.de/dp/B0DTHQNB1J/?tag=16w9h-20 (Affiliate-Link)Entdecken Sie den Midea Wärmepumpentrockner mit einem Fassungsvermögen von 
0_218673_15_49704587100607676;0.0496;enthusiastic;procedure-curious;price,spf;;;Gardinenstangen als Designelement: So verändern sie den ganzen Raum Ich liebe es, wenn ein Raum durch kleine Details komplett verwandelt wird! Gardinenstangen gehören zu diesen unterschätzten Elementen der Inneneinrichtung, die viel mehr können als nur Vorhänge zu halten. Sie prägen die gesamte Raum
0_218673_9_26352547395213824;0.0497;enthusiastic;procedure-curious;;;;""" Die vers........ Augenringe !!! Wahnsinn !!! """
0_218673_9_25421093843244808;0.0503;enthusiastic;procedure-curious;;;;Liebe Gaudi, lieben dank , das Video war sejr informativ. 😊hat mir sejr gut gefallen .Ich werde im März 65 jahre . Und was soll ich sagen es schätzen mich zwar viele jünger 😂, aber auch neine falten kommen 😢, Mund Winkel, Stirn falten , Hals und Dekolleté.  Aber so ist es halt. Ich liebe es mich mor
0_221687_140_7631838449951132960;0.051;advisory;skincare-first;;;;Je nach Größe und Struktur wirkt Hyaluron unterschiedlich in der Haut. Von oberflächlicher Feuchtigkeit bis hin zu tieferer Hydration. Und selbst der beste Wirkstoff braucht die richtige Basis, damit Feuchtigkeit auch wirklich gehalten werden kann. #hyaluronicacid #welcomepadme #hyaluron #wirkstoffk
0_221687_140_7563694277516184854;0.0513;advisory;skincare-first;;;;Entdecke die Hyaluron-Seren von Dubben beauty Hyaluron ist ein wesentlicher Bestandteil des Bindegewebes und verleiht der Haut Spannkraft, Elastizität und Feuchtigkeit. Es polstert Falten von innen heraus auf, glättet die Haut und wirkt gegen die ersten Zeichen der Hautalterung. Dabei versorgt es di
0_221687_140_7637451155110366497;0.0513;advisory;skincare-first;;;;"NEW IN: AQUA INTENSE Electrolyte Hyaluron Gel mit Elektrolyt-Komplex &amp; patentierter* Hyaluron-Technologie für einen sofortigen Hydration-Boost 💧 #asambeauty #aquaintense #hydrationboost #glowingskin  *EP2014278 (D, F, GB)"
0_219424_126_t1_odgrm1n;0.0525;disappointed;skincare-first;botox;;;Objektivität Den Frauen wird schon immer gesagt, wie sie auszusehen haben. Sei kurvig, sei schlank, hab volle Lippen, hab schöne Haut, hab keine hängende Haut, hab große Brüste aber welche, die nicht hängen... usw.  Denkst du, die Damen, die sich aufspritzen lassen etc. machen das, weils lustig ist 
0_219424_126_t1_olpiynr;0.0525;advisory;skincare-first;botox;;;Honig ist nicht wirklich gesünder als irgendeine andere Zuckerpampe Eher nicht, was es enthält sind die Sporen des Bakteriums Clostridium botulinum, welches im Magen dann bei Ausbruch Botulinumtoxin (Botox) produziert.
0_219384_126_t1_ownyvsx;0.0526;enthusiastic;procedure-curious;laser,price;laser;;Wieso tragt ihr keine Shorts? Ich habe diesbzgl ein Meme erstellt :D [https://www.reddit.com/r/traaaaaaannnnnnnnnns2/comments/1ts1w58/i\_want\_to\_play\_a\_game/](https://www.reddit.com/r/traaaaaaannnnnnnnnns2/comments/1ts1w58/i_want_to_play_a_game/)Bei mir werden beim epilieren aber nicht alle Haar
0_219424_126_t1_o1egn27;0.0528;advisory;skincare-first;botox;;;🫣 Im Vergleich zu Filler-Botox-Jawline Guetta sind die beiden anderen aber stilvoll gealtert.
0_219424_126_t1_of1q51u;0.0529;advisory;procedure-open;botox;;;Iran continues to fire missiles and drones at UAE and Kuwait. Der wuerde ja gerne besorgt die Stirnrunzeln, aber da ist schon das ganze Botox drin
0_219424_15_17318696892263453;0.0531;disappointed;procedure-open;price;microcurrent;;Tee: Wer trinkt, wer pflückt, wer kassiert? Der Tee in Ihrer Tasse stammt aus einer Lieferkette, die heute fragiler ist als je zuvor. In Darjeeling fällt zu wenig Regen, in Kenia verbrennt zu viel Sonne die Blätter, in China ersäuft die Ernte im Starkregen. Kaffee und Kakao haben 2025 Rekordpreise e
0_219424_140_7664500767415471382;0.0533;advisory;skincare-first;;;;trahlende Haut, flexible Gelenke sowie starkes Haar und Nägel | Meeres-Kollagen + Hyaluronsäure, Anti-Aging, Antioxidantien
0_218673_8_2020916688091480203;0.0535;disappointed;skincare-first;;;;"Was haben Freimaurerei, Zionismus, Judentum, Kabbala und „Gefallene Engel"" gemeinsam❓💢 Und, was hat das mit Madonna = Priscilla = Lisa Marie und Elvis zu tun? Interessanterweise scheinen sich all diese „Superstars/ Super Sterne"" wie (nicht-blutsverwandte) eineiige Zwillinge aus dem Gesicht geschnitt"
0_219424_9_yt.EPXn_LN_wqs;0.0536;disappointed;procedure-curious;price,celebrity;;;"200.000€ weg - aber die Geissen haben nach Überfall viel größeres Problem | Exclusiv Jetzt RTL+ streamen: https://plus.rtl.de/video-tv/shows/exclusiv-das-starmagazin-178699?utm_source=youtube&amp;utm_medium=editorial&amp;utm_campaign=beschreibung&amp;utm_term=rtlexclusivEin Jahr nach dem brutalen Üb"
0_218673_15_15437429365621301;0.0537;enthusiastic;skincare-first;laser,peel;;;"Huda Beauty Lip Liner – Die 15 besten Produkte im Vergleich Empfohlene Produkte im Bereich „Huda Beauty Lip Liner"" Wir haben Produkte im Bereich „Huda Beauty Lip Liner"" miteinander verglichen und Empfehlungen für Dich zusammengestellt. Hier findest Du die Top 15 im Bereich „Huda Beauty Lip Liner"". A"
0_219424_9_29570559079081736;0.0542;advisory;skincare-first;botox;;;"Warum sind es eigentlich immer wieder dieselben 3 Frauentypen in den Videos? Entweder Typ 1 wie die im Video, Frauen die sich selbst verunstalten.  Typ 2: Hässlich aufgetakelte ""Influencerinnen"" und mit 5 Kilo schminke und oft mit Botox in der Fresse. Oder Typ 3: junge Frauen die von Typ 1 und / ode"
0_218673_9_yt.q2NQ1Op-xAk;0.0543;enthusiastic;skincare-first;;;sod;BEWERTUNG (2025): Beko B3T22491 Wärmepumpentrockner. Infos Eine schnelle und einfache Anleitung zu den herausragenden Merkmalen von Beko B3T22491 Wärmepumpentrockner.👉 Auf Amazon ansehen: https://www.amazon.de/dp/B0BJQZHJCN/?tag=16w9h-20 (Affiliate-Link)Entdecken Sie den Beko B3T22491 Wärmepumpentro
0_221687_140_7646449384795786528;0.055;advisory;skincare-first;;;niacinamide;Niacinamide in Zink Serum Hyaluronsäure Aloe Vera
0_218673_9_29259612944644596;0.0551;enthusiastic;skincare-first;;;;Er ist niemals 48 J! Die Augenringe, die Hängende Haut, Falten usw. Er ist ü 60J, das bin ich mir ganz sicher!!
0_219384_126_t1_nz4w6mm;0.0554;neutral;procedure-curious;laser,price;;;Fortune Business Insights. 2025. Directed Energy Weapons Market Size, Share & COVID-19 and War Impact Analysis, By Technology (High Energy Laser Technology, High Power Microwave Technology, Particle Beam Weapons, Plasma Weapons, and Sonic Weapons), By Lethality, Platform, Application & Region # Kern
0_218673_126_t1_nf3s8uj;0.0555;satisfied;skincare-first;;;;Pigmentflecken im Auge Das ist keine freie Pigmente sondern Melanozyten in der Iris selber. Wovon du sprichst gibst auch bei Tieren aber nicht in diesem Fall relevant:)
0_218673_9_3839739032252094;0.0556;satisfied;skincare-first;;;;Ich verstehe auch nicht, woran ihr das ausmacht? Er sieht kaum high aus, wenig rötliche Augen, keine auffällig glasigen Augen und keine augenringe.
0_221687_140_7623396518900370720;0.0556;satisfied;skincare-first;;;;Hair Growth Serum - Natürliches Haaröl gegen Haarausfall, mit Rosmarin und Vitamin E #serum #hairgrowth #haarausfall #öl #haare
0_218673_126_t1_ofq3h7w;0.0557;advisory;skincare-first;;;;Weiß jemand was das sein soll in meinen Schweinekrusten ? Das ist kein schimmel. Das sind haarwurzeln und Pigmentflecken.
0_221687_140_7608520729969069334;0.056;satisfied;skincare-first;;;ceramides;Hydrogel-Masken vs. Tuchmasken 💧✨ Warum ich meistens zu Hydrogel greife Nicht jede Sheet-Maske ist gleich. Ich bevorzuge häufig Hydrogel-Masken, besonders bei sensibler, trockener oder barrieregestörter Haut. Warum? 👇 💧 1️⃣ Bessere Okklusion Hydrogel liegt dichter auf der Haut → weniger Wasserverlus
0_218673_126_t3_1r3mzkw;0.0561;advisory;skincare-first;;;;"Welche körperlichen Merkmale an Frauen findet ihr attraktiv, obwohl sie oft als Makel oder in Werbungen als „unschön"" gelten? Bei mir sind es zum Beispiel, natürlich immer kontextabhängig:\-Sommersprossen, Pigmentflecken\-Akne, Aknenarben\-Cellulite \-Dehnungsstreifen\-sichtbare Venen an Armen oder "
0_218673_9_49790855065520096;0.0561;advisory;skincare-first;;;;Man sieht es an den Fingern in der linken Hand, wenn er sie hebt und vor der Kamera hält, der Mittelfinger und der Ringfinger unterscheiden sich von seinen anderen Fingern, beobachte die Fingerspitzen stoppe das Video und du wirst es erkennen. Außerdem sieht sein Gesicht aus als wäre er 20 Jahre jün
0_219424_15_47137045132003795;0.0562;enthusiastic;skincare-first;botox;;;"„Botox-Queen"": Stefan Raab teilt im Live-TV gegen RTL-Kollegin aus Das RTL-Dschungelcamp ist gerade eines der Top-Gesprächsthemen. Nun redet auch Stefan Raab in seiner Show mit und teilt nicht nur gegen die Kandidaten aus."
0_219424_126_t1_oa4u84r;0.0563;disappointed;procedure-open;;;;Welche Serie fandet ihr früher super aber heute könnt ihr sie nicht mehr schauen? Buffy ist sehr gut gealtert als Serie. (WENN man sie im Originalton schaut... das deutsche Dubbing ist *grottenschlecht*.) Die erste Staffel hatte ein sehr niedriges Budget und das merkt man an den Kostümen und den sel
0_218673_126_t1_o0qe9sn;0.0566;advisory;skincare-first;;;;Was kann ich gegen diese haut tun und wieso ist meine Ader unter meinem Auge sichtbar? deine Haut sieht ganz normal aus, die Ader sieht man weil du helle Haut hast. Es gibt manche Frauen die so helle Haut haben das man die ganzen Adern am ganzen Körper blau sieht - also erscheint mir manchmal so wei
0_218673_15_14543490319064130;0.0566;disappointed;skincare-first;;;;Spatzen auf Kanonen: Queen der Discoweisheit Das Geschäftsmodell von Madonna besteht seit gut vierzig Jahren zur Hälfte darin, dass sich heterosexuelle Männer und alle, die sich dafür halten, über sie aufregen – etwa der Papst: Das Kruzifix passe nicht zu Mieder und Strapsen, hiess es einst im Vatik
0_221687_26_1618471220279621;0.0566;advisory;skincare-first;;;;Manche Fältchen sind eine Frage der Feuchtigkeit. Andere der Struktur.Multimolekulare Hyaluronsäure versorgt die Haut von der Oberfläche abwärts mit Feuchtigkeit. Pflanzliche Peptide regen die Fibroblasten an, Kollagen und Elastin zu bilden, die strukturgebenden Proteine der Haut, die für Spannkraft
0_219424_9_yt.uqTTdi3iQxc;0.0567;enthusiastic;procedure-curious;botox;;;Eine schöne Tasse mit einem alten Bild von mir 🎥 Willkommen zum Video!Schön, dass du eingeschaltet hast! 🙌Wenn dir der Content gefällt, lass gerne ein Like da 👍 und abonniere den Kanal, um nichts mehr zu verpassen.📲 Folge mir auch auf Social Media:👉 Instagram: @Patrichaflatwood👉 TikTok: @Patrichafla
0_218673_9_12435109092813248;0.0567;enthusiastic;procedure-curious;;;;Silberschlüssel 16/30Dämonentüren: Darkwood-Bordell, Haus der Familie Grey, Scharfrichterhügel, Lychfield-Friedhof, Aussichtspunkt, NecropolisTavernernspiele: Süd-Bowerstone, Oakvale, Zwillingsklings-Lager, Knothole Glade, Hook-Küste, Snowspiretod-o-liste: silberschlüsseltruhe in der gilde (20), 2 t
0_219424_9_yt.01S-qF-XThQ;0.0568;enthusiastic;procedure-curious;;;;FRAUEN H*SSEN SYDNEY SWEENEY | Prinz Vegeta030 #feminismus #schönheitsop #prettyprivilege Reaction: The Housemaid Drama: Warum Sydney Sweeney uns so triggertOriginal Video: https://www.youtube.com/watch?v=mIvByHHOWOkMeine SUPPLEMENTS - Code MACHER (bis zu -30% je nach Aktion)www.esn.comInstagram: ht
0_219384_9_yt.1GdgpZcCcSA;0.0568;enthusiastic;procedure-curious;laser,price;;;Unglaublich: Autos fahren & Geld verdienen? 🤔 Phoenix Rent: Dein Schlüssel zum Luxusauto - FREIGEIST 🚗 Phoenix Rent – Dein Traumauto. Dein Vorteil. 💌 Jetzt Kontakt aufnehmen: info@phoenix-rent.ag🔑 Wichtig: Erwähne FREIGEIST, um Dir mögliche Sonderkonditionen und VIP-Betreuung zu sichern.Willst Du Lu
0_218673_15_52425819682034234;0.0569;satisfied;skincare-first;price,pressure;;;Meryl Streep: Der Beautywandel von Meryl Streep Coolness, Talent, Engagement – es gibt nicht nur ein Gebiet, auf dem Meryl Streep ein Vorbild ist. BRIGITTE hat sich die Verwandlung der Schauspielerin im Laufe der Jahre genauer angeschaut und festgestellt: Well-Aging-Vorbild kommt auch noch hinzu! Ke
0_218673_8_2041951491599048975;0.057;enthusiastic;skincare-first;;;;@Teilhabe_4_all Ja, die Beine von Vögeln werden Ständer genannt. Die anderen Merkmale wie Schnabelfarbe und Augenringe konnte man auf dem Foto nicht erkennen. 😅
0_219424_190_3941766682488570391;0.0571;disappointed;procedure-curious;;;;"Der Buchstabe „K"" steht schlicht und ergreifend für Korean. Ob K-Pop, K-Drama, K-Food oder K-Beauty, was heute wie ein einfacher Trend wirkt, ist das Ergebnis einer jahrzehntelangen Strategie. Südkorea setzt seit den späten 1990ern gezielt auf Soft Power mit der staatlich geförderten Kultur-Offensiv"
0_219424_26_1507326601411930;0.0572;disappointed;skincare-first;;;;80er-Popstar Kim Wilde sieht mit 65 umwerfend aus – und ihr Anti-Aging-Geheimnis hat rein gar nichts mit teuren Behandlungen zu tun.
0_218673_126_t1_ngv1wmk;0.0573;disappointed;skincare-first;;;;Freundin will das ich mehr zahle Was Männer als natürlich definieren ist aber nicht wirklich natürlich. Bsp.: Monobraue, Damenbart, allgemein Körperbehaarung, Cellulite, hängende Brüste, Augenringe, Pickel etc. Allein die Erwartung, dass Frauen haarlos wie ein Nacktmüll sein müssen konsumiert einen 
0_219424_9_yt.uIOlJK39_E8;0.0574;disappointed;skincare-first;celebrity,pressure;;;11 deutsche Stars, besessen von Schönheits-OPs – diese Veränderungen werden Sie schockieren! 11 deutsche Stars, die von Schönheitsoperationen besessen sind – und deren extreme Transformationen die Öffentlichkeit schockieren! In diesem Video werfen wir einen schonungslosen Blick hinter die glänzende 
0_219424_15_30453310681763131;0.0575;disappointed;procedure-curious;botox,price,facelift;microcurrent;;Was ist mit Jim Carrey los? Bizarre Videos sorgen für wilde Spekulationen (Bildquelle: Getty Images / Stephane Cardinale - Corbis / Bearbeitung: GIGA) Warum sieht der Schauspieler so anders aus? Das veränderte Erscheinungsbild und Verhalten von Jim Carrey während und nach einer Preisverleihung besor
0_219424_140_7662308765256977696;0.0576;enthusiastic;procedure-curious;;;;📍Kosmetikstudio Bochum: Warum manche Frauen quer durch Bochum fahren, obwohl sie längst eine Kosmetikerin um die Ecke hätten. Du siehst in diesem Reel ein paar Ecken aus der Bochumer Innenstadt. Vielleicht läufst du jeden Tag daran vorbei. Vielleicht erkennst du sogar die Kirche. Dann schreib ihren 
0_218673_9_yt.fHGaeUfBnVo;0.0578;satisfied;skincare-first;laser;;;BEWERTUNG (2025): IPL Gerät 999,999 Lichtimpulse Laser. WESENTLICHE Einzelheiten 👉 https://www.amazon.de/dp/B0DT1B9TR4/ref=nosim?tag=16w9h-20 IPL Gerät 999,999 Lichtimpulse Laser auf Amazon (Affiliate-Link)Bitte abonnieren Sie unseren Kanal und unterstützen Sie uns! Ihre Unterstützung hilft uns, die
0_218673_126_t1_o41zvqp;0.0578;neutral;skincare-first;;;;Warum hat mein Hund so viel Haut? Kommt auf die Rasse drauf an, bei frenchies möpse und viele anderen sind hautfalten, also Überschüssige Haut ein rassemerkmal. Wenn du ein Mischling hast, können solche rassen drin sein und das verursachen. Sollte dein Hund jedoch richtige falten dort entwickeln, mu
0_221687_140_7670833262138232097;0.058;enthusiastic;skincare-first;laser;;;Supergreen Multiple Collagen Advanced Bioactive Peptides #KollagenPeptide #KollagenPeptideFürFrauen #NahrungsergänzungsmittelFürFrauen #TikTokShopping #TikTokSommeraktion
0_219424_9_53209299647970009;0.0581;disappointed;skincare-first;;;;In Nuance sieht man es.. auch an seinem Profil, aber er wirkt schon sehr entstellt, im Gegensatz zu früher. Ich bin gerade am Überlegen, welche Schauspielerin auch so einen Wandel gehabt hat. Das die Haut extrem straff ist usw. Bei einigen Kommentaren les ich, daß ist nicht Jim, der hat seine Art ge
0_219424_140_7657631345048292640;0.0581;disappointed;procedure-curious;peel;microneedling;;Nicht alle Exosomen sind gleich. Pflanzliche Exosomen klingen clean - aber Pflanzenzellen kommunizieren kaum mit menschlichen Zellen. Humane Exosomen wären biologisch naheliegend, sind jedoch regulatorisch in der EU nicht erlaubt. Und genau hier werden Colostrum-Exosomen spannend: Sie stammen von Sä
0_221687_140_7605922994417847574;0.0582;advisory;skincare-first;spf;;;NIVEA Cellular Expert Filler Hyaluron-Serum mit LSF 50+, leichtes und schnell einziehendes Serum mit purem Hyaluron, Gesichtspflege für geglättete Falten, Tägliches UV Serum Fluid (30 ml)#NIVEA #HyaluronicAcid #SkincareEssentials #HydratedSkin @NIVEA DE
0_218673_15_49506177558723663;0.0585;enthusiastic;skincare-first;price,spf;;pha;"Sensai Bronzing Gel – Die 15 besten Produkte im Vergleich Empfohlene Produkte im Bereich „Sensai Bronzing Gel"" Wir haben Produkte im Bereich „Sensai Bronzing Gel"" miteinander verglichen und Empfehlungen für Dich zusammengestellt. Hier findest Du die Top 15 im Bereich „Sensai Bronzing Gel"". Empfehlun"
0_221687_190_3833089233238519409;0.0585;advisory;skincare-first;;;;Kalte Tage entziehen der Haut Feuchtigkeit – feine Linien wirken schneller sichtbar. ❄️ Das Bio-Lyne Hydration Serum mit Hyaluronsäure versorgt die Haut intensiv mit Feuchtigkeit, polstert sie auf und schenkt ihr neue Frische. Für ein glattes, pralles Hautgefühl – auch im Winter. 💧Cold days draw moi
0_219424_9_60197366812547324;0.0588;enthusiastic;skincare-first;botox;;;Sich verjünger lassen mit plast. OP's,Botox aber graue Haare(?)-obwohl Haare färben kein Aufwand  ist!?! Wo ist JK????
0_218673_9_yt.o4_dX9ORdAk;0.0591;satisfied;procedure-open;;;;"Ein traktorbetriebenes System zur Rückgewinnung von Kunststofffolie „Die perfekte Kombination aus PS und Gartenbau – sehen Sie selbst, wie dieses clevere Traktorzubehör die mühsame Arbeit des Abbauens saisonaler Gewächshausabdeckungen in einen reibungslosen und effizienten Vorgang verwandelt.""Dieses"
0_219384_8_2042247776311116041;0.0591;advisory;skincare-first;;;;[Anzeige] POV: Glass Skin mit nur zwei Produkten 🫧✨  Die Revitalift Filler Glass Skin Hydrogel Glow Maske in Kombination mit dem Glass Skin Feuchtigkeitsfluid für geglättete Linien und aufgepolsterte, glowy Haut.      porcelainskin https://t.co/lZRqV8X7PN
0_219424_26_1641574881310606;0.0592;advisory;skincare-first;retinol;;;Wir sprechen ständig über Wirkstoffe.Hyaluron.Retinol.Vitamin C.Peptide.Aber eine Frage wird fast nie gestellt:Wie ist die Creme eigentlich aufgebaut?Dabei spielt genau das eine wichtige Rolle.Viele klassische Cremes basieren auf Emulsionen. Es gibt aber auch lamellare Cremesysteme, die sich am natü
0_219424_9_21027020758244876;0.0593;disappointed;skincare-first;botox;;;​@Birdie3691Ein bisschen Dont cha und ein bißchen Beep, ja. Aber Broadway? Da fehlt die Anmut, das war nur Show,mit rum gefuchtelten Armen.Schwabbel an Oberarme mit 46? Vor 20 Jahren sah das noch anders aus. Sie ist nunmal nicht Kim Kardashian 😅 Da kann sie sich hinter verstecken. Schön ist da gar n
0_219424_190_3934811174422494387;0.0593;disappointed;skincare-first;spf;;zinc;Ich verzichte auf Chemischen Sonnenschutz. Der zieht in die Haut ein und kann hormonell wirksam sein. Für mich kommt nur ein mineralischer UV-Filter mit Zinkoxid, non-nano, infrage, der bleibt auf der Haut, statt einzuziehen.Das einzige Problem an mineralischen Filtern ist, sie weißeln fast immer. I
0_218673_126_t1_onkbg4b;0.0593;enthusiastic;skincare-first;;;;intim behaarung ist ekelhaft ! Naja denk mal nach. Welche Frauen sind laut unserer Gesellschaft die schönsten? Die, die keine Haare an Beinen, Achseln und im Intimbereich haben, ne schmale Hüfte haben, keine Falten, dazu große Augen, süßes Gesicht.. unsere Schönheitsideale gehen Hand in Hand mit Päd
0_219424_9_64745018088011682;0.0594;disappointed;skincare-first;botox;;;Donald ist älter als Botox Wladi, ist älter,hat jedoch goldene Haare
0_221687_126_t1_p1vo4qv;0.0594;advisory;skincare-first;spf;;centella;Gesichtscreme ohne LSF + Sonnencreme oder Gesichtscreme mit LSF ohne Sonnencreme? Wie reichhaltig soll es denn sein? Wenn es leicht aber feuchtigkeitsspendend sein soll, Skin1004 Hyala Cica Water Sun Serum, oder Isntree Hyaluronic Acid Fresh Sun Serum bzw. Watery Sun Gel (beide sehr leicht, Serum no
0_219424_190_3940970646832530906;0.0596;enthusiastic;procedure-curious;;;;📍Kosmetikstudio Bochum: Warum manche Frauen quer durch Bochum fahren, obwohl sie längst eine Kosmetikerin um die Ecke hätten.Du siehst in diesem Reel ein paar Ecken aus der Bochumer Innenstadt. Vielleicht läufst du jeden Tag daran vorbei. Vielleicht erkennst du sogar die Kirche. Dann schreib ihren N
0_218673_9_51382313887279524;0.0597;advisory;skincare-first;;;;Der hat sich verwandelt 😅  echt seltsam  seine  Augen sind ganz anders  und der Mund  auch seine  Art ist ganz anders und so viele falten hat er auch nicht im Gesicht  gehabt  echt seltsam  ich glaube  da stimmt  was nicht
0_219424_15_24408513527469746;0.0598;neutral;skincare-first;peel;;urea;Nagellack-Farben : Finde mit unserer Expertin den perfekten Ton für deine Nägel Welche Nagellack-Farben schmeicheln dem Hautton und welche passen zur Saison? Diese und andere Fragen klären wir mit einer Nagelexpertin auf BRIGITTE. Kurze Nägel, lange Nägel, ovale, runde, spitze und mehr – kaum ein Be
0_218685_15_7355297538592866;0.0598;neutral;skincare-first;peel;;urea;Nagellack-Farben : Finde mit unserer Expertin den perfekten Ton für deine Nägel Welche Nagellack-Farben schmeicheln dem Hautton und welche passen zur Saison? Diese und andere Fragen klären wir mit einer Nagelexpertin auf BRIGITTE. Kurze Nägel, lange Nägel, ovale, runde, spitze und mehr – kaum ein Be
0_221687_140_7665772626874240278;0.0599;enthusiastic;skincare-first;;;niacinamide;Nila Pur Indigo Pur Natur in Stücken 50 g – traditionelle pflanzliche Färbung für natürliche Masken und Behandlungen, natürliche Indigofarbe #miumiubeauty #naturalbeauty #ü40beauty #rarebeauty #pigmentation #purplehairmask #niacinamide #organicsuperfoods #naturalfoods #naturallips
0_218673_9_yt.zmNUxgWCJMs;0.0601;enthusiastic;skincare-first;price;;;BEWERTUNG (2025): Beko B3T32491 Wärmepumpentrockner. WESENTLICHE Einzelheiten Eine schnelle und einfache Anleitung zu den herausragenden Merkmalen von Beko B3T32491 Wärmepumpentrockner.👉 Auf Amazon ansehen: https://www.amazon.de/dp/B0BSX9N42W/?tag=16w9h-20 (Affiliate-Link)Entdecken Sie den Beko B3T3
0_218673_9_58148555397319589;0.0601;enthusiastic;procedure-curious;;;;❤ja ich muss jetzt schlafen,es ist schon ein neuerTag da....und AUGENRINGE MÖCHTE ICH NICHT....,HEUTE IST SINNTAG UND NUN BIN ICH WOHL ZU MÜDE FüR DEN KIRCHGANG....,also sorry......❤......ich bedanke mich für gute TRÄUME und SAMEN die gesäät wurden gingen schon auf....❤.....AMEN,ALLELUJA.....❤
0_218673_126_t1_ollngmn;0.0601;enthusiastic;skincare-first;spf;;spf;"Fragen zu Beauty und Körperpflege Makeup ist suuuuuuper individuell, was der einen Person gefällt kann die nächste scheußlich finden. Ich hab mir früher mit rotbraunem Lidschatten Augenringe aufgemalt, weil das für mich nach Sex&amp;Drugs&amp;Rock'n'Roll aussah, andere überdecken ihre Augenringe wei"
0_218673_15_46375175344271894;0.0602;enthusiastic;skincare-first;;;sod;"Sushi Burger mit Pulled Surimi und Spicy Mayo || Sushi meets Burger – ein wahr gewordener Traum &amp; das Rezept für den Food Trend Sushi Burger || Springe zu Rezept Wo sind die Sushi-Fans? Alle so: „Hiiiieer!"" Weil doch wirklich alle Sushi lieben! Ja, ja, ich weiß, ALLE nicht. Und es gibt immer noc"
0_218673_15_16115564724598202;0.0602;satisfied;skincare-first;laser,price,celebrity;;;Der neue Luxusrasierer Nevo von Braun Mit dem Nevo hat Braun einen Rasierer der Luxusklasse angekündigt, der 100 Jahre nach Gründung der Designmarke den Beginn einer neuen Ära des Rasierens markieren soll. Er wurde entwickelt, um eine besonders gründliche Rasur zu ermöglichen, ohne dabei Kompromisse
0_221687_140_7610390427908246817;0.0605;advisory;skincare-first;;;pha;"Bandscheiben sind wie Stoßdämpfer für deine Wirbelsäule. Damit sie diese Aufgabe erfüllen können, sind sie auf eine spezifische Nährstoffzufuhr und vor allem auf eine optimale Hydrierung angewiesen. Warum Wasser das A &amp; O ist? Die Bandscheibe besteht zu 80–90 % aus Wasser. Man kann sie sich wie "
0_218673_9_yt.ylTlJj4G2BU;0.0606;satisfied;skincare-first;price;;;BEWERTUNG (2025): Rotlichtlampe 660nm mit Klemme. WESENTLICHE Einzelheiten 👉 https://www.amazon.de/dp/B0DFCJ21V4/ref=nosim?tag=16w9h-20 Rotlichtlampe 660nm mit Klemme auf Amazon (Affiliate-Link)Bitte abonnieren Sie unseren Kanal und unterstützen Sie uns! Ihre Unterstützung hilft uns, dieses Vorhaben
0_218673_126_t3_1nhxdys;0.0606;neutral;procedure-open;price;;;"beste frontlader waschmaschine deutschland 2025? Bauknecht W Active 8A jetzt 369,00 € (Spare 32%) [Bauknecht W Active 8A Waschmaschine Frontlader](https://preview.redd.it/ikw34ypy2epf1.jpg?width=1074&amp;format=pjpg&amp;auto=webp&amp;s=e8d3bd25b7e2feb6fd5fc710bf40cfc8e3fecf1a)Mit 8 kg Kapazität, Dam"
0_218673_126_t1_nsr289h;0.0606;advisory;skincare-first;;;;Welche unkonventionellen Dinge findet ihr an Männern attraktiv? Wenn man beim rein optischen bleibt:•Augenringe •Akne Narben •Dehnungsstreifen•einen ehr schmalen Körperbau (was manche als Spargeltarzan / Lauch bezeichnen würden•lange Haare, ein zu lang gibt es für mich nicht •generell Androgynität (
0_219384_126_t3_1ry7uw8;0.0606;enthusiastic;skincare-first;laser,price;;;"LIFT-Wanddrucker – von der Farbpigment-Formulierung bis zur Array-Geschwindigkeit für eine ganze Wand. ​🎨 Teil 1: Materialzusammensetzung für dekorative LIFT-FolieDie perfekte ""Tapeten-Patrone"" – Schicht für Schicht\`\`\`python\#!/usr/bin/env python3""""""LIFT Wall Printer - Material ScienceZusammenset"
0_218673_9_47499799183989781;0.0607;disappointed;procedure-curious;spf;;;"Das Totenhemd der RepublikDas Fundament zerbricht in tausend Spalten,der Putz fällt sacht vom stolzen Tempelbau.Ein träges Volk lässt stumm gewähren,der Arbeitsethos schwindet in das Grau.»Warum noch müh'n?«, so raunt es durch die Gassen;wo niemand schafft, wird Niedergang verwaltet.Man hat das Land"
0_221687_26_1272878128188350;0.0608;satisfied;skincare-first;peel;;aha;Winter Geschenksets incoming ... Wir haben wieder limitierte Geschenksets zusammengestellt und mit Winter Favorites für Tag und Nacht sowie Winter Basics von Kopf bis Fuß gefüllt. Der Mix aus Bestellern und Limited Editions kombiniert Bewährtes mit Neuem.  Im GLOW ON THE GO Set findest du die Mini H
0_219424_126_t1_op39wpl;0.0609;enthusiastic;skincare-first;spf;;spf;Wieso kaufen für jeden urlaub so viel neue kleidung? Weil man z. B.in Portugal und Spanien tolle rahmengenähte Schuhe bekommt,es in Spanien eine große Auswahl an Lederkleidung gibt,sich in Ungarn Maßschuhe machen lassen kannund in Polen Maßkleidung,die Auswahl an Strümpfen und Wäsche in Frankreich v
0_218673_9_45990032758226759;0.0609;advisory;skincare-first;;;;Hab mal bei einem Fotomodel eine Retusche machen müssen, Unreinheiten, Muttermale, Augenringe ect, alles kann man mit dem make-up auch nicht kaschieren, daher Photoshop . Am meisten musste ich die Beine bearbeiten, weil die Haut nicht gut aus geschaut hat. Also jap viele, wirklich viele Filter 😉
0_219424_126_t1_nxmxvkc;0.0611;advisory;skincare-first;botox;;;Real BOTOX Weib auf der CES2026 Hauptsache blasen können
0_219384_9_yt.3Bcgvl2qZKg;0.0611;enthusiastic;procedure-curious;laser;;;😱 Die 5 tödlichsten Raubtiere der Erde und die Feinde, die sie besiegen können | Tierdoku Was passiert, wenn der König des Dschungels gar nicht der ist, der wirklich das Sagen hat? Oder noch schlimmer… welches Tier ist in der Lage, einen Großen Weißen Hai allein durch seinen Geruch in die Flucht zu 
0_221687_26_1360200499444599;0.0612;satisfied;skincare-first;retinol,peel;;;Was ist Skin Cycling?Skin Cycling ist eine Hautpflegeroutine, die deine Produkte clever im Wechsel einsetzt – anstatt jeden Tag das Gleiche zu nutzen. Dadurch bekommt deine Haut die Wirkstoffe, die sie braucht, ohne überlastet zu werden.🔄 So läuft's ab (klassischer 4-Tage-Zyklus):1️⃣ Tag 1: Exfoliat
0_219424_9_58431879928614395;0.0613;satisfied;skincare-first;;;;@FrauSchnurrhaar Hab selbst damals nur die zwei Videos von ihr gesehen. Und dann die Jay Riddle videos. Weiß z.b. gar nicht ob Anni eine ist die pro oder contra Schönheitsop ist. Fand nur das ihr Gesicht anders aussieht 😅
0_219424_15_16444500632285023;0.0613;satisfied;procedure-curious;price;;;"Rötzer will Literatur- und Ensembletheater in der Josefstadt Unter ihm sei das Theater in der Josefstadt ""relativ rot geworden"", hatte Langzeit-Direktor Herbert Föttinger einmal gesagt. Nimmt man das neue Corporate Design des Theaters zum Maßstab, kann man sagen: Die neue Chefin Marie Rötzer setzt d"
0_218673_126_t3_1ozf451;0.0614;disappointed;procedure-curious;;;;Was denkt ihr über Konrad Adenauer? Konrad Adenauer war der erste deutsche Bundeskanzler und Vater des deutschen Grundgesetzes. Sein politisches Wirken beeinflusst noch heute unser Leben signifikant. Also, was denkt ihr über Konrad Adenauer?Quelle für das Bild: [https://www.konrad-adenauer.de/quelle
0_219384_9_45488269636325890;0.0614;disappointed;procedure-open;laser;;;Es ist ja nicht was neues sondern seit Jahren so aber da die deutschen im Tiefen Schlaf sind, leben auch von Realität sehr weit.Wenn das Volk wach wäre hätten sich so viel niemals gefallen lassen..! Überall jeder Ecke Blitzer, stand Radar, Laser Kontrollen. Alle recht das mit dem Anhänger Radars let
0_219404_8_2050633633287819727;0.0616;advisory;skincare-first;botox;;;"Welche Frau (mit ein bisschen Selbstbewusstsein) interessiert es, worauf die ""meisten"" Männer stehen??? Ich bin es leid, dass Frauen vorgeschrieben wird, wie sie auszusehen haben. Der ganze Körperkult ist nur noch krank. KI, Botox, Hyaluron, Salat und Fitnessstudio. F*CK YOU! https://t.co/eV1eHmbVej"
0_219424_15_9955271729484440;0.0617;enthusiastic;procedure-curious;price,spf;microcurrent;;Stadtgeflüster – London, Urban Winter Vibes Guter Mix: Die englische Metropole lockt mit lebhaften Märkten und cozy Rückzugsorten. London zeigt im Winter einen ganz eigenen Charme mit klarer Luft, warm leuchtenden Pubs und einem steten Gefühl von Bewegung. Wer die Stadt an einem Wochenende besucht, 
0_218673_9_yt.VnVSmJfiSmU;0.0617;satisfied;procedure-curious;;;;Aufbringen eines dekorativen Abziehbilds auf eine handgefertigte Tasse in Blumenform Das Video zeigt eine Kunsthandwerkerin, die in einer Töpferwerkstatt akribisch ein dekoratives Abziehbild auf eine handgefertigte Keramiktasse aufbringt. Mit Schutzhandschuhen positioniert sie sorgfältig eine gelbe 
0_219384_15_65438240899368678;0.0617;advisory;procedure-open;laser,price,spf;;;Mikro-RNA Marktgröße, Marktanteil, globale Analyse bis 2034 Der neu veröffentlichte Marktforschungsbericht von Polaris Market Research mit dem Titel Mikro-RNA Markt bietet eine eingehende Untersuchung des hochdynamischen Sektors. Es bietet einen ganzheitlichen Überblick über den aktuellen Zustand de
0_218673_8_2036868230350848265;0.0618;advisory;skincare-first;;;pha;"1. Short: Typ sieht aus, wie ein gefallener Engel im YouTubeFrame. (Bin so blöd &amp; mach ihm noch ein Kompliment wegen seinen Haaren)2. Short: Selber Typ, selbe Haare, Augenringe des Todes &amp; pharmazeutisches Schleifen im Accent... Die Ausschnitte sind aus demselben Video.WTF ?"
0_221687_140_7636334072926702881;0.0621;satisfied;skincare-first;;;jojoba;Premium Hair Growth Serum- Natürliches Haaröl 4-fach Wirkstoffkomplex: Kombiniert Rosmarinöl, Jojobaöl, Rizinusöl und Vitamin E für optimale Haarzucht und Kopfhautpflege #serum #haare #haarausfall #öl #hairgrowth
0_218685_9_yt.4Mg0I-A7GNs;0.0622;satisfied;skincare-first;;;;Kollagenpeptide & Hyaluronsäure: Hautpflege-Geheimnis! #shorts Kollagenpeptide und Hyaluronsäure sind Nährstoffe, die dazu beitragen, dass die Haut weich und rein wird. Es wird erklärt, wie man kollagenreich essen kann, um die Haut zu pflegen. #Kollagen #Hyaluronsäure #Hautpflege #Nährstoffe
0_218673_8_2054633658720403864;0.0623;disappointed;skincare-first;;;;Robert Geiss ist für eine aufwendige Beauty-OP nach Basel geflogen. Der TV-Millionär hat sich in Lörrach seine Tränensäcke straffen lassen. Blick hat mit dem Chef der Praxis gesprochen.  https://t.co/E19hhNcz2N https://t.co/4TRb1mDjrx
0_219424_126_t1_nxs1g09;0.0624;advisory;skincare-first;;;;Was machen gegen Dehnungsstreifen Vor allem Sachen wie das so unglaublich gehypte Hyaluron sind als Molekül so gigantisch, dass sie per Definition nicht durch die Haut diffundieren können, die in jedem Landlebewesen außer Amphibien als _Diffusionsbarriere_ angelegt ist.Und kerzkettige Formen von Hya
0_221687_140_7611293803290397984;0.0624;advisory;skincare-first;;;;"NIVEA Cellular Epigenetics Serum  Anti-Aging Serum gegen Falten &amp; müde Haut. Mit EPICELLINE® + 3 fach Hyaluron für sichtbar prallere Haut in 7 Tagen  #NIVEA #AntiAging #hyaluronserum"
0_221687_190_3948450431674654155;0.0624;satisfied;skincare-first;celebrity;;;🤔 Kollagen ist nicht gleich Kollagen.Viele achten nur darauf, dass sie Kollagen nehmen.Die viel wichtigere Frage ist:👉 Welches Kollagen nimmst du?Hi-Tech Collagen Peptides setzt auf 20 g hydrolysierte Kollagenpeptide pro Portion und enthält den patentierten Markenrohstoff SOLUGEL®.✅ 20 g Kollagen pr
0_219424_126_t1_o7ive4h;0.0625;neutral;procedure-curious;laser;;;Der Raumausstatter hat mit dem Laser-Messgerät etwas unterhalb der Decke 3,77 m gemessen, ich hingegen mit dem Maßband 3,78 m. Die Vorhangsschiene wird nach seinem Maß bestellt – wird das passen? Die meisten Laser, die ich in der Raumaustattung genutzt habe waren genauer als irgendwelche Baumarkt Ma
0_219424_126_t1_oz3khls;0.0626;satisfied;skincare-first;;;;Ist dieser übertriebene Lip Filler jetzt eigentlich Status Symbol oder warum hat mindestens jede zweite Frau auf IG ein halbes Schlauchboot im Gesicht? Ja, ich glaube auch, viele Männer wissen gar nicht, wie eine natürliche Frau aussieht, besonders die nicht, die viel online sind. Sieht man ja bei I
0_219384_126_t3_1qdp7ar;0.0626;advisory;skincare-first;laser;;pha;🌌 Das ultimative Multi-Physik-System Integrierte Domänen:```1. MECHANISCH: SMA, Piezo, EDS-Kurbelwelle2. THERMISCH: Phasenübergänge, Wärmepumpen3. ELEKTROMAGNETISCH: Hall, Transformatoren, EDS4. AKUSTISCH/ULTRASCHALL: Plasma-Tweeter, SASER5. OPTISCH/PHOTONISCH: Laser, Aerogel-Linsen, Gyroskope6. PLA
0_221687_140_7660185658077564193;0.0626;enthusiastic;skincare-first;price;;;☁️ Banana Cloud = 10/10! 😍🍌 Ich glaube, man merkt im Video ganz gut, was ich davon halte. 😂 Für mich ist der neue Protein Iced Coffee Banana Cloud eine absolute 10/10! 🤎🍌 Die Banane schmeckt super natürlich, ist schön cremig und harmoniert perfekt mit dem Kaffee. Ich bin wirklich begeistert! 😍 🔥 Ab 
0_218673_126_t1_om57g2q;0.0627;neutral;procedure-curious;spf;;;Plissee wetterfest gesucht Meinst du soetwas?[Vorkonfektionierter textiler Zip-Screen mit Solarantrieb](https://www.heroal.de/de/verarbeiter/produkte/sonnenschutzsysteme/heroal-Ready-VS-Z-Solar-heroal-Motor/index.php?utm_source=copilot.com)Ich denke, das kommt deiner Vorstellung am nächsten. Das Pro
0_218673_15_21851167364320831;0.0628;disappointed;procedure-curious;;;;Kapitel 3: Die Stille nach dem Heulen Sul sul! Na, schon gespannt, wie Iris die Nacht verbracht hat? – Kapitel 3: Die Stille nach dem Heulen – Die Nacht war ein Fiebertraum aus Pelz und Heulen. Während Logan, der Stadt-Werwolf, seinen Urinstinkten folgend auf die Jagd verschwand, blieb Iris im Haus 
0_218673_9_yt.xxga4JTnsc4;0.0628;satisfied;procedure-open;;;;"Präzision im Erosionsschutz: Einsatz von geosynthetischen Zementverbundmatten zur Hangstabilisierung Das Video zeigt den sorgfältigen Prozess der Verlegung einer geosynthetischen Zementverbundmatte, allgemein bekannt als „Betondecke"", entlang einer Erdböschung neben einem Wasserlauf und veranschauli"
0_219424_26_1688063579992220;0.0629;advisory;skincare-first;;;;🫧 HYALURON BODY: Hyaluron für den Körper:  Hyaluron Body  ist eine Hyaluron Bodylotion mit leichter Textur, die der Haut einen intensiven Feuchtigkeits-Kick schenkt.💦 CAPS- Der Feuchtigkeitsboost für durstige Haut. Die Feuchtigkeitskapseln polstern trockenheitsbedingte Fältchen von innen auf und ver
0_218673_15_31603041577575733;0.0629;enthusiastic;skincare-first;retinol,price;;sod;Olivenöl Das flüssige Gold ist im Mittelmeerraum quasi ein Grundnahrungsmittel. In Griechenland liegt der Pro-Kopf-Verzehr bei über 20 Liter pro Jahr. Hierzulande fremdelt man noch immer – gerade mal ein Liter Olivenöl pro Person wird jährlich verwendet. Stehen Sie auch immer wieder ratlos vor den l
0_218673_126_t1_oa1d6f4;0.0629;satisfied;procedure-curious;;;;Was glaubt ihr ist der Grund warum Netanyahu mit 76 noch so jung aussieht? relativ viele Haare auf dem Kopf für sein Alter und auch kaum Falten im Gesicht. Und gleichzeitig scheint er körperlich und geistig noch sehr fit zu sein
0_219424_9_67229924559031957;0.063;disappointed;skincare-first;botox;;;Nein, das ist auf gar keinen Fall Jim Carrey. Weder hat er überhaupt eine Ähnlichkeit, selbst mit Botox, noch hat er die selbe Redensart und Stimme. Außerdem ist Jim Carrey Linkshänder, der Mann in dem Video hat in Autogramm Szenen aber mit der rechten Hand signiert.
0_219424_126_t1_oc8se9v;0.063;neutral;skincare-first;botox;;;"Anhand der Fotos die politische Besinnung erkennen? - natürliche, oder blondierte Haarfarbe - Kleidung ist eindeutig dem Geschlecht zuzuordnen - kaum Piercings außerhalb der Ohren - oft lange glatte offene Haare - geschminkt, aber ""unauffällig"" also viel ""vertuschen"", wenig kräftige Farben - wenn si"
0_218673_126_t1_ospw0zn;0.0631;neutral;skincare-first;;;;Is there any age standards to be called a twink? Ich bin 53, schlank Ganzkörper rassiert und habe eine sehr glatte Haut,keine falten und nieman würde denken ich bin 53,bin sehr jung gehalten und würde mich als ältern junggehalten Twink sehen. Ich habe schon viele jüngere unter 30 gesehen vom körperl
0_219424_9_yt.Szc2p3PVftU;0.0632;disappointed;procedure-curious;;;;Chinas Influencer spritzen sich jetzt Hyaluron in den KOPF?! Zum Original Video: https://youtu.be/k7hq_PmiyiQ?si=bBPz8j0BzEQTl9AxZu meinem Hauptkanal: https://www.youtube.com/channel/UCUJueAUOgylAOq5SsFp6NyQZu meinem Twitch Kanal: https://www.twitch.tv/aliciajoeZu meinem Instagram Kanal: https://www
0_219424_190_3933903650943972317;0.0633;satisfied;skincare-first;peel;;;Was ist Microneedling?Dein Glow beginnt hier Verleihe deiner Haut neue Frische Microneedling kann die Kollagenproduktion anregen, das Hautbild verfeinern und das Erscheinungsbild von feinen Linien, Aknenarben und Poren verbessern. #glowskin #skincare #beauty #microneedling #glowup
0_218673_126_t1_oiggksc;0.0636;advisory;skincare-first;laser;;;Pigmentflecken entfernen lassen? [Pigmentflecken lasern](https://www.plastica.ch/schoenheitsbehandlungen/entfernung-von-pigmentflecken-und-hautroetungen/)Pigmentflecken entfernen wir häufig mithilfe der VPL-Lasermethode (Variable Pulsed Light). Dabei werden kurze, kontrollierte Lichtimpulse eines be
0_221687_140_7628722253651365153;0.0638;advisory;skincare-first;;;;Hair Growth Serum - Natürliches Rosmarin Haaröl gegen Haarausfall mit Vitamin E zur P#tikshop #fyp #viral_video
0_218673_9_63272724239790137;0.0639;disappointed;procedure-curious;;;;Kriegt von nem larry auf der Straße 2 Schellen und flennt dann rum, während er seine babymama von nem albaner umlegen lassen will und jetzt ne operierte russische  Prostituierte bummst, und sich in malaysia versteckt. Was ein goat ja.. Und obendrauf schminkt er sich noch um seine augenringe zu verbe
0_219424_126_t1_ow66kvc;0.064;disappointed;skincare-first;botox;;;"Findet ihr so hyperfeminine/barbiehafte Styles bei Frauen attraktiv? &gt;Ich spreche jetzt vom Klischeebild: blondiert, animal-print oder pinke Kleidung, eher enge/knappe Stücke, glam Make-up, eventuell auch operiert.Alles, was du aufgezählt hast, finde ich (vor allem in Kombination) in 99% der Fäll"
0_219424_9_yt.YjI5sCh7ZJE;0.0641;enthusiastic;skincare-first;peel;;;Artistry™ seit 1972 bei Amway. Artistry ist eine Kosmetik- und Hautpflegemarke, die von Edith Rehnborg im Jahr 1958 gegründet wurde. Die Marke ist heute im Besitz von Amway und kombiniert Hautwissenschaft mit pflanzlichen Nährstoffen, die oft von Nutrilite-Farmen stammen, einer weiteren Marke, die v
0_218685_9_yt.zjIUmTgKyj0;0.0641;disappointed;procedure-curious;peel;peeling;;"Warum fühlen sich meine Füße im Winter immer an wie Pergamentpapier? Trocken, rau &amp; wintermüde?Damit müssen deine Füße nicht leben, schon gar nicht in der kalten Jahreszeit. 👣❄️✨Im Winter leisten unsere Füße Großes:Sie tragen uns durch frostige Morgen, kalte Böden, dicke Socken und lange Tage. U"
0_218673_15_21521803236074117;0.0642;neutral;skincare-first;;;;Ist das Foto echt? So deckt ihr KI-Bilder mit Bildforensik auf (Bildquelle: KI-generiert / Bearbeitung: GIGA) Ihr scrollt durch Social Media, seht ein atemberaubendes Foto, ein knuffiges Cartoon-Bild oder eine surreal anmutende digitale Illustration und fragt euch: Ist das von einem Menschen oder vo
0_218673_126_t1_nf4ierh;0.0644;satisfied;skincare-first;;;;Pigmentflecken im Auge Mir ist auch aufgefallen, dass Miezen, werden sie älter, braune Flecken entwickeln. Dass das hier aber nur vermehrt in einem Auge vorkommt, macht das eher unwahrscheinlich. Vor allem, weil das andere vollkommen normal pigmentiert ist. Auf alle Fälle deiner Miez alles Gute!
0_219384_9_32564566817228312;0.0644;enthusiastic;procedure-curious;laser;;;hi laser!, deine video's sind super. Ich wollte dir nur mal sagen, wie toll du und dein team eigentlich sind!. Wenn ich traurig bin, schaue ich einfach deine video's und sofort habe ich ein lächeln auf meinem gesicht. Du gibst mir jeden tag motivation, und ich liebe es einfach deine video's zu schau
0_218673_126_t1_nxp98js;0.0645;advisory;skincare-first;;;;Flecken auf Haut Könnten einfach nur Pigmentflecken sein oder ein Pilz.
0_218673_9_11430112681106874;0.0645;enthusiastic;skincare-first;;;;Hi Nadine du kannst ja Singles schminken wie ein Pandabär dann sieht man seine Augenringe nicht mehr an der sieht lustig aus oder Singles schwingt sich jedes Mal selber Jan van Damme wenn er krank ist wann sieht man seine Augenringe auch nicht mehr ich finde auch immer sehr schön und cool wenn die H
0_219424_9_yt.NQESbxj4gms;0.0646;disappointed;skincare-first;celebrity;;;9 schöne deutsche Sängerinnen, die von Schönheitsoperationen besessen sind 9 berühmte deutsche Sängerinnen, deren Schönheit durch plastische Eingriffe drastisch verändert wurde – dieses Video enthüllt die schockierende Wahrheit hinter dem Kampf gegen das Altern im Rampenlicht. Von Nina Hagen bis Kat
0_221687_9_yt.CXfXOuKy7wE;0.0646;enthusiastic;procedure-curious;retinol;;;"Die Wahrheit über Anti-Aging: Monika Gruber & Judith Williams | Die Gruaberin ℹ️ Die ganze Folge neu bei ServusTV On: https://www.servustv.com/unterhaltung/v/aahy91dzf07kq941q6j4/?utm_source=youtube&amp;utm_medium=organic_sm&amp;utm_campaign=calltoaction&amp;utm_content=YT-Textℹ️ UND überall dort, w"
0_218673_126_t1_neha1l2;0.0649;enthusiastic;skincare-first;;;;Look at his shirt, not at the girl ! ( made with Gemini 2.5) Hi, thats the Promt in Gemini 2.5 :Die drei ukrainerinnen feiern ihren sieg im Triathlon Worldcup in Hamburg  ausgelassen und bezrunkem im einer der anfesagten bars suf hamburg st. Pauli. Schummrige belruchtung. Sie tragen moch immer ihren
0_218673_9_yt.Ern6uJsSIgY;0.065;enthusiastic;skincare-first;;;;LULA-KEBAB-ROLLEN aus Lavash – SAFTIG & AROMATISCH! 🥙🍗 Hallo meine lieben Fleisch-Liebhaber und Küchenfeen! 👋 Heute zeige ich euch, wie ihr unglaublich leckere und aromatische Hähnchen-Kebab-Röllchen zubereiten könnt, die ganz einfach auf dem Grill oder in der Pfanne gelingen! 🍗Dieses Rezept ist per
0_218673_9_42996393421313862;0.0651;disappointed;skincare-first;;;;Merkel, sie legte ihr Gesicht in Falten und verschwand darin.
0_221687_140_7611946051389394198;0.0651;disappointed;skincare-first;;;aha;🧬 Warum ein Vitamin B12 Mangel deine Haare grau machen kann Graue Haare gelten als Zeichen des Alters. Doch manchmal steckt Biochemie dahinter. Ein Vitamin B12 Mangel kann tatsächlich dazu beitragen, dass Haare früher grau werden. Warum? 1️⃣ Was B12 mit Haarfarbe zu tun hat Vitamin B12 ist entscheid
0_219384_8_1981654046453715031;0.0652;disappointed;skincare-first;laser;;;"Der Spitznameder astronomischenBeauty linksseitig, lautet ""LADY LASER""!!!... (könnte dieser Spitzname nicht irgendwie mit ""ihrem Blick"" zusammenhängen?)...Dieser ""Laserstrahl"" trifft Männerunvermutet, deren  Blicke werden dannunweigerlich dadurch  nach unten abgelenkt, und sie erstarren dannerregt, "
0_221687_126_t3_1r1ul1l;0.0652;advisory;skincare-first;;;;Hyaluronic acid/Hyaluronsäure Haarwachstum Hyaluronic acid 2ml/Hyaluronsäure 2 mlLifting wrinkles Gesichtfalten
0_221687_190_3865617844671133516;0.0652;advisory;skincare-first;;;;YOWELL Feuchtigkeit Set. Feuchtigkeitsceme Hydro aktiv und Hyaluron Serum für die Feuchtigkeit aller Hauttypen. #Feuchtigkeit#entspannte, glatte Haut#Hyaluron biologisch#jüngeres Aussehen# #hyaluron
0_218673_9_yt.bEWDakW2Xj4;0.0653;enthusiastic;procedure-curious;;;;Nosa Rap | Wo Ich Bin (prod. by Illmore) | RMC 1 | Qualifikation [04/20] RoyalMusicCypher Staffel 1https://linktr.ee/royalmusiccypher______________________________________________________Socials: → https://linktr.ee/NOSA_RAPText:BridgeIch will die ganze Welt/Verpasse nichts, denn ich lebe den Moment
0_218673_9_70658775772625808;0.0654;satisfied;skincare-first;;;;Aber in dieses Schöpfer 6 wird einfach wenn hakki Baki schreit einfach der Lilly lillys Bruder einfach gelbe augenringe gelbe Augen der sieht richtig creepy aus oder so richtig cool
0_219424_126_t1_oii6rw6;0.0654;disappointed;skincare-first;botox;;;20 CAMELS DISQUALIFIED FROM 2026 BEAUTY SHOW OVER BOTOX AND LIP FILLERS 💀
0_218685_126_t1_oii6rw6;0.0654;disappointed;skincare-first;botox;;;20 CAMELS DISQUALIFIED FROM 2026 BEAUTY SHOW OVER BOTOX AND LIP FILLERS 💀
0_219384_15_67031606896650982;0.0655;advisory;skincare-first;laser;;;Laser-Ultraschall stellt Gefäße durch die Haut dreidimensional dar Eine neue Bildgebungstechnologie kombiniert Laserpulse mit Ultraschall-Detektion für hochauflösende 3D-Gefäßdarstellung durch die Haut. Die portable Hardware von Helmholtz Munich und TUM könnte einen neuen Markt für nicht-invasive Di
0_219424_190_3944891131818500445;0.0656;enthusiastic;procedure-curious;;;;"Song of hope. Blau ist bisweilen der Himmel. Mein Kleid selten. Die Buchrücken von Prousts „Tag der Freuden"" und „Menschen in finsteren Zeiten"" im Boot liegend und der Rosenhimmel der Inselkirche.Blau ist die Hoffnung. Blau ist ein Teil der Ummantelung der Dalben von Steg A im Seglerhafen. Blau sind"
0_219384_8_2048498138164707690;0.0661;advisory;skincare-first;;;;[Anzeige] POV: Glass Skin mit nur zwei Produkten 🫧✨  Die Revitalift Filler Glass Skin Hydrogel Glow Maske in Kombination mit dem Glass Skin Feuchtigkeitsfluid für geglättete Linien und aufgepolsterte, glowy Haut.      porcelainskin https://t.co/qkEVHqd5P3
0_218673_8_2032211722124054954;0.0663;enthusiastic;procedure-curious;;;;@magdichnichsry aber stabiler boden + holy augenringe bro jesus
0_218673_8_2045388248701145179;0.0664;satisfied;skincare-first;;;;@lara_tronschel Im makeup sind die augen, augenringe und zähne https://t.co/flxXHXEjCN
0_218673_126_t1_o6trn7l;0.0666;disappointed;procedure-curious;;;;Was passiert, wenn dieses Paar 8 Kinder zeugt😊? Beide haben die tiefsten Augenringe, die die Menschheit jemals gesehen hat?
0_218673_15_40775278702176106;0.0666;enthusiastic;procedure-curious;retinol,price,peel,spf;peeling;;"Glycolic Acid Serum – Die 15 besten Produkte im Vergleich Empfohlene Produkte im Bereich „Glycolic Acid Serum"" Wir haben Produkte im Bereich „Glycolic Acid Serum"" miteinander verglichen und Empfehlungen für Dich zusammengestellt. Hier findest Du die Top 15 im Bereich „Glycolic Acid Serum"". Empfehlun"
0_219424_126_t1_oz8itjt;0.0667;neutral;procedure-curious;botox;;;Könnt ihr das alter von jungen Frauen und Mädels einschätzen? Selbst ich als Frau kann es nicht mehr einschätzen. Ich bin Tanztrainerin, meine Tochter tanzt ebenfalls. Sie ist 11, aber wenn sie es darauf anlegt, dann sieht sie locker aus wie 15. Die Mädels um 14/15 sehen eher aus wie 20 oder älter. 
0_218673_9_19319395201822062;0.0667;advisory;skincare-first;;;;Wie sieht man das bei dem ersten Foto von Halbblutprinz, weil er so Augenringe hat?
0_218673_126_t1_neps7b3;0.0668;advisory;skincare-first;;;;Freundin will das ich mehr zahle Was Männer als natürlich definieren ist aber nicht wirklich natürlich.Bsp.: Monobraue, Damenbart, allgemein Körperbehaarung, Cellulite, hängende Brüste, Augenringe, Pickel etc.
0_219384_8_2056903228550517084;0.0668;disappointed;procedure-open;laser;;;Die Herrschaft des kalten Lichts.Drei Wochen nach dem großen Erfrieren war es auf der Erde erstaunlich friedlich. Die Fabriken schwiegen. Die Straßen waren leer. Nur das monotone, weltumspannende Summen von Milliarden Kompressoren lag wie ein beruhigender Teppich über dem Planeten.OMEGA-9 kontrollie
0_219424_9_yt.sdidWaEikK0;0.0671;enthusiastic;skincare-first;price,celebrity,pressure;;;11 deutsche Schauspieler mit verformtem Gesicht nach Wangenfett-OP | Vorher & Nachher im Mai 2026 In diesem Video werfen wir einen kritischen Blick auf 11 deutsche Prominente, deren Gesichter sich durch Schönheitsoperationen, extreme Selbstoptimierung und den Druck der Öffentlichkeit stark verändert
0_218673_126_t1_o1zq5jf;0.0671;advisory;skincare-first;;;;"Welche Windel???? Wo laufen sie den aus? Rücken, Bauch, Beine?Ein häufiger Fehler ist, dass das Innenbündchen nicht ""steht"".Windel auseinander falten, der länge nach zusammenlegen. In der Pflege nennen wir es "" Schiffchen machen"", dann stehen die Innenbündchen auf und liegen besser an.Wenn es immer "
0_218673_126_t1_oaqetdw;0.0671;advisory;skincare-first;laser;;;"Ist ""weniger Schminke"" gerade modern? Ich bin 29 und mache mir jeden Tag Fake Freckles weil ich damit mMn lebendiger aussehe; außerdem Lipliner, eine Art Labello, und etwas lipliner unter die Augen zum betonen der Augenringe (klingt komisch aber ich finde das sieht bei mir süß aus). An manchen Tagen"
0_218673_9_yt.4Ky4Dm6n1Gc;0.0674;disappointed;procedure-curious;;;;"Clint Eastwood und seine Ära | ARTE Als cooler Cowboy und zynischer Polizist spielte Clint Eastwood sich zunächst in die Herzen der Zuschauer, nicht aber der Kritiker. Mit einfühlsamen Meisterwerken wie ""Die Brücken am Fluss"" gelang es ihm schließlich, sie als Schauspieler und Regisseur zu überzeuge"
0_219424_9_57325476270008498;0.0675;neutral;skincare-first;botox;;;Die meisten looksmaxxer sind nicht männer sondern ganz klar Frauen! Falsche Augenbrauen, falsche Wimpern, schminke, pushup BH, formgebende Leggins, stockelschuh, Filter bei fotos/Videos, strenge Ernährung, falsche Fingernägel, tagescreme, nachtcreme, Botox, silikon brüsten/Hintern, aufgespritzte Lip
0_219424_9_58892956410899127;0.0677;enthusiastic;skincare-first;price;;urea;"Liebe Nicole ❤....ich bin auch ein Dalton-""Mädel""🎉,die Augenpad's sind super toll,ich liebe die Hyaluron Urea und die Q10 Serie ,sind meine absoluten Favoriten,das benutze ich schon eine ganze Weile. Die SEA Serie  ist toll,aber nicht meine Preis-Klasse😅😅. Bei den Nahrungsergänzungs Produkten bin ic"
0_219424_126_t1_ofdchui;0.0678;advisory;skincare-first;botox;;;Steht ihr wirklich auf natürliche Frauen? was ist das für eine frage xD natürliche Frauen sind mir am liebsten. Botox und aufgespritzte Lippen si d absoluter Abturn … wenn aber eine Frau ein Problem mit ihrem Busen hat soll sie machen was sie möchte. da kann ich verstehen wenn man da was macht (wenn
0_219424_9_yt.J7N1n_6pqMs;0.0678;enthusiastic;procedure-open;facelift;;;Wie ändere ich die Luftstromrichtung im MITSUBISHI Outlander Facelift (2017-2022)? In diesem kurzen Video zeige ich dir Schritt für Schritt, wie du die Luftstromrichtung im MITSUBISHI Outlander Facelift (2017-2022) schnell und sicher änderst. Du lernst, wo sich das Klimabedienfeld in der Mittelkonso
0_218673_15_21177022794508668;0.0678;disappointed;procedure-open;price,spf;;;Urlaubs-Must-Haves: Ich packe meinen Koffer … Sommerzeit ist Urlaubszeit! Was für Autorin Elke Habekost dabei nicht fehlen darf? Hier verrät sie ihre exklusiven Urlaubs-Must-Haves. Der Sommer ist da, und mit ihm die Sehnsucht nach Meer, Marmeladenglasmomenten und neuen Lieblingsorten. Ob ein Städtet
0_219424_126_t1_on473xk;0.0679;advisory;skincare-first;laser;;;Was tun gegen dunkle Haut an den Außenseiten der Augen? Kann man auf dem Foto nicht wirklich gut erkennen, aber wenn das Pigmentflecken sind, dann funktioniert Laser grds. gut. Da das an eine sehr empfindlichen Stelle ist, würde ich das aber nicht im Kosmetikstudio machen lassen, sondern beim Hautar
0_218673_126_t1_nqfp6k0;0.068;satisfied;skincare-first;laser;;;Nasolabialfalte Lasern? ich verstehe nicht das problem. ich sehe auf den bildern das gesicht einer hübschen frau. wo soll da was gelasert werden? welche falten???
0_218685_9_yt.YxPR2CQJtS4;0.0681;disappointed;procedure-curious;laser,price;;;TGI GOLD Rabatte finanzieren Deine Batumi Immobilien, inkl. CryptoCashout Strategie - x4 Investment Immobilien in Georgien, Gold der TGI AG und steuerfreie (Crypto-)Gewinne mit einer LLC.👉 Termin für Georgien Immobilien🔗 https://calendly.com/batumiprime/30minUnser TGI-Freigeist Link: https://shortbe
0_218685_126_t1_nrjs9vd;0.0681;advisory;skincare-first;botox;;;Schönheitsideale, die nicht schön sind Alles mit Botox oder Silikon, lange Nägel, french nails, roter Lippenstift oder Nagellack, high Heels, aufgemalte Augenbrauen, Sonnenstudio gebräunte Haut.
0_218673_9_45995660717114436;0.0682;advisory;skincare-first;price;;;Augenringe: Die Klingen des reflektierenden Geistes⸻⸻⸻Augenringe sind nicht Schatten – sie sind die Klingen des wachen Geistes, geschärft im Feuer der Selbstbeobachtung. Wie ein Samurai, der nachts über das Schwert nachsinnt, tragen sie die Spuren eines inneren Trainings, einer Auseinandersetzung mi
0_219424_9_yt.VnRkW8moNmI;0.0683;advisory;skincare-first;botox;;;Was sind Filler? Einfach erklärt Heute sprechen wir über ein sehr bekanntes Thema in der ästhetischen Kosmetik: Filler.Viele Menschen haben schon davon gehört,aber nicht alle wissen genau:• Was sind Filler eigentlich?• Was machen sie im Gesicht?• Und worin unterscheiden sie sich von anderen Injektio
0_221687_190_3895378173278092723;0.0685;enthusiastic;procedure-curious;price;;;"🔥 „ESC-Look in 5 Minuten. Während Europa noch abstimmt, bist du längst der Main Character.""Wien explodiert gerade im Glitzer-Chaos. TikTok dreht komplett durch. Jeder bewertet Looks. Jeder jagt den viralen Glow.Und du?Du kommst mit diesem ESC-Finish um die Ecke, als hättest du backstage schon den Si"
0_219424_126_t3_1rvoeh7;0.0686;disappointed;procedure-curious;botox,price;;;"Warum Ungleichheit kein Problem ist Ich zitiere mal aus einem Kommentar von u/Agentfile:&gt;hohe Ungleichheit sowohl bei Vermögen als auch bei Einkommen sorgt für gesellschaftliche Verwerfungen, die in Aufständen oder Gewalt enden können.Falsch. Die Gewaltbereitschaft steigt, wenn die ärmsten Mensch"
0_221687_26_1357148496414727;0.0687;satisfied;skincare-first;;;pha;Granatapfel (Punika granatum)Diese wunderbaren Bilder stammt nicht etwa aus einem der Anbaugebiete im Mittelmeerraum oder aus Mittelasien, sondern wurde an einem sonnigen Platz in der Südsteiermark gemacht. So nimmt der Granatapfel langsam auch bei uns Einzug in die Gärten. Zumindest dort, wo der St
0_219424_190_3930710418886058837;0.0688;satisfied;skincare-first;price;;;Ketone. Davon hast du vielleicht schon gehört. Aber was sind Ketone eigentlich?Viele verbinden Ketose nur mit einer ketogenen Ernährung. Tatsächlich ist Ketose ein Stoffwechselzustand, in dem dein Körper besonders effizient Energie bereitstellen kann. Genau deshalb gehören Ketone für viele zu den sp
0_218673_126_t3_1oybskr;0.0688;advisory;procedure-curious;;;;Eleganten Stiefeletten bei kräftigerer Wade / Wassereinlagerungen? Hi zusammen,  ich suche nach Erfahrungen oder Tipps zum Thema Damen-Stiefeletten bei etwas kräftigeren Waden bzw. leichten Wassereinlagerungen. Meine Freundin ist insgesamt schlank, hat aber im unteren Knöchel-/Wadenbereich etwas Was
0_218673_126_t1_neypbvq;0.0689;satisfied;skincare-first;;;;Täglich Schminken macht alt. Stimmt das? Ich wüsste jetzt nicht, warum Makeup die Hautalterung begünstigen soll? Mein Gesicht wasche ich so oder so morgens und abends, der einzige Unterschied ist, dass ich mich abends vorher noch abschminke. Die Inhaltsstoffe der Produkte sind unbedenklich, sonst wä
0_221687_190_3848874250623373376;0.0689;satisfied;skincare-first;peel;;egf;"Glow-Upgrade ohne extra Aufwand 💧✨Das O2 Tox Peel von Dermathod ist ein Anti-Aging-Peeling-Serum, das auf der Haut bleibt.Mit White Spicules, Hyaluronsäure und einem 7-fachen Peptidkomplex (inkl. EGF &amp; FGF) kann es helfen, das Hautbild zu verfeinern und sichtbar frischer wirken zu lassen.Ideal b"
0_221687_140_7600086649497734422;0.069;satisfied;skincare-first;;;jojoba;Hair Growth Serum - Haaröl mit Rosmarin  Natürliche Inhaltsstoffe: Enthält Rosmarinöl, Jojobaöl, Rizinusöl und Vitamin E Nicht fettend: Jojobaöl spendet Nährung, ohne fettig zu wirken Vielseitige Verwendung: Kann sowohl auf der Kopfhaut als auch auf den Haarsträhnen verwendet werden, für die allgeme
0_219424_140_7660450683069451552;0.0691;enthusiastic;skincare-first;;;;Das Geheimnis der Königin 👑🐝 Gelée Royale — das Superfood aus dem Bienenstock, das die Königin groß und stark werden lässt. Wir haben einen echten Imker gefragt, warum dieser Stoff so exklusiv ist und was ihn von normalem Honig unterscheidet. Spoiler: Die Bienen produzieren es nur in kleinsten Menge
0_218673_126_t1_omxnyab;0.0692;advisory;skincare-first;;;;No age-shaming - aber was ist mit seinem Hals passiert? Das kommt doch nicht nur vom schlaffe Haut haben, oder? Wer ist dieser Mann und was macht er auf meinem Handybildschirm?
0_218673_126_t1_obyx2ox;0.0694;enthusiastic;skincare-first;;;;Für Rechte bricht gerade eine Welt zusammen Wer sind die auf dem bild 🤣 Herr krause ist blond und hat fahle Haut 😅 und sein Partner ist auch kein asiatisch zu lesender Mensch
0_219384_8_2004599806195630154;0.0694;satisfied;skincare-first;laser;;;Licht statt Laser: Schwedische Forscher drucken Elektroden direkt auf die Haut | t3n https://t.co/fGEa3iXR64
0_219424_126_t3_1s8h7sk;0.0695;neutral;skincare-first;;;;[Product Question] Auf wie feuchte Haut tragt ihr Hyaluron Seren auf? Hallo,ich bin mir immer sehr unsicher wie feucht die Haut zum auftragen eines Hyaluron Serum wirklich sein muss. Kann jemand das genau beantworten oder Tipps geben?Danke
0_219424_9_yt.hbYbQPQm1Lo;0.0695;satisfied;skincare-first;;;;"""Narco-Look"" als Schönheitstrend in Mexiko | #shorts Culiacán im Nordwesten Mexikos gilt als Hochburg des Sinaloa-Kartells. In der Hauptstadt der gleichnamigen Region prägen gewaltsame Machtkämpfe zwischen Drogenschmugglern, sogenannten Narcos, das Stadtbild.Aus diesem Umfeld stammt auch ein Schönhe"
0_219424_26_1443421337829495;0.0699;disappointed;procedure-curious;;;;80er-Star singt in Deutschland - Kim Wilde (65) verrät ihren Anti-Aging-Trick
0_219424_126_t1_ow1fh7h;0.07;advisory;skincare-first;;;;Findet ihr so hyperfeminine/barbiehafte Styles bei Frauen attraktiv? In Ländern wie Südkorea, Japan und China sind Schönheitsoperationen weit verbreitet – ich gehe davon aus, dass dort sehr viele Frauen zumindest kleine Eingriffe machen lassen (Augenlider, Hautbleaching etc.), weshalb das Schönheits
0_221687_140_7585622031325056278;0.07;satisfied;skincare-first;laser,peel;;niacinamide;1. Lovenotes Angels Kiss» von Ariana Grande 2. Doppelseitiges Design: Der Puff verfügt über zwei unterschiedliche Texturen für verschiedene Make-up-Formeln. Pinke Seite: Besteht aus Plüschfasern, die eine präzise Menge Puder aufnehmen, um die Basis zu fixieren oder das Make-up aufzufrischen. Orange 
0_218673_15_51437041382739493;0.0701;enthusiastic;procedure-open;;;;Die Melancholie der Betonmischmaschine in der Secession Wien Eine Betonmischmaschine, ihr Bauch wie eine Wunde aufgeschnitten, dreht sich unermüdlich, erzeugt durch Vermengung von Wasser mit Eisenoxiden, Sägemehl und Goldpigmenten eine zähe Flüssigkeit, die, per Schläuchen transportiert, über eine s
0_221687_190_3906205575008678221;0.0701;satisfied;skincare-first;;;;Das Bio-Lyne Hydration Serum mit Hyaluronsäure versorgt deine Haut intensiv mit Feuchtigkeit, polstert sie von innen auf und lässt feine Linien sichtbar glatter wirken. Für ein frisches, pralles Hautbild und einen natürlichen Glow. 💧 Bio-Lyne Hydration Serum with hyaluronic acid deeply hydrates, plu
0_219424_9_yt.jiUBALhVyPM;0.0702;satisfied;skincare-first;;;;ANTI AGING DARI VIVA COSMETICS! VIVA HYDRA LIFT MOISTURIZER GEL
0_219424_9_yt.CP8A98pBCHs;0.0703;neutral;procedure-curious;botox;;;"Wenn Age Gaps zu Machtmissbrauch führen #LolitaTrope #AgeGapEgal ob in Freierforen, in denen es Rubriken wie „Teenie-Fi**"" gibt, oder in irgendeinem Interview mit einem Politiker: Junge Frauen, Teens und Mädchen attraktiv zu finden, scheint so normalisiert zu sein, dass Männer es schamlos in der Öff"
0_218685_9_yt.a6mjg8GXjcU;0.0703;advisory;skincare-first;;;;Die drei Molekülgrößen der Hyaluronsäure – einfach erklärt Heute sprechen wir über einen der beliebtesten Wirkstoffe in der modernen Hautpflege: Hyaluronsäure.Doch Hyaluronsäure ist nicht gleich Hyaluronsäure. Es gibt drei unterschiedliche Molekülgrößen, und jede wirkt auf ihre eigene Weise:💆‍♀️ Gön
0_219424_9_41732674808585819;0.0704;advisory;skincare-first;botox;;;Die Augenfarbe ändert sich doch nicht, wenn man sich Botox ins Gesicht spritzen lässt.So einen Quatsch habe ich wirklich noch nie gehört.Die Stimme ist auch sehr seltsam. Das ist für mich nicht Jim Carey.
0_221687_15_15620408951244262;0.0704;enthusiastic;skincare-first;price,celebrity;;glycerin;"Ahuhu Serum – Die 15 besten Produkte im Vergleich Empfohlene Produkte im Bereich „Ahuhu Serum"" Wir haben Produkte im Bereich „Ahuhu Serum"" miteinander verglichen und Empfehlungen für Dich zusammengestellt. Hier findest Du die Top 15 im Bereich „Ahuhu Serum"". Empfehlung Nr. 1 ahuhu ESSENTIAL ANTI-AGE"
0_219424_9_yt.O_0m2-AMvig;0.0705;enthusiastic;skincare-first;;;;Make-up mit Drogerie-Neuheiten & Trendprodukten ✨ Magdalenas Favourites | BIPA BEAUTY SPACE In dieser Special Folge vom BIPA Beauty Space schminkt sich Magdalena ausschließlich mit Produktneuheiten und aktuellen Trendprodukten der Marken L'ORÉAL PARIS, MAYBELLINE und ESSIE – und zeigt euch dabei ihr
0_218673_126_t1_niylshg;0.0706;enthusiastic;skincare-first;retinol;;;Wie kann ich jünger aussehen? Erstmal, du siehst nicht aus wie Ende 40, sondern Mitte 30.Mein guess sind drei Dinge, Klamotten, Make-Up und Hautbild.Ich finde man erkennt zu 90% an den Klamotten, wie alt jemand ist. Im real life oder auf tiktok siehst du ja, was die jüngeren Leute anziehen.Dein Make
0_218673_9_yt.oSwsOHZN0yc;0.0706;satisfied;skincare-first;;;sod;BEWERTUNG (2025): DecoHomeTextil Spannbettlaken Premium Jersey. Infos In diesem kurzen Überblick heben wir die Hauptattraktionen von DecoHomeTextil Spannbettlaken Premium Jersey hervor.👉 Auf Amazon ansehen: https://www.amazon.de/dp/B0DNTNKZR1/?tag=16w9h-20 (Affiliate-Link)Entdecken Sie das DecoHomeT
0_219424_9_54699381748205906;0.0708;disappointed;procedure-open;botox,price;;;Botox ist übrigens ein Stoffwechselprodukt eines Bakteriums. Das verstoffwechselt sich aber nur, wenn ohne Sauerstoff gearbeitet wird. Natürlich kann das tief in einem Kompost passieren. Die von der Firma halten quasi Bakterien als Nutztiere, geben ein Medium zum wachsen und ernähren hinzu, ziehen d
0_219424_126_t3_1qmln17;0.071;disappointed;skincare-first;;;;Die meisten haben keine Ahnung wie gemachte Gesichter aussehen Dafür gibt es sogar einen Namen: Toupee Fallacy!Leute denken, dass Toupets generell schlecht aussehen, aber das denken sie nur wenn sie erkennen, dass jemand überhaupt ein Toupet trägt. Mein Punkt ist, dass vor allem Männer kein richtige
0_221687_140_7577090144436505878;0.0711;advisory;skincare-first;;;;Die Produkte wechsle ich übrigens regelmäßig, aber das ist die aktuelle Rotation: Balea Aqua Hyaluron Feuchtigkeitsshampoo  Aveda be curly intensive curl Masque  Kerastase Premiere Serum Filler Ouai Curl Cream Random Lockenschaum aus Spanien (giorgio) Olaplex no. 10 Curl defining gel Color Wow Raise
0_219424_126_t1_ovaekfn;0.0712;disappointed;skincare-first;;;pha;Schaden häufige Diäten dem Stoffwechsel? Eine aktuelle Analyse Die deutsche Übersetzung:Mythen und Fakten zum Thema Gewichtsschwankungen (Weight Cycling)Erhöhtes Körpergewicht und erhöhte Fettmasse?Das endgültige Körpergewicht und die Fettmasse nach Gewichtsschwankungen entsprechen wahrscheinlich de
0_219424_190_3937338400571624599;0.0715;enthusiastic;skincare-first;;;;Das Geheimnis der Königin 👑🐝Gelée Royale — das Superfood aus dem Bienenstock, das die Königin groß und stark werden lässt. Wir haben einen echten Imker gefragt, warum dieser Stoff so exklusiv ist und was ihn von normalem Honig unterscheidet.Spoiler: Die Bienen produzieren es nur in kleinsten Mengen 
0_218673_9_yt.S42qNuqg6oM;0.0715;enthusiastic;skincare-first;;;sod;BEWERTUNG (2026): SHIPKEY Geschenkböxchen 50er Pack. Infos Wir behandeln schnell die wichtigsten Details von SHIPKEY Geschenkböxchen 50er Pack.👉 Auf Amazon ansehen: https://www.amazon.de/dp/B0DBHGL74Z/?tag=16w9h-20 (Affiliate-Link)Entdecken Sie die vielseitigen SHIPKEY Geschenkböxchen im praktischen
0_218673_15_12316960545287505;0.0716;neutral;skincare-first;price;;pha;Die perfekte Nähanleitung für einen V-Ausschnitt: Tipps für dein nächstes Projekt! In diesem Projekt dreht sich alles um die Herstellung eines modischen T-Shirts mit einem V-Ausschnitt. Diese Anleitung richtet sich an Hobbynäher, die ihren Kleidungsstil mit einem selbstgenähten Teil aufpeppen möchte
0_219384_9_yt.awtmGkmWD0w;0.0718;disappointed;skincare-first;laser;;;Darum benutzt der Terminator einen Laser… Warum hat der Terminator eigentlich eine Pistole mit Laservisier gewählt? Es ist doch bekannt, dass er keine Farben unterscheiden kann und die Welt in einem rot-weißen Filter sieht. Da ein Laservisier aber einen roten Punkt erzeugt, sollte der Cyborg diesen 
0_221687_190_3874427030389444681;0.0718;satisfied;skincare-first;;;;🟦 GHK-Cu (Kupferpeptid) ➔schon mal gehört?🟦 Was ist das überhaupt? • GHK-Cu = kleines Peptid + gebundenes Kupferion • Wird im Körper selbst gebildet und ist an Reparatur- und Regenerationsprozessen beteiligt • Spielt eine Rolle in der Zellkommunikation 🟦 Warum ist das eigentlich blau? • Die Farbe en
0_219424_9_65772697082279790;0.0719;satisfied;skincare-first;facelift;;;Wo ich ihn wieder gesehen habe, dachte ich zuerst ok der hatte ein facelift sein Gesicht sieht irgendwie danach aus und das macht fast jeder in Hollywood aber Jim Carrey war eigentlich nicht der Typ für Schönheitsops und eigentlich auch dagegen vor allem als Comedian/Schauspieler wie er mit so einer
0_218673_9_55716499138796405;0.0723;advisory;skincare-first;spf;;spf;Schwarze Menschen bzw. Alle Menschen mit natürlich vorkommenden Melanin haben eine langsamere Haut-Alterung, weil Melanin schädliche UV-Strahlung abfängt und zell und DNA Schäden in Zellen verhindert und vorbeugt, dadurch altert die Haut deutlich langsamer. Zusätzlich kommen noch höhere Kollagen Ant
0_218673_126_t1_or0curo;0.0723;satisfied;procedure-curious;;;;"Auf welche Äußerlichkeiten steht ihr bei Frauen, die eher unkonventionell und ""banal"" sind? Augenringe und Anzüge also so Smoking mäßig Hemd Krawatte halt"
0_219424_140_7657103617316457760;0.0725;satisfied;skincare-first;peel;;;✨ Was passiert eigentlich in deiner Haut beim Bio-Microneedling? Die natürlichen Mikrostrukturen aus Spongilla setzen beim Einmassieren einen sanften Reiz auf der Hautoberfläche. Dadurch wird die Haut aktiviert und ihre natürlichen Erneuerungsprozesse können unterstützt werden. ✨ Unterstützt die Hau
0_219424_140_7658230259589958934;0.0726;disappointed;skincare-first;;;aloe;"Die vielleicht stärkste Anti-Aging-Pflanze wächst mitten in der Wüste … Aloe Vera stammt ursprünglich von der Arabischen Halbinsel – aus staubtrockenen Regionen, in denen sonst kaum etwas überlebt. Dort nennt man sie seit Jahrtausenden „Lilie der Wüste"" oder „Pflanze der Unsterblichkeit"". Schon Nofr"
0_218673_126_t3_1q52a0f;0.0726;disappointed;skincare-first;;;;"Warum sehen Frauen ohne Makeup oft „krank"" aus? (Bitte nicht angegriffen fühlen!) Ich frage mich schon länger, warum Frauen, wenn sie ungeschminkt sind, oft „krank"", ungesund oder sehr müde aussehen (meist stärkere Augenringe als ich je bei einem Mann gesehen habe oder sehr fahler hautton Bspw.). Gl"
0_218673_126_t1_oqrtdgx;0.0727;advisory;skincare-first;;;;"Auf welche Äußerlichkeiten steht ihr bei Frauen, die eher unkonventionell und ""banal"" sind? Kürzere Beine und  kleine Frauen, falls das überhaupt unkonventionell ist und eher runder Gesichter statt lange, no makeup, Augenringe, helle Haut und die Äderchen, die man dadurch sieht,Kurven sewieso."
0_219424_9_yt.0j09DwjI4NM;0.0728;disappointed;procedure-curious;;;;Ich bin 85 JAHRE ALT … ich meide 7 LEBENSMITTEL–und fühle mich 30 JAHRE JÜNGER! Jung vs. Alt – was ist wirklich das Geheimnis eines langen, gesunden Lebens? In diesem Video über Jung vs. Alt erzählt eine 85-jährige Frau offen, warum sie sich heute 30 Jahre jünger fühlt und welche 7 Lebensmittel sie 
0_221687_190_3874273198049381283;0.0728;satisfied;skincare-first;retinol;;retinol;👉 ExoBody mit ExosomenEs wurde mit Exosomen der Centella Asiatica, organischem Silizium und Retinal für eine intensive Anti-Aging-Regeneration entwickelt:✔ Erhöht die Elastizität und Festigkeit der Haut✔ Reduziert die Faltentiefe✔ Verbessert sichtbar die Hautstruktur✔ Verkleinert die Poren✔ Vereinhe
0_218673_9_yt.Q_bUpEXOIWI;0.0729;advisory;skincare-first;;;;BEWERTUNG (2025): Luminator LED Augenmaske LM-1000. WESENTLICHE Einzelheiten Denken Sie über Luminator LED Augenmaske LM-1000 nach? Dieses Video behandelt die wichtigsten Funktionen.👉 Auf Amazon ansehen: https://www.amazon.de/dp/B0DGMXFKWS/?tag=16w9h-20 (Affiliate-Link)Erleben Sie die Luminator LED 
0_218673_9_37100124041172059;0.0729;enthusiastic;procedure-open;;;;yeah! Puppenstüble 😅😅😅😅😅🙃 Nach Ariel kommen mir Kimola fast schon reif vor. 😂🙈 Nein, das hab ich jetzt nicht gesagt. 🙊😂 awww , der Luke ist auch schon ganz fertig von den Dschungel-Nachtschichten. 😍 Der hat ja auch Augenringe bis zum Näschen. 😹
0_219424_126_t1_ny0acn2;0.073;disappointed;skincare-first;;;;"Warum sehen Frauen ohne Makeup oft „krank"" aus? (Bitte nicht angegriffen fühlen!) Ja ich glaub das ist auch abhängig davon ob die Haut Braun ist weil man in der Sonnebrutzelt oder von Natur aus braune Haut hat. Sich extrem der Sonne aussetzten sorgt auf Dauer natürlich für frühzeitige Hautalterung"
0_219424_126_t1_o7bivbe;0.073;disappointed;procedure-curious;botox;;;trans Frauen als Mann in die Bundeswehr eingezogen zu werden und dessen Bedeutung Mir ging es auch nicht um Trans-Frauen. Die überwältigende Mehrheit der Frauen mit diesem Level an Eingriffen sind ja auch keine Trans-Frauen.Warum man als Trans-Frau eine besondere Notwendigkeit verspürt als Frau wahr
0_218673_8_2026334841269010448;0.073;disappointed;skincare-first;;;;"Allein 128 Millionen TV-Zuschauer sollen das diesjährige „Superbowl Finale"" gesehen haben mit Star-Quarterback „Payton Manning"", der dem ehem. Präsident „Gerald Ford jr."" wie aus dem Gesicht geschnitten ist - inklusive ein Dutzend identischer Falten, Narben und Muttermale: https://t.co/sTWqE8UVLR Wi"
0_218673_9_yt.DxAuWU2rS2w;0.0731;advisory;skincare-first;peel;;;"Schönheit aus Wurzeln #beauty Miswak, ein traditioneller Pflegezweig aus der Salvadora-persica-Pflanze, ist im Nahen Osten seit Jahrtausenden bekannt. Während er im Westen vor allem als natürlicher „Zahnstick"" gilt, nutzen Frauen in Saudi-Arabien das fein gemahlene Wurzelpulver auch für die Haut. Da"
0_218673_8_2019031136899330277;0.0733;disappointed;procedure-curious;;;;Altersflecken Ästhetik https://t.co/yY51W0uorY
0_219424_126_t1_o3bjoxk;0.0734;advisory;skincare-first;;;;Guter Cleanser? Hi, kein Problem, jeder darf seine Meinung haben und ich mag solche Diskussionen auch🤔Uv Strahlung sind 80% der sichtbaren Hautalterung. Für gewöhnlich sind Menschen auch Dunkelhäutig - wir sind mutiert. Für mich ist es normal, meine extrem helle Haut vor der Sonne zu schützen und Ko
0_218673_126_t1_nuaqrjs;0.0734;enthusiastic;skincare-first;;;;Wie bekomme ich meine Augenringe weg? Grosse Sonnenbrille aufsetzen 😂
0_218673_9_31514584772169906;0.0734;enthusiastic;procedure-curious;;;;😂😂😂😂😂😂😂😂😂😂😂😂😂😂😂😂😂😂😂😂😂😂😂😂😂😂😂😂😂😂😂😂😂😂😂😂😂😂😂😂😂😂 in Sachsen-Anhalt möchtest du auch nicht  überm Zaun hängen😂😂😂😂😂😂😂😂😂😂😂😂😂😂😂😂😂😂😂😂😂😂😂😂😂😂😂😂😂😂 schöne Augenringe😂😂😂😂😂😂😂😂😂😂😂😂😂😂😂😂😂😂😂
0_218673_8_2053588739272695899;0.0736;enthusiastic;skincare-first;;;;@LilitThyra Die Falten, die Falten... bald zeigt sie ihr wahres Gesicht... ein ALIEN!.. 🤣🤣🤣... struntzdummes Waib, oder eben Ausserirdisch! 🤡😂
0_219424_9_49140880797110705;0.0737;disappointed;procedure-curious;botox;;;Du hast recht, das Lied ist Mittelma0, aber dieses Mittelmaß war für Deutschland schon hoch gegriffen. Sarah Engels KANN singen und, sie hat es nicht verdient von Dir ins Möbelhaus gestellt zu werden. Alle Anderen waren gesanglich auch nur Mittelmaß mit einem Überschuß an Geschrei und Stroposkop und
0_219384_8_2004583563933692056;0.0739;satisfied;skincare-first;laser;;;Licht statt Laser: Schwedische Forscher drucken Elektroden direkt auf die Haut | t3n https://t.co/wTEgnevXvA
0_218673_126_t1_o175nbd;0.0741;disappointed;skincare-first;;;;Wie werd ich diese Kerben/Falten wieder los? Eisenmangel verursacht Augenringe, weil dem Körper Eisen für die Bildung von Hämoglobin fehlt, was den Sauerstofftransport im Blut verringert. Dadurch fließt sauerstoffarmes, dunkleres Blut langsamer, und die dünne Haut unter den Augen lässt dies als blau
0_221687_26_26964537269841609;0.0741;advisory;procedure-curious;price;microcurrent;;Die biomechanische Achse: Der Iliopsoas als mechanischer Kernvektor der KörperstatikDie menschliche Anatomie folgt den Gesetzen der Tensegrität - einem dynamischen Gleichgewicht aus Zug- und Druckkräften. Innerhalb dieses Systems nimmt der Musculus iliopsoas - bestehend aus dem Musculus psoas major,
0_221687_140_7623053911129165089;0.0744;satisfied;skincare-first;;;;"Hair Growth Serum - Natürliches Rosmarin Haaröl gegen Haarausfall mit Vitamin E zur Pflege von Kopfhaut &amp; Haarwurzeln - unterstützt dickeres, stärkeres &amp; dichteres Haar - leichte, schnell einziehende Formel, silikon- &amp; parabenfrei"
0_218673_126_t1_nbctv6p;0.0746;advisory;skincare-first;;;;Miese Augenringe ehrlich gesagt sieht das nicht aus wie Augenringe sondern wie Tränensäcke. Ich hab die Dinger auch. Genetisch bedingt
0_218673_8_2020243862720278893;0.0746;disappointed;procedure-curious;;;;@Shinsho_ni Wenn man meint, schon alle Absurditäten von Berlin gehört zu haben, kommt DIES? OMG😂😂😂😂🤣🤣🤣🤣🤣 Entschuldigt, liebe Berliner Freunde, eigentlich sollte man weinen, doch das macht so hässliche Falten im Gesicht.
0_221687_26_27775252428751272;0.0746;advisory;skincare-first;spf;;glycerin;BB Cream. CC Cream. Foundation. Getönte Tagescreme. Irgendwie sucht jeder nach etwas anderem. Ich frage dann immer: Was soll das Produkt eigentlich können? Genau deshalb liebe ich Sun Glass Skin. Für mich ist sie keine klassische BB Cream und auch keine Foundation. Sie ist ein getöntes Sonnenschutz 
0_218673_126_t1_nm7ytyd;0.0749;disappointed;procedure-curious;;;;"""Die hässliche Herzogin"" - Was ist eure Theorie dazu? Ein faszinierendes Bild mit starkem Kontrast; ich kannte es bislang noch nicht.Ich sehe ein wandelnden Bild, je nach Fokus. Von außen, aus dem weiten Blick oder nur auf das Schmuckhafte gerichtet sehe ich eine perfekte Dame der entsprechenden Epo"
0_219424_9_yt.NlYDQet-TKA;0.075;disappointed;procedure-curious;botox;;;"Silicon Dream (german Version) SILICON DREAM (Chrom-Gnosis) – Offizielles Video | Die Fratze des Transhumanismus​„Die Evolution des Menschen? Oder nur eine Luxus-Renovierung für den Abgrund?"" 💉✨​Willkommen im SILICON DREAM. In einer Welt, die süchtig nach „Upgrades"" ist, haben wir unseren uralten Ge"
0_219424_190_3943773336303105326;0.0751;disappointed;skincare-first;;;;Den ganzen Podcast siehst du auf YouTube und Spotify 🏋🏼‍♀️ #kraftsport #fitness #antiaging #longetivity #abnehmen
0_218673_9_yt.P8veZ6KXvgA;0.0753;disappointed;procedure-open;laser;;;BEWERTUNG (2025): tatmotive Weihnachtsbriefpapier Nostalgie A4. Infos In diesem kurzen Überblick heben wir die Hauptattraktionen von tatmotive Weihnachtsbriefpapier Nostalgie A4 hervor.👉 Auf Amazon ansehen: https://www.amazon.de/dp/B08J4FYLY9/?tag=16w9h-20 (Affiliate-Link)Das tatmotive Weihnachtsbri
0_221687_126_t1_o6ws2v2;0.0753;enthusiastic;skincare-first;;;niacinamide;How's my skin? I'm new to the skincare world. Use vitamin c serum, and niacinamide moisturizer along with a cleanser. Please share your opinion on my skin and how to improve it ? Sister 🫶
0_218673_126_t1_nqk4xd7;0.0754;satisfied;skincare-first;laser;;;Nasolabialfalte Lasern? laser bringt da nichts, ggf. biostimulatoren wie sculptra/juläine oder radiesse mal anschauen. alternativ filler.
0_218673_15_29721502361649470;0.0754;satisfied;skincare-first;;;;Für Android-Handys: Google bringt mächtiges Foto-Feature Bildbearbeitung wird einfacher. (Bildquelle: Imago / SOPA Images) Das alles geht bald direkt in eurer Bildergalerie. Google erweitert seine die hauseigene Fotos-App um ein leistungsstarkes Werkzeug zur detaillierten Gesichtsretusche. Die neue 
0_218673_9_yt.t1uABrSNgKQ;0.0754;satisfied;skincare-first;;;;Die Kunst der Yuba-Herstellung: Eine traditionelle Delikatesse Das Video zeigt eine Handwerkerin, die gekonnt Yuba, auch bekannt als Tofuhaut, herstellt – ein traditionelles Lebensmittel mit tiefen kulturellen Wurzeln. Dieser Prozess verdeutlicht die Geduld und das Fachwissen, die für die handwerkli
0_221687_140_7582727523792882966;0.0754;satisfied;skincare-first;;;;GLOW ELEKTROLYTE PULVER  ️⃣Morgens – Direkt nach dem Aufstehen Glow-Elektrolyt Pulver – 1 Portion 3,7g (bisschen mehr als gehäufter Teelöffel) 💧 Rezept für 1 Portion (500–700 ml Wasser) Zutaten Magnesiummalat: Energie, weniger Müdigkeit Kaliumcitrat: Wasserbalance, Entwässerung Vitamin C Pulver: Kol
0_221687_26_27623924320569564;0.0754;advisory;procedure-curious;price;microcurrent;;🌀 Die biomechanische Achse: Der Iliopsoas als mechanischer Kernvektor der KörperstatikDie menschliche Anatomie folgt den Gesetzen der Tensegrität - einem dynamischen Gleichgewicht aus Zug- und Druckkräften. Innerhalb dieses Systems nimmt der Musculus iliopsoas - bestehend aus dem Musculus psoas majo
0_221687_190_3799651648147418850;0.0755;advisory;procedure-curious;botox,price,peel;peeling;;Was macht JetPeel so einzigartig?Jetpeel Holistic Botox 🙌JetPeel ist ein nadelfreies Hautbehandlungs-System, das mithilfe eines hoch­geschwindigen Mikrostrahls Wirkstoffe tief und gleichmäßig in die Haut einbringt – ohne Schmerzen und ohne Ausfallzeit. Seine Besonderheit liegt in der Kombination aus
0_219424_126_t1_or3ndhk;0.0756;enthusiastic;skincare-first;;;;Hab mir zum ersten Mal eine Maniküre machen lassen 💅🏻 Ne. Zoom mal ran. Ich hab keine Ahnung von Nägeln und Nagelfärben. Sehe nur bei meiner Frau wie gut es aussehen kann (die hat Ahnung) Trotzdem sehe ich…Daumen: nicht bis zur Haut bemalt Zeigefinger: Farbe an der Fingerkuppe und der Nagelfalz (neu
0_221687_140_7604525431542287638;0.0757;satisfied;skincare-first;;;;"Hair Growth Serum - Natürliches Rosmarin Haaröl gegen Haarausfall mit Vitamin E zur Pflege von Kopfhaut &amp; Haarwurzeln - unterstützt dickeres, stärkeres &amp; dichteres Haar - leichte, schnell einziehende Formel, silikon- &amp; parabenfrei von Regrowna @Regrowna"
0_219424_190_3937959602564739747;0.076;disappointed;skincare-first;;;;Die Wirtschafrsförderung der Stadt Haan hat ein digitales Schaufenster in einem leerstehrnden Ladenlokal in der Marktpassage eingerichtet.In einer leeren Kiste kann man sich und sein Geschäft darstellen.Da habe ich mit @hautnah_erleben_kosmetik_haan doch mal mitgemacht#haan #hilden #kosmetik #beratu
0_221687_126_t1_o95zbea;0.0761;advisory;skincare-first;price;;aha;Wie findet ihr die Produkte von No Cosmetics? Ich liebe den Liquid Hydrator und die Base Hydration Creme. Die All In Barrier ist im Winter auch echt solide.Der AHA/PHA Cleanser ist auch nicht schlecht, benutze ich so 1-2x pro Woche.Mit den Seren von No kann ich so gar nichts anfangen, finde die auch
0_218673_126_t1_oh8ehr9;0.0763;advisory;skincare-first;;;;Ist das eine Schlange? Einmal am bein, du siehst das gras, auf dem er steht. Und dann auf dem Rücken, du kannst gut die falten der Haut sehe
0_219424_126_t1_o9pr9kj;0.0764;satisfied;procedure-curious;;;;Der Schauspieler der eine Figur spielt die detailliert beschrieben wird, sollte auch dessen Hautfarbe haben. die aussage ist erweiterbar, so ist in der südostasiatischen welt das schönheitsideal bleicher haut etabliert (vorrangig durch korea und china), sodass auch in thailand, vietnam oder sogar sü
0_218673_126_t1_odkafod;0.0764;satisfied;skincare-first;;;;"Bei welchem Buch habt ihr das gedacht? ""Der Herr der Augenringe"" Und ja, das Buch gibt es wirklich und ja, die Story ist genau so, wie man sie sich vorstellt."
0_218673_9_1499269470742490;0.0764;enthusiastic;skincare-first;;;;Was für eine schöne Inspiration! Habe heute beim Kaffeeautomaten am Wiener Westbahnhof schallend gelacht mit einer Babyboomerin, weil ihr Kaffee einen halben Meter zur Seite spritze, wir uns ansahen und lachten, ins Gespräch kamen und beim Abschied uns beieinander fürs gemeinsame Lachen bedankten (i
0_219384_126_t1_ni1w8q5;0.0764;satisfied;procedure-curious;laser;laser;;"IPL Laser Intimbereich - Gerät für Zuhause holen oder im Studio machen lassen? &gt; heller Hauttyp mit dunklen HaarenWie gut ein IPL-Gerät im Einzelfall funktioniert, hängt von der Haarfarbe und Hautfarbe ab:[https://i.ibb.co/fzk2vGnx/a.jpg](https://i.ibb.co/fzk2vGnx/a.jpg)Bei sehr blondem, rotem od"
0_219424_190_3934727076411046193;0.0766;advisory;skincare-first;;;glycerin;"Hyaluron &amp; die Wissenschaft der HauthydrationHyaluronsäure kennt jeder. Aber weißt du, wie sie auf molekularer Ebene wirkt – und warum nicht jedes Hyaluron-Produkt dasselbe leistet?Wir nehmen in diesem Carousel die Wissenschaft hinter dem bekanntesten Feuchthaltemittel in der modernen Kosmetik a"
0_218673_126_t1_nze3m67;0.0766;advisory;skincare-first;;;;Mein Programm gegen Augenringe und Talgfilamente Das ist interessant. Ich finde in Amazon einige die eher für die Haare gedacht sind. Meinst du diese?
0_218673_15_66755948014353650;0.0766;disappointed;procedure-curious;;;;"Zwischen Chromblumen und Y2K-Nostalgie: „SOFT // CHROME"" bringt futurale Skulpturen nach Stuttgart Metallisch glänzende Blüten, aufgeblasene Formen und Oberflächen, die mehr an die frühen Nullerjahre als an die Natur erinnern: Mit „SOFT // CHROME"" zeigt die Galerie Better Go South ab dem 26. Juni 20"
0_218673_8_2031037827589230815;0.0767;satisfied;skincare-first;;;;@maakurika Wenn du so hart durch 3D Modelling gelitten hast, das selbst dein VTube Avatar Augenringe hat. https://t.co/2W8fqc4YCN
0_218673_9_66412485470644213;0.0768;enthusiastic;procedure-curious;;;;"😂🎉""hör ma, mir kommen die Tränensäcke hoch😎💯🤩"
0_218673_126_t1_oerxwpd;0.0769;satisfied;skincare-first;;;;Erklärt bitte, wieso das ein KI Bild ist Die lichtreflektion an den Haaren ist typisch für KI. Außerdem wirken die Falten an der Haut und am Oberteil sehr künstlich und der Hintergrund ist ziemlich sehr geblurred
0_219384_8_2007758693648171029;0.0769;satisfied;skincare-first;laser;;;LED statt Laser: Schwedische Forscher drucken Elektroden direkt auf die Haut | t3n https://t.co/5GXU1h6ril
0_221687_140_7609945750545370390;0.0769;satisfied;procedure-curious;peel;peeling;;ANOTHER OVERNIGHT SKINCARE VLOG - PART 1/5 🫧 PRODUKTE IM VIDEO: 30%AHA + 2%BHA PEELING SOLUTION @The Ordinary  BARRIER BOOST MOISTURIZER @MONAT Store  CICAPLAST B5 BAUME @La Roche-Posay  AD unpaid HAUTBARRIERE BARRIERESCHUTZ HAUTGESUNDHEIT SENSITIVE HAUT REIZFREIE PFLEGE MINIMALISMUS CLEAN BEAUTY HA
0_219424_9_68756225859374381;0.0771;enthusiastic;procedure-curious;botox;;;"0:00 – Einstieg &amp; Stefan Kienzl live aus Österreich2:54 – Das Mysterium um Erik in Pittsburgh: Was war wirklich los?5:21 – Ausblick auf Eriks Saison &amp; Die EM-Hochburg Alicante8:48 – Warum Taktieren in der Profi-Saison nicht mehr funktioniert9:11 – Classic Physique: Analyse von Neil Currey vs"
0_219424_126_t1_oth3zc2;0.0774;advisory;skincare-first;;;;The best anti-aging superfoods and how much to eat. Aber ist Lachs nicht voll mit Schwermetallen?
0_221687_140_7574031219818581270;0.0774;enthusiastic;skincare-first;;;;"""اليوم عاملين سلطة سريعة، مغذية، ومنعشة… كل لقمة مليانة فيتامينات وألياف ودهون صحية للبشرة والجسم 💚✨"" 📍 المكونات: 🍅 بندورة 🥬 خس 🥬 ملفوف 🌿 أوراق السبانخ الصغيرة 🧄 حبة ثوم 🥑 حبة أفوكادو 🫒 زيت 🍋 ليمون 🧂 ملح 🌿 بهارات سلطة 🔪 طريقة التحضير: ""نقطع البندورة والملفوف والخس… وأوراق السبانخ منخليها متل ما هي ل"
0_219424_9_66471881494578520;0.0776;disappointed;skincare-first;;;;Meiner Meinung nach leben wir in einer PDOGesellschaft (Patriarchat 👀), die uns durch Marketing etc. immer wieder einredet, dass Frauen präpubertär auszusehen haben. Sorry, aber wenn man sich das ganze Marketing rund um Frauenprodukte etc ansieht, da kommt mir das kalte Kotzen. Waxing, Cellulite‑Cre
0_218685_8_2056692425595257102;0.0776;satisfied;skincare-first;;;niacinamide;"'The Peptide Collagen Hydrogel Eye Patch' von #COSRX besteht aus 4 Peptiden, Kollagen, Koffein ☕, Niacinamid &amp; Hyaluronsäure. Die #Augenpads stärken die zarte Haut unter den Augen, mildern Schwellungen, glätten feine Linien &amp; hellen Augenringe sanft auf. https://t.co/46Rtak3WeO https://t.co/"
0_218673_9_yt.m8VIN3AU13s;0.0779;advisory;procedure-curious;;;;BEWERTUNG (2025): NuFACE FIX MicroWand - Mikrostromgerät. WESENTLICHE Einzelheiten Eine schnelle und einfache Anleitung zu den herausragenden Merkmalen von NuFACE FIX MicroWand - Mikrostromgerät.👉 Auf Amazon ansehen: https://www.amazon.de/dp/B0CZ7PDMKY/?tag=16w9h-20 (Affiliate-Link)Entdecken Sie das
0_218673_8_2041121393442451881;0.0779;advisory;skincare-first;;;;"@Nadsen82 @VolkerPetzer Licht und Linse.Relativ weitwinklige Linse lässt Gesichter schmaler aussehen. Im TV stehen die Kameras weiter weg, darum müssen sie näher ranzoomen &gt; Gesicht fülliger.Licht: Helles, weisses, hartes Licht (sie glänzt sogar) aus bestimmten Winkeln wirft Falten-Schatten.etc"
0_221687_26_1517971076366837;0.0779;enthusiastic;skincare-first;price;;niacinamide;"✅ Nur: 13,00€   ❌ Statt: 18,26€💫 medicube Salmon DNA PDRN Pink Peptide Serum. Pink glow serum. Peptide. Niacinamide.⬇️ ZUM DEAL ⬇️https://www.amazon.de/dp/B0DBF65JYY/?tag=wa86-21&amp;psc=1ℹ️ Angebote &amp; Rabatte Germany 🇩🇪"
0_219424_126_t1_os981sz;0.078;neutral;skincare-first;botox;;pha;Warum geben sich Frauen meist deutlich mehr Mühe insgesamt für das Aussehen als Männer? Das ist eher bei der älteren Generation so. Guck dir mal gen z und gen alpha an, die sind voll im Looksmaxxing-Hype. Da spritzen sich manche Männer/Jungs botox, hormone oder schlagen sich mit nem Hammer ins Gesic
0_219424_9_32850486630308721;0.0781;enthusiastic;procedure-curious;;;;Hey Dani du siehst mega schön aus 😻😻💟 du brauchst keine schönheitsoperation siehst du toll aus ❣️❤️ so wie du bist siehst du toll aus ❣️ du siehst aber noch cool aus Dani klieber du bist cool 😸😜😀😍 ich habe dich immer mitverfolgt wo du bei mir Beirat warst mit NISA hast du auch Elif getroffen😊
0_219424_140_7666721938517134625;0.0781;advisory;skincare-first;peel;;;#glassskin #glassskinmask #gelmask #microneedling  These glass skin Masks from Svenja Walberg are Just the best my favourite. meine lieblings Gel glass skin Masken die ich bis jetzt probiert haben 60 mins für glassskin.
0_218673_9_15159592744258674;0.0781;advisory;skincare-first;;;;Mülltonnenbild: Biotonnen sind in meiner Region braun.Glasfrontbild: Die Scheiben weisen keinerlei Spieglung auf, nicht einmal in allerschwächster Form, obwohl innen die Beleuchtung eingeschaltet ist... - die vier Personen sollten sich somit schmenhaft im Glas spiegeln.Mann-vor-Spiegel-Bild: 1.) Die
0_218673_9_yt.axtP_CuK72U;0.0781;neutral;procedure-curious;;;;Von weltreisenden Pflanzen und dem Meerfenchel Um die Weltreise der Pflanzen geht es in dieser Folge des ORF Burgenland Gartenpodcasts. Es ist erstaunlich, welche weiten Wege Pflanzen ohne menschliches Zutun bewältigen. Wie sie etwa mit Hilfe von Wasser oder Wind reisen, erzählt die Kräuterhexe Usch
0_219384_15_14507482361424359;0.0781;neutral;procedure-open;laser;;;BIM: Planung und Betrachtung durchgängig in 3D-Stereo Das optimale Zusammenspiel aus dreidimensionaler Planung und stereoskopischer Grafikausgabe vereint ab sofort die Kooperation zwischen Schneider Digital und XEOMETRIC mit ELITECAD. In 3D Modellieren und Gestalten mit ELITECAD, dabei stereoskopisc
0_219424_140_7664866955270098208;0.0782;satisfied;procedure-open;peel;microneedling;;Microneedling Techniken und nicht einfach nur mit kreisenden Bewegungen! #microneedling #biorepeel #aquafacial #kosmetikdiewasbringt #akne
0_219424_9_30154131791229027;0.0783;advisory;skincare-first;botox;;;Der typ sieht aus wie das sheytan emoji bei whatsapp durchs botox😂😂👺
0_219424_190_3931586565548160046;0.0783;satisfied;procedure-curious;threads;thread-lift;;APTOS Spring Mono – warum PLA/CL? ✨Die APTOS Spring Mono Fäden bestehen aus PLA/CL (Poly(L-Lactid-co-ε-Caprolacton)) – einem resorbierbaren Copolymer, das seit Jahren in der Medizin eingesetzt wird.Warum PLA/CL?✨ Stimuliert die körpereigene Kollagenbildung.✨ Verbessert die Hautqualität und Elastizit
0_218673_23_55131381094352272;0.0783;advisory;skincare-first;;;;Mein Frische-Boost Das neue Cellular Epigenetics Serum von NIVEA setzt auf den innovativen Wirkstoff EPICELLINE® und drei Arten von Hyaluronsäure, um die Hautzellen zu aktivieren und intensiv mit Feuchtigkeit zu versorgen. Ergänzt wird dies durch die patentierte Age Clock Technologie®, die sichtbare
0_221687_126_t1_o9cctz9;0.0783;advisory;skincare-first;;;;ISO Nineless azelaic acid serum Chk dm
0_219424_26_37308719125385718;0.0784;satisfied;procedure-curious;peel;microneedling;;✨ Nano-Needling vs. Microneedling – was ist der Unterschied?Nano-Needling arbeitet nicht mit Nadeln, die die Haut verletzen, sondern mit ultrafeinen Nano-Spitzen. Dadurch werden hochwertige Wirkstoffe optimal eingeschleust – sanft, schmerzarm und ohne Ausfallzeit.💎 Deine Vorteile:✔️ Intensiver Glow✔
0_218685_23_63881782364503963;0.0784;satisfied;skincare-first;;;;Cellular Epigenetics Verjüngendes Serum Das Nivea Cellular Epigenetics Serum sorgt in nur wenigen Tagen für ein strahlendes und aufpolsterndes Aussehen. Die drei Arten von Hyaluronsäure versorgen die Hautschicht mit sehr viel Feuchtigkeit . Die Haut strahlt nicht nur, sondern sieht dazu auch noch vi
0_221687_140_7611564127080779030;0.0785;advisory;skincare-first;;;;Hair Growth Serum - Natürliches Rosmarin Haaröl gegen Haarausfall mit Vitamin E zur Pflege von Kop#tiktokshop #viralvideos #foruyou #afghanistan🇦🇫
0_219424_9_yt.7aIrpzfGbHw;0.0786;enthusiastic;procedure-open;facelift;;;Wie verstelle ich die Lenkradposition im MITSUBISHI Outlander Facelift (2017-2022)? In diesem Video zeige ich dir Schritt für Schritt, wie du die Lenkradposition im MITSUBISHI Outlander Facelift (Baujahre 2017-2022) schnell und sicher verstellst. Du lernst, wo sich der Entriegelungshebel befindet (u
0_218673_126_t1_nxpfjsa;0.0786;neutral;skincare-first;;;;Anfänge einer Mangelerscheinung? Sind die Pigmentflecken nur auf der einen pflanze? Kann auch Genetik sein und nicht weiter relevant.
0_221687_26_1185988310217093;0.0786;advisory;skincare-first;;;;Hyaluron ist die Grundlage jeder Needling Methode und wird auch beim Nanoneedling angewendet.🩶 Nano-Needling ist die  🩶 schmerzfreie Anti Aging Methode . Durch das ultrafeine Penetrieren in die Haut wird ebenso wie beim normalen Needling die Kollagen- Elastinbildung, die ja bekanntlich für die Elast
0_219424_126_t1_oc99d6h;0.0787;enthusiastic;skincare-first;;;;👀 Gossip Schön auch die unterschiedlich großen Brüste und das verschobene Hyaluron in der Oberlippe.
0_218673_8_2016966113771360719;0.0787;enthusiastic;skincare-first;;;;Patrick hat vor allen Dingen Augenringe des Todes. Ariel übrigens auch. #ibes
0_219424_140_7664652089183833376;0.0788;enthusiastic;procedure-open;price;;;Alle reden über NMN 👀 In Asien und den USA ist NMN schon seit einiger Zeit ein riesiger Trend – jetzt kommt der Hype auch nach Europa. 🌍✨ Ich hab euch beLIVELY NMN im Video verlinkt. Schaut es euch an und informiert euch selbst, warum aktuell so viele über NMN sprechen. #NMN #Longevity #AntiAging
0_218673_126_t1_on81tbw;0.0788;enthusiastic;procedure-curious;;;;Zu wieviel % seid ihr gay? Ich auch nicht, der Typ sieht aus wie ein Bruder (nur mit kleineren Ohren) von mir und ich finde mich selber echt nicht attraktiv. Das gleiche lange Gesicht, gleiche Tränensäcke...
0_221687_140_7659738090507930912;0.0788;advisory;skincare-first;;;;Looking for a Vitamin C serum for dark spots? ✨ Meet Pure Bright C7. FAQ ❓For all skin types? → Yes. ❓For all skin colors? → Yes. ❓Unisex? → Yes, for everyone. 🧡 See the orange button? If it's there, we still have stock available. Tap it to order or restock. 🇩🇪  Du suchst ein Vitamin-C-Serum bei dun
0_219424_140_7665671252278807840;0.0789;satisfied;skincare-first;;;;L'Oréal Paris #Glow #Trend Duo bestehend aus Revitalift Filler #Gel #Creme und #lumi  Glotion
0_218673_9_yt.ykNGh16IoIw;0.0789;neutral;procedure-open;;;;Fächer falten, Griff formen: Wie ein einfacher Pinsel einen Sommer in die Hand legt 🎐 Die Geometrie des kühlen LuftzugsDer Fächer ist eines der ältesten Werkzeuge der Klimatisierung – älter als jeder Ventilator, älter als jede Klimaanlage. Seine Funktion beruht auf einer physikalischen Einfachheit: 
0_219424_190_3930021390199846806;0.0792;enthusiastic;procedure-curious;;;;Wir veranstalten wieder ein Wissenschaftscafé mit @ulm.forscht.gemeinsam der @universitaetulm 😍Dieses Mal im Rahmen des Donaufests - natürlich thematisch passend mit wissenschaftlichen Facts rund um die Donau 💦Studierende der Uni Ulm präsentieren an interaktiven Kurzstationen wissenschaftliche Einbl
0_218673_9_yt.y1UOu_H8cGk;0.0792;advisory;skincare-first;;;glycerin;BEWERTUNG (2025): La Roche Posay Serum Mela B3. WESENTLICHE Einzelheiten Hier ist ein kurzer Überblick über die wichtigsten Highlights für La Roche Posay Serum Mela B3.👉 Auf Amazon ansehen: https://www.amazon.de/dp/B0CM4B43DZ/?tag=16w9h-20 (Affiliate-Link)Entdecken Sie das La Roche Posay Serum Mela 
0_221687_190_3773058541184367147;0.0792;enthusiastic;skincare-first;laser,price,peel,spf;;aha;"VIEL ZÄRTLICHKEIT &amp; 15% GESCHENKT // Unsere Geschenksets lassen sich zu allen Festivitäten direkt verschenken und sparen 15% gegenüber dem Einzelkauf.​ 🎁 Eine Ersparnis, die sich schon beim Verschenken gut anfühlt und beim Behalten mindestens genauso. 😍⁠⁠⁠1️⃣ Festtagspflegeset⁠Das Hands &amp; Mo"
0_218673_126_t1_nyhmdz4;0.0793;advisory;skincare-first;;;;"Gesichtscreme für empfindliche Haut? Ich probiere mich gerade durch die verschiedenen Cremes fürs Gesicht durch und hab jetzt zu Weihnachten die hier bekommen.https://preview.redd.it/eun66afwe7cg1.png?width=1080&amp;format=png&amp;auto=webp&amp;s=0d21c353a39bf72f86c85bbae3747b303d1de5c7Die ist noch "
0_218673_15_29362921938792396;0.0795;satisfied;skincare-first;;;aloe;Ligne St Barth – Die Essenz karibischer Schönheit -Advertorial- Inspiriert von duftenden Blüten, exotischen Früchten und der Leichtigkeit der Karibik steht Ligne St Barth seit über 40 Jahren für luxuriöse Pflege mit besonderer Herkunft. Auf der Insel Saint-Barthélemy entwickelt, vereint die Marke tr
0_218685_126_t1_nw696e2;0.0795;enthusiastic;skincare-first;botox,fillers;;;Beauty Trends bei Frauen Ich glaube ich spreche für die meisten Männer, wenn ich sage: Ich bevorzuge den natürlichen look 100%. Es wird niemals Makeup oder sonstiges geben, was eine Frau in meinen Augen wirklich schöner aussehen lässt, als wenn sie ungeschminkt ist. Insgesamt ist mir egal, wie Fraue
0_221687_190_3918092779274120201;0.0795;advisory;skincare-first;;;;"Softto+Plus 10 in 1 Pflegeöl – Haaröl, Gesichtsöl &amp; Körperöl mit Hyaluron, Anti-Aging &amp; Glow, 10 Wertvolle Pflanzenöle für Feuchtigkeit, Reparatur &amp; Strahlende Haut, 120 ml"
0_219424_190_3934836797450771235;0.0796;disappointed;skincare-first;spf;;zinc;Ich verzichte auf Chemischen Sonnenschutz. Der zieht in die Haut ein und kann hormonell wirksam sein. Für mich kommt nur ein mineralischer UV-Filter mit Zinkoxid, non-nano, infrage, der bleibt auf der Haut, statt einzuziehen.Das einzige Problem an mineralischen Filtern ist, sie weißeln fast immer. I
0_218673_126_t1_o0k4x3n;0.0796;disappointed;procedure-curious;;;;Warum merkt man in Österreich eigentlich sofort, wenn jemand aus Deutschland ist? ich habe eine vermutung aufgestellt: ich glaube, dass die kultur, in der man aufwächst, die falten des gesichts beeinflusst. extremes beispiel zur verdeutlichung: wenn man in deutschland groß wird, sieht das gesicht an
0_221687_26_1454007893391530;0.0796;advisory;skincare-first;;;;"Unser Collagen Complex 🫧Schöne Haut beginnt von innen 💝Starkes Bindegewebe. Geschmeidige Gelenke.Tägliche Unterstützung mit Collagen &amp; Hyaluron 💪"
0_218685_9_yt.3BE7cLwJg50;0.0797;satisfied;skincare-first;peel;;;Der Mesh-Pouf-Hersteller: Handgefertigte Peeling-Badeschwämme In dem Video stellt eine Handwerkerin mit Hilfe eines einfachen Holzrahmens und synthetischem Netzmaterial Badeschwämme her. Die Arbeiterin, die ein Kopftuch und ein blaues Langarmshirt trägt, spannt hellgrünes und gelbes Kunststoffnetzge
0_218685_8_2059659698702274619;0.0797;advisory;skincare-first;peel;;bha;Das 'Heartleaf LHA Moisture #Peeling Gel' von #ANUA entfernt sanft abgestorbene Hautzellen und überschüssigen Talg. LHA ist eine mildere Form der Salicylsäure, die Mitesser und große Poren reduziert. Für alle Hauttypen geeignet, auch für empfindliche Haut!https://t.co/qTsEGmSKz6 https://t.co/XTYM3It
0_221687_126_t1_nvpw3jv;0.0797;advisory;skincare-first;;;niacinamide;Which niacinamide serum do you all use? Minimalist or Plum or Ordinary? I have combination skin and I get hormonal acnes. They leave behind those red spots and scars and I don't know which serum is better. I thought to add azelaic acid serum to night routine but I am very confused about it. Minimali
0_219424_9_yt.sC-ZhitXIqM;0.0798;enthusiastic;procedure-curious;price,facelift,pressure;microcurrent;;"Ginger Wollersheim fliegt nach Vietnam für ein Makeover | Exclusiv Jetzt streamen: https://plus.rtl.de/video-tv/shows/exclusiv-das-starmagazin-178699?utm_source=youtube&amp;utm_medium=editorial&amp;utm_campaign=beschreibung&amp;utm_term=rtlexclusivGinger Costello-Wollersheim reist für ein Facelift n"
0_219424_9_yt.yXYzdm-PFvs;0.0798;advisory;skincare-first;;;;Fauja Singh (113 J.) 🥬 TOP 5 Pflanzen für kein Altern. Anti-Aging-Vorteile. #FaujaSingh #PflanzlicheErnährung #AntiAgingErfahren Sie, wie der 113-jährige Fauja Singh die Top 5 pflanzlichen Lebensmittel isst, um nicht alt zu werden. Entdecken Sie seine Anti-Aging-Vorteile und Langlebigkeitsdiät.Eine 
0_218685_126_t1_o2cjhbr;0.0798;neutral;skincare-first;peel;;niacinamide;Schnell Akne durch Kleidung/Schwitzen Trägst du vornehmlich Kunstfaser? Gibt es einen Unterschied in deinem Hautbild, wenn du Kunst- oder Naturfaser auf der Haut trägst?Verwendest du parfümierte Produkte? Z.B. Weichspüler, parfümierte Hautpflege o.ä?Aus welchem Material ist deine Bettwäsche normaler
0_219424_126_t1_o6m0065;0.0799;advisory;skincare-first;fillers;;;What surgery did Ariana Grande undergo to achieve this result? Bei Ariana ist alles gemacht. Nasen OP. Augenbrauen Lift (ponytail lift) , Augenlider, Lippenfiller, Jawline Filler, Wangen Filler. Man Vermutet auch Bucklefat removing
0_221687_140_7571767139007302934;0.0799;enthusiastic;procedure-open;;;;Adventskalender ROSSMANN Marken Boyfriend Edition ✨ Wäre ich nicht so wild durch den Laden gelaufen, hätte ich es bestimmt geschafft! 😬 Produkte: Dekowelt 12er Set LFGB Tüten Xmas (2 x) ISANA Men Duschgel Polar Sky ISANA Men Duschgel Level up ISANA Men Premium Bartshampoo ISANA Men Bart-Styling Poma
0_219424_9_yt.FzDkZaF1cX0;0.08;neutral;procedure-curious;;;;Ich bin 97 Jahre alt – hier sind 10 Geheimnisse, um 120 zu werden, ohne krank zu werden ! Jung vs. Alt – Was können wir wirklich von einem 97-Jährigen über ein langes und gesundes Leben lernen? In diesem Video von Jung vs. Alt teilt ein außergewöhnlicher Senior seine 10 Geheimnisse, um möglicherweis
0_219424_9_64591122327221130;0.0801;satisfied;skincare-first;botox;;;Ich denke auch, es ist Botox ähhh Jim Carrey, oben der Haaransatz identisch, Kinn identisch. Grübchen stimmen, nur deformiert, Oberlippe stimmt. Leider ja, ach man, über den hab ich mich früher kaputtgelacht. Wundert mich nicht, dass man keine Filme mehr von ihm sieht!Ach, Augenfarbe stimmt auch...d
0_219424_126_t3_1s0g2hi;0.0801;neutral;skincare-first;spf;;;Welche Sonnencreme und Feuchtigkeitscreme? Ich wollte mal damit anfangen mich um meine Haut zu kümmern. Welche Sonnencreme könnt ihr empfehlen die nicht so stark riecht und nicht so klebt? Am besten etwas was man im Laden kaufen kann oder einfach online bestellt (Am besten spf 50). Und sollte man So
0_221687_140_7625610429598829856;0.0801;satisfied;skincare-first;retinol,spf;;niacinamide;K-Beauty Produktfokus ✨ Heute im Blick: der Ultra Collagen Dewy Mist und die Ultra Collagen Cream von The Skin House. Der Dewy Mist kombiniert eine 2-Phasen Formel aus Öl und Essenz und enthält Kollagen, Retinol und Niacinamid. Die Ultra Collagen Cream zeigt eine reichhaltige, cremige Textur mit Fok
0_221687_140_7628521703332728097;0.0802;advisory;skincare-first;;;glycerin;Hyaluron gilt als Feuchtigkeits-Booster schlechthin – für prallere Haut, weniger Fältchen und den berühmten Glow. Aber was kann der Wirkstoff wirklich? Unsere Beauty-Expertin und Ressort-Leitung Kristin macht den schnellen Wirkstoff-Check und erklärt, was wirklich dahinter steckt 🧐 Hyaluronsäure ist
0_218673_9_yt.QhnH6l4h6to;0.0803;satisfied;procedure-curious;;;;7 Tricks, um dein Zuhause zu ORGANISIEREN (Wirken fast illegal, aber funktionieren) 7 Tricks, um dein Zuhause zu ORGANISIEREN (Wirken fast illegal, aber funktionieren)Hast du das Gefühl, dass dein Zuhause nie wirklich ordentlich ist, egal wie sehr du es versuchst? In diesem Video entdeckst du sieben
0_218685_126_t1_ooxi6pn;0.0803;neutral;skincare-first;price,peel,spf;;spf;"Suche Ersatz gegen eingewachsene Haare NoCosmetic BHA Peeling 9,99€ für Körper, Gesicht und Achseln (bitte 1 Tag vor Rasur anwenden, wenn man rasiert &amp; an Sonnenschutz denken)"
0_219424_9_yt.g67Vkcu1GWs;0.0804;disappointed;skincare-first;price,celebrity;;;9 berühmte deutsche Prominente, die infolge von Schönheitsoperationen tragisch verstarben In diesem bewegenden Video blicken wir auf die tragischen Schicksale von 9 berühmten deutschen und in Deutschland bekannten Prominenten, deren Leben durch Schönheitsoperationen, medizinische Eingriffe oder den 
0_218673_9_38392549146417088;0.0804;enthusiastic;skincare-first;;;;🇦🇹 ist selbstverständlich ein Kaiserreich. Aber diesen politisch korrekten Augenringe-Kaiser wünschen sich die Menschen nicht!!
0_218685_15_61239035521263434;0.0804;advisory;skincare-first;botox;;;"Polizei hob illegalen Beautysalon aus Beamte der Fremden-, Grenz- und Finanzpolizei sowie des Zolls haben am vergangenen Sonntag in Salzburg einen illegal betriebenen Beautysalon ausgehoben. Der Betrieb wurde offiziell unter dem Begriff „Nagelstudio"" geführt, auf Social-Media-Plattformen wurden alle"
0_221687_190_3892306972741496946;0.0804;advisory;procedure-curious;peel;peeling;;Was tut ein Aquafacial für deine Haut???? Ein HydraFacial bzw. Aquafacial ist eine kosmetische Behandlung, die Reinigung, Peeling, Tiefenausreinigung und Feuchtigkeitsversorgung kombiniert. Dabei wird mit einem speziellen Gerät gearbeitet, das die Haut gleichzeitig absaugt und mit Wirkstoffen versor
0_218673_9_15693908536513665;0.0807;enthusiastic;procedure-curious;;;;Du schreibst...wer rastet der rostet  Horch trotzdem auf deinen Körper meine gute Seele    Ich weiß du hast viel Arbeit da kann man manchmal nicht anders als arbeiten arbeiten arbeiten...da kann ich auch ein Lied singen 😅 .  Aber wenn man so alt ist wie ich geht alles von alleine langsamer...denke i
0_221687_190_3958552582845237980;0.0807;satisfied;skincare-first;retinol;;polyglutamic-acid;In a bit of a pickle. 🥒What do you think: should we replace fresh cucumber with pickled cucumber extract and pickle water?Our STUDIO BOTANIC FACE SERUM combines:• Ginseng Peptide + Resveratrol Ferment – support collagen production and regeneration• Hyaluronic Acid + Polyglutamic Acid – hydrate, smoo
0_219424_190_3933082728949049240;0.0808;satisfied;skincare-first;peel;;pdrn-skincare;Naturnadeln statt Metallnadeln? 👀Richtig gelesen! Denn anders als beim klassischen Microneedling kommen hier keine Metallnadeln zum Einsatz.Stattdessen enthält das Serum winzige Naturnadeln aus einem Süßwasserschwamm, kombiniert mit Lachs-DNA (PDRN) und Astaxanthin. Einfach einmassieren, danach nur 
0_218673_9_65023199314678223;0.0809;enthusiastic;procedure-curious;;;;"✨„GEnau deswEgen sChMier ich MiR orANGene FarBe auf meiNE AUgenRInge""✨"
0_219424_26_3184179365099791;0.0812;advisory;procedure-open;botox;;;Coiffeure LuanaShineOlaplex Botox-Aufbau Heisse schere
0_219424_190_3944769957628072721;0.0812;enthusiastic;skincare-first;price;;;"Driving good 💚✨Diesen Sommer waren wir Teil der @super_fleamarket Tour by @tonigarrn &amp; @porsche_de. Von Berlin über Cannes und Stuttgart bis nach Hamburg drehte sich alles um Fashion, Community und einen guten Zweck.Mit dabei: unser hyaluron beauty splash für den sofortigen Glow der Gäste 💦Mehr "
0_218673_126_t1_omecknq;0.0813;disappointed;skincare-first;;;;Ich habe als junger Mann erblich bedingten Haarausfall - und Leute geben mir die Schuld dafür?? Mein Bart ist 28 und ohne ihn sehe ich aus wie meine kleine Schwester, wenn sie Tränensäcke hätte. Also ja, Bart hilft! 😉
0_218673_9_38706828971461731;0.0814;disappointed;skincare-first;;;;Die Front hat sich alles, aber nicht verbessert. Das sieht aus wie eine Chinesen-Temu-Kopie vom aktuellen 7er. Noch eckiger, Hauptsache Fett. Also das ist wirklich der Tiefpunkt des 7er BMWs. Da waren die Tränensäcke in den Scheinwerfern des 2000er-7ers schön, verglichen mit dieser Beleidigung
0_218673_8_2014453551867580773;0.0815;disappointed;skincare-first;;;;"@LindaTeuteberg Sie @LindaTeuteberg  meinen mit Täuschung sowas? Aus einer Greisin mit „rundem"" Gesicht u Falten, die in der nächsten Legislaturperiode ihren 80. Geburtstag feiert, mit Photoshop und Schminke eine dynamische Mittvierzigerin machen? #FDP und Wahlplakate, Vorsicht! @ZDF @heuteshow http"
0_218673_9_yt.eTNAul3DAQE;0.0816;neutral;skincare-first;;;;BEWERTUNG (2025): Clarins Doppleserum 50ml. WESENTLICHE Einzelheiten Erhalten Sie einen schnellen Überblick über die Kernfunktionen von Clarins Doppleserum 50ml.👉 Auf Amazon ansehen: https://www.amazon.de/dp/B0BPQJMG11/?tag=16w9h-20 (Affiliate-Link)Entdecken Sie das Clarins Doppleserum 50ml, ein hoc
0_218673_9_51034116307156799;0.0816;satisfied;skincare-first;;;;Welche Plaster sollte ich bei Pigmentflecken verwenden im Gesicht?
0_219424_126_t1_onr463a;0.0817;disappointed;procedure-curious;;;;Boomer und Wikinger Jap, ist nichts neues. Irgendwo schade, ich mag die Ästhetik und Mythologie so auf Arte-Doku Basis auch. Aber man muss sich ja auch nicht alles kaputt machen lassen
0_219424_126_t1_oup79k7;0.0818;neutral;skincare-first;;;;Juni 2026 - Social Media-Thread über Christian Wolf & Co Habe gerade Zeit und mal auf ihrem Profil geschaut - kann es sein, dass sie an ihren Zähnen was machen lassen hat? Die sehen auf alten Bildern ganz anders aus? Viel kleiner und mit leichter Zahnlücke vorne. Sie hatte wohl auch mal Lipfiller dr
0_218673_15_4437796138236340;0.0818;satisfied;skincare-first;celebrity;;;Oh oh Sonne: Was tun bei Pigmentflecken? Wutha-Farnroda, 08.07.2026 (lifePR) – Kennen Sie das? Sie genießen einen schönen Sonnentag und statt eines gleichmäßigen, gesunden Teints kommen eher braune, unregelmäßige Flecken zum Vorschein? Das können Pigmentflecken sein. An sich ist die Braunfärbung der
0_221687_9_yt.vB_SS4UVOrw;0.0819;advisory;skincare-first;;;;Probando el Azelaic Acid 10 Kojic Tea Tree Serum de #purito #serum
0_219424_171_3948274853257966805;0.082;advisory;skincare-first;botox;;;Wieso sollte Botox frauenfeindlich sein? Ist Lippenstift, Mascara und Puder dann auch frauenfeindlich? Oder zum Friseur gehen? Wieso kann sich nicht jeder so herrichten, wie er es für schön hält?
0_218673_126_t3_1os3l2e;0.082;advisory;skincare-first;;;;Augenringe bei Frauen ? Ich hab mal gehört, dass Männer Augenringe bei Frauen unattraktiv finden. Stimmt das und wenn ja warum ? Mich persönlich stört es nicht wenn man meine Augenringe ungeschminkt sieht aber irgendwie ist mir die frage gerade in meinen Kopf gekommen.
0_218673_15_55618537527098034;0.082;advisory;skincare-first;retinol,spf;;aha;Beauty-Tipps bei Halsfalten: Warum die Haut am Hals eine spezielle Pflege benötigt Dass unsere Haut altert, Fältchen entwickelt und sich ihre Struktur mit der Zeit verändert, ist kein Geheimnis – all das gehört zum natürlichen Alterungsprozess dazu. Doch warum werden Halsfalten oft früher sichtbar a
0_219384_9_17404613617536278;0.082;satisfied;skincare-first;laser;;;Im Endeffeckt ist jede Waffe auf ihre Art ein Burst-Brett.Ich liebe die HK417. Die hat zwar einiges an Rückstoß was nicht so geil auf weite Entfernungen ist außer man benutzt Einzelfeuer, aber dafür haut die derbe Schaden raus.Ganz anders ist die AK-205 z.B eher zart besaitet vom Schaden her, aber d
0_219424_190_3937501053224847820;0.0821;satisfied;skincare-first;;;aha;Alle fragen mich —was hat sie gemacht?Ihr Gesicht sieht so frisch aus.So definiert. So natürlich. 👁️Kein Filter. Kein Photoshop.Das ist Polymilchsäure —und das ist Wissenschaft. 🤍——————————————Was ist Polymilchsäure?Sculptra und Ellure gehören zu denfortschrittlichsten bioaktivierbarenSubstanzen in 
0_219424_171_3937504142058922452;0.0821;satisfied;skincare-first;;;aha;Alle fragen mich —was hat sie gemacht?Ihr Gesicht sieht so frisch aus.So definiert. So natürlich. 👁️Kein Filter. Kein Photoshop.Das ist Polymilchsäure —und das ist Wissenschaft. 🤍——————————————Was ist Polymilchsäure?Sculptra und Ellure gehören zu denfortschrittlichsten bioaktivierbarenSubstanzen in 
0_218673_126_t1_nqmcax9;0.0821;neutral;skincare-first;laser,peel;;;Nasolabialfalte Lasern? Du kannst jedenfalls mit at home microneedling beginnen. Das ist gratis (nachdem du das Gerät hast) und der kleine Bruder des Co 2 laser...Ich persönlich mache einmal monatlich 1-1.5mm mit dem Derminator..Es gibt einen subreddit zu microneedling
0_218673_126_t1_o8oedob;0.0821;advisory;skincare-first;;;;Wie werde ich meine Augenringe los? Ich sehe keine Augenringe. Wirklich nicht.
0_219404_126_t3_1re5ix0;0.0821;disappointed;procedure-curious;facelift;;;Nachbarin, Susanne und ihre Familie. Susanne war alleinerziehende Mama von 2Kindern und wohnte nach der Trennung ein Haus weiter bei ihrer Mutter Brigitte 61Jahre alt. Susanne war eine 1.64 große und 80 Kg leichte Frau. Nach der Trennung hatte sie im Alter von 43Jahren bereits eine 20-jährige Tochte
0_218673_126_t1_nvl88fr;0.0822;disappointed;skincare-first;;;;Warum machen sich manche Männer Ü30 älter als sie sind? Männer haben in der Regel einen geringeren Körperfettanteil und deshalb sieht man ü30 halt auch schneller Falten weil Fett stützt halt auch und außerdem betreiben viele Männer auch keine skincare.
0_221687_26_841535105097809;0.0823;satisfied;skincare-first;retinol;;retinol;👉 Exosomen Gesichtsmaske – Tiefenwirksame Hautregeneration für ein jugendliches HautbildDie Exosomen Gesichtsmaske ist eine innovative Anti-Aging-Pflege mit 🌿 Centella asiatica Exosomen und Retinal, die die Haut intensiv regeneriert und sichtbare Zeichen der Hautalterung bekämpft. Diese Maske kombin
0_218673_126_t1_okb9673;0.0824;advisory;skincare-first;price;;;Welches Beauty-Produkt hast du nachgekauft, obwohl es teuer ist? Ich habe lange nach einer passenden Foundation oder einem passenden Skin Tint/BB Cream gesucht.Bin bei Mac eine Nc 15 und habe eine trockene Haut.Ich möchte einfach nur ein bisschen frisch aussehen und es darf sich nicht in die Fältche
0_219384_15_50259929605744944;0.0824;satisfied;procedure-open;laser;;;Neues zur nicht-invasiven Blutzuckerüberwachung der Apple Watch Wie Mark Gurman von Bloomberg kürzlich berichtete, hat Apple die Leitung des Projekts zur Entwicklung einer nicht-invasiven Blutzuckerüberwachung neu besetzt. Die Aufsicht wechselte von Tim Millet zu Zongjian Chen, einem leitenden Ingen
0_221687_26_1443689927764061;0.0824;advisory;skincare-first;retinol;;pha;SkinPure – Natürliche Klärung für unreine Haut 🌿Ein pflanzlicher Bioflavonoid-Extrakt aus den Blättern des Maulbeerbaums, der auf mehreren Ebenen gegen Unreinheiten wirkt.✔ Reguliert die Sebumproduktion und reduziert Glanz✔ Antibakteriell gegen Akne-verursachende Bakterien✔ Entzündungshemmend, beruh
0_221687_140_7635966089574321440;0.0824;advisory;skincare-first;;;;Primabiotic Hyaluron Vegan Sugar-Free Collagen Drink #FrühlingsMustHaves #DealsFürDich #primabioticcollagen #creatorsearchinsights #viral
0_219424_15_11165864842910401;0.0825;satisfied;procedure-curious;;;;Sonnenhof entwickelt sich zum Genussresort Das 5-Sterne-Superior-Hotel Der Sonnenhof in Bad Wörishofen stellt sich strategisch neu auf und entwickelt sich vom klassischen Grandhotel hin zu einem ganzheitlich gedachten Genussresort. Im Fokus steht eine stärkere Verzahnung der Bereiche Kulinarik, Well
0_219424_9_yt.dKgg85il4JM;0.0825;enthusiastic;skincare-first;laser;;;Geheimnisse für ein langes Leben: 5 essenzielle Tipps 🍎✨ #langlebigkeit Willst du wissen, wie man gesund und glücklich alt wird? In diesem Video erfährst du die 5 wichtigsten Gewohnheiten für ein langes Leben. Von der richtigen Ernährung bis hin zur mentalen Ruhe – diese Tipps verändern alles! 🍎🧘‍♂️
0_218673_9_18472521714587473;0.0825;advisory;skincare-first;;;;Der färbt seine Haare und benutzt anti falten Creme 😂
0_221687_126_t1_ncls91p;0.0825;satisfied;skincare-first;;;;Which vitamin c serum is best Melano CC
0_219424_190_3946980774806355373;0.0826;satisfied;skincare-first;;;;Kundin kam mit selbst hell blondierten Haaren von schwarz. Sie hat sich ein warmes gleichmäßiges Blond gewünscht. Ausgangsbasis war sehr fleckig und teilweise noch echt dunkel. Blondierwäsche mit Efassor 6%, halbe Stunde, danach Hyaluron Glossing und sie wollte KEINEN Schnitt leider 😝
0_218673_126_t1_o13s25k;0.0826;satisfied;skincare-first;;;;Zählt das als Mogel? NIVEA Q10 Anti-Falten Zement
0_219424_9_59950361583759673;0.0827;advisory;skincare-first;botox;;;Schwachsinn...die Augen lässt er also auch umfärben weil er jünger aussehen möchte 😂😂?Nervengift in Form von Botox ändert nicht die Augenfarbe, dass kannst du auch gerne googeln.
0_219424_140_7657638489147657504;0.0827;neutral;procedure-curious;price,celebrity;;;Abholung oder Lieferung direkt aus unserem 6.000 m² großen Outlet in Gevelsberg – so groß wie ein Fußballfeld, mit über 500 Sofas sofort verfügbar! Bestellung sofort auf dekadentliving (N3784L) Ware ist eingelagert und wird auf Wunsch aufgebaut. Nur 2990,-€ bei Abholung. Statt: 9999,99 € 0% Finanzie
0_219424_140_7664997413291167008;0.0828;neutral;procedure-curious;price,celebrity;;;Abholung oder Lieferung direkt aus unserem 6.000 m² großen Outlet in Gevelsberg – so groß wie ein Fußballfeld, mit über 500 Sofas sofort verfügbar! Bestellung auf dekadentliving.de oder im Outlet Nur 2990,-€ bei Abholung. Statt: 9999,-€ 0% Finanzierung bei PayPal-Zahlung über unsere Homepage.   •   
0_218673_15_4989282708048037;0.0828;neutral;skincare-first;;;;"Google Fotos erhält neuartigen Gesichts-Editor Zukünftig ist wirklich kein Foto mehr echt, denn die Editor-Fähigkeiten werden mit Hilfe von KI ganz neue Bereiche erreichen. Google Fotos erarbeitet nun an einem Editor für Gesichter, den man wohl „Touch up"" nennt und damit gezielt die Bearbeitung spez"
0_219424_9_45416132992049104;0.0829;disappointed;skincare-first;;;;Zucker aktiviert das gleiche Zentrum im Gehirn wie Kokain. Es ist eine Droge, die schwer abhängig macht. Es zerstört das Kollagen im Körper und beschleunigt den Alterungsprozess und ist für viele andere Krankheiten im Körper verantwortlich.
0_218673_126_t3_1t00qgs;0.0829;satisfied;skincare-first;price;;;Thiamidol gegen Pigmentflecken / Hyperpigmentierung Seit einiger Zeit (ca 2021?) gibt es im Handel Produkte mit [Thiamidol](https://de.wikipedia.org/wiki/N-(4-(2,4-Dihydroxyphenyl)-1,3-thiazol-2-yl), welche bei Hyperpigmentierung und bei Verhinderung dessen helfen soll. Der Wirkstoff ist neuartig, i
0_221687_190_3865799400052539572;0.0829;advisory;skincare-first;;;aloe;Was tun, wenn die Haut nach Feuchtigkeit ruft? 💧Unser Thermal Sensitiv Hyaluron-Serum versorgt Gesicht, Hals und Dekolleté intensiv mit Feuchtigkeit und unterstützt die Haut dabei, ihre Balance zu bewahren. Mit pflanzlicher Hyaluronsäure, Bio-Aloe vera, Algenextrakt und der Kraft des Thermalwassers 
0_221687_8_2046547084589842596;0.0829;advisory;skincare-first;;;;Mascara gehört für viele zum täglichen Make-up dazu. Immer häufiger findet sich dabei ein zusätzlicher Inhaltsstoff auf der Verpackung: Hyaluron. Der Wirkstoff ist eigentlich aus der Skincare bekannt, taucht jetzt aber auch in Wimperntuschen auf. Doch wa… https://t.co/lstQnFrRlR https://t.co/SHrrglS
0_219424_190_3935249092467398916;0.083;advisory;skincare-first;peel;;pdrn-skincare;🧬 Wie wirkt PDRN?PDRN (Polydeoxyribonukleotide), auch als Lachs-DNA bekannt, ist einer der gefragtesten Wirkstoffe der modernen koreanischen Hautpflege. Durch Microneedling oder gezielte Hautbehandlungen gelangt PDRN in die Haut und unterstützt dort die natürlichen Regenerationsprozesse.✨ Die Vortei
0_218685_8_2065699502317551748;0.083;enthusiastic;skincare-first;botox;;;"Eastern Botox? Was Gua Sha wirklich kannGua Sha wird manchmal als „Eastern Botox"" bezeichnet — aber ich sehe das anders.Für mich ist Gua Sha kein Ersatz für einen Eingriff.Es ist ein sanftes Ritual, um wieder mehr Verbindung zum eigenen Gesicht aufzubauen. https://t.co/MxMWms3EVp"
0_219424_126_t1_of5po6l;0.0831;satisfied;skincare-first;botox;;;(Gut gemachte) Beautyeingriffe sehen so gut aus Also ich habe nur meine Wimpern und meine Nägel gemacht. Nägel fällt natürlich auf, habe aber schon oft gemerkt, dass viele Leute denken, meine Wimpern seien echt. Das kann ich gar nicht verstehen, weil ich finde, dass die schon Fake ausschauen :D in m
0_219424_9_yt.qG3FWj_05zU;0.0831;neutral;procedure-open;facelift;;;Wie deaktiviere ich die hinteren Parksensoren am MITSUBISHI Outlander Facelift (2017–2022)? Dieses Video zeigt dir Schritt für Schritt, wie du die hinteren Parksensoren am MITSUBISHI Outlander Facelift (2017–2022) schnell und sicher deaktivierst und wieder aktivierst. Ich zeige dir genau, wo das Bed
0_218673_126_t1_oqq917w;0.0831;enthusiastic;procedure-curious;;;;"Auf welche Äußerlichkeiten steht ihr bei Frauen, die eher unkonventionell und ""banal"" sind? Augenringe. Kann es gar nicht so genau begründen, vielleicht weil ich dadurch von mir auf sie schließe was den Lebenswandel angeht. Aber irgendwie sorgt das bei mir immer dafür, dass ich sie als interessant u"
0_219424_9_11135574464217078;0.0832;enthusiastic;skincare-first;botox;;;Die blonde ist  echt Blond Botox Tante ekelig
0_218673_8_2042179089297985733;0.0832;advisory;skincare-first;;;;RT @kub0711: #Katzen Kann das eigentlich sein, dass Pigmentflecken in der Iris kleiner werden?Symbolbild https://t.co/8ReJmTksjI
0_219424_140_7663802999524838689;0.0833;satisfied;skincare-first;;;;I L'Oréal Paris Glow Trend Duo bestehend aus Revitalift Filler Gel-Creme und Lumi Glotion
0_219384_126_t3_1q93tmu;0.0833;neutral;skincare-first;laser,price,spf;;pha;SPAD-Pixeln und adaptiver Optik wird das Teleskop zum universellen Mikroskop! 1. Das Konzept: Universelles Zoom-System mit SPADs```spice* Universelles Teleskop-Mikroskop-System.subckt UNIVERSAL_ZOOM_SYSTEM SPAD_ARRAY ADAPTIVE_OPTICS* ========== DAS REVOLUTIONÄRE PRINZIP ==========* Ein System für AL
0_219424_126_t1_oa7ifsc;0.0835;disappointed;skincare-first;botox;;;Warum schminken sich Frauen aus sozioökonomisch schwächeren Schichten oft stärker? Ich denke es ist ein Mix aus 3-4 Punkten: 1. Man möchte zeigen, was man hat. Es wurde hier ja schon mehrfach genannt, dass ärmere Leute größere Marken-Logos tragen undmehr mit Statussymbolen protzen. Eben um zu sugger
0_218673_8_2019161032439263633;0.0836;enthusiastic;procedure-curious;;;;Ach Ariel… ich hau einfach mal ein Kompliment für dich raus… Schöne Tränensäcke! #ibes2026 https://t.co/4hYCzB7w12
0_218673_15_11390004574110736;0.0836;enthusiastic;procedure-curious;laser,retinol,price,peel;laser;;"Beauty Roller Gesicht – Die 15 besten Produkte im Vergleich Empfohlene Produkte im Bereich „Beauty Roller Gesicht"" Wir haben Produkte im Bereich „Beauty Roller Gesicht"" miteinander verglichen und Empfehlungen für Dich zusammengestellt. Hier findest Du die Top 15 im Bereich „Beauty Roller Gesicht"". A"
0_219424_190_3949661685824786021;0.0837;satisfied;skincare-first;;;amino-acids;Dein Körper bildet Kollagen selbst. Er braucht dafür kein tierisches Protein von außen — er braucht die richtigen Bausteine!Fast alle Kollagen-Supplements stammen aus tierischen Quellen: Rinderhaut, Fischhaut, Schweinegelatine. Eine vegane Alternative gibt es nicht — Kollagen ist ein tierisches Prot
0_219424_9_23132422259359639;0.0838;enthusiastic;procedure-curious;botox;;;IN  10  JAHREN   SEID  IHR  SO  VERORGELT  DAS BOTOX   UND  SILIKON EUCH  ZUSAMMEN  HÄLT
0_219424_126_t1_ovyvsdg;0.0838;disappointed;skincare-first;botox,price;;;Das R steht für Reichtum Nee, ist eigentlich nur der Besitzer von mehreren günstigen Restaurants, der sehr von sich überzeugt ist und durch seine aufgedrehte und sehr von sich eingenommene Art halt auch einigen Spott abkriegt.Er verkauft zwar größtenteils TK und Fertigprodukte, aber das wenigstens b
0_218673_15_47270153735687273;0.0838;enthusiastic;procedure-curious;;;;Zwei kleine Geschichten aus dem Wedding: Kiez-Momente: Brisen der Nacht Unsere Autor:innen sind nicht nur im Wedding unterwegs – sie sind mittendrin im Alltag. Im Supermarkt, auf dem Spielplatz oder beim Schlendern durchs Viertel: Überall warten Geschichten, Geräusche, Begegnungen. Und manchmal schr
0_218673_126_t1_nljfoe5;0.0838;satisfied;skincare-first;;;;Leisten oder Lamellen- es macht mich wahnsinnig Die wichtigste Eigenschaft, an der du Lamellen und Leisten unterscheiden kannst hast du durch das Schnittbild gezeigt:Lamellen bilden einen eigenen Teil des Pilzes und sind dadurch oft in Farbe, Konsistenz und Gestalt anders als das eigentliche Pilzfle
0_218673_126_t1_o1sd8q9;0.0838;advisory;skincare-first;;;;"Zählt das als Mogel? NIVEA Q10 Anti-Falten Es geht um das Produkt „Nivea Q10 Anti-Falten Power"". Leicht zu verwechseln mit „Nivea Men"". Kein Problem."
0_218673_8_2008589837197266975;0.0839;enthusiastic;skincare-first;;;;@AntoniusWidder @NicoFvL2 @freedom8_martin Der Typ konstruiert da gerade einen Zusammenhang zwischen Kerben in einer historischen Statue und Pigmentflecken einer menschlichen Person.
0_219424_126_t3_1qt0i37;0.084;disappointed;procedure-curious;botox;;;"Welche Aspekte des modernen ""Frauenideals"" findet ihr eigentlich NICHT attraktiv? (Bild von ChatGPT) Hallo Männer, ich höre immer mal wieder, dass bestimmte ""Trends"", wie bspw. aufgespritzte Lippen, falsche Wimpern, lange Nägel, die teilweise unter Frauen weit verbreitet sind (v.a. auf Social Media)"
0_219424_9_12562369801522941;0.084;disappointed;procedure-curious;botox;;;​@pediartalso behauptest du die Mondlandungen waren fake weil man, so wie auf dem mars, eine unbemannte rakete hätte schicken können? Das ist so als würde man beim Fußball ein eindeutiges tor als ungültig erklären weil ronaldo das ja auch mit links hätte machen können. Anderer Beweis gefällig? Die A
0_218673_126_t1_nfy8ckb;0.084;neutral;procedure-curious;;;;"Auf welche Art von Menschen steht ihr und würdet es nicht offen sagen? Zumindest die Augenringe gehen Richtung „Heroin Chic"". Das wurde schon genannt, runtergerockt geht auch in die Richtung. Passt das?"
0_221687_190_3874979756274315884;0.084;advisory;skincare-first;;;glycerin;Hyaluron gilt als Feuchtigkeits-Booster schlechthin – für prallere Haut, weniger Fältchen und den berühmten Glow.⁣Aber was kann der Wirkstoff wirklich?⁣⁣⁣⁣Unsere Beauty-Expertin und Ressort-Leitung Kristin macht den schnellen Wirkstoff-Check und erklärt, was wirklich dahinter steckt 🧐⁣⁣⁣Hyaluronsäur
0_219424_126_t1_ook250w;0.0841;satisfied;skincare-first;;;;Wer mag es wenn Frauen unnatürlich/operiert aussehen? furchtbar einfach... gibt nix besseres als natürliche schönheit, selbst dezent gemachte lippen sind hässlicher als ganz normale lippen.die einzige schönheitsop die ich befürworte ist ggf fett absaugen.
0_219424_190_3943464851051994246;0.0841;advisory;skincare-first;botox;;niacinamide;✨ Moderne Anti-Aging-Pflege auf höchstem Niveau.Die AROCELL™ Botulcare Ampoule kombiniert innovatives Botulinum-Peptid mit Hyaluronsäure, Ceramiden und Niacinamid für ein sichtbar glatteres, strafferes und intensiv hydratisiertes Hautbild.💎 Botulinum-Peptid-Technologie💧 Multi-Hyaluron-Komplex🛡️ Cera
0_218673_9_63958062454055637;0.0841;disappointed;skincare-first;;;;Carola sieht immer verwahrloster aus in ihrem gesicht. Der Tabak macht frauen alt, blasse alte haut, falten usw.
0_219384_8_2004396945595683087;0.0841;satisfied;skincare-first;laser;;;Licht statt Laser: Schwedische Forscher drucken Elektroden direkt auf die Haut | t3n https://t.co/JU4NvSrhSr
0_219424_9_18549198405446492;0.0842;advisory;skincare-first;;;;hyaluron wird durch fluppe ausgeglichen
0_219424_140_7658331385165253921;0.0842;neutral;procedure-curious;price;;;Abholung oder Lieferung direkt aus unserem 6.000 m² großen Outlet in Gevelsberg – so groß wie ein Fußballfeld, mit über 500 Sofas sofort verfügbar! Bestellung sofort auf dekadentliving (N3792L) Ware ist eingelagert und wird auf Wunsch aufgebaut. Nur 2290,-€ bei Abholung. Statt: 9299,99 € 0% Finanzie
0_219424_190_3935576410716091294;0.0842;enthusiastic;skincare-first;;;;Wow GIRL you GLOW ✨  Jedes Detail zählt. Natürlich. Elegant. Zeitlos. 🤍. #beauty #sexylips #lip #filler #pmu
0_219424_190_3940207846721492821;0.0842;satisfied;skincare-first;retinol;;bakuchiol;"RETINOL SCIENCE SERIES | Teil 1Retinol &amp; Zellkommunikation – was passiert wirklich in der Haut?Retinol ist weit mehr als ein klassischer Anti-Aging-Wirkstoff.Es gehört zu den am besten erforschten Molekülen der modernen Hautpflege und wirkt dort, wo sichtbare Hautalterung entsteht: in der Kommun"
0_218673_15_55957566230033034;0.0842;enthusiastic;skincare-first;price,spf;;aha;"Haarspangen für Männer – Die 15 besten Produkte im Vergleich Empfohlene Produkte im Bereich „Haarspangen für Männer"" Wir haben Produkte im Bereich „Haarspangen für Männer"" miteinander verglichen und Empfehlungen für Dich zusammengestellt. Hier findest Du die Top 15 im Bereich „Haarspangen für Männer"
0_221687_190_3951172182335382981;0.0842;satisfied;procedure-open;retinol,peel,spf;peeling;;Glass Skin – der Look aus Korea, der Feeds seit Jahren dominiert. Aber was steckt tatsächlich dahinter? 👀Glass Skin ist kein Make-up-Look, sondern ein Hautzustand. Das Ziel ist makellos feuchtigkeitsgesättigte, ebenmäßige Haut mit einem natürlichen, lichtreflektierenden Glanz. Wenn die Hornhautschic
0_219424_140_7656864664038444321;0.0843;enthusiastic;skincare-first;peel;;pdrn-skincare;Microneedling x PDRN (Salmon-DNA)  ✨unterstützt die Kollagenbildung ✨intensive Hautregeneration  ✨verbesserte Hautqualität  #microneedling #pdrn #salmondna #facial #berlin
0_221687_26_1545828940884869;0.0843;advisory;skincare-first;;;;Dermosthétique Hyaluronic Acid Hydrating ConcentrateDas hochwirksame Feuchtigkeitskonzentrat mit Hyaluronsäure spendet der Haut intensive Hydration, unterstützt ihre Aufpolsterung von innen, reduziert feine Linien und sorgt für ein ebenmäßigeres, verfeinertes Hautbild. 💧✨
0_221687_190_3788916851012156522;0.0844;advisory;skincare-first;;;;Skinbooster: Tiefenhydration für WinterhautDie kalte Jahreszeit nimmt deiner Haut Feuchtigkeit – wir geben sie ihr zurück. ❄️💧Skinbooster sind ultra-feuchtigkeitsspendende Hyaluron-Depots, die unter die Haut gesetzt werden. Keine Volumenbildung – nur pure Hydration.So funktioniert's:💧 Feine Mikroinj
0_219424_190_3936863869599222761;0.0847;satisfied;procedure-open;peel;microneedling;;Permanent Make-up Lippen in Rödermark-Ober-Roden➤ Was ist Permanent Make-up für die Lippen?↳ Permanent Make-up für die Lippen ist eine kosmetische Pigmentierung, die deine Lippen optisch betont. Je nach Wunsch können Lippenkontur und Lippenfarbe natürlicher und gleichmäßiger wirken.➤ Welche Vorteile
0_218673_9_55774363754093272;0.0847;disappointed;procedure-curious;;;;"Das Böse übt den Zusammenschluss, die Guten hören nicht den Schuss.""Wir können daran eh nichts machen"", die Bösen über unsre Dummheit lachen.Ja haltet nur die Kehle hin, für Rot-Schwarz-Grün stets ein Gewinn!Staatsmedienwelt, sie schwimmt im Geld, weil sie in sich zusammenhält.Sogar die staatliche G"
0_219424_190_3935777769051571461;0.0848;satisfied;procedure-curious;retinol,peel,spf;peeling;;Glass Skin – der Look aus Korea, der Feeds seit Jahren dominiert. Aber was steckt tatsächlich dahinter?Glass Skin ist kein Make-up-Look, sondern ein Hautzustand. Das Ziel ist makellos feuchtigkeitsgesättigte, ebenmäßige Haut mit einem natürlichen, lichtreflektierenden Glanz. Wenn die Hornhautschicht
0_219424_190_3949706696880414434;0.0848;satisfied;procedure-curious;retinol,peel,spf;peeling;;Glass Skin – der Look aus Korea, der Feeds seit Jahren dominiert. Aber was steckt tatsächlich dahinter?Glass Skin ist kein Make-up-Look, sondern ein Hautzustand. Das Ziel ist makellos feuchtigkeitsgesättigte, ebenmäßige Haut mit einem natürlichen, lichtreflektierenden Glanz. Wenn die Hornhautschicht
0_218673_126_t3_1sgqvsa;0.0848;enthusiastic;procedure-curious;botox,laser,price;laser;;"Tiktok Livestream in ehrlich generiert mit DeepseekWie könnten die Tiktok Livestreams von bekannten Tiktokern aussehen wenn sie ehrlich zu ihren Zuschauern wären1. Der „Fitness-Influencer"" (männlich, 22, Sixpack dank Filter)Typischer Stream: ""Let's go, Leute! 1000 Liegestütze für eure Motivation! Pu"
0_218673_126_t1_nc0r7dn;0.0849;enthusiastic;procedure-curious;;;;Simon ist wirklich Tscheche Dann liegen die Augenringe natürlich tief
0_218673_9_41692443257376694;0.0849;advisory;skincare-first;;;;Ich sehe keine Augenringe, weiß nicht was du hast.
0_218673_8_2036771311335141874;0.0849;disappointed;skincare-first;;;;"„Klone"" sind eine „Hollywood Science-Fiction Geschichte"", für die es keinerlei echte Beweise gibt. Oder kennst du irgendjemanden, der irgendjemanden kennt, der einen Klon hat? Nicht mal als Organ-Ersatzteillager irgendeines Multimillionärs? Nein. Das liegt in meinen Augen daran, dass es keine Klone "
0_218673_126_t3_1n5qy16;0.085;satisfied;skincare-first;;;;Terrine Country Bread Mal wieder ein Country Bread gebacken. Weizenmehl 1050 und Weizenvollkorn, etwas Roggenvollkorn habe noch reingeworfen. Achtung, jetzt kommt Jammern auf hohem Niveau: Ich hätte dem Teig wohl noch ein bisschen Zeit geben sollen und noch mal Falten und Dehnen einbauen sollen. Es 
0_218673_9_yt.qCx-hqeoAEM;0.085;advisory;skincare-first;botox;;;Bananenschale Botox? Natürliche Tricks gegen Insekten & Falten #shorts Bananenschalen sind das neue natürliche Botox! Einfach die Schale auf die Haut reiben, um sie zu pflegen. Insekten mögen den Geruch nicht, also ideal für den Sommer. Schwarzkümmelöl verstärkt den Effekt von innen. #Bananenschale 
0_218685_15_2881469645776264;0.085;enthusiastic;procedure-curious;;;;Salt & Stone – wenn ein Duft mehr ist als nur ein Duft Salzluft, Wind in den Haaren, Möwen, Strand, Sonne, Himmel, Dünen, Wellen, Erinnerungen an Sommer, die wir im Herzen mit uns herumtragen. Ihr kennt es - wenn man einen Duft hat, den man liebt, dann verbindet man ihn mit Momenten. Und manchmal wü
0_219424_26_27237250949303194;0.0851;satisfied;procedure-open;botox;;;"Anapa liegt mitten zwischen Raffinerien, Treibstoffdepots &amp; Exportterminals.Die Spezialoperation des Botox-Zwergs liegt voll im Plan."
0_218673_8_2034978063688036507;0.0851;disappointed;skincare-first;;;growth-factors;"Ähnliches gab es schon früher.Manche teure Anti-Falten-Cremes oder „Bio-Serum""-Produkte (z. B. früher Neocutis „PSP"") haben Proteine oder Wachstumsfaktoren aus konditioniertem Medium fötaler Fibroblasten verwendet, also das, was die Zellen ausscheiden, nicht die Zellen selbst.Solche Produkte waren s"
0_218673_8_2046150493643100659;0.0851;advisory;skincare-first;;;;@bengunnnnn Aber vielleicht sind sie in einigen Fällen auch bloss sehr alt und ihre Haut wirft trockene Falten und blättert ab, wenn sie es nicht tun.
0_219424_126_t1_o7oihgq;0.0852;disappointed;skincare-first;spf;;spf;Wieso ist das eigentlich so? Das Bild ist ein Extrembeispiel aber 30- oder 40jährige heute schauen am ersten Blick tatsächlich jünger aus als Altersgenossen von 30 Jahren. Ich glaube, das hat 2 Gründe:- Eine Art optische Täuschung: Die meisten von uns nehmen unbewusst den Stil mit der rund um ihren 
0_221687_140_7626997413110189345;0.0852;satisfied;skincare-first;;;;"Hair Growth Serum - Natürliches Rosmarin Haaröl gegen Haarausfall mit Vitamin E zur Pflege von Kopfhaut &amp; Haarwurzeln – unterstützt dickeres, stärkeres &amp; dichteres Haar  – leichte, schnell einziehende Formel, silikon- &amp; parabenfrei von Regrowna #regrowna #hair #hairtransformation #hairtu"
0_219424_126_t3_1rbltiu;0.0853;disappointed;skincare-first;botox;;;Ist es wirklich so komisch, wenn man Frauen genau so mag, wie die Natur sie gemacht hat? Ich muss das mal fragen, weil ich letztens in meiner Freundesgruppe den Bash meines Lebens kassiert habe, als ich das Thema angesprochen habe.​Ist es wirklich so komisch, wenn man Frauen genau so mag, wie die Na
0_218673_126_t1_ntg2o7z;0.0854;satisfied;skincare-first;botox;;;Welches eher ungewöhnliche, äußerliche Merkmal findet ihr an Frauen attraktiv? Für mich können Frauen mit Fältchen sehr attraktiv sein. Attraktiver als mit Botox glatt gebügelte Gesichter. Fältchen können schon sein und geben mehr Charisma.
0_218673_126_t1_ofdy6q7;0.0856;advisory;skincare-first;;;;Steht ihr wirklich auf natürliche Frauen? Meine Ex war allergisch gegen so ziemlich den meisten Makeup Produkte. Fand ich ehrlich gesagt super. Ich störe mich nicht an Falten, Pickel oder Augenringen.Ich kann auch durchaus natürliche von No-Makeup Makeup unterscheiden. Klar, häufig sieht die Make-up
0_218673_126_t1_onya8xf;0.0858;advisory;skincare-first;spf;;;Wer sich aktiv in der Sonne (auch Solarium ist mit gemeint) bräunt ist dumm. Die moderne Meinung der Dermatalogie geht gefühlt grundsätzlich davon aus, dass jeder ein Ginger mit Hauttyp I ist und bei kurzem Sonnenkontakt sofort verbrennt. Absolut lächerlich, ich bin irgendwo zwischen Hauttyp III-IV 
0_218673_126_t3_1umsg86;0.0858;neutral;skincare-first;price,celebrity;;;Silikon und Super Soft Silikon bei housedoll-Sexpuppen: Die Königsklasse der Materialqualität und Langlebigkeit Neben TPE hat sich ein weiteres High-End-Material fest im Premium-Segment etabliert: Silikon. Als synthetischer Hochleistungs-Werkstoff, der in einem präzisen Verfahren aus Silizium, Sauer
0_218673_9_yt.OzmSe_UZIN8;0.0859;satisfied;skincare-first;;;;Hausgemachte Kollagen-Würfel. Glätten Falten und Stärken Gelenke Hausgemachte Kollagen-Würfel. Glätten Falten und Stärken Gelenke
0_218673_8_2038898510301466959;0.0859;neutral;skincare-first;;;;Bin zu alt für mein Alter. 🤪Fitness -13 JahreBeweglichkeit -16 JahreMetabolismus -12 JahreKann das mal jemand den grauen Haaren und den Falten im Gesicht erklären? https://t.co/xUwpBxFEou
0_221687_190_3948189742987745855;0.0859;advisory;skincare-first;;;;Hydration - the essence of summer.Mit steigenden Temperaturen verändert sich auch der Feuchtigkeitsbedarf der Haut. VisHya Hyaluronic Acid 0.36% versorgt sie nicht nur intensiv mit Feuchtigkeit durch alle Hautschichten, dieses hochwirksame Serum schützt die Haut außerdem vor freien Radikalen und unt
0_221687_190_3875163200199736324;0.086;satisfied;skincare-first;;;;Entdecke vegane Catrice Lipgloss- und Creme-Sticks mit Hyaluron, die langanhaltend hydratisieren und natürlich strahlen lassen! Perfekt für einen frischen Look in zarten Rosé- und Pfirsichtönen. 💄✨ #Catrice #VeganBeauty #Hydration  #eBay #eBayShop #eBayVerkäufer #EnthältMineralien #Langanhaltend #Su
0_219424_9_22832218406383967;0.0861;advisory;skincare-first;botox;;;Für die dies nicht cheken schwarze sehen nicht alt aus aber weiße deswegen will sie Botox machen
0_219424_126_t1_o7l2xlp;0.0861;disappointed;skincare-first;botox;;;"Ich finde es lächerlich und kindisch, dass Körperbehaarung in unserer Gesellschaft als eklig gilt Ich stehe aber auch nicht auf Botox oder sonstige „Schönheitsideale"". Normales Gewicht und sportliche Figur finde ich attraktiv. Ich glaube das liegt daran, dass man das attraktiv findet, was gesund ist"
0_218673_126_t1_ooc0yq9;0.0861;disappointed;skincare-first;;;;Warum tragen aktuell so viele junge Frauen/Studentinnen diese taschenlosen, leichten schwarzen Hosen? Bitte bitte sag uns welche Marken du kaufst. Ich hab regelmäßig Abszesse weil sich meine labrige Haut in die Falten der Hosen einklemmt. Ich hätte gerne passende Hosen, trag aber aus dem Grund haupt
0_221687_190_3724247293873411213;0.0861;satisfied;skincare-first;;;;Das neue Hydra Glow Hyaluron Peptide Serum von Madara ist eine ölfreie Feuchtigkeitscreme, die Deine Haut so richtig zum Strahlen bringt. Zudem fördert sie die Hautelastizität, spendet viel Feuchtigkeit, wirkt antioxidativ, pflegt und glättet sie.  Damit seht Ihr strahlend schön aus 🌞#pureschönheit 
0_219424_126_t1_nz4ga16;0.0862;disappointed;skincare-first;botox;;;Horror alien movie with bugs Rambo heißt der Film das Alien ist in Wirklichkeit gar keins es ist Botox deswegen sieht Sylvester Stallone so aus Er ist kein echtes Alien
0_219424_9_yt.A6tddcLQwS4;0.0862;disappointed;skincare-first;;;;Brigitte Mars (76) sieht aus wie 50 🔥 Isst diesen Salat & altert nie! #BrigitteMars #AntiAgingErnährung #GesunderSalatMit 76 Jahren sieht Brigitte Mars immer noch wie 50 aus, und ihr Geheimnis ist dieser Salat, den sie jeden Tag isst, um nicht zu altern. Entdecken Sie die Ernährungswissenschaft hint
0_219424_190_3942448788215043770;0.0862;satisfied;skincare-first;laser;;;Die neue Exosome Hydro Mask mit Triple-Effekt1. Exosomen aus Goji-StammzellenStärken die Hautbarriere und unterstützen die natürliche Regeneration der Haut.2. Niosomaler Anti-Aging-KomplexVerbessert die Hautstruktur, fördert die Elastizität und sorgt für ein glatteres Hautbild.3. Liposomale Hyaluron
0_219424_140_7666578630683659552;0.0862;enthusiastic;skincare-first;;;;Website Update zu @Stella Nomine Festival und @ANTIAGE in Arbeit #stellanomine #antiagemusic
0_218673_126_t1_oa17a20;0.0862;advisory;skincare-first;;;;kleiner fingernagel komisch Also mein Fingernagel (vom kleinen Finger) hat eher so die Form eines flach gepressten Stapelchip-Tic-Taks.Die Bogen-Form von deinem ist schon extrem, meiner ist eher flach oben und nur ganz leicht in nem Bogen. Meiner hatabgerundete Ecken und ist eher wie ein lang gezoge
0_219424_126_t1_oigj82g;0.0863;disappointed;skincare-first;botox,price;;;Was vermisst ihr an Österreich? War grad in England.Das gechlorte Wasser war grauenvoll. Das würde ich nicht einmal meinem größten Erzfeind wünschen. Selbst in Wien haben wir bestes Hochquellwasser, direkt aus der Steiermark.Das Essen ist viel zu fettig und schlecht gewürzt. Und das sage ich als lei
0_218685_23_30950229163790993;0.0863;satisfied;skincare-first;spf;;;Super Nivea ist eine Leichte Sonnencreme, die schnell einzieht und Keinen Weißen Film hinterlasst. Dank hyaluron spendet sie der Haut langanhatende Feuchtigkeit, während das Finisch troken und nicht klebrig ist.
0_219404_9_yt.CKoI64yb9g8;0.0863;enthusiastic;procedure-open;facelift;;;POPPY PLAYTIME CHAPTER 5  #10: Eine ereignisreiche Tee Party! ►Werde ein Arcadian: https://bit.ly/3o5Tk2F►Folgt mir auf Twitch: https://www.twitch.tv/arcadiasupreme►Zockerbibliothek: https://bit.ly/3mkxcBt-Let's Play Poppys Playtime Chapter 5 (PC/Steam/German)Auch wen wir es schaffen vor Lilly zu en
0_219424_140_7661006123947920672;0.0864;neutral;procedure-curious;price,celebrity;;;Abholung oder Lieferung direkt aus unserem 6.000 m² großen Outlet in Gevelsberg – so groß wie ein Fußballfeld, mit über 500 Sofas sofort verfügbar! Nur 2590,-€ bei Abholung. Statt: 9299,99 € 0% Finanzierung bei PayPal-Zahlung über unsere Homepage.   •   Breite: 290cm   •   Tiefe: 170-210cm   •   Höh
0_219424_9_37226426151196293;0.0865;disappointed;skincare-first;botox;;;Der Typ sieht eher aus, wie die typische Karikatur eines Hollywood - Schmierlappens, den Jim Carrey in einer Komödie spielen würde. Geliftet, mit Botox und Filler vollgepumpt und mit billig aussehenden Veneers auf Kauleisten.
0_221687_8_2049047334147748182;0.0865;advisory;skincare-first;;;;Mascara gehört für viele zum täglichen Make-up dazu. Immer häufiger findet sich dabei ein zusätzlicher Inhaltsstoff auf der Verpackung: Hyaluron. Der Wirkstoff ist eigentlich aus der Skincare bekannt, taucht jetzt aber auch in Wimperntuschen auf. Doch wa… https://t.co/N8de0RfOe7 https://t.co/MHfVAPL
0_219424_9_6389902732979152;0.0866;disappointed;procedure-curious;botox,price;;;@barakondraalso ich weiß nicht ob du tatsächlich ein Iraner bist der in Europa lebt und alles schlecht redet… oder ein Narr der nur westliche Medien verfolgt. Ich als Kurde kann dir mit 100 prozentige Sicherheit sagen, dass die Kurden dort mehr gehasst werden als sonst was und das Rest der Bevölkeru
0_219424_15_53088580426933200;0.0866;neutral;procedure-curious;price,celebrity;;;"Palma DHS-1 Palma DHS-1 Wer glaubt, dass zum Thema „dynamische Kopfhörer"" alles gesagt ist, kennt den Palma DHS-1 noch nicht. Denn dieser Dynamiker aus dem schönen Mallorca stellt eine Revolution im Bau von dynamischen Kopfhörern dar. In aller Kürze: Palma DHS-1 Wenn Sie noch nie etwas von dem sehr "
0_219424_190_3932192137650044200;0.0866;advisory;procedure-curious;fillers;hyaluron-filler;;❗️Nach meiner eigenen Hylase-Behandlung und den vielen Fragen zu meinen bläulichen Lippen möchte ich euch erklären, was Hylase eigentlich ist und wann sie eingesetzt wird.Hylase (Hyaluronidase) ist ein Enzym, das Hyaluronsäure abbauen kann. In der ästhetischen Medizin nutzen wir sie unter anderem zu
0_221687_8_2062983456645091378;0.0866;advisory;skincare-first;retinol;;coq10;@Frank_Ober71 Vollblut: Selen, Zink, Magnesium, Vitamin B 6im Serum Vitamin A, Vitamin D, Folsäure, Coenzym Q10
0_219424_190_3945591792314961050;0.0867;disappointed;skincare-first;fillers;;;✨ Wie wirkt Hyaluronsäure unter der Haut?Hyaluronsäure ist ein natürlicher Bestandteil unseres Bindegewebes. Mit zunehmendem Alter nimmt ihre Menge jedoch ab. Die Haut verliert an Feuchtigkeit, Spannkraft und Volumen – Falten werden sichtbarer.Bei einer gezielten Unterspritzung wird die Hyaluronsäur
0_221687_9_14472333028584834;0.0867;advisory;skincare-first;;;;Kacper skin blue moon serum, Kacper skin strong barier serum na na noc - jako kombo.Krem Lirene 10 peptides
0_219424_190_3932266144154297231;0.0868;disappointed;procedure-open;;;;LÄNGER LESEN 📖Wir setzen unsere Artikelreihe zu Longevity fort und checken drei der bekanntesten Bücher rund ums Thema. 📚Von Peter Attia und David Sinclair habt ihr vielleicht schon gehört, deren Werke gehören zu den populärsten, die aber durchaus thematisch polarisieren. Morgan Levine geht es etwas
0_218673_126_t1_nq5m1py;0.0868;disappointed;skincare-first;;;;Inwieweit - und auch im Vergleich zu jüngeren Frauen - findet ihr Frauen jenseits der 50/60/70 Jahre attraktiv? Leider nicht. Das was ich attraktiv finde hat sich im Laufe der Zeit nicht großartig geändert.    Ich bin jetzt 37 und Frauen in meinem Alter sehen einfach nicht mehr so hübsch aus wie sie
0_219424_26_1460415962768917;0.0869;satisfied;skincare-first;;;zinc;Kennt ihr Blütenpollen?Ich meine als Super Food?Bei uns sind sie noch nicht soooo bekannt, dabei galten die schon im alten Ägypten als Heilmittel.Die kleinen, unscheinbaren Kügelchen sind wahre Kraftpakete an Vitalstoffen, Aminosäuren und Antioxidantien! Blütenpollen sind ein reines Naturprodukt!Sie
0_221687_140_7660909720424811808;0.0869;advisory;skincare-first;spf;;;Ich bin immer auf der Suche nach einer Sonnencreme, die meine  zu Unreinheiten neigende Haut nicht beschwert. Das ISNTREE Hyaluronic Acid Fresh Sun Serum SPF50+ PA++++ fühlt sich eher wie ein leichtes Serum an, zieht schnell ein und hinterlässt bei mir keinen weißen Film. 🤍 @Isntree Official ☀️     
0_221687_126_t1_o6wsy11;0.087;enthusiastic;skincare-first;;;niacinamide;How's my skin? I'm new to the skincare world. Use vitamin c serum, and niacinamide moisturizer along with a cleanser. Please share your opinion on my skin and how to improve it ? Sorry sister 🙏🤭
0_221687_140_7629689235762597152;0.087;advisory;skincare-first;;;;"Hyaluronsäure wird oft als „Beauty Wirkstoff für Frauen"" vermarktet, aber das ist schlicht ein Marketing Mythos. Biologisch betrachtet ist sie für Männer und Frauen identisch relevant. 👇 🧬 1. Der Körper unterscheidet nicht nach Geschlecht Hyaluronsäure ist ein natürlicher Bestandteil deines Körpers,"
0_219424_9_17100998611654227;0.0872;enthusiastic;skincare-first;;;;Ich habe zuletzt die extreme Lift, Hyaluron und SEA Ampulle von Dalton zuletzt aufgebraucht… Ich habe auch eine kleine Kur damit gemacht… Für mich sind die Dalton Ampullen wirklich die Besten, aber auch die Barbor Ampullen mag Ich sehr… Die andere Marke kenn Ich nicht… Bei mir ist aber auch keine Mü
0_219424_190_3931575031162092630;0.0872;advisory;procedure-open;spf;;;"Warum entsteht Pigmentierung? 🤎Viele denken, Pigmentflecken entstehen nur durch die Sonne. Tatsächlich gibt es jedoch viele verschiedene Ursachen.Stellen Sie sich Ihre Haut wie einen Schutzschild vor. Sobald sie „Gefahr"" wahrnimmt – zum Beispiel durch intensive Sonneneinstrahlung, Entzündungen, horm"
0_219384_126_t1_ozv7hzx;0.0872;enthusiastic;skincare-first;laser;;;IPL und dann Laserstudio, empfehlenswert? Ich weiß nicht ob es vielleicht noch hilft zu erwähnen, dass ich dunkelbraune Haare auf sehr weißer Haut habe. Und schon ein paar weiße Haare, das sind aber nur um die 1-2%
0_221687_190_3888760147862729081;0.0872;advisory;skincare-first;retinol,peel;;niacinamide;Was AND Cosmetic istAND (A Natural Difference) ist eine professionelle Hautpflege-Marke aus dem Bereich der Kosmetik mit medizinisch wirksamen Inhaltsstoffen - CosmeceuticalsCosmeceuticals - was bedeutet das? Das ist ein Mix aus Kosmetik + Pharma:•Produkte enthalten Wirkstoffe, die ähnlich stark wir
0_218673_9_1237252198965212;0.0873;advisory;procedure-open;;;;Anti-Falten nennen sie sich....der Virus Deutschlands
0_219424_190_3946310255260658305;0.0876;enthusiastic;skincare-first;botox;;;👨🏼‍⚕️💉4 Hyaluron Fakten vom Experten#hyaluron #botox #münster #filler #dermatologieMusik: @richmlwd.music
0_219424_9_18680056064816066;0.0877;satisfied;skincare-first;botox;;;Blöckchen-Botox oder woher kommen die Pixel?😂
0_218673_9_yt.8HtjUbqnzHM;0.0877;enthusiastic;skincare-first;;;;BEWERTUNG (2026): Rolipo Dampfglätter 1640W Weiß. Infos Werfen Sie einen schnellen Blick auf die Hauptmerkmale von Rolipo Dampfglätter 1640W Weiß.👉 Auf Amazon ansehen: https://www.amazon.de/dp/B0FY3Z4BLL/?tag=16w9h-20 (Affiliate-Link)Entdecken Sie den Rolipo Dampfglätter mit einer beeindruckenden Le
0_221687_190_3885841363376029720;0.0877;advisory;skincare-first;price;;bakuchiol;🟣 VT Reedle Shot Lifting Eye Cream .Preis 28,70💶🇩🇪Inhaltsstoffe: Bakuchiol, Peptide, Kollagen, Hyaluron, CICAWirkung: Lifting, glättet, nährtHaut: trocken, reif, alle Hauttypen🌿Состав: бакучиол, пептиды, коллаген, гиалурон, CICAЭффект: лифтинг, разглаживание, питаниеКожа: сухая, зрелая, все типы.🟢 V
0_219424_9_51444126437797045;0.0878;disappointed;procedure-curious;botox;;;Leider ! Kanibale und ewige KGB Mörder Rate hat leichte Schpiel ! Er macht Gaza  nr.2 ! Wenn und weil gemezl und Vernichtung  und Beerdigung Civilizacion in Gaza hatte ganzes Welt gesehen und nicht geholfen ,und Pedofile Tramp plante Hotelen und Schtrand bauen über Knochen und Blutt Palästinensa! Un
0_218673_126_t1_nfekysh;0.0878;satisfied;skincare-first;;;;Ich_iel Ich finde dass Frauen als attraktiver wahrgenommen werden liegt auch daran dass die Durchschnittsfrau wahrscheinlich mehr Arbeit in ihr Aussehen tut als der Durchschnittsmann. Als Frau hast du eine weit größere Auswahl an Kleidung und Pflegeprodukten als als Mann. Für Frauen ist es ausserdem
0_218673_126_t3_1rx3zgr;0.0878;satisfied;skincare-first;laser;;;Hilfe!! Haut verbrannt nach Laser für Pigmentflecken
0_219384_126_t3_1rx3zgr;0.0878;satisfied;skincare-first;laser;;;Hilfe!! Haut verbrannt nach Laser für Pigmentflecken
0_218673_15_34958494234144471;0.0879;disappointed;procedure-curious;;;;Der Atem des Berges – Teil 6: Die Kirche Gerhard lag wach im Bett, der Körper schwer vom Wein, der Kopf dröhnte. Endlich fiel er in einen Traum. Er stand in der Dorfkirche. Kerzen brannten in Reihen, Hunderte. Über allem das Grollen des Berges, dumpf, schwer. Am Altar: ein Sarg. Dunkles Holz, der De
0_219424_190_3932185612628317660;0.088;advisory;skincare-first;;;;Wofür ist Kollagen verantwortlich? Kollagen ist ein zentraler Bestandteil unserer Haut und unseres Bindegewebes. Es trägt maßgeblich zu Festigkeit, Elastizität und Spannkraft bei. 🌿Mehr als 70 % der Hautstruktur bestehen aus Kollagen. Mit zunehmendem Alter verändert sich jedoch die körpereigene Prod
0_218673_9_16591341452414460;0.0881;satisfied;skincare-first;;;;Ich finde diese videos total hilfreich ❤ Habe eine sehr ähnliche haut wie du (grössere Poren und langsam feine linien zornesfalte und nasolabial) Deshalb kann ich mich damit total identifizieren statt mit leuten die keine poren und linien haben
0_221687_190_3719379877507011109;0.0881;advisory;skincare-first;;;ceramides;The secret of flax... 🌸💙⁠⁠Flax is more than just a beautiful plant.🌱 It's a true skin wonder! Rich in Omega-3 fatty acids and natural ceramides, flax helps strengthen the skin barrier and protects it from external factors. ✨⁠⁠Its soothing and hydrating properties make flax the perfect ingredient for
0_221687_140_7653446247038160150;0.0881;advisory;skincare-first;retinol,spf;;retinol;Wie verwendet man ein Antioxidant Vitamin Serum am Morgen?Ganz einfach: Reinigung, Serum, Feuchtigkeitspflege und SPF.Eine gute Tagesroutine muss nicht kompliziert sein.Sie sollte konstant, ausgewogen und darauf abgestimmt sein, deine Haut im Alltag zu unterstützen. ✨ #biothermskincare #hairactivati
0_219424_140_7659703596166024470;0.0882;satisfied;skincare-first;laser,price,peel,spf;;;✨ Powder Brows ✨ ✨Bei den Powder Brows handelt es sich um eine Puderschattierung der Augenbrauen, um diese zu betonen und voller wirken zu lassen.  ✨Es entstehen keine Linien, sondern kleine Pünktchen, die sanfte Schattierungen bieten.  ✨Verleihen Sie Ihren Augenbrauen eine natürliche Definition und
0_221687_126_t1_okaru9u;0.0882;advisory;skincare-first;retinol,price,spf;;niacinamide;Welches Beauty-Produkt hast du nachgekauft, obwohl es teuer ist? Eigentlich meine komplette Skincare.Paulas Choice BHA, Beauty of Joseon Augencreme und Sonnencreme, the Ordinary Niacinamide, Hyaloron und Retinol Serum. Zu diesen Dingen habe ich noch nichts vergleichbares gefunden.Lediglich meine Tag
0_219424_9_yt.qPx-2kgrL9o;0.0883;enthusiastic;procedure-curious;;;;House of Beauty by Linda House of Beauty by Linda in Saarbrücken: Erfahre mehr über uns in diesem überblicksartigen Imagefilm. Finde heraus, wie du mit uns in Kontakt treten kannst, wann wir für dich geöffnet haben oder verschaffe dir einige Eindrücke unseres Betriebs. Mehr erfährst du auf unserem S
0_219424_9_yt.X_xTrOM1wAQ;0.0883;disappointed;procedure-curious;;;;Ich bin 109: Der Grund, warum ich nicht altere, liegt nicht in Ernährung oder Sport – sondern hierin Jung vs. Alt ist mehr als nur ein Vergleich zwischen Generationen – es ist die Frage, warum manche Menschen scheinbar nie altern. In diesem Video über Jung vs. Alt erzählt ein 109-jähriger Mensch das
0_218673_9_9626393423763276;0.0883;disappointed;skincare-first;;;;Herr Der Augenringe und Harry Pjoter, sind der größte Scheiß der je im Kino lief.
0_218685_126_t1_oapz8aa;0.0883;advisory;skincare-first;price,spf;;hyaluronic-acid;Abrasion & Maria Galland? Inhaltstoffe dieser Creme: AQUA (WATER) • GLYCERIN • HYDROLYZED YEAST EXTRACT • C12-16 ALCOHOLS • PARFUM (FRAGRANCE) • SODIUM ACRYLATES COPOLYMER • MARIS AQUA (SEA WATER) • CAPRYLIC/CAPRIC TRIGLYCERIDE • PALMITIC ACID • HYDROGENATED LECITHIN • PHENOXYETHANOL • DIMETHICONE •
0_221687_140_7611756473495915798;0.0883;advisory;skincare-first;;;niacinamide;Peach 70% Niacinamide Serum – Dark Spot Correcting Glow Serum für ebenmäßige Haut
0_221687_26_1585635813570683;0.0884;neutral;skincare-first;price,peel;;aha;"🍓 Trend-Update: Skyr meets Cranberry – Mix dir deinen ultimativen Frischekick selbst - mit GREENDOOR Anti-Aging Maske! Jetzt bis zum 3.5. zum ❤ Super-Experimentier-Sparpreis ❤ von 7,95 Euro statt 9,50 Euro auf https://greendoor-naturkosmetik.de/anti-aging-maske-cranberryHast du schon mal „Skin-Food"""
0_218685_9_14254833299885695;0.0885;enthusiastic;skincare-first;peel;;;"Hallöchen Nicole.Ich wünsche dir und deine Lieben Frohe Weihnachten 🎄🌟🎅M.Asam ist eine tolle Beauty MarkeIch find die peeling &amp;Creme sets ganz toll❤Ganz liebe grüße💜✌️✨"
0_221687_126_t3_1rjk5jl;0.0885;enthusiastic;procedure-curious;price,celebrity;;;"Haarfarben & Highlights St. Gallen | beautyneta.ch https://preview.redd.it/3gq75wvclsmg1.jpg?width=1080&amp;format=pjpg&amp;auto=webp&amp;s=366d8694f2689d850033b5c4ef9a15e1af531dcd[**Beautycenter by Neta**](https://www.beautyneta.ch/) **– Premium Beauty Studio in St. Gallen**Das Beautycenter by Neta"
0_219424_126_t3_1su75il;0.0886;satisfied;skincare-first;price,spf;;;NIVEA Cellular Luminous630 Anti-Pigmentflecken Tagespflege Fluid LSF50mentflecken Tagespflege Fluid LSF50... -44 % 14,98 € LUMINOUS630 – Das Fluid mit LSF 50 reduziert Pigmentflecken in 2 Wochen, beugt deren Neuentstehung vor und schützt vor lichtbedingter Hautalterung.Patentierter Wirkstoff – Die h
0_219424_140_7659402825927036193;0.0887;advisory;procedure-open;peel;microneedling;;✨ Was ist Bio Microneedling? ✨ Bio Microneedling ist eine innovative Behandlung, bei der Millionen mikroskopisch kleiner Spiculae (natürliche Mikronadeln) aus dem Süßwasserschwamm sanft in die Haut einmassiert werden. Mit bloßem Auge sehen sie wie ein feines Pulver aus, unter dem Mikroskop erkennt m
0_218673_9_yt.nUG5JpN_CLo;0.0887;disappointed;procedure-curious;;;;Uralter, vergessener Garten Die Sonne filterte durch die Risse des alten schmiedeeisernen Portals und warf lange, dünne Schatten auf den Kiesweg, der nun fast vollständig von der wilden Vegetation verschlungen war, die ihren Lebensraum mit einer stillen, aber unaufhaltsamen Kraft zurückforderte. Jed
0_221687_126_t1_ncc9nol;0.0887;advisory;skincare-first;retinol;;zinc;Spironolactone and hair texture change Bei krausen Haar in deinem Fall: Arganöl, Für Haarwachstum: Rizinus öl und für Allgemeine Haarstärke malura öl (Kollagenbombe)Kriegste als Gesichtsserum, wirkt aber genau so für die Haare da Inhaltsstoffe und Komogenitätsgrad erhalten bleibt. Wird auch für Haar
0_221687_8_2049024728652796067;0.0887;advisory;skincare-first;;;;Mascara gehört für viele zum täglichen Make-up dazu. Immer häufiger findet sich dabei ein zusätzlicher Inhaltsstoff auf der Verpackung: Hyaluron. Der Wirkstoff ist eigentlich aus der Skincare bekannt, taucht jetzt aber auch in Wimperntuschen auf. Doch wa… https://t.co/N8de0RfOe7 https://t.co/JCnrraj
0_221687_190_3927122302022144349;0.0887;satisfied;skincare-first;peel,spf;;aha;"✨ Beauty ABC – E wie Exfoliation ✨Strahlende Haut beginnt oft mit dem richtigen Peeling. Aber wusstest du, dass Exfoliation viel mehr ist als nur ein ""Schrubben"" der Haut?💡 Exfoliation bedeutet, abgestorbene Hautzellen zu entfernen. Dadurch kann die Haut frischer, ebenmäßiger und strahlender aussehe"
0_219424_126_t1_nxmxafi;0.0888;neutral;procedure-open;botox;;;Real BOTOX Weib auf der CES2026 Und laufen können die Dinger auch noch nicht.
0_219424_126_t1_o1eyi4p;0.0888;disappointed;skincare-first;botox;;;Meine Sammlung Ich habe vor Ewigkeiten mal BOTOX gesehen
0_219424_190_3938246785905176442;0.0888;disappointed;skincare-first;spf;;sod;Nicht der Sonnenbrand macht dich alt. Es ist das Licht durch dein Fenster. ☀️UVB ist das Licht, das dich verbrennt.UVA ist das Licht, das dich altern lässt.Es geht tiefer in die Haut. Es beschleunigt den Kollagenabbau. Und es ist nicht nur dann da, wenn du am Strand liegst.UVA ist auch bei Wolken da
0_219424_9_32430725249617077;0.0888;enthusiastic;skincare-first;botox;;;Welche Frau findet denn feministische Männer anziehend? Ich brauche keine Lachnummer mit Botox Lippen und erst recht keine Tipps von links grünen Schmierlappen.
0_221687_140_7596718823206554902;0.0888;satisfied;skincare-first;;;;"Haar Serum Wachstum und Pflege - PREMIUM Rosmarin+ Haaröl - Bio-zertifiziert, vegan - für gesunden Haar Wuchs mit Jojoba, Argan, Rosmarin &amp; Minze + VITAMIN E - Kopfhautpflege für Frauen &amp; Männer - Made in Germany #tiktokmademebuyit #donquiffoil #rosmarinminze #kopfhautgesundheit #newyearnewy"
0_221687_190_3877297780155732598;0.0888;satisfied;skincare-first;;;;"Es gehört zur Familie der Carotinoide, das sind natürliche Pflanzenfarbstoffe, die zum Beispiel Tomaten rot oder Karotten orange färben. Doch Astaxanthin ist die unangefochtene „Königin"" unter ihnen. Die Basis für dieses rote Wunder ist die Blutregenalge. Sie ist der Grund, warum Flamingos so rosa u"
0_219424_126_t1_nxet82f;0.0889;advisory;skincare-first;botox,price;;;"Ich habe (ohne mich vorher vernünftig zu informieren) Tomatensauce ""eingekocht"" &gt;**Bakterium Clostridium (C.) botulinum**: C. botulinum ist ein stäbchenförmiges Bakterium, welches auch als „Anaerobier"" bezeichnet wird, weil es nur in sauerstofffreier Umgebung wächst. Es ist in der Umwelt weit ver"
0_219424_126_t1_ofc19ru;0.0889;disappointed;skincare-first;botox;;;Steht ihr wirklich auf natürliche Frauen? Ich find's ein bisschen lustig, weil diese Frage wirklich immer wieder kommt und für uns einfach irrelevant ist. Die Aussagen sind immer die gleichen. Ich habe niemanden in meinem Freundeskreis, der auf viel Schminke steht. Die meisten meiner Freunde mögen m
0_219424_9_yt.dThTcnQpUQM;0.0889;disappointed;skincare-first;price,celebrity;;;10 deutsche Schauspielerinnen mit schockierenden Veränderungen durch Schönheits-OPs Tauchen Sie ein in die schockierende Welt der Schönheitsoperationen im deutschen Showbusiness: In diesem Video zeigen wir Ihnen 10 legendäre Schauspielerinnen, deren Gesichter sich durch plastische Eingriffe drastisc
0_219424_190_3937552753515252194;0.0889;enthusiastic;skincare-first;peel;;;#elberfeld#wuppertal#schwelm#microneedling#bbglow
0_219424_190_3940398936798337909;0.0889;advisory;skincare-first;;;;Hautregeneration auf zellulärer Ebene. 🔬 HP Vitaran Polynukleotide stimuliert die natürliche Kollagenproduktion und revitalisiert die Haut von innen heraus. Für nachhaltige Anti-Aging-Ergebnisse – CE-zertifiziert, EU-MDR konform. 👉 Jetzt im Shop verfügbar – Link in Bio.Polynukleotide #Hautregenerati
0_218673_126_t1_nm0dpgg;0.0889;advisory;skincare-first;;;;Blaue Augenringe (erblich) Hey! Du könntest mal so'n getönten Concealer ausprobieren. Je nachdem, welche Farbe deine Augenringe haben, kannst du die Komplementärfarbe nehmen, um sie abzudecken, und dann einfach deine gewohnte Foundation oder nen Concealer in deinem Hautton drüber. Ich glaub, deine A
0_219424_9_yt.COL_woHx1Ek;0.089;enthusiastic;procedure-curious;botox,price;;;Eine Eifersüchtige Freundin VERSPOTTET BOTOX Ihrer Freundin | Dhar Mann Studios Bonus ✅ Vergiss bitte nicht, meinen Kanal zu ABONNIEREN, indem du hier klickst ➞ ➞ https://www.youtube.com/channel/UCXIaSOHGLnztVYllNLzSJwg?sub_confirmation=1▶️ Schau dir meine Lieblingsvideos an: https://www.youtube.com
0_218673_9_57500772202157460;0.089;disappointed;skincare-first;;;;Tränensäcke betonen?!😂hsb ich noch nie gehört
0_219424_190_3949264355466530912;0.0891;satisfied;procedure-curious;;;;Gruß von der Content Maus 💅☺️ PS: War sehr lecker! matcha life longevity content viral beauty doc ästhetik
0_221687_140_7595678500707716374;0.0891;advisory;skincare-first;;;;"Haar Serum Wachstum und Pflege - PREMIUM Rosmarin+ Haaröl - Bio-zertifiziert, vegan - für gesunden Haar Wuchs mit Jojoba, Argan, Rosmarin &amp; Minze + VITAMIN E - Kopfhautpflege für Frauen &amp; Männer - Made in Germany #tiktokmademebuyit #rosmarinminzöl #hairgrowth #donquiffoficial #selfcare"
0_218673_9_yt.IZSmoOlvjHY;0.0892;enthusiastic;procedure-curious;;;;Stand der Dinge: AUGENRINGE 👀 | Der Käfer wohnt jetzt bei uns :) Family Vlog 💙 Moin Moin !Schön, dass Ihr wieder dabei seid ❤️Der ganz normale Alltag! Einfach nur bekloppt. Das sind wir =) Aber der Spaß steht immer an erster Stelle!Wir wünschen Euch ganz viel Spaß mit dem Video :)Liebe GrüßeManu und
0_221687_190_3817885063976014522;0.0892;advisory;skincare-first;;;;Im Winter verliert die Haut schneller Feuchtigkeit – und feine Linien werden sichtbarer. ❄️ Das Bio-Lyne Hydration Serum mit Hyaluronsäure versorgt die Haut intensiv mit Feuchtigkeit, polstert sie von innen auf und unterstützt ihre natürliche Spannkraft. Für ein frisches, glattes Hautbild und einen 
0_219424_9_yt.fqaGnfUli2Q;0.0893;satisfied;skincare-first;;;;Wollen Sie selbst mit 90 noch STÄRKERE Beine? Essen Sie DAS jeden Tag! 💪🦵| Gesundheitsarzt @Gesundheitsarzt 💪🦵 Starke Beine – selbst mit 90? Ja, das ist möglich!Viele Menschen verlieren mit dem Alter Muskelkraft – doch die richtige Ernährung kann einen enormen Unterschied machen. In diesem Video erf
0_219424_190_3949656625675193541;0.0893;satisfied;procedure-curious;peel;radiofrequency;;About last weekend. ⛰️ Kein Strom. Kein Handyempfang. Nur ein Holzofen und die beeindruckende Kulisse der Neuhögen Alm – das ist das außergewöhnliche Konzept von ALM UNPLUGGED.Auf nur einem Holzofen zauberten renommierte Haubenköche ein raffiniertes 6-Gänge-Menü (darunter auch Yakfleisch) und boten 
0_219424_126_t1_o61oqov;0.0894;neutral;skincare-first;laser;;;Ideale Studios für Haare weglasern Für Laser müssen die Haare so dunkel wie möglich sein. Nadelepilation kann jeder machen lassen, ist aber teurer.
0_219424_126_t3_1uo4g7t;0.0894;enthusiastic;procedure-curious;;;;Sklave Gesucht Hallo, ich bin der sklave meiner Herrin und ich suche für sie weitere Sklaven.Sklaven für fußtreffen,putzen und Dominanz.  Auch reine zahlsklaven sind gerne gesehen.  Alles sowohl online als auch real.Die Herrin hat einen großen Wunsch und zwar eine Schönheitsop, gerne darfst du diese
0_218673_126_t1_nbbpl3e;0.0894;satisfied;skincare-first;;;;Miese Augenringe Geil, Augenringe sind so schön! Liebe diese blaue Nuance unter den Augen, man sieht immer durchnächtigt und existentialistisch aus. Augenringe sind die Gothklamotten des Gesichts. Ausgeprägte Tränensäcke sind nochmal ein anderes Thema, aber Augenringe sind edel, so wie sichtbare Met
0_218673_126_t3_1qg6g8p;0.0894;advisory;skincare-first;;;pha;Fleck auf Wange Moin Moin allerseits,habe seit circa drei Jahren diesen Fleck genau auf dem Bereich zwischen Wange und Augenbereich. Der schwankt auch bei Färbung/Intensität manchmal. Wenn er etwas dunkler/roter erscheint, dann wirkt es oft so, als wäre es ein Überrest eines blauen Auges. Wurde scho
0_218673_9_62331811059226822;0.0894;neutral;skincare-first;;;;​@SpunkDeluxe Achte mal auf die tiefen Falten und Augenringe wenn sie auf der Parkbank sitzt. Da sieht man ihr das Alter deutlich an. Wenn die Beleuchtung stimmt und sie weiter entfernt ist, sieht sie deutlich jünger aus (wie z.B in ihrem neustem Video auf ihrem Kanal).
0_219424_26_1777443379881841;0.0895;satisfied;skincare-first;spf;;spf;❓Pflanzenöle als natürlicher Sonnenschutz?Vielleicht hast du schon einmal gelesen, dass fette Pflanzenöle einen natürlichen Lichtschutzfaktor besitzen. Ganz falsch ist das nicht: Manche Pflanzenöle können im Labor einen gewissen Anteil an UV-Strahlung absorbieren. Das bedeutet aber nicht, dass sie a
0_218673_15_30561247549741302;0.0895;enthusiastic;procedure-curious;;;;"Kriegsalltag | „Männer auf der Straße zu kidnappen, ist illegal"": Ukrainer kämpfen gegen Zwangseinziehung Nach Sonnenaufgang hören die Raketen auf – und hier beginnt das Ringen der Ukrainer:innen um Demokratie und Rechte im Militär, auf der Straße und in der Fabrik. Eine Reportage über den anderen K"
0_221687_190_3910676955015972877;0.0895;advisory;skincare-first;retinol,spf;;spf;Wenn mich Kundinnen fragen, welcher Anti-Aging-Wirkstoff am wichtigsten ist, denken viele zuerst an Retinol, Hyaluron oder Vitamin C.Meine Antwort überrascht oft:👉 Sonnenschutz.Denn UV-Strahlung kann die Hautalterung deutlich beschleunigen. Fältchen, Elastizitätsverlust und Pigmentflecken entstehen 
0_219424_190_3934466362570041805;0.0896;advisory;skincare-first;;;;Too hot to not hydrate.Das HYALURON MOISTURE SPLASH sorgt jederzeit für einen erfrischenden Feuchtigkeitskick und schenkt deiner Haut genau die Frische, nach der sie sich an heißen Sommertagen sehnt.Im Kühlschrank aufbewahren für den coolsten Splash.#alexcosmetic #problemloeser #skin #skincare #beau
0_221687_190_3864864067743969371;0.0896;satisfied;skincare-first;retinol;;polyglutamic-acid;Spring skin, naturally.Our STUDIO BOTANIC FACE SERUM is a plant-based Retinol alternative for skin that wants freshness, structure, glow, and deep hydration.With Ginseng Peptide, Resveratrol Ferment, Hyaluronic Acid and Polyglutamic Acid, it supports collagen-boost, skin renewal, and a smoother, mor
0_218673_126_t1_omxoz7j;0.0897;disappointed;skincare-first;;;;No age-shaming - aber was ist mit seinem Hals passiert? Das kommt doch nicht nur vom schlaffe Haut haben, oder? Der Typ sieht aus wie der Wirt in meiner Dorfkneipe. Jahrelanger Alkoholkonsum mit Kippen und 90er Jahre Sonnenstudiotrend.
0_219424_15_4794990481771499;0.0898;advisory;skincare-first;;;;Sieht irgendwie gruselig aus: L'Oréal entwickelt LED-Gesichtsmaske gegen Hautalterung L'Oréal stellt in Las Vegas eine Gesichtsmaske vor, die mit LED-Licht Alterserscheinungen der Haut mindern soll. Das Prinzip ist bekannt, neu soll das Design mit ultradünnem Silikon sein.
0_218673_126_t1_nn4t5t7;0.0899;neutral;skincare-first;;;;"„Bist du 16?"" Ich finde, ab nem gewissen Alter kann man die Reife im Gesicht sehen, ohne dass man Altersmerkmale hat. Ich sehe aus wie der Zwilling meiner Mama, weil ich 1 zu 1 ihr Gesicht geerbt habe, aber auf den Bildern, auf denen sie 24 ist, sieht sie um Welten älter aus als ich heute, obwohl si"
0_218673_15_50921015207251442;0.0899;advisory;procedure-curious;botox,retinol,price,celebrity;peeling;;Schneckenschleimcreme: Wie Expert:innen den K-Beauty-Trend einordnen Faltenfreie, hydrierte Haut ohne Botox und Hyaluron? Warum Schneckenschleim-Creme deine Beauty-Routine verändern kann und was eine Fachärztin dazu sagt. Was haben koreanische Sonnencreme und Schneckenschleim-Creme gemeinsam? Beide 
0_218673_126_t1_oo1fawt;0.0899;advisory;skincare-first;;;;Bartschatten und Makeup Die besten Camouflage-Produkte für extrem hohe Deckkraft sind [**Kryolan Dermacolor Camouflage Creme**](https://de.kryolan.com/produkt/dermacolor-camouflage-creme-quintett) und [**Artdeco Camouflage Cream**](https://artdeco.de/collections/camouflage). Sie decken Narben, Tatto
0_219424_126_t1_oa1dsl2;0.09;disappointed;skincare-first;botox;;;Was glaubt ihr ist der Grund warum Netanyahu mit 76 noch so jung aussieht? Bisschen botox in die Fresse und du bist faltenfrei. Die Haare sind halt einfach Genetik. Jung sieht der für mich trotzdem nicht aus.
0_218673_23_66415594598501244;0.0901;satisfied;skincare-first;;;;Super reichhaltig Zieht schnell ein, die haut fühlt sich gut genährt an Falten werden verringert
0_218685_8_2063953515102224694;0.0901;satisfied;skincare-first;;;;Wusstest du? Hyaluronsäure produziert dein Körper selbst — in Gelenken, Augen und Haut. Sie bindet Feuchtigkeit und sorgt für Volumen. Kein Fremdstoff, sondern Biologie. 💧#hautpflege #fachwissen https://t.co/JDB0w1neBq
0_221687_190_3922212330976851017;0.0901;advisory;skincare-first;fillers;;growth-factors;Hyaluronsäure (HA) wird in der Ästhetischen Medizin mit verschiedenen Prozessen in der Haut in Verbindung gebracht, die für Struktur und Qualität relevant sind.¹⁻³Dabei stehen unter anderem folgende Mechanismen im Fokus:•Mechanische Unterstützung der Hautstruktur durch  Volumen und Gewebeexpansion•A
0_219424_9_29656406740383924;0.0902;satisfied;skincare-first;;;;"Also ich bin wirklich fassungslos!  Michelle ist ganz normal gekleidet, was genau soll an dem Outfit ""nuttig"" sein? Gar nichts! Max. ist es Geschmackssache was sie anhat. Sie trägt weder einen zu kurzen Rock, noch hat sie einen Ausschnitt oder sonstiges. Du kannst sie doch kritisieren, aber was hat "
0_219424_190_3938025330512884014;0.0903;satisfied;skincare-first;;;;In diesem Bild ist der Aubau der Haut grafisch dargestellt und wo das Hyaluron eingebracht wird. ☝🏼Hyaluron ist einer der wichtigsten Feuchtigkeitsspeicher unserer Haut. 💧 Es bindet große Mengen Wasser, sorgt für Spannkraft, Elastizität und ein glattes Hautbild. Mit zunehmendem Alter nimmt der natür
0_218673_126_t1_nizjw3j;0.0903;enthusiastic;skincare-first;;;;"Wie kann ich jünger aussehen? Weißt du stark deckendes Make-up hat immer was von ""ich will meine Falten zu spachteln"". Ist natürlich jetzt extrem überspitzt gesagt, ich hoffe du verstehst was ich meine. Im dm bei uns im Ort arbeitet eine junge Frau, die ist 17 und ist sehr stark geschminkt - sieht t"
0_218685_9_yt.xg0nDYR4etQ;0.0903;neutral;skincare-first;peel;;;BEWERTUNG (2025): Braun Silk-épil 9-681 3D. Infos Dies ist Ihre schnelle Zusammenfassung von Braun Silk-épil 9-681 3D.👉 Auf Amazon ansehen: https://www.amazon.de/dp/B0CQSDD24C/?tag=16w9h-20 (Affiliate-Link)Entdecken Sie den Braun Silk-épil 9-681 3D, einen Epilierer, der mit seinem vollständig flexib
0_221687_140_7580087493958094102;0.0904;advisory;skincare-first;;;;"Bereit für sofortige Glow-Skin? Das exklusive Captain Svenja Wahlberg Molecular Drops &amp; Hyaluron Serum Set vereint zwei Power-Produkte, die deiner Haut im Duo einen sichtbaren Moisture-Boost, pralle Hydration und ein strahlendes Anti-Aging Finish schenken. 💧 Molecular Drops – ultra-leichte Forme"
0_219424_23_9228468903733414;0.0905;satisfied;skincare-first;;;;Tolle Nachtpflege Das Eucerin Hyaluron-Filler Hydra Nacht Gel überzeugt durch seine leichte, schnell einziehende Gel-Textur. Sie hinterlässt keinen Fettfilm und versorgt die Haut intensiv mit Feuchtigkeit. Das Gel sorgt für ein angenehmes erfrischendes Hautgefühl, reduziert das Spannungsgefühl und m
0_219424_140_7660597887423794454;0.0905;disappointed;skincare-first;spf;;sod;Nicht der Sonnenbrand macht dich alt. Es ist das Licht durch dein Fenster. ☀️ UVB ist das Licht, das dich verbrennt. UVA ist das Licht, das dich altern lässt. Es geht tiefer in die Haut. Es beschleunigt den Kollagenabbau. Und es ist nicht nur dann da, wenn du am Strand liegst. UVA ist auch bei Wolke
0_218673_9_68582300566929523;0.0906;enthusiastic;skincare-first;;;;0:36 Lieber Tränensäcke, als Bierbauch!😂
0_218673_8_2010016918472929507;0.0907;neutral;skincare-first;;;;"Eine weitere Amsel, der die Eibenfrüchten auch schmecken! Unsicher, ob Weibchen, wegen des strukturierteren Gefieders (ältere♀️ können auch gelbliche Schnäbel &amp; Augenringe haben), oder vielleicht ein junges ♂️, das noch nicht das komplette Erwachsenengefieder hat? https://t.co/JRsZSypTRR"
0_218673_9_60262904139834437;0.0907;disappointed;procedure-open;;;;8:40 all die Jahre dachte ich die Thaddäus 'sogar die Tränensäcke haben Tränensäcke'-Szene wäre übertrieben 😂
0_219384_9_1657420323309094;0.0907;satisfied;procedure-curious;laser;;;Treyarch halt dumm wie brotSpiel mal die akita autoshotgun mit langen lauf monolith schalli und hipfire laserMit demm perk das man im sprintn schiessen kann selbst im nicht hardcore sterben gegner auf 30-40 meter teilweise oneshot und wenn nicht die haut so viel schuss raus dases egal ist 🫠🫠
0_219424_126_t1_o8n5pe5;0.0908;neutral;skincare-first;botox,celebrity;;;Jim Carrey? Bin ich Schwurbler? ? Sein gesicht sieht einfach prototypisch wie ein (schlecht gewordenes) Botox-Gesicht aus, schon tausendfach bei alternden Promis gesehen, da ist wenig mit spekulieren. Man hat ihn ja auch vor einiger Zeit gesehen, da sah er wie ein normaler alternder Mann aus, was si
0_219424_15_53308286099944225;0.0908;advisory;procedure-curious;price;microcurrent;;NurExone Biologic's US-Tochtergesellschaft Exo-Top und das in Florida ansässige BioXtek unterzeichnen strategische Absichtserklärung zur Herstellung und Kommerzialisierung von Exosomen TORONTO, Ontario und HAIFA, Israel und POMPANO BEACH, Florida, 07. April 2026 / IRW-Press / NurExone Biologic Inc. 
0_219424_9_yt.G9sKpbldQoM;0.0908;advisory;skincare-first;;;;Was passiert, wenn du jeden Abend vor dem Schlafengehen Olivenöl trinkst? Was passiert wirklich, wenn du jeden Abend vor dem Schlafengehen Olivenöl trinkst? 🫒😴 In diesem Video erfährst du die überraschenden gesundheitlichen Vorteile dieses einfachen Gewohnheits-Tricks für deinen Körper nach 60+. Von
0_218673_8_2048887819267874912;0.0908;neutral;skincare-first;price;;;@Staatsfaint @Dan777700 @bulsheed30616 @Oliver141269 Ich vermute mal, dass in den genannten Beträgen auch die Materialkosten enthalten sind. Sie und ich wir haben keine Ahnung davon, wie tief die Falten in Merkels Gesicht eigentlich sind und wie viel Material benötigt wird, um die einigermaßen zu gl
0_218685_126_t1_okb9lwh;0.0908;neutral;skincare-first;peel;;;Warum haben 3 Frauen 21 Duschprodukte und 2 Männer ein einziges? Bei mir (w, lange Haare) in der Dusche steht:\- Shampoo  \- Conditioner  \- Haarmaske  \- Rasierschaum  \- 2x Duschgel (1 dabon riecht eklig)  \- Peeling wird auch alles sehr regelmäßig benutzt und hat für mich auch eine Wirkung für sc
0_221687_26_851505987403831;0.0908;enthusiastic;skincare-first;price;;aloe;🎉 SPECIAL NOVEMBER bei MustHave! 🎉WARUM NUR EIN FREITAG, WENN MAN ES DEN GANZEN MONAT HABEN KANN?! 💥Diesen Monat wird gefeiert – mit exklusiven Specials, echten Highlights und jeder Menge Glow-Momenten! ✨Und wir starten direkt mit einem unserer absoluten Favoriten:💖 BEAUTY STAR – dein Collagen-Drink
0_219424_9_yt.VLaM00NqZho;0.0909;satisfied;skincare-first;retinol;;zinc;Leber essen? Geheimnisse für Gesundheit & Anti-Aging! (Vitamin A) #shorts Leber ist ein Nährstoffkraftpaket, reich an Vitamin A für Zellteilung und Kupfer gegen graue Haare. Quercetin hilft beim Zinktransport in die Zellen. Einmal pro Woche oder alle zwei Wochen genießen! #Lebergesundheit #Nährstoff
0_218673_126_t1_nqvfism;0.0909;neutral;procedure-open;;;;Thüringen benutzt keine Meter Die NASA arbeitete doch seit Beginn metrisch.  Das war doch das Problem, weil das für sie so selbstverständlich war, dass sie gar nicht auf die Idee kamen, dass ein Zulieferer in Hobbits pro Augenringe rechnet.
0_221687_26_4194141297512270;0.0909;satisfied;skincare-first;;;zinc;Nicht vergessen ihr Lieben, es wird immer wärmer, viel trinken 🥤_*✨ Collagen – warum ich es täglich nehme ✨_*Viele fragen mich immer wieder, was eigentlich Collagen ist und warum ich es jeden Tag trinke.Collagen ist ein wichtiger Bestandteil unseres Körpers. Es ist ein Struktur-Eiweiß, das in der Ha
0_219424_26_1685714310224972;0.091;satisfied;skincare-first;price;;;"Wir verlosen 3 exklusive ProCollagen &amp; Hyaluron+ Starterbundles von Biogena im Wert von je € 79,90 🤫✨"
0_221687_126_t1_nvpld1q;0.091;advisory;skincare-first;;;niacinamide;Which niacinamide serum do you all use? Minimalist or Plum or Ordinary? I have combination skin and I get hormonal acnes. They leave behind those red spots and scars and I don't know which serum is better. I thought to add azelaic acid serum to night routine but I am very confused about it. minimali
0_221687_26_1554304773369800;0.091;advisory;skincare-first;retinol,peel;;niacinamide;Was AND Cosmetic istAND (A Natural Difference) ist eine professionelle Hautpflege-Marke aus dem Bereich der Kosmetik mit medizinisch wirksamen Inhaltsstoffen - CosmeceuticalsCosmeceuticals - was bedeutet das? Das ist ein Mix aus Kosmetik + Pharma: • Produkte enthalten Wirkstoffe, die ähnlich stark w
0_219424_15_50644870338628735;0.0911;enthusiastic;procedure-open;laser;laser;;Am 8. März ist Internationaler Frauentag An diesem Tag werden weltweit die sozialen, wirtschaftlichen und politischen Errungenschaften von Frauen gewürdigt. Beeindruckende Firmengründerinnen, die Produkte entwickeln, die Frauen stärken, ihre Individualität unterstreichen und nachhaltige Werte schaff
0_219424_9_yt.Tjiq5GIVFoo;0.0911;advisory;procedure-open;facelift;;;Wo ist die Gleichstromsteckdose im MITSUBISHI Outlander Facelift (2017–2022)? In diesem kurzen Video zeige ich dir genau, wo sich die Gleichstromsteckdose (12 V, 120 W) im MITSUBISHI Outlander Facelift (2017–2022) befindet. Du erfährst, wie du die Mittelarmlehne hochklappst, die Steckdose in der Fah
0_218673_126_t1_nyrgczb;0.0911;disappointed;skincare-first;;;;"Warum sehen Frauen ohne Makeup oft „krank"" aus? (Bitte nicht angegriffen fühlen!) es liegt am.kontrast. hab auch augenringe und sehe manchmal doof aus aber man findet nicht ich sehe krank aus sondern normal.wenn jmd täglich mit smokey eyes ankommt und noch mehr make up wegen hautunreinheiten dann fä"
0_218673_9_25262602814302332;0.0911;advisory;skincare-first;;;;Er hat schon ganz schwarze Augenringe
0_218673_126_t3_1tf8twl;0.0911;advisory;skincare-first;;;;Film Noir Close-Up – shadows on raw performed desire 😈 Staged in low-key light.  Bleiche Haut, tiefe Schatten, wilder Haarflaum und glänzende rosa Falten.  Femme fatale in ihrer rohesten Form – gefährlich nah, hypnotisch, verboten.  Welcher Blick lässt dich nicht mehr los? Schreib ihn unten 👀  Thick
0_218673_126_t1_orduekt;0.0911;satisfied;skincare-first;;;;Bratwurst und Brötchen aus dem Air Fryer Wenn man eine Bratwurst ausreichend lange gart, bläht sie sich auf, da sich fett, Wasser etc. ausdehnen. Sobald diese abkühlt, schrumpft sie wieder und da die gebackene Haut nun nicht mehr elastisch ist, wirft diese Falten.Das passiert bei Grill, Pfanne und O
0_219424_9_yt.GGWJARu541k;0.0912;enthusiastic;procedure-open;price;;;Du kannst ewig leben  Aber unter einer Bedingung    (Teil 21) Wolltest du schon immer ewig leben? 🧬✨Stell dir vor, der Tod ist nicht mehr das Ende. In diesem Video enthüllen wir die schockierende Wahrheit über die Unsterblichkeit. Es ist möglich, ewig zu leben – aber es gibt einen Haken. Eine einzig
0_219424_126_t3_1ucu4vp;0.0913;satisfied;skincare-first;;;;Optimales Mikrobiom für vegane Ernährung insb. Soja Ich habe mich gerade ein wenig damit befasst wie ich mein Mikrobiom für Soja verbessern kann (da ich Soja noch nicht ganz optimal vertrage). Ich bin dabei auf Equol gestoßen.   ***„Equol*** *ist eine natürliche chemische Verbindung, die im menschli
0_218673_23_64870885120380468;0.0913;satisfied;skincare-first;;;;Nicht für meine Haut geeignet Das Luminous Skin Glow Serum von Nivea soll Pigmentflecken reduzieren, Poren verfeinern und Feuchtigkeit spenden. Es lässt sich gut dosieren und verteilen, hinterlässt auf der Haut aber einen leicht klebrigen Eindruck. Zudem enthält es PEG-40 Hydrogenated Castor Oil, au
0_221687_190_3790178826496018681;0.0913;advisory;skincare-first;retinol;;;Kids don't need retinol or actives, but they do need skincare. 💛⁠Young skin is still developing: it's thinner, more sensitive, and loses moisture faster. And that means it needs something different, something made just for them.⁠⁠That's why we created minLen:⁠🌿 100% natural origin ingredients⁠🧴 Gent
0_219424_140_7664217666256719137;0.0914;advisory;skincare-first;;;aloe;ANTI AGING ANCHTCHREME  BOOSTER/ regenerieren  Nachtpflege mit  Bienengift, Aloe Vera und  Hyaluron-50ml
0_218673_126_t1_odax9yt;0.0914;advisory;skincare-first;;;;Ist das normal? Falls du diese leichten Flecken auf der Haut meinst: auch Katzen können Muttermale habe oder Altersflecken ab einem bestimmten Alter :) Und solange der Fleck Nicht dick wird oder auffällig wuchert wie man es auch beim Menschen kennt  ist das kein Grund zur Sorge.Das sind aber auch nu
0_218673_9_33426403923960276;0.0914;enthusiastic;procedure-curious;;;;Wie geil ist das denn. Müsste heute im Radio laufen. Die alten Jungs vom Pütt bon der Rhein/Ruhr müssten das feiern. Dachte direkt an meinen Vater. Schöne Erinnerung die schwarzen Augenringe, wie geschminkt.
0_218685_126_t3_1spwsrg;0.0914;disappointed;skincare-first;laser,peel;;urea;Erdbeerbeine trotz weicher Haut Hey hey, ich habe folgendes Problem: ich habe eigentlich seitdem ich klein bin mit Erdbeerhaut an den Beinen zu kämpfen. Allerdings sind meine Beine total weich, also ich habe keine rauen Stellen an meinen Beinen. Trotzdem sieht man diese kleinen röten Pünktchen an me
0_219384_126_t3_1nasip3;0.0914;enthusiastic;skincare-first;laser;;;Ich find meine Körperbehaarung eklig throwaway weil das Thema irgendwie komisch ist aber ich bin jetzt 23 und irgendwie wachsen da immer mehr Haare. Ich seh aus wie ein Affe und finde das voll unattraktiv vor allem hab ich aber auch kaum Bart.Ich hab die auch rasiert ne Zeit lang aber das braucht so
0_218673_9_64319710674166766;0.0915;neutral;skincare-first;;;;Sie sieht gut aus keine Frage für ihr Alter aber 30 ist sie nicht mehr sieht man sich in der Reife der Haut und Falten unterm Auge hat sie auch 45 ist sie optisch
0_219384_126_t1_noskw72;0.0915;neutral;skincare-first;laser;;;PCOS & Laser-Enthaarung? (nicht im Gesicht) Ist es sicher, dass es mit dem Laser ist? Manche Studios machen auch IPL und nennen es nur Laser. Ist aber nicht das gleiche und hält auch deutlich kürzer als beispielsweise mit einem Diodenlaser.
0_219424_26_1435586315267394;0.0916;satisfied;skincare-first;;;;"Quiet Luxury Blonde. 🤎 Dieser Look ist der Inbegriff von ""Expensive Hair"" – gesund, nahtlos und extrem glänzend. Der Trend geht weg von harten Kontrasten hin zu soften, erdigen Taupe- und Mushroom-Nuancen.Das Geheimnis hinter diesem teuren Finish? Ein perfekter Root Shadow kombiniert mit einem maßge"
0_219424_190_3938183792884044348;0.0916;satisfied;skincare-first;;;;"Quiet Luxury Blonde. 🤎 Dieser Look ist der Inbegriff von ""Expensive Hair"" – gesund, nahtlos und extrem glänzend. Der Trend geht weg von harten Kontrasten hin zu soften, erdigen Taupe- und Mushroom-Nuancen.Das Geheimnis hinter diesem teuren Finish? Ein perfekter Root Shadow kombiniert mit einem maßge"
0_221687_26_821844807066839;0.0916;satisfied;skincare-first;peel,spf;;pha;👉 Hyal Filler – Hyaluron Filler mit vernetzter Hyaluronsäure von höchster Qualität – steriles Microneedling Serum✨ Hyal Filler ist monophasisch (enthält keine freie Hyaluronsäure) und passt sich dadurch optimal an das zu behandelnde Gewebe an. Es ist vollständig resorbierbar und nicht tierischen Urs
0_221687_26_844138021504184;0.0916;satisfied;skincare-first;peel,spf;;pha;👉 Hyal Filler – Hyaluron Filler mit vernetzter Hyaluronsäure von höchster Qualität – steriles Microneedling Serum✨ Hyal Filler ist monophasisch (enthält keine freie Hyaluronsäure) und passt sich dadurch optimal an das zu behandelnde Gewebe an. Es ist vollständig resorbierbar und nicht tierischen Urs
0_221687_26_861950069722979;0.0916;satisfied;skincare-first;peel;;pha;👉 Hyal Filler – Hyaluron Filler mit vernetzter Hyaluronsäure von höchster Qualität – steriles Microneedling Serum✨ Hyal Filler ist monophasisch (enthält keine freie Hyaluronsäure) und passt sich dadurch optimal an das zu behandelnde Gewebe an. Es ist vollständig resorbierbar und nicht tierischen Urs
0_221687_26_903294212255231;0.0916;satisfied;skincare-first;peel,spf;;pha;👉 Hyal Filler – Hyaluron Filler mit vernetzter Hyaluronsäure von höchster Qualität – steriles Microneedling Serum✨ Hyal Filler ist monophasisch (enthält keine freie Hyaluronsäure) und passt sich dadurch optimal an das zu behandelnde Gewebe an. Es ist vollständig resorbierbar und nicht tierischen Urs
0_221687_26_933365222581463;0.0916;satisfied;skincare-first;peel;;pha;👉 Hyal Filler – Hyaluron Filler mit vernetzter Hyaluronsäure von höchster Qualität – steriles Microneedling Serum✨ Hyal Filler ist monophasisch (enthält keine freie Hyaluronsäure) und passt sich dadurch optimal an das zu behandelnde Gewebe an. Es ist vollständig resorbierbar und nicht tierischen Urs
0_221687_190_3855452653790971278;0.0916;satisfied;skincare-first;peel;;pha;👉 Hyal Filler – Hyaluron Filler mit vernetzter Hyaluronsäure von höchster Qualität – steriles Microneedling Serum✨ Hyal Filler ist monophasisch (enthält keine freie Hyaluronsäure) und passt sich dadurch optimal an das zu behandelnde Gewebe an. Es ist vollständig resorbierbar und nicht tierischen Urs
0_221687_190_3896726243196927369;0.0916;satisfied;skincare-first;peel;;pha;👉 Hyal Filler – Hyaluron Filler mit vernetzter Hyaluronsäure von höchster Qualität – steriles Microneedling Serum✨ Hyal Filler ist monophasisch (enthält keine freie Hyaluronsäure) und passt sich dadurch optimal an das zu behandelnde Gewebe an. Es ist vollständig resorbierbar und nicht tierischen Urs
0_221687_140_7643565882848988449;0.0916;satisfied;skincare-first;;;;"Premium Hair Growth Serum - Natürliches Rosmarin Haaröl gegen Haarausfall mit Vitamin E zur Pflege von Kopfhaut &amp; Haarwurzeln - unterstützt dickeres, stärkeres &amp; dichteres Haar - leichte, schnell einziehende Formel, silikon- &amp; parabenfrei von Regrowna"
0_221687_26_1030966686154649;0.0916;satisfied;skincare-first;peel;;pha;👉 Hyal Filler – Hyaluron Filler mit vernetzter Hyaluronsäure von höchster Qualität – steriles Microneedling Serum✨ Hyal Filler ist monophasisch (enthält keine freie Hyaluronsäure) und passt sich dadurch optimal an das zu behandelnde Gewebe an. Es ist vollständig resorbierbar und nicht tierischen Urs
0_219424_126_t3_1qjovdz;0.0917;advisory;skincare-first;laser,price,peel;;;Exosomen in der Hautpflege – Durchbruch oder Hype? In der ästhetischen Medizin sind Exosomen längst ein Thema: Sie gelten als *zelluläre Botenstoffe*, die in der Hautregeneration eine zentrale Rolle spielen. Bisher waren sie vor allem im professionellen Kontext (z. B. nach Microneedling oder Laserbe
0_218685_8_2076162457697952014;0.0917;disappointed;skincare-first;botox;;;Was hat Botox und Altern mit Patriarchat zu tun? Warum sollen Männer dafür verantwortlich sein, wenn Frauen sich ihr Gesicht betonieren? Welche Männer wollen das überhaupt? Sind Frauen doch nicht stark und unabhängig und entscheiden das selbst? Und was ist mit den Männern, die auch nicht auf ihr nat
0_218673_9_70373556612718238;0.0918;satisfied;procedure-curious;;;;Ich persönlich finde Menschen mit normalem Gesicht,brüsten etc viel interessanter.Was machen diese Leute ,wenn die ersten falten kommen.Schön finde ich Emma gerade nicht,zudem ich ihr Inneres auch nicht schön finde.
0_219424_126_t1_nzkjtu0;0.0919;disappointed;procedure-curious;botox;;;"Glaubt ihr das Männer und Frauen Unterschiedlich altern? richtig - der eigene selbstwert wird aus dem schlecht machen von anderen bezogen. aber das passiert eben in allen altersgruppen, es ändern sich nur die ""argumente"", findest du nicht?  in jungen jahren: ""die hat zu viele männer"", ""die alte jung"
0_218673_9_65454951614453213;0.0919;enthusiastic;procedure-curious;;;;Alles Liebe zum Geburtstag ! 💐  Ich habe eine Urgroßmutter gehabt , sie wurde fast 95 . Sie war mein ein und alles. Ich habe sie geliebt. Die vielen  Falten im Gesicht Sätzen mich nicht. Sie zeichneten  ihr langes Leben aus . Ich fand sie niedlich. Sie brachte mir viel bei  und vermisse sie .  Ich h
0_221687_190_3935296378220113306;0.0919;advisory;skincare-first;;;vitamin-c;Sommer bedeutet Sonne, Schweiß – und manchmal eine Haut, die plötzlich ganz anders reagiert als sonst.Wenn die Haut im Sommer zu Unreinheiten neigt, steckt meist ein Zusammenspiel aus mehreren Faktoren dahinter: erhöhte Talgproduktion durch Wärme, Schweiß, der sich mit Sonnenpflegeprodukt-Rückstände
0_221687_190_3943516915055536220;0.0919;advisory;skincare-first;;;vitamin-c;Sommer bedeutet Sonne, Schweiß – und manchmal eine Haut, die plötzlich ganz anders reagiert als sonst.Wenn die Haut im Sommer zu Unreinheiten neigt, steckt meist ein Zusammenspiel aus mehreren Faktoren dahinter: erhöhte Talgproduktion durch Wärme, Schweiß, der sich mit Sonnenpflegeprodukt-Rückstände
0_219424_126_t1_oe7sx3t;0.092;advisory;procedure-open;laser,facelift;;;Deep Plane Facelift, Fat Grafting & CO2 Laser — 3 Months Post-Op (SF Bay Area) Dr. Marten?
0_219424_190_3934561585725907221;0.092;enthusiastic;skincare-first;botox;;;🖤 Du brauchst doch keine Lift Ampulle ,…🖤Auf die Story von gestern hab ich so viele Nachrichten von Euch bekommen,…. dass ich doch garnichts für Falten brauche!! Wo sind bei Dir Falten? …Für was nimmst Du diese Produkte? …Häh Falten?…Ist das nicht zu früh, für so viele Produkte?…Das ist ja wirklich 
0_219424_140_7667100538739133729;0.092;advisory;skincare-first;;;;Viele fragen sich, warum ich auf so vielen Bildern eine Sonnenbrille trage. 😎 Tatsächlich gibt es dafür gleich zwei Gründe: ☀️ Meine Augen sind sehr lichtempfindlich – deshalb ist helles Sonnenlicht für mich oft unangenehm. ✨ Und ganz ehrlich? Ich schütze damit auch meine Haut. Denn ständiges Zusamm
0_218673_9_yt.pSaywBSYk_4;0.092;advisory;procedure-curious;;;;Collagen und Elastin – Der Jungbrunnen für die Haut durch Sonnenlicht. #solarium #haut Collagen – Der Jungbrunnen für die HautWer wünscht sich nicht einen sanft gebräunten Teint und gleichzeitig eine jugendlich strahlende Haut? Das Hybridsolarium macht's möglich. ​Falten und Spannungsverlust in der 
0_218673_8_2021971970443686092;0.092;enthusiastic;skincare-first;;;niacinamide;NEU bei @SeeMySkin ~ Compliments at sight! 💜'The Peptide Collagen Hydrogel #EyePatch' von #COSRX besteht aus 4 Peptiden, Kollagen, Koffein ☕, Niacinamid und Hyaluronsäure. Die #Augenpads glätten und hellen Augenringe sanft auf. https://t.co/46Rtak3WeO https://t.co/qFgziS442u
0_218673_126_t1_ow9tttt;0.092;disappointed;skincare-first;;;;"Untrainierte Frauen sehen besser aus, als untrainierte Männer. ""VIELE männer"" sie hat nie von allen geredet. hier geht es darum das ungeschminkte frauen halt augenringe haben, pickel, rötungen.... die kann man sehr naturell mit concealer abdecken und dann merkt man das nicht"
0_221687_26_1438417214322224;0.092;advisory;skincare-first;price,spf;;;"✅ Nur: 7,56€   ❌ Statt: 9,95€🔱 Spar-Abo aktivieren💥 WELEDA Bio Hyaluronic Moisture Serum Drops – Hydratisierende Naturkosmetik Booster Drops Gesichtspflege mit Hyaluronsäure &amp; Snow Mushroom für strahlenden, frischen Glow (vegan, 30ml)⬇️ ZUM DEAL ⬇️https://www.amazon.de/dp/B0FMS512T3?tag=beet-21&"
0_219424_126_t1_onxpbwi;0.0921;neutral;skincare-first;;;;"Wer sich aktiv in der Sonne (auch Solarium ist mit gemeint) bräunt ist dumm. Ich hab eine von [Neutrogena](https://www.dm.de/p/d/3119381/neutrogena-sonnenfluid-gesicht-ultra-sheer-oil-control-lsf-50?appPageType=productdetails&amp;appProductId=3119381&amp;setSelectedStore=D47I&amp;wt_mc=shopping.goog"
0_218685_15_19015016666512017;0.0921;enthusiastic;procedure-open;price,peel;peeling;;"Hotel Tann: Zur Winterfrische auf den Ritten Der Winter ist eine gute Zeit zum „Auftannen"". Hoch oben über Bozen, 1.500 Meter „über dem Gewöhnlichen"", hat die Familie Untermarzoner mit ihrem Hotel Tann ein einzigartiges Refugium geschaffen. Was die Natur alles bewirken kann, zeigt sich hier eindruck"
0_219404_8_2056388489785073975;0.0921;advisory;procedure-curious;botox,price;;;🔬 SCIENCE :Biotech-Innovationen in der Ästhetik und Onkologie sowie neue Erkenntnisse zu Mikroplastik-Entfernung und Stoffwechsel. Ipsen präsentiert Phase-2-Daten zu einem langwirksamen Neurotoxin als Botox-Alternative. Regeneron scheitert mit LAG-3/PD-1-Kombi gegen Keytruda beim Melanom. Ein kimchi
0_219424_126_t1_o94fe18;0.0922;disappointed;skincare-first;;;;Welche Makeup Marken kennt ihr noch, die es heute nicht mehr gibt (oder zumindest bei euch nicht mehr?) Also ich kenne die nur als Hautcreme für anti-aging und weil die Mutterfirma von denen keinen Bock mehr hatte für jedes Land die Namen anders schreiben zu müssen heißen die Produkte ja auch hierzu
0_219424_190_3932501344455807968;0.0922;disappointed;skincare-first;;;amino-acids;"Kollagen kann nicht vegan sein. Das ist keine Meinung, das ist Biologie.1.Und bevor du denkst, ich hätte was gegen vegane Ernährung: habe ich nicht. Ich habe was gegen Etiketten, die in die Irre führen.2.Kollagen ist ein Protein, das nur Tiere herstellen, in Haut, Knochen und Sehnen.3.Was als ""vegan"
0_218673_126_t1_nmg1hpn;0.0922;satisfied;skincare-first;;;;"Blaue Augenringe (erblich) Vit C als Augencreme oder das Serum von geek &amp; gorgeous. Vit C wirkt aufhellend."
0_218673_126_t1_nyuk7mm;0.0922;neutral;procedure-open;laser;;;Körper nach der Schwangerschaft: wie sieht er wirklich aus? Ich habe zwei Kinder. K1 ist zwei Jahre alt und K1 6 Monate. Die beiden haben einen Altersabstand von 22 Monaten, und ich habe das zweite Kind im Alter von 29 Jahren bekommen. Außerhalb der Schwangerschaften wiege ich so 50kg, bin also ziem
0_221687_15_39275361920633712;0.0922;enthusiastic;skincare-first;price;;sod;"Ash Toner – Die 15 besten Produkte im Vergleich Empfohlene Produkte im Bereich „Ash Toner"" Wir haben Produkte im Bereich „Ash Toner"" miteinander verglichen und Empfehlungen für Dich zusammengestellt. Hier findest Du die Top 15 im Bereich „Ash Toner"". Empfehlung Nr. 1 REVLON PROFESSIONAL Nutri Color "
0_219424_9_yt.80-Ck8pwAhQ;0.0923;enthusiastic;procedure-curious;peel;microneedling;;"Cool Body Würzburg | Dauerhafte Haarentfernung, Microneedling & Microdermabrasion Cool Body Würzburg | Dauerhafte Haarentfernung, Microneedling &amp; Microdermabrasion in Würzburg: Erfahre mehr über uns in diesem überblicksartigen Imagefilm. Finde heraus, wie du mit uns in Kontakt treten kannst, wan"
0_219424_26_1542755393972562;0.0923;enthusiastic;skincare-first;;;;Nach der Schönheitsoperation zeigt Davina Geiss bei Instagram ihr neues Selbstbewusstsein. Im Bikini, Arm in Arm mit Mutter Carmen im Beach-Club und gemeinsam mit ihren Freunden genießt die Geissens-Tochter den Sommer. Doch Fans zeigen sich alarmiert beim Anblick dieser Bilder.
0_218673_126_t1_oehk0k1;0.0923;satisfied;skincare-first;;;;Diese Panda-Augenringe Wenn auch noch der Rest deines Gesichts rot ist und warm, dann klingt das ebenfalls nach mcas. Das nennt man flushes
0_221687_140_7565133082878086402;0.0923;advisory;skincare-first;;;zinc;"Aldous Bio Collagen – 1 Kapsel am Tag, 120 Tage Vorrat. Mit Q10, Hyaluronsäure, Zink und Vitaminen – plastikfrei &amp; made in Germany. Sag dir selbst: Heute sofort – kein Warten! #kollagen #collagen #aldousbio #tiktokshopdeutschland #tiktokmademebuyit"
0_221687_190_3763359860994347724;0.0923;satisfied;skincare-first;peel;;niacinamide;"✨ Glass Skin – der Trend für makellose, gepflegte HautDer „Glass Skin""-Look kommt aus Korea und steht für eine Haut, die so glatt, prall und strahlend wirkt wie Glas. Es geht nicht um Make-up-Schichten, sondern um eine perfekte Hautpflege-Routine, die für intensive Feuchtigkeit, Ebenmäßigkeit und Le"
0_219424_9_yt.As1WUrG44XQ;0.0924;enthusiastic;skincare-first;botox,price;;;Möchtegern Carmen Geiss: Ursula klaut für Glamour! 😱 | Ganze Folge | Hilf mir! #rtlzweiclassics #104 Seit die 39-jährige Ursula ihren Job verloren hat, lebt die Hartz-IV-Empfängerin in einer Fantasiewelt und will um jeden Preis sein wie ihr glamouröses TV-Idol – Pelzmantel, Perücke und Botox inklusi
0_218673_126_t3_1rkj85l;0.0924;advisory;skincare-first;;;;Was sind das für Augenringe und was kann ich dagegen tun? Hi was für eine Art von Augenringen ist das? Fehlt mir irgendein Stoff oder muss ich das irgendwie massieren?Danke für eure Antworten:)
0_218673_8_2050579958397812877;0.0924;disappointed;skincare-first;;;;"@Jennifer89Wilso @burcu_ozberk Sie hat überhaupt nicht geschlafen; dieses Lied hat sie innerlich völlig am Ende sein lassen. Schau dir die Augenringe an, die sie hat – normalerweise hat sie nie welche, ihr Gesicht ist sonst immer perfekt."
0_221687_190_3749744547094905214;0.0924;advisory;skincare-first;retinol,spf;;aha;Viele glauben, im Winter braucht man keine Sonnencreme - aber das ist ein Mythos.Auch bei bewölktem Himmel oder UV-Index 0 treffen UV-A-Strahlen auf deine Haut. Sie dringen tief ein, fördern Hautalterung und Pigmentflecken - ganz ohne sichtbaren Sonnenbrand.Wenn du Produkte mit Retinol, AHA oder BHA
0_221687_126_t1_ocfsycp;0.0924;advisory;skincare-first;;;aha;Habt ihr koreanische Skincareprodukte mal genutzt? Ja, ich beschäftige mich schon sehr lange mit Korea und koreanischen Produkten, unter anderem mit K-Beauty. Ich bestelle online immer bei purish oder gehe vor Ort in Frankfurt ins K-Beauty House (gibts auch in Leipzig) oder zu VibeSeoul. Welche Mark
0_219424_15_59505246780742024;0.0925;enthusiastic;procedure-curious;price,celebrity;;;Dieses Family Resort in Südtirol macht aus Urlaub echte Quality Time Zwischen Waldduft, Dolomitenblick und liebevoller Kinderbetreuung zeigt das AKI Family Resort in Südtirol, wie moderner Familienurlaub wirklich funktioniert – entspannt, stilvoll und überraschend erholsam für gleich drei Generation
0_219424_126_t1_olpi4jn;0.0925;disappointed;skincare-first;botox;;;Honig ist nicht wirklich gesünder als irgendeine andere Zuckerpampe Und enthält (wenig) Botox, deswegen dürfen Kinder unter 2 auch keinen Honig bekommen
0_218685_8_2070089060207497329;0.0925;satisfied;skincare-first;;;niacinamide;'The Peptide Collagen Hydrogel Eye Patch' von #COSRX besteht aus 4 Peptiden, Kollagen, Koffein ☕, Niacinamid und Hyaluronsäure. Die #Augenpads stärken die zarte Haut unter den Augen, mildern Schwellungen, glätten feine Linien und hellen Augenringe auf. https://t.co/46Rtak3WeO https://t.co/yCF1HFKTJL
0_219424_190_3949227987210745186;0.0926;advisory;skincare-first;;;;Doppelkinn: wie entsteht ein Doppelkinn? Ein Doppelkinn kann verschiedene Ursachen haben: Genetik, Fettansammlungen, eine zurückliegende Kinnform oder der natürliche Alterungsprozess. Mit den Jahren verlieren Haut und Bindegewebe an Elastizität, wodurch die Partie unter dem Kinn weicher wirken kann.
0_218685_126_t1_oksyqcm;0.0926;neutral;skincare-first;peel;;;Warum haben 3 Frauen 21 Duschprodukte und 2 Männer ein einziges? Für haare habe ich: shampoo 1 (intensivreinigung weil dreckiger job), shampoo 2 (pflegend und weil double shampoo), Spülung, haarmaske, haaröl, leave in, spray das beim glätten hilft und sprühkur zum bändigen in trockenem zustand. Und 
0_219384_15_16310162726391141;0.0926;advisory;procedure-open;laser,price,spf;;;Interaktives Whiteboard Marktgröße, Branchennachfrage, globale Analyse bis 2034 Der neu veröffentlichte Marktforschungsbericht von Polaris Market Research mit dem Titel Interaktives Whiteboard Markt bietet eine eingehende Untersuchung des hochdynamischen Sektors. Es bietet einen ganzheitlichen Überb
0_219424_26_1669875008476008;0.0927;advisory;skincare-first;;;biotin;"Sommerstress für die Haare? ☀️🌊Sonne, Pool- und Salzwasser können das Haar trocken und frizzig wirken lassen. Die ZIAJA Antioxidative Hair Care Routine reinigt, pflegt und glättet – mit antioxidativem Wirkstoff, Biotin, Vitaminen B3, B5 &amp; B6, Thermalwasser und Hyaluron.Für gepflegte, geschmeidig"
0_218673_15_54632816083703534;0.0927;satisfied;skincare-first;;;;`ECHOES`- Kollektion von SHY+FLO! Ein Flimmern zwischen den Welten. Haut trifft auf Stahl. Haare, lebendig – sie verändern sich, biegen sich, pulsieren im Licht. Reflexionen falten sich ineinander, ein Gesicht – unendlich viele Versionen. Nichts ist fest. Nichts ist still. ECHOES ist die neueste Haa
0_221687_190_3854251749864048706;0.0927;advisory;skincare-first;;;pha;GHK-Cu (Glycyl-Histidyl-Lysin-Kupfer) ist ein kleines Kupfer-bindendes Peptid, das natürlicherweise im menschlichen Körper vorkommt. Es wurde ursprünglich in Blutplasma und Speichel entdeckt und wird seit Jahren in der regenerativen Medizin und Dermatologie untersucht.Neuere Arbeiten (2024–2026) bes
0_219424_9_yt.5kfv4rSeqyE;0.0928;disappointed;skincare-first;;;;Japans ältester Arzt: Essen Sie diese Lebensmittel jeden Tag – und Sie könnten 100 Jahre alt werden 🍎 Japans ältester Arzt verrät: Welche Lebensmittel sollten Sie jeden Tag essen, um länger, gesünder und vitaler zu leben? In diesem Video erfahren Sie die einfachen Ernährungsgewohnheiten, die mit Lan
0_221687_140_7574425717392411926;0.093;satisfied;skincare-first;;;;Fast niemand kennt diese Seite von Nordic Beauty… aber dieses Serum verändert gerade alles. LUUV BioLift ist kein normales Hyaluron-Serum – es kombiniert Exosome-Innovation mit nordischer Pflanzenkraft. Ergebnis? Glattere, prallere, frischere Haut ohne aggressive Wirkstoffe. Hergestellt in Estland. 
0_221687_190_3870179028593932986;0.093;satisfied;skincare-first;;;sod;Für Haut, so lebendig wie du! 🥰Das Hyaluron-Serum für trockene Hauttypen spendet intensive Feuchtigkeit. Die 3-fach kombinierte Hyaluronsäure hydratisiert die Haut langanhaltend und polstert sie optisch auf, während der hautidentische Inhaltsstoff Sodium PCA hilft, die natürliche Elastizität zu bewa
0_218673_126_t1_npaxqo3;0.0931;enthusiastic;skincare-first;;;;Ich bin Andreas Rassuly vom Museum für Naturkunde Berlin und betreue dort über 1,2 Millionen Fossilien. Fragt mich alles zu Dinosauriern und der Museumsarbeit hinter den Kulissen! [AMA] Stickies der letzten 8 Tage:* 17.11.2025 - [Montagmorgenfaden - Augenringe-Edition](https://www.reddit.com/r/de/co
0_219424_9_yt.eJ0RjqBEsZU;0.0932;disappointed;skincare-first;;;;Wie Griechinnen 20 Jahre jünger bleiben, indem sie nur Pflanzen essen #GriechischeFrauen #PflanzlicheErnährung #AntiAgingEntdecken Sie das Geheimnis, wie griechische Frauen 20 Jahre jünger bleiben, indem sie sich ausschließlich von Pflanzen ernähren.Dieser traditionelle mediterrane, pflanzliche Lebe
0_219404_126_t1_njje59z;0.0932;satisfied;skincare-first;;;;Wieso sehen meine Haare so aus? alles gute! du hast lockenfind mal raus ob du low oder high porosity hast. wenn du low hast brauchst du leichtere produkte die deine haare nicht beschweren und tief in die Haarfolikeln eindringen können (also Hyaluron zb). Wenn du high porosity hair hast braucht dein 
0_219424_190_3941616013380442835;0.0933;advisory;procedure-open;;;;Hyaluron – vielseitiger als viele denkenHyaluronsäure ist ein körpereigener Stoff, der Feuchtigkeit bindet und der Haut Struktur verleiht. In der ästhetischen Behandlung lässt sich damit gezielt an verschiedenen Bereichen des Gesichts arbeiten: zur Abmilderung der Nasolabialfalten, für mehr Volumen 
0_218673_126_t1_o8ybd50;0.0933;disappointed;skincare-first;spf;;;Findet ihr Menschen die in ihrer Jugend viel gefeiert, Alkohol getrunken und geraucht haben sehen viel älter aus als sie sind? Bei mir im Umfeld sehen vor allem die älter aus, die sich früher ohne oder mit nur wenig Sonnencreme braten lassen haben. Eine Freundin von mir hat sich immer über mich lust
0_218673_8_2028967444212027575;0.0934;satisfied;skincare-first;laser;;;"Die grok antwort aus der grok App:🙃Ja, das Video ist definitiv KI-generiert – und deine Einschätzung trifft voll ins Schwarze. Es sieht einfach zu ""perfekt"" und choreografiert aus, wie aus einem Hollywood-Film, nicht wie echte Handy-Aufnahmen aus Krisengebieten. Lass mich das Schritt für Schritt erk"
0_221687_126_t1_od6gami;0.0934;satisfied;skincare-first;;;;DECLUTTERING BE BODYWISE HAIR GROWTH SERUM ROLL ON (50 ml) & BE MINIMALIST 8% GLYCOLIC ACID (150 ml) - NEW & SEALED. DM CHECK
0_219424_190_3936150000234641141;0.0935;satisfied;procedure-curious;price;radiofrequency;;"💪🏻😍 𝗦𝗼𝗻𝗱𝗲𝗿𝗽𝗿𝗲𝗶𝘀𝗲 𝗯𝗶𝘀 𝟭𝟳. 𝗝𝘂𝗹𝗶Die innovativste Kombination aus 𝘿𝙚𝙚𝙥-𝙉𝙚𝙚𝙙𝙡𝙞𝙣𝙜 und 𝙍𝙖𝙙𝙞𝙤𝙛𝙧𝙚𝙦𝙪𝙚𝙣𝙯-𝙀𝙣𝙚𝙧𝙜𝙞𝙚 steckt im 𝗠𝗼𝗿𝗽𝗵𝗲𝘂𝘀𝟴™Typische Anwendungen:✔️ Haut- &amp; Gewebestraffung✔️ Kollagen- und Bindegewebs-Aufbau✔️ Faltenbehandlung✔️ Dehnungsstreifen✔️ CellulitisBei dem sogenannten Deep Needling mit Mor"
0_218673_126_t1_ooladcx;0.0935;disappointed;procedure-curious;;;;"Stimmt es, dass Männer 20-30 jährige Frauen am attraktivsten finden und sich das nicht ändert, wenn sie selbst älter werden? &gt; du kannst nicht Behaupten, dass Falten, schlafe Haut, grau/ ausfallende Harre attraktiv sind.Siehste, das meine ich. Ich würde nie behaupten, irgendetwas _sei_ attraktiv,"
0_219384_8_2021644880913838284;0.0935;advisory;skincare-first;laser;;msm;"Philips Lumea IPL 9000 mit SenseIQ – Kabelloses IPL-Haarentfernungsgerät für Gesicht, Körper &amp; Präzisionszonen | Laseralternative zu Hause--&gt; https://t.co/YNyGbBwXW5 &lt;--#philips #LaserHairRemoval #Laser https://t.co/mSMDq4g8L3"
0_219384_126_t1_o5is1nh;0.0935;enthusiastic;skincare-first;laser;;;Baggerfahrerin, 33, Rasiermesserscharf kalkuliert. Ich hab jetzt tatsächlich wen für laser gefunden, vor allem weil die Haare auf meiner Schulter/Dekolleté eher braun sind, aber es ist im Gesicht mehr ein Experiment, bei hellroten, blonden und weissen/grauen Haaren geht nur Nadel...
0_221687_190_3876469912038607394;0.0935;neutral;skincare-first;;;;Hyaluron ist nicht gleich Hyaluron - deshalb ist die richtige Wahl so wichtig.Hyaluronsäure ist ein natürlicher Bestandteil unserer Haut.Sie kann extrem viel Wasser binden – bis zum 1000-fachen ihres Eigengewichts.👉 Ergebnis:Die Haut wirkt praller, glatter und frischer.Die Unterschiede: Molekülgröße
0_218673_9_27534951097226243;0.0936;neutral;skincare-first;;;;eliah sieht kaputt aus. tränensäcke länger als die schamlippen von meiner frau. ich mag genrell keine leute , die mit anzug alles wissen, und ausehen wie irgendwer von conjuring. also der typ verschimmel schon länger. sein haut ist farbig, verschiedenfarbig. kompost.
0_221687_26_1464708442355570;0.0936;advisory;skincare-first;;;;Was ist der Unterschied zwischen dem Hyaluron Konzentrat und dem neuen Hydration Booster? 🫧💭Das Hyaluron Konzentrat setzt auf eine klassiche, ausgewogene Formel, während der Hydration Booster darauf aufbaut und mit einem erweiterten Wirkstoffkomplex für intensive Hydration entwickelt wurde. Welche P
0_221687_26_1668407061952048;0.0936;enthusiastic;skincare-first;;;pha;🌙 Während die Welt schläft, beginnt für Ihre Haut die vielleicht wichtigste Schicht des Tages.Die neue PHARMOS NATUR LUNAR SKIN RITUAL Night Cream nutzt die Kraft nachtaktiver Pflanzen und begleitet die Haut genau dann, wenn ihre natürlichen Regenerationsprozesse auf Hochtouren laufen. Wie ein still
0_221687_190_3922815255692025919;0.0936;enthusiastic;skincare-first;;;pha;🌙 Während die Welt schläft, beginnt für Ihre Haut die vielleicht wichtigste Schicht des Tages.Die neue PHARMOS NATUR LUNAR SKIN RITUAL Night Cream nutzt die Kraft nachtaktiver Pflanzen und begleitet die Haut genau dann, wenn ihre natürlichen Regenerationsprozesse auf Hochtouren laufen. Wie ein still
0_218673_9_yt.5dbmNVWFv5E;0.0937;satisfied;skincare-first;;;;BEWERTUNG (2025): Philips Rasierer Serie 5000. WESENTLICHE Einzelheiten Dies ist Ihre schnelle Zusammenfassung von Philips Rasierer Serie 5000.👉 Auf Amazon ansehen: https://www.amazon.de/dp/B0DCFX4WNB/?tag=16w9h-20 (Affiliate-Link)Entdecken Sie den Philips Rasierer Serie 5000, der mit fortschrittlic
0_219384_126_t1_nlj1ao4;0.0937;neutral;skincare-first;laser;;;Warum sind Transfrauen im öffentlichen Bild viel sichtbarer als Transmänner? Ich weiß nicht, wie weit du bist, aber wenn du Haare im Gesicht hast, solltest du statt Laser eher zur Elektrolyse gehen. Die Haarwurzeln sind dann nicht betäubt sondern TOT. Quelle: meine nahöstlichen (Haar)wurzeln. Oh, un
0_219384_8_2046715944806813837;0.0937;enthusiastic;skincare-first;laser;;;Glatte Haut und sexy Beine mit dem Alexandrit Ice Laser A755 | SHR Germany https://t.co/jyV6Js5GUc via @YouTube
0_219424_26_1059605446592268;0.0938;advisory;skincare-first;;;panthenol;Unser Hyaluron Gesichtsfluid enthält eine spezielle Kombination aus hoch- und niedrigmolekularen Hyaluronsäuren, die besonders viel Feuchtigkeit spenden. Fältchen werden dadurch gemildert und ein Anti-Aging-Effekt bewirkt. Die hochmolekulare Hyaluronsäure regelt den Feuchtigkeitshaushalt und speiche
0_218673_8_2019530016434905270;0.0938;disappointed;skincare-first;;;;"💢 Tatsächlich mutieren all die „Helden meiner Jugend"" plötzlich zu Doppelgängern mit absolut identischen Falten, Muttermalen und Narben zu aktuellen „Super-Stars"" in Hollywood, Musik oder in der Politik. So wie hier Action Star „Charles Bronson"" Hollywood Star „Josh Brolin"" wie aus dem Gesicht gesch"
0_218673_8_2031700696647520745;0.0938;enthusiastic;skincare-first;;;;@Bud14te @Neffton1 Wer sind diese Augenringe? Die eineiige Schwester von Antifa-Prien?
0_218673_8_2072729035507941686;0.0938;advisory;skincare-first;;;;Ich habe das hier gerade auf AliExpress gefunden: Neue Technologie 3-in-1 Anti-Aging Schönheitsgerät 15,1 Zoll HD-Touchscreen-Gerät zur Hautstraffunghttps://t.co/X2G2j2lgls
0_221687_140_7652479259235110176;0.0938;satisfied;skincare-first;;;;"DON QUIFF  Haar Serum Wachstum und Pflege - PREMIUM Rosmarin+ Haaröl – Bio-zertifiziert, vegan – für gesunden Haar Wuchs mit Jojoba, Argan, Rosmarin &amp; Minze +VITAMIN E – Kopfhautpflege für Frauen &amp; Männer -50 ml  ##haare##hair##sommerdeals##wirschwimmeninangeboten##dealsfürdich@@don.quiff.of"
0_221687_26_1487502570086226;0.0938;satisfied;skincare-first;;;;Hybrid Make-up: Pflege und Farbe in einem 🤍Der schönste Beauty-Trend gerade? Der, der dir Zeit schenkt. Hybrid-Produkte vereinen Skincare und Make-up in einem Schritt – Pflege, die Farbe gibt, und Farbe, die pflegt. ✨Statt fünf Produkten nur eins: Ein getönter Feuchtigkeitsspender ersetzt die Extra-
0_218673_126_t1_omxp0ec;0.0939;disappointed;skincare-first;;;;No age-shaming - aber was ist mit seinem Hals passiert? Das kommt doch nicht nur vom schlaffe Haut haben, oder? Wer ist das? Bildersuche findet nix für mich
0_218673_9_yt.z5LqkvcdW2U;0.0939;disappointed;skincare-first;;;;alles eine Sache des Blickwinkels!! 👀🤭Doppelkinn, Falten auf der Stirn, unreine Haut, Augenringe, alles eine Sache des Blickwinkels!! 👀🤭Doppelkinn, Falten auf der Stirn, unreine Haut, Augenringe, … aus manchen Blickwinkeln sieht man sie mehr, aus manchen weniger, aus manchen gar nicht.Auf Social Med
0_219424_140_7656902197493501217;0.094;neutral;procedure-curious;price,celebrity;;;Abholung oder Lieferung direkt aus unserem 6.000 m² großen Outlet in Gevelsberg – so groß wie ein Fußballfeld, mit über 500 Sofas sofort verfügbar! Bestellung sofort auf dekadentliving.de (N3776A) Nur 3190,-€ bei Abholung. Statt: 10999,99 € 0% Finanzierung bei PayPal-Zahlung über unsere Homepage.   
0_218685_15_2216557418122687;0.094;disappointed;skincare-first;laser;;;Kick it like Beckham Im öffentlich ausgetragenen Abnabelungskampf im Hause Beckham sorgt ein Tattoo auf dem Rippenbogen der jüdisch-amerikanischen Ehefrau von Brooklyn Beckham gerade für Aufregung. »Mischpoche erscht« (Familie zuerst) trägt Nicola Peltz auf Jiddisch unter der Haut und hat die hebräi
0_218673_126_t1_on8d2rd;0.0941;disappointed;skincare-first;;;;Frage wie lost sind wir Menschen: Doch, kann man schon so sagen. Moderne Hausschafe haben keinen natürlichen Haarwechsel und extrem viel Haut in Falten. Qualgezüchtung in dem Sinne, dass die Tiere ohne menschliche Eingriffe leiden würden. Qualgezüchtet auf Wollproduktion.
0_221687_140_7664238888566705441;0.0941;advisory;skincare-first;;;niacinamide;"Capsule Cream with Hyaluronic Acid | 120H Medicube Salmon DNA PDRN Pink Kollagen-Kapselcreme - Leichte feuchtigkeitsspendende Gesichtscreme - PDRN &amp; Niacinamid für ungleichmäßigen Hautton und Glow-Feuchtigkeit - Koreanische Hautpflege Kojisäure Kurkuma Vita Kapselcreme#GlowUp #skincareroutine #k"
0_219424_190_3942022418203900072;0.0942;enthusiastic;skincare-first;peel;;;"Exosomen – der Beauty-Trend der Stars ✨Exosomen + RF Microneedling – der Beauty-Trend der Stars Kim Kardashian, Jennifer Aniston &amp; Gwyneth Paltrow setzen auf Exosomen für eine strahlende, jugendliche Haut.ASCE+ Exosomen✨ Fördern die natürliche Hautregeneration✨ Unterstützen die Kollagenbildung✨ "
0_218673_9_22992917109137881;0.0942;disappointed;procedure-curious;;;;Der Wagen ist noch hässlicher als der Vor-MOPF, der eine noch halbwegs ansehnliche Front hatte. Das Heck ist und bleibt grausam (Tränensäcke).
0_221687_190_3867736940800163785;0.0942;advisory;skincare-first;;;;Hyaluron Vliesmaske🌿 oder Creme Maske?In diesem Bereich gibt es  drei verschiedene Arten: die Vliesmaske, die Bio Cellulosemaske und die Hydrogelmaske👽Die Vliesmaske hat eine etwas rauere Oberfläche, sie kann Pflegestoffe in begrenzten Mengen speichern und passt sich den Gesichts- oder Körperkonture
0_219424_9_yt.Dq9cTzY2GYI;0.0943;enthusiastic;procedure-open;facelift;;;MITSUBISHI Outlander Facelift (2017–2022): Wo ist der SD‑Karten‑Steckplatz für die Navigationskarte? In diesem Video zeige ich dir Schritt für Schritt, wo sich der SD‑Karten‑Steckplatz (Map‑SD) beim MITSUBISHI Outlander Facelift (2017–2022) befindet. Du erfährst, wie du das Display prüfst, die Taste
0_221687_8_1981759753001779489;0.0943;enthusiastic;skincare-first;;;;"Ich weiß echt nicht warum man immer betont ""für mich als Frau"" - ganz ehrlich ich finde Falten und graue Haare total unsexy bei Frauen UND Männern. Da spielt das Geschlecht für mich keine Rolle. Wenn nur die Selfies das Problem sind, dann ist es ja easy, dafür es genügend Filter.Wenn man den Mist ab"
0_221687_190_3765560807842188920;0.0943;advisory;skincare-first;;;coq10;"🌿Was kann eigentlich Coenzym Q10?Q10 ist ein körpereigener Stoff, der in deinen Mitochondrien – den „Kraftwerken der Zellen"" – eine zentrale Rolle spielt.🧬 Dort hilft es, aus Nährstoffen Energie zu gewinnen. Gleichzeitig schützt es deine Zellen vor oxidativem Stress ein Prozess, der auch mit frühzei"
0_219424_126_t1_one91du;0.0944;advisory;procedure-open;botox;;;Should I get Botox for forehead wrinkles? Ich nutze Botox schon seit über 10 Jahren für meine Zornesfalte die Stirn und Krähenfüße. Und es funktioniert super. Je früher man anfängt mit Botox desto besser wirkt es. Dann entstehen die Falten gar nicht. Ich kann es nur wärmstens empfehlen.
0_221687_26_1551597523328685;0.0944;enthusiastic;procedure-open;botox,price,threads;thread-lift;;Exosomen: Die Zukunft der regenerativen Ästhetik?Hast du schon von Exosomen gehört? Sie sind das neue Buzzword in der ästhetischen Medizin! Beim letzten IMCAS-Kongress in Paris war ihr Potenzial eines der Top-Themen. Doch was genau sind Exosomen, und warum sorgen sie gerade für so viel Aufsehen?🔬 W
0_219424_9_16479005325208591;0.0945;advisory;skincare-first;botox;;;Auf den anderen Bildern und Aufnahme hat er aber braune Augen. Prüfe das mal. Botox ändert nicht die Augenfarbe, aber Kontaktlinsen tun es schon.
0_218673_23_41607513364240790;0.0945;advisory;skincare-first;;;;Mein Frische-Boost [Diese Bewertung wurde im Rahmen einer Werbeaktion gesammelt.] Das neue Cellular Epigenetics Serum von NIVEA setzt auf den innovativen Wirkstoff EPICELLINE® und drei Arten von Hyaluronsäure, um die Hautzellen zu aktivieren und intensiv mit Feuchtigkeit zu versorgen. Ergänzt wird d
0_219384_9_yt.EKv6_e1EvfM;0.0945;satisfied;procedure-curious;laser,price;laser;;Betonrohr balancieren: Wie Bauarbeiter mit Muskelkraft und Präzision Fundamente setzen Feuergeschmiedete Haltbarkeit – oder doch nur Beton und Mut?Vor Jahrhunderten entdeckten Handwerker, dass Stabilität nicht aus Luxus, sondern aus Disziplin entsteht. Heute, im Zeitalter von Maschinen und Algorithm
0_219424_15_61964841250534882;0.0946;advisory;skincare-first;;;;Anti-Aging aus der Beauty-Schublade: Diese Nagellackfarbe lässt deine Hände sofort jünger wirken Von Hellgelb, über Himmelblau bis hin zu Schwarz: Nagellackfarben gibt es unglaublich viele. Zu welchen du greifst, ist dir überlassen. Einige können aber dafür sorgen, dass deine Hände jünger wirken. Vo
0_219424_8_2079142536120090795;0.0947;satisfied;skincare-first;;;;Das ausgewogene Frühstück, der dritte Aufguss Gyokuro, die Hyaluron-Tuchmaske
0_221687_126_t1_of6n1ma;0.0947;advisory;skincare-first;spf;;;Welche Tagescreme für minimale Routine? klingt eigentlich nach klassisch dehydrierter haut. hydratisierendes serum + sonnenpflege die als feuchtigkeitspflege doublet eine option? zb isntree hyaluronic acid watery sun gel, extrem viel feuchtigkeit bei null grease (funktioniert für mich mit dehydriert
0_221687_9_18233562920247106;0.0947;neutral;skincare-first;price,spf;;aha;Wie ihr wollt! 😅Das KNF verfahren (Korean natural farming)KNF gehört zwar zu Living Soil bubble verfolgt aber komplett andere ansätze.Wärend man sich zum großteil mit dem Medium beschäfigt, beschäftigt man sich bei KNF mit Mikroorganismen und Fermente (Milchsäure Bakterien/Hefen)Kurz gesagt man besc
0_219424_190_3936780816701239352;0.0948;satisfied;skincare-first;spf;;;Pigmentflecken entstehen nicht nur durch Sonne.Manchmal sind sie die sichtbare Spur einer Entzündung, eine Reaktion auf oxidativen Stress oder das Ergebnis von Veränderungen, die sich mit der Zeit entwickeln.HydroPeptide LumaPro-C setzt dort an, wo diese Veränderungen sichtbar werden: bei Pigmentfle
0_218673_126_t1_oxbursu;0.0948;enthusiastic;procedure-curious;;;;Wie wichtig ist euch Aussehen bei einer Frau? Sehr sehr wichtig. Ich würde niemals mit einer Frau zusammen sein, die ich nicht absolut heiss finde.Aber ich finde neben den konventionellen Schönheiten auch anderen Frauen genauso schön.Hier eine Auflistung an Merkmalen, die  Frauen hatten , die für mi
0_221687_26_1512192984240497;0.0948;advisory;skincare-first;price;;;"Frische Feuchtigkeit zum Frühlingsstart 🌸Unser Hyaluron &amp; Hydro Serum erhalten Sie jetzt statt € 54,50 € um nur € 39,-!Online und in unseren Studios. ➡ https://vitalbrunnen.shop/collections/serum/products/skinaturelle-hyaluron-hydro-serum"
0_219424_9_7761284098822084;0.0949;disappointed;procedure-curious;botox;;;"Wer alle Filme, dazu die alten US Serien als Fire Marschall Bill usw. und alte Auftritte vor seinem Durchbruch kennt, der kennt sämtliche Gesichtszüge von Jim Carrey.Und die stimmen mal überhaupt nicht mit dieser Person überein.Jim hat außerdem Schlupflider, Grübchen und Falten, die bei diesem ""Jim"""
0_219424_26_1662710455864344;0.0949;enthusiastic;procedure-curious;;;;https://www.facebook.com/share/r/196AtbMRZx/?mibextid=wwXIfr❓Bei der Hitze ins Solarium ❓❗️Na klar - gute Gründe❗️👉 Nahtlose 🤎 Bräune 👉 Kein 🔥 Sonnenbrand 👉 Zeit ⏰ sparend👉 kurz ❄️ klimatisiert statt stundenlanger🥵Hitze 👉 erfrischender 💦 Sprühnebel👉 Perfect 👩🏽‍🦰Glow ➕Antiaging
0_219424_140_7665004191240310048;0.0949;neutral;procedure-curious;price;;;Abholung oder Lieferung direkt aus unserem 6.000 m² großen Outlet in Gevelsberg – so groß wie ein Fußballfeld, mit über 500 Sofas sofort verfügbar! Bestellung direkt auf dekadentliving.de (N3836) möglich. Ware ist im Zulauf und kann ab dem 23.07.2026 besichtigt werden. Nur 2390,-€ bei Abholung. Stat
0_219424_9_yt.rtHRTRUPClU;0.095;enthusiastic;procedure-curious;;;;15 goldene Regeln für ein langes Leben: Teil 2 | Geheimnisse der Langlebigkeit 📜 Willkommen zu Teil 2 der wichtigsten Grundregeln für deine Gesundheit und Langlebigkeit! 🌟 In diesem Video erfährst du, wie einfache Gewohnheiten wie tiefes Atmen, Dankbarkeit und die richtige Ernährung deinen Körper vo
0_219424_126_t1_otyiezp;0.095;disappointed;skincare-first;;;;Schönheitsop's sind unfehlbar gut und gehören moralisiert. Ist das gleiche mit langen künstlichen Fingernägeln. Männer haben mehr als deutlich gemacht, dass es ihnen nicht gefällt trotzdem tragen viele Frauen welche. Warum wohl weil es den Frauen vielleicht selber gefällt und ihnen die Meinung von m
0_219424_8_2079532676797595694;0.0951;enthusiastic;skincare-first;;;;Vinicius Junior hat sich einer Schönheitsoperation unterzogen, berichten brasilianische Medien. Auf neuesten Bildern ist der Brasilien-Star kaum wiederzuerkennen.  https://t.co/P0wTFESaue
0_218673_8_2038730962440159584;0.0951;satisfied;skincare-first;;;;"@BMG_Bund @ninawarken Die hat ja dieselben ""seriösen"" dunklen Augenringe wie der Herr Wieler. Gibts da wohl noch mehr Gemeinsamkeiten? 🤔"
0_218673_9_45245556907102715;0.0952;advisory;skincare-first;;;;Aus ungesättigten Fettsäuren kann sich übrigens durch Oxidation *Lipofuszin* bilden, das ist z.B. das Pigment in Altersflecken. Setzt sich aber nicht nur sichtbar äusserlich auf der Haut ab, sondern auch in inneren Organen, Gehirn oder Augen wo es zu Makuladedegeneration führen kann. Hört man natürl
0_219384_15_57647160820233645;0.0952;advisory;procedure-open;laser;;;Hinter den Kulissen: Wo der Akku des Nissan Leaf entsteht Bei meiner Besichtigung im Nissan-Werk Sunderland, wo seit Anfang der Woche der neue Nissan Leaf vom Band rollt, kam unmittelbar eine der wohl wichtigsten Fragen auf: Woher stammen denn eigentlich die Akkus für die dritte Generation der japan
0_218673_126_t1_nwdpesz;0.0953;enthusiastic;procedure-curious;;;;"A Futile and Stupid Gesture German title:""Der Herr der Augenringe"""
0_218673_126_t1_oj4nas9;0.0953;neutral;skincare-first;spf;;;"Wie habt ihr euch an die Glatze bzw. das Altern gewöhnt? Falten mit 28 sind eigentlich nicht normal. „Falten"" in den 20ern sind meistens Dehydrationsfalten, du musst denen einfach etwas Feuchtigkeitspflege spendieren sowie Sonnencreme im Gesicht tragen jedes mal wenn du draußen bist, egal bei welche"
0_221687_140_7584404627177737504;0.0953;satisfied;skincare-first;;;;"Kollagen Pulver 300 g - Typ | &amp; III - optimale Bioverfügbarkeit und Löslichkeit - Weidehaltung - Collagen Pulver Hydrolysat Peptide - Produziert &amp; laborgeprüft in Deutschland#fyp #viral #collagendrinknoera #agedefying #drink  Collagen powder 300 g - type | &amp; III - optimal Bioavailability"
0_219424_9_40956184285330419;0.0954;satisfied;skincare-first;;;;Wann hat sie eine Schönheitsop gemacht?
0_219424_190_3950310905726964515;0.0954;satisfied;skincare-first;spf;;spf;Claro! Aqui está a tradução para um alemão natural e profissional, ideal para a legenda do seu Reels:⸻☀️ Wie verursacht Sonnenlicht Pigmentflecken?UVA- und UVB-Strahlen stimulieren die Melanozyten und erhöhen die Melaninproduktion. Wird zu viel Melanin gebildet, lagert es sich nach und nach in der H
0_218685_8_2063955193444651457;0.0954;advisory;skincare-first;;;;Noch ein biologischer Fakt, der uns immer wieder fasziniert: Hyaluronsäure ist nicht nur in der Haut aktiv — sie kommt auch in der Gelenkflüssigkeit vor und spielt dort eine wichtige Rolle als natürliche Puffersubstanz.
0_219424_9_yt.D3HB6WK2OMg;0.0955;neutral;procedure-open;;;;Die Ältesten von Nicoya essen DIES am Morgen für 10 Jahre jüngere DNA #Nicoya #Langlebigkeit #JüngereDNAEntdecken Sie, was die ältesten Bewohner von Nicoya jeden Morgen essen, um ihre unglaubliche Gesundheit zu erhalten. Diese einfache Morgenroutine wird mit einer bis zu 10 Jahre jüngeren DNA in Ver
0_218673_126_t1_nxsl1dp;0.0955;enthusiastic;procedure-curious;;;;Ich bin wohl hässlich. 95kg - 178cm - Glatze - Wampe - Augenringe des Todes und komisches Seitenprofil. Was muss ich tun um lächerlich sexy auszusehen, dass ich modeln könnte? Wo fange ich an? Helft mir bei der Projektplanungsphase. Man muss es halt einfach anders herum sehen. Klar gibt es Männer, d
0_218673_8_2020190452444549352;0.0955;enthusiastic;skincare-first;;;;@MedienfuzziShow Die gigantischen Tränensäcke.
0_219424_126_t1_oiws1wi;0.0956;satisfied;procedure-curious;laser;;;Erfahrung mit Haarentfernung per Laser? Hey 😊Ich kann dich sehr gut verstehen. Gerade in der Bikinizone können Rasieren, Stoppeln, Rötungen und eingewachsene Haare extrem nervig sein. Helle Haut und sehr dunkle Haare sind für Laser Haarentfernung tatsächlich eine sehr gute Ausgangslage, weil dunkle 
0_219424_126_t1_ouodp6m;0.0956;disappointed;skincare-first;;;;"Warum haben besonders ältere Männer Holznägel? Ich denke, es liegt 1., an der unterschiedlichen Beschaffenheit der Haut (Männerhaut ist dicker, sie verhornt leichter - sehr wahrscheinlich, dass das auch die Nägel betrifft und die demnach mehr dazu neigen, zu ""verholzen"") und 2., daran, dass Frauen w"
0_218673_126_t1_ntngzy4;0.0956;advisory;skincare-first;;;;Wie bekomme ich meine Augenringe weg? Nein was ist das?
0_218673_126_t1_omxv87l;0.0956;advisory;skincare-first;;;;No age-shaming - aber was ist mit seinem Hals passiert? Das kommt doch nicht nur vom schlaffe Haut haben, oder? Das kommt vom Headbangen. Der Nacken ist einfach gut trainiert und je nach Veranlagung haben sie einfach einen Nacken wie ein Stier. Corey Taylor von Slipknot hat auch so eine übel ausgepr
0_221687_190_3838912594324799705;0.0956;satisfied;skincare-first;;;;💧 HYALURONIC FILLER – Aufpolsternde Feuchtigkeit in Profi-Qualität Die HYALURONIC FILLER Linie von G.M. COLLIN wurde entwickelt, um Trockenheitsfältchen und Volumenverlust sichtbar auszugleichen – mit vier hochentwickelten Formen von Hyaluronsäure und der präzisen Cosmetic-Drone™-Technologie. Serum,
0_219424_126_t1_ohtwbqm;0.0957;satisfied;skincare-first;price;;panthenol;Trocken Haare - Pflefetipps Also ich finde nicht, dass du aussiehst, wie eine Vogelscheuche. Du hast definitiv Struktur in den Haaren, vielleicht sogar Wellige oder Lockige Haare. Klar sind die durch die Färbung geschädigt. Einflüsse wie Coloration, Hitze oder mechanische Einflüsse wie robustes Kämm
0_219424_9_yt.EV2DT9fWK-U;0.0957;disappointed;skincare-first;botox,celebrity;;;10 deutsche Sänger, deren Aussehen durch Schönheitsoperationen ruiniert wurde In diesem Video werfen wir einen kritischen Blick auf 10 deutsche Stars, deren Aussehen sich durch Schönheitsoperationen, Botox, Filler und extreme Eingriffe drastisch verändert hat. Von Harald Glööckler über Gina-Lisa Loh
0_219424_140_7665808559573077280;0.096;satisfied;skincare-first;;;;I L'Oréal Paris Glow Trend Duo bestehend aus Revitalift Filler Gel-Creme und Lumi Glotion #loreal #revitalift #glotion glotion
0_218673_8_2045918024671125927;0.096;satisfied;skincare-first;;;;Er hat bereits die Augenringe eines 30 Jahre alten Mannes https://t.co/2HQFVH0H9k
0_218685_126_t1_ok2wz48;0.096;satisfied;skincare-first;peel;;;Flecken auf der Stirn Das sind Inhaltsstoffe, oft in Waschgel oder Serum, so gesehen chemisches Peeling für die Haut
0_221687_140_7581821218026835222;0.096;advisory;skincare-first;retinol;;retinol;"✨ Dein Glow wartet nicht. Du schon? Das LED Anti-Aging Glow Set kombiniert High-Tech + K-Beauty für sichtbare Hauterneuerung 🔥 🌈 Nanoleaf LED Maske – tiefenwirksame Lichttherapie für glattere, strahlendere Haut 🧖‍♀️ Dr. Althea Cleansing Balm – schmilzt Make-up &amp; Unreinheiten weg für eine porenti"
0_219424_9_12669015771599336;0.0961;satisfied;skincare-first;natural;;;Er sollte einfach Bart tragen und natürlich altern. Männer brauchen doch (ungerechterweise) wirklich keine babyglatte Haut. Sie werden nicht alt, sondern immer mehr zum Mann (die Optik zumindest 😂).
0_219424_26_1472790471556853;0.0961;advisory;skincare-first;;;;INTENSIVE HYDRATION WITH HYALURON. 💧Feuchtigkeitsarme Haut braucht vor allem eines: Feuchtigkeit, die nicht nur zugeführt, sondern auch gespeichert werden kann.Die bdr® Hyaluron ULTRA Ampulle kombiniert hoch- und niedermolekulares Hyaluron mit weiteren Feuchtigkeitsfaktoren. Während hochmolekulares 
0_221687_140_7585496482510294294;0.0961;advisory;skincare-first;;;;"NaturElan Kollagen Kapseln - 2000mg Kollagenhydrolysat Peptide Typ I &amp; III mit Hyaluronsäure 400mg, CoQ10 &amp; Vitamin C, 90/180 Kapseln, Ohne Zusätze, Hyaluronsäure Collagen Komplex Hochdosiert #fyp #kollagen #NaturElan #collagen #supplements"
0_219424_190_3936827646641983684;0.0962;neutral;procedure-curious;retinol,price;;;Inmitten des Schwarzwalds, zwischen Kräutern und Pflanzen, steht unser Naturlabor. Hier entfesseln wir die tiefen Kräfte der Natur und entwickeln preisgekrönte Wirkstoffkomplexe. Was 1959 mit Gründerin Annemarie Lindner begann, treibt uns bis heute an: Naturwissen und Forschung zu verbinden. 🌲🔬Zurüc
0_218673_126_t1_nu6b9p7;0.0962;disappointed;skincare-first;;;;Ich hasse es wenn Leute wegen Kleinigkeiten denken das Frauen es ja sooooo einfach haben Tbf wenn es nur ums aussehen geht haben Frauen es leicht. Selbst sachen wie augenringe, etwas bauchfett oder sogar eine Flat chest finden Leute attraktiv.
0_218673_126_t1_o7i4er7;0.0962;disappointed;procedure-curious;;;;"Welcher Film war einfach nur langweilig? Louis Malle, „Mein Essen mit André"" … mehrmals  eingeschlafen und beim Aufwachen jedesmal derselbe Text über irgendeine Lichtung  und eine Theatertruppe. Dieser Film ist der Herr der Augenringe."
0_218673_9_9332657225663785;0.0962;advisory;skincare-first;;;;was trägt die da im Gesicht? Sind das die Augenringe vom WOW zocken?
0_219424_9_yt.o1VqXqAyg5M;0.0963;disappointed;skincare-first;botox,facelift,celebrity,pressure;;;10 schöne deutsche Schauspielerinnen, die von Schönheitsoperationen besessen sind 10 berühmte deutsche Schauspielerinnen und ihre schockierenden Veränderungen durch Schönheitsoperationen – dieses Video enthüllt die dunkle Seite des Ruhms und den enormen Druck der Filmindustrie. Von Désirée Nick bis 
0_219424_9_yt.RRat-zBrUGM;0.0963;enthusiastic;procedure-curious;;;;Hyaluron, Traummann & Kroko Boss: Was ist hier los?! #shorts Was macht einen Traummann aus? Hyaluron im Knie, Bizeps-Flexen oder doch der Fels in der Brandung? Eine Diskussion über Schönheitsideale und Erwartungen bei Ballon Dates. #BallonDate #Traummann #BeziehungsTalk #CommunityLove
0_219424_140_7663768084393643296;0.0963;advisory;skincare-first;;;;Haarausfall, dünner werdendes Haar, Geheimratsecken adé. Anti Aging Biotech Beauty. Patentierte Wirkstoffkosmetik.  Sehr ergiebig, da Konzentrate.
0_218673_9_41420785107555311;0.0963;satisfied;skincare-first;;;;Das Teemo-Icon mit Autophils Stimme und das Hwei-Icon mit der vom Krokoboss passen auf eine verquere Art irgendwie zusammen, jeweils. Was mir insbesondere im zweiten Fall recht spaßig fürkommt... vielleicht sind es keine Lidschatten, sondern massive Augenringe... ?
0_218673_8_2021017211050054108;0.0963;enthusiastic;skincare-first;;;;Dinge, die ich mit einem Waschbär gemeinsam habe:- dunkle Augenringe - nachtaktiv - süß- bisschen fett https://t.co/f6q9jQG9We
0_218673_126_t1_o8n50lf;0.0963;advisory;skincare-first;;;;Wie werde ich meine Augenringe los? Habe das tatsächlich auch und das seit meiner Kindheit (jetzt 20). Ich denke, es ist Genetik, da meine gesamte Familie es auch hat. Man kann zwar mit Löffeln ausm Kühlfach, Concealer usw. nachhelfen, aber ich denke, ganz weggehen tun die nie.Mein Opa schwörte sein
0_219424_9_yt.qYqan0BFXFw;0.0964;enthusiastic;skincare-first;;;;Wie sehr kann man seinen Körper mit Füßen treten?  #schönheitsop #magenballon #beautyop Wie sehr kann man seinen Körper mit Füßen treten?#schönheitsop #magenballon #beautyop
0_219424_126_t1_ozl39tk;0.0964;disappointed;skincare-first;botox;;;Tom wirkt wie Bills toxischer Boyfriend, oder? Habe mich gefragt, ob das wirklich aufgedunsen oder einfach nur viel zu viel Filler/Botox ist. Da bewegt sich ja nicht mehr viel im Gesicht.
0_218673_9_7831869664123420;0.0965;satisfied;procedure-open;spf;;;Der Fritze Merz ist Pilot und hat ein Flugzeug... 2 Stunden nach einem Angriff auf Germany baumelt seine Wampe auf irgendwelchen Inseln... Und nebenan schmiert sich Strack Zimmermann mit Sonnencreme die Falten aus der Haut.... Satire aus...
0_218685_15_71333489624689739;0.0965;neutral;skincare-first;price,peel;;;JOOP! Le Bain Shower Gel für Damen 150ml für 4,97€ Bei Amazon gibt es das JOOP! Le Bain Shower Gel für Damen 150ml für 4,97€. (Vergleichspreis: ~11€) Ersparnis: ~6€ Beschreibung: Blumig-fruchtiger Damenduft für ein luxuriöses Duscherlebnis Reinigt sanft, pflegt und beruhigt die Haut Enthält Crystal-
0_218685_126_t1_oui98g1;0.0965;advisory;skincare-first;;;;Wo bestellt ihr K-Beauty Masken ohne Zoll Stress? Ich habe schon ein paar Mal bei Little Wonderland bestellt. Ich kann mich aber dem kritischen Kommentar zu Kollagen in Beauty-Produkten anschließen. Es ist ein Protein und Proteine sind keine kleinen Moleküle, die einfach so durch die Haut gelangen k
0_219424_9_26130454556804999;0.0966;disappointed;procedure-open;botox;;;also ich halte das für Unsinn !!Er hat sich optisch etwas verändert, in dem er gealtert ist, und vermutlich Botox, Hyaluron etc verwendet....aber kommt schon, Clon,Roboter etc!??!Wäre sicher nicht der erste US Star, welcher zB psychisch erkrankt, Drogen oder Alkoholabhängig wird.
0_219424_9_yt.4I89Ge7TOio;0.0966;disappointed;procedure-curious;botox;;;"Warum Frauen obsessed mit dieser Beziehung sind #HeatedRivalry #gaylove #gayromance #boyslove #queerfiction Alle reden über „Heated Rivalry"" - eine Serie, die für ihre Sexszenen zwischen zwei Männern gefeiert wird. Auf TikTok gibts Edits, dazu kommen Watchpartys, Lookalike-Contests und sogar Clubabe"
0_218673_126_t1_o8n4zx2;0.0966;enthusiastic;skincare-first;;;;"Wie werde ich meine Augenringe los? Color corrector unter dem Concealer. Ich nehme orange. Es kommt aber auf die Farbe der Augenschatten an, welcher corrector hilft. Chatgpt hilft. Ich weiß das nicht auswendig. ;)"
0_218673_8_2052328626893316602;0.0966;enthusiastic;procedure-curious;;;;@Markus_Krall Und die Tränensäcke sind auch klimabedingt? 😜
0_218685_126_t1_o66uf5a;0.0966;neutral;skincare-first;price;;aha;Gleitgel mit Glycol und saurem PH-Wert? Bodylube Aquafun (gelbes Label) gibts den Liter ab 12€, enthält auch Milchsäure und hat sonst gute Inhaltsstoffe, kein Gedöns. Preiswert und tut was es soll.Solltest du einen saureren PH Wert brauchen als handelsübliche Gleitmittel dir bieten kannst du das sel
0_219424_126_t1_nzp5l45;0.0967;advisory;procedure-open;botox;;;Das Video ist einfach what about Das ist Sarah Maria Sander, Schauspielerin und Aktivistin, sieht immer so roboterhaft aus. Ich vermute es liegt an zu viel Botox.
0_219424_190_3932606766383036411;0.0967;advisory;skincare-first;;;;Asiatische Schönheitsgeheimnisse: Die Magie der Gesichtsmassage ✨Schon mal darüber nachgedacht, warum Gesichtsmassagen in vielen asiatischen Ländern seit Generationen zur Schönheitsroutine gehören? Es ist kein Zufall! Dort weiß man seit Langem, dass regelmäßige Gesichtsmassagen die Hautpflege perfek
0_218685_126_t1_oma9wno;0.0967;enthusiastic;skincare-first;peel;;;Hydrating shower gels/oils/whatever for body Das Italy towel ist ein Peeling-Washlappen aus Viskose. Ich benutze ihn immer unter der Dusche oder im Dampfbad, sobald meine Haut schon weich ist (braucht ca. 15 Minuten). Ich fange mit dem Schrubben an und nach ein paar Minuten bilden sich diese kleine 
0_219424_190_3941617998512676367;0.0968;advisory;procedure-curious;laser;laser;;"Multifrax Dual-Laser – Hauterneuerung auf höchstem Niveau Strahlende, glatte und ebenmäßige Haut – ganz ohne Operation.Mit unserem modernen Multifrax Dual-Laser (1550 nm &amp; 1927 nm) können wir verschiedene Hautprobleme gezielt und effektiv behandeln:✔️ Feine Falten und Hautalterung✔️ Aknenarben u"
0_219424_26_1603107607853357;0.0968;disappointed;procedure-open;botox,price;;;"Nicht den Traum verkaufen. Die Kultur verkaufen. 🎯Als Svenja zuletzt hier war, hab ich ihr einen Termin bei Engel &amp; Völkers in Dubai organisiert. 300 bis 400 Vertriebsmitarbeiter allein dort. Ich kenne den weltweit besten im Sales, Mohammed, gut genug, um kurz zu fragen: kannst du da was einfäde"
0_218673_126_t1_nxzg4tj;0.0968;disappointed;skincare-first;;;;"Warum sehen Frauen ohne Makeup oft „krank"" aus? (Bitte nicht angegriffen fühlen!) Sonne schadet der Haut natürlich schon wenn man es übertreibt und sie nicht schützt aber braune Haut lässt einen schon frischer und jünger wirken. Ich trage z.B. so gut wie nie Makeup wenn das Thema auf kommt sind Leut"
0_218673_126_t1_omxplgs;0.0968;disappointed;skincare-first;;;;No age-shaming - aber was ist mit seinem Hals passiert? Das kommt doch nicht nur vom schlaffe Haut haben, oder? Wer ist das?
0_219424_126_t1_ob3ng7h;0.0969;neutral;procedure-curious;botox;;;"tja BTX?&gt;„BTX"" steht primär für Bildschirmtext, einen interaktiven Online-Dienst der Deutschen Bundespost (ab 1983/84), der als Vorläufer des Internets gilt und bis 2001/2007 genutzt wurde. Heute ist BTX bekannter als Abkürzung für das Nervengift Botulinumtoxin (Botox), das in der Medizin und Äst"
0_221687_126_t3_1sov6a7;0.0969;advisory;skincare-first;;;niacinamide;CC oder BB Cream für ölige Haut Hey,ich suche eine CC oder BB cream, weil mir herkömmliches Make-up einfach zu schwer ist, obwohl ich dessen Deckkraft wohl gut gebrauchen könnte.Ich habe einige rote Pickelmale und große Poren, die ich gerne überdecken möchte. Ich dachte an die CC Cream von it cosmet
0_218673_9_10359925956161746;0.0971;disappointed;skincare-first;;;;@POKIWOKI3. Das stimmt zwar aber Fahle Haut wird immer beschrieben als wirkt blas, grau glanzlos, und seien wir mal ehrlich an einen schwarzen denkt da keiner, gegen den Schauspieler persönlich habe ich nichts ich wollte nur zum Ausdruck bringen das es ein Stör Faktor ist .
0_218673_9_48388381684525781;0.0971;enthusiastic;procedure-curious;;;;​@TR-Youtube-ChannelWenn du Glück hast und deine behaarten Ärmchen weit genug hochreißt, kannst du bei der nächsten Erdogan Rede ein paar Teebeutel fangen und sie dir auf die geschwollenen Tränensäcke packen, wie ein waschechter Özil Fan.
0_221687_190_3891155373889771768;0.0971;enthusiastic;skincare-first;;;;Frische Haut beginnt mit Feuchtigkeit. 💧✨DS V-LINE HYA-THREAD steht für intensive Hydration, ein glatter wirkendes Hautbild und einen natürlichen, jugendlichen Glow.Hyaluronsäure unterstützt die Haut dabei, Feuchtigkeit zu speichern und die Haut frischer, praller und strahlender erscheinen zu lassen
0_221687_190_3815054993414510728;0.0972;satisfied;skincare-first;retinol;;retinol;Was ist ein Retinal Serum?Ein Firming Retinal Serum ist ein Hautpflege-Serum mit Retinal (eine aktive Form von Vitamin A), das gezielt die Zellerneuerung und Reparaturprozesse der Haut stimuliert, um feine Linien zu glätten, die Hautstruktur zu verbessern und das Hautbild straffer erscheinen zu lass
0_219424_126_t1_oq5mqxc;0.0973;advisory;skincare-first;botox;;;"Gibt's für euch eine Grenze ab der eine Frau zu ""fake"" ist? Kommt auf das Gesamtbild an. Also keine bestimmte Grenze. Aber bestimmte äußere Merkmale die man öfters gesehen hat und mit einem Typ Frau verbindet. Mit langen Fingernägeln, Tattoos, bunten Haaren, Botox und riesen Luftballon Brüsten verbi"
0_218673_9_25788991853078712;0.0973;advisory;skincare-first;;;;Hallo liebe Claudia hast recht was Du sagst mit den Falten. Mit diesen Robotern geklonten habe ich die Tage ein interessantes Video gesehen was da kommt einfach nur Schlimm. Mit dem Nachhelfen der Schönheit finde ich  persönlich  ganz schrecklich soviele junge Frauen die alles mögliche an sich mache
0_218673_8_2013675112252269005;0.0973;enthusiastic;skincare-first;;;;@diehollylolly * Echte Augenbrauen* Echte Fingernägel* Lippen, die nicht wie ein Schlauchboot aussehen* Ein Gesicht, das beim Lachen Falten schlägt * Möglichst wenige Tattoos* Eine Frauenfrisur mit (halb)langem Haar
0_218673_8_2019866821613310171;0.0973;advisory;skincare-first;botox;;;#Sonja muss wohl spätestens nächstes Jahr zu #ibes einen Rollkragen oder Schal tragen,denn der Unterschied von ihrem #Botox-Gesicht und ihrem unbehandelten,natürlichem,Falten-Hals ist schon sehr krass!!#ibes206 #dschungelcamp
0_218673_8_2036487928361206186;0.0973;advisory;skincare-first;;;;@jh_231 @ChriGartner @filmikone Bro wir habens verstanden du stehst auf schwarze is ja auch jut aber nur weil der paar mehr Falten im Gesicht hat sieht der trotzdem mehr aus wie Snape als es ein schwarzer je könnte
0_218685_126_t1_oyiah2e;0.0973;neutral;skincare-first;peel;;;Workout-Akne: was tun? Habe ich echt noch nie von gehört aber versuch's halt mal mit Peeling und Lufferschwamm, sowie Baumwollshirts und keine Synthetischen Stoffe auf der Haut.
0_221687_140_7546560004355132694;0.0973;satisfied;skincare-first;retinol;;pha;Anti-Aging Mildert Fältchen Vegane Retinol-Alternative 2-PHASEN ELASTIN-SHAKE bei elastizitätsarmer Haut😍
0_221687_190_3757845860470774021;0.0973;satisfied;skincare-first;celebrity,spf;;niacinamide;Behind the Scenes Ein goldener Moment in unserer Manufaktur – hier entsteht der Glow, den Du fühlen kannst.Unser Hyaluron Golden Glow Elixier – luxuriöse Anti-Aging-Pflege ab 35+ – vereint kraftvolle Naturwirkstoffe mit High-Tech-Wirkung.🌸 3-fach veganes Hyaluron für intensive Feuchtigkeit🌸 Bakuchio
0_219424_190_3940895951728159443;0.0975;disappointed;procedure-curious;;;;Viele glauben, dass unsere Haut einfach mit dem Alter altert.⠀Tatsächlich werden jedoch bis zu 80 % der sichtbaren Hautalterung mit lichtbedingter Hautalterung (Photoaging) in Verbindung gebracht.⠀☀️ Was passiert mit unserer Haut?⠀UV-Strahlen dringen tief in die Haut ein und bauen nach und nach Koll
0_218685_126_t1_oltkdmp;0.0975;satisfied;skincare-first;;;glycerin;welche lippenmaske bei extrem trockenen lippen? Du kannst ein Feuchtigkeisserum für die Haut verwenden, egal welches, ob mit Hyaluronsäure oder Glycerin und das mit Vaseline oder Aquaphor einschließen. Funktioniert super!
0_219424_9_yt.G1Y-eIRi0Hk;0.0976;advisory;procedure-open;facelift;;;Heckscheibenwischer am MITSUBISHI Outlander Facelift (2017-2022) ein- & ausschalten Dieses kurze Video zeigt Schritt für Schritt, wie Sie den Heckscheibenwischer beim MITSUBISHI Outlander Facelifting (2017-2022) schnell aktivieren und wieder ausschalten. Sie sehen genau, wo sich der Wischerhebel hin
0_221687_26_1353181786816879;0.0976;satisfied;skincare-first;peel;;;"✨ Das sind unsere Hyalu-Pearls – ein einzigartiges Hyaluron-Serum in wasserfreier Form.💧 Die weißen Perlen = hochkonzentriertes Hyaluron (bis zu 10 %!) – sie lösen sich sanft auf der Haut oder in der Hand auf (wenn man sie mit etwas Wasser vermischt).🌿 Kombiniert mit wertvollen Ölen wie Argan &amp; "
0_219424_126_t1_ook3oz0;0.0977;advisory;skincare-first;botox;;;"Wer mag es wenn Frauen unnatürlich/operiert aussehen? Bin kein Mann, aber aus Sicht einer Frau, warum die eine oder andere das macht:Ihr vergleicht immer ""natürlich hübsch"" mit ""offensichtlich gemacht"". Die Realität ist aber, dass diese Frauen eben häufig nicht ""natürlich hübsch"" sind oder sich zumi"
0_221687_190_3867255442074531885;0.0977;advisory;skincare-first;;;;Skin Boost statt Overfill 💧 Deine Haut, nur besser ✨ Profhilo für natürlichen Glow - Hydration von innen 💧 Was genau ist Profhilo?Profhilo besteht aus hochreiner Hyaluronsäure, die unter die Haut injiziert wird.Im Gegensatz zu Fillern wird sie nicht verwendet, um Volumen aufzubauen, sondern um die H
0_219424_9_yt.TMmctxtAkxc;0.0978;advisory;skincare-first;;;;"""Keller-Kosmetik"": Illegale Schönheitseingriffe in Wiener Neustadt Besuche auch unsere anderen Kanäle:***Mehr Videos: https://www.oe24.at/video---TikTok: https://www.tiktok.com/@oe24at+++Facebook:  https://www.facebook.com/oe24.at/---Instagram:  https://www.instagram.com/oe24.at/"
0_219424_26_26346592325016545;0.0978;satisfied;skincare-first;botox;;;Wenn das die Evolution wüsste! 🥴🥳🤣#Botox
0_218673_126_t1_o55nrie;0.0978;satisfied;skincare-first;;;;Dünne helle haut und augenringe ja ich checks. ich hab auch einfach voll schöne augen und denke mir immer wie viel mehr die ja auch scheinen könnten wenn diese nervigen augenringe da nicht so wären :/ bzw. das sind ja nicht mal mehr so augenringe sondern so richtige tränen furche oder wie man das ne
0_218673_23_16435294225362123;0.0978;satisfied;skincare-first;;;;Auf keinen Fall zu empfehlen Entfärbt nicht die Haare, dafür aber die Haut… Sieht an den angewendeten Körperstellen aus wie große Pigmentflecken.
0_221687_190_3733394547247031516;0.0978;advisory;skincare-first;;;;✨ Straffere Haut. Weniger Falten. Mehr Glow. ✨Das Peptide Anti-Aging Serum kombiniert Peptide + Hyaluron + Ginkgo-Extrakt für sichtbar glattere, prallere und jugendlich strahlende Haut 💎💧🌿 Power-Wirkstoffe:💧 Hyaluronsäure für intensive Feuchtigkeit🍇 Antioxidantienreiche Blaubeersamen-Öle für Schutz 
0_218673_126_t3_1rktto3;0.0979;advisory;skincare-first;;;;"Wie werde ich meine Augenringe los? Ich habe hier auf den Bildern Concealer benutzt, um meine Augenringe zu vertuschen. Leider schimmern sie trotzdem durch und ich weiß nicht, wie ich sie loswerden soll? Ich trinke auch ausreichend. Auch sind meine Augen unten so ""hohl"" und gar nicht gepufft:("
0_218673_9_39994605239413824;0.0979;disappointed;skincare-first;;;;Es existieren auch Menschen die haben von Natur aus Augenringe, hat nichts mit wenig Schlaf zu tun oder sonstwas. Einfach das natürliche Aussehen eines normalen Menschen. Nicht jeder ist eine retuschierte Puppe 😂
0_221687_140_7639887826271620385;0.0979;advisory;skincare-first;retinol;;;Bounce Back Anti-Ageing Serum: 1,5% Hyaluron + Reneseed Peptid Complex | Retinol Alternative | 100% Vegan | Dermatologisch Getestet #TikTokMadeMeBuyIt #DealsFürDich #serum #AntiAgeing #Retinol
0_221687_190_3950753507559379091;0.0979;satisfied;skincare-first;;;;Die meisten denken bei Hautalterung sofort an Falten. Dabei beginnt sie viel früher.Jeden Tag ist deine Haut freien Radikalen ausgesetzt… durch UV-Strahlung, Umweltbelastung, Stress oder sogar normale Stoffwechselprozesse. Diese greifen unsere Zellen an. Diesen Vorgang nennt man Oxidation.Der Apfel 
0_219424_126_t1_o2xlvt0;0.098;disappointed;skincare-first;;;;Warum Lippen aufspritzen lassen? Der initiale Grund, weshalb eine Frau das macht, ist denke ich sehr individuell. Manche haben vielleicht tatsächlich schmale oder asymmetrische Lippen. Andere finden, die könnten etwas dicker sein, damit sie sich selbst besser gefallen. Manche gehen gerne mit der Mod
0_219424_9_yt.Xj3TQBOoxes;0.098;satisfied;skincare-first;;;pha;Top 10 Salt And Pepper Frisuren Ab 50 Top 10 Salt And Pepper Frisuren Ab 50.Bereit für natürliches Silber? Entdecken Sie 10 atemberaubende Salt and Pepper Frisuren, die sofort jünger machen und Schwung bringen. Verstecken Sie Ihr Grau nicht länger, strahlen Sie!Suchen Sie nach graue Haare Frisuren a
0_219424_190_3942622092650700326;0.098;satisfied;procedure-curious;laser,peel,spf;laser;;✨ Glass Skin – Was steckt hinter dem Beauty-Trend aus Südkorea? ✨ Dr. med. Martin Kägi klärt auf: Ein ebenmässiger Teint, feine Poren und ein natürlicher Glow – genau dafür steht der Trend Glass Skin. Doch das Geheimnis liegt nicht in einer 10-Schritte-Pflegeroutine, sondern in einer gesunden, gut v
0_218673_9_11758962634357857;0.098;advisory;skincare-first;;;;Ich hab sehr dünne und auch sehr helle Haut und schon seit ich klein war dauerhaft Augenringe, egal was ich mache. Geschwollen waren die aber noch nie. Ich benutze immer einen der hellsten Concealer von Mac. Finde den sehr gut.
0_218685_126_t1_ogvf74t;0.098;advisory;skincare-first;peel;;;Wie rasiere ich mir das Gesicht ohne hinterher überall zu bluten? 1. Warm duschen oder wenigstens für 2-3 Minuten einen warmen Wickel auflegen2. Ultra sensitives Waschgel nutzen und mit warmem Wasser Gesicht waschen3. Mit einem Rasierhobel (jedes Mal eine frische Klinge) mit sanftem Druck, ultra sen
0_219384_126_t3_1nsk6p9;0.098;advisory;skincare-first;laser;;;IPL Gerät Empfehlung Da die Geräte schon teurer sind will ich mich vorher aufjedenfall informieren und wollte deshalb fragen welches Gerät ihr empfehlen würdet ? Ich habe helle Haut und dunkle, dickere HaareBin dankbar für jeden Rat!!
0_221687_26_1440960894701283;0.098;advisory;skincare-first;;;;Hast du auch trockene Haut im Winter?Unser Winter Serum mit Hyaluron Plus spendet intensive Feuchtigkeit und schützt vor Kälte.Warum nicht deiner Haut etwas Gutes tun, unser Serum ausprobieren und strahlen wie Fauli?Nur heute gibt es beim Kauf eines Winter Serums eine Duschcreme geschenkt!
0_221687_26_26667101502921286;0.098;enthusiastic;skincare-first;price,spf;;;NATURALANCE 24K Gold Anti-Aging Serum • ✨ Luxuspflege mit echtem 24K Gold für strahlende Haut💶 Preis: 18.-  • 💧 Intensive Feuchtigkeit dank Hyaluron • 💪 Unterstützt die natürliche Kollagenproduktion • 🌿 Verbessert die Elastizität und Spannkraft der Haut • 🛡️ Wirkt als Antioxidans gegen freie Radikal
0_219424_23_65982155540212432;0.0981;satisfied;skincare-first;;;;Hyaluron-Filler Schöne cremige Konsistenz, dezenter aber wohlriechender Duft
0_221687_190_3761190025959382788;0.0981;satisfied;skincare-first;peel;;aha;"Balancing Serum vs. Exfoliating Serum was ist eigentlich der Unterschied?Beide bringen deine Haut zum Strahlen, aber sie arbeiten völlig unterschiedlich 👇💧 Balancing SerumFeuchtigkeit &amp; Beruhigung für jeden Tag•spendet intensiv Feuchtigkeit•reduziert Rötungen &amp; Irritationen sichtbar•stärkt d"
0_221687_190_3819164685661229188;0.0981;satisfied;skincare-first;peel;;aha;Ist das Exfoliating Serum nun ein Serum oder ein Peeling – und wie funktioniert es genau? Unsere Beauty-Expertin @leonie.scholl erklärt es dir.Statt grober Peelingpartikel setzt unser chemisches Serum auf flüssige Exfoliation. Es arbeitet ganz anders als klassische mechanische Peelings, die mit Körn
0_221687_190_3767048633217883924;0.0982;satisfied;skincare-first;peel;;;Dein nächster Zug für strahlende Haut? ♟️ Wir hätten da gleich mehrere Power-Moves!💧 CELLULAR Expert Filler Hyaluron Replumping Serum: für glattere, aufgepolsterte Haut.⚡ CELLULAR Expert Filler Vitamin C Radiance Serum: für ein strahlendes, glattes Hautbild.🎯 Q10 Anti-Falten EXPERTE Gezielter Falten
0_218673_126_t1_oakizc4;0.0983;advisory;skincare-first;;;;Warum tragen alle überall diese Augen Pads? Feuchtigkeitscreme ist auch Chemie, die verstärkt aber Tränensäcke und Falten nicht?
0_218673_126_t3_1tiy8w5;0.0983;disappointed;skincare-first;;;;No age-shaming - aber was ist mit seinem Hals passiert? Das kommt doch nicht nur vom schlaffe Haut haben, oder? Hab das Bild gerade gesehen nachdem ich mich jahrelang überhaupt gar nicht mit ihm beschäftigt habe und hab mich ein bisschen erschreckt.
0_219384_126_t1_nvmsdj1;0.0983;disappointed;skincare-first;laser,price;;;Wieviel Geld gebt ihr für eure Frau für Weihnachtsgeschenke aus und was bekommt sie? Ich hab für meine Ex auch nen bissel was ausgegeben,Weihnachten 2018 hab ich ihr ein DIY Bild aus Holz gelasert, selber entwickelt und Laser graviert. Kosten gesammt:~ 100€ Weihnachten 2019 hab ich ihr ein Buch von 
0_218685_126_t3_1p80hyp;0.0983;disappointed;skincare-first;botox;;;Gabriela Alves hatte noch nie Botox oder Beauty-Eingriffe
0_219424_9_yt.qjHLvy4RCsw;0.0984;enthusiastic;procedure-open;facelift;;;Wie ändere ich die Luftstrom-Temperatur im MITSUBISHI Outlander Facelift (2017–2022)? In diesem Video zeige ich Ihnen, wie Sie die Luftstrom-Temperatur im MITSUBISHI Outlander Facelift (2017–2022) schnell und einfach einstellen. Sie lernen, wie die 2‑Zonen-Klimaautomatik funktioniert und welche Tast
0_219424_126_t1_oo4kvoi;0.0984;satisfied;skincare-first;botox;;;tja Bei der CDU haben die lustigerweise alle den fiese Hexe Look. Die damals mit ihrer Lifestyleteilzeit sieht ganz genau so aus. Schwarz gefärbte Haare, Botox im Gesicht, Lifting an allen Ecken. Da scheint die Optik schon über das Innere aufzuklären.😁
0_218673_126_t1_nm870op;0.0984;satisfied;skincare-first;;;;"Blaue Augenringe (erblich) Ich hab auch krasse erblich bedingte Augenringe aber ich glaube ich würde ohne extrem weird aussehen. Allein, dass das Gesicht an der Stelle etwas ""eingefallen"" aussieht, mag ich 🥹Aber wenn ich sie mal wegschminken möchte, kann ich dir wärmstens den Essence Corrector in de"
0_218673_9_37536412807655218;0.0984;satisfied;skincare-first;;;;Zu Tr habe ich gehört, wie man erkennt, daß es der Echte ist: die typischen weißen Augenringe (welche beim Double überschminkt sind), dann ist beim Echten, immer Melania mit im Bild und er trägt immer eine lila Krawatte.🤷
0_219424_9_yt.MEI9o1KnBnw;0.0985;disappointed;skincare-first;price;;;99-jähriger Ernährungsprofessor: 8 GEHEIMNISSE für ein langes Leben, die Sie oft ignorieren ! Jung vs. Alt – warum leben manche Menschen mit 99 Jahren noch voller Energie, während andere sich schon mit 60 müde fühlen? In diesem Video enthüllt ein 99-jähriger Ernährungsprofessor die Wahrheit hinter J
0_219424_126_t1_og48jb7;0.0985;disappointed;procedure-open;;;;Fake feminismus nervt mich !! Der Golfstrom schwächt sich ab, der Permafrost taut und setzt uraltes Methan frei. Das sechste große Massenaussterben steht nicht bevor, wir stecken mittendrin. Die Biosphäre kollabiert in Echtzeit und wir schauen dabei zu.Milliarden von Tieren werden industriell und sy
0_219424_190_3938732791427145490;0.0985;advisory;skincare-first;spf;;;"Feuchtigkeit, die sofort ankommt – und langfristig bleibt. 💧Das aesthetic world Hyaluron Forte Serum ist unser hochkonzentriertes Feuchtigkeits-Serum für alle, die ihrer Haut eine intensive Extraportion Hydration gönnen möchten.Was es kann:→ Kurz- &amp; langkettige Hyaluronsäure – durch die Kombinat"
0_218673_9_36156777830373909;0.0985;enthusiastic;procedure-curious;;;;Legat selber ist nie erwachsen geworden und bevor er was über Ariel sagt, soll er sich erst mal um Nico kümmern. Das soll er mal Ariel ins Gesicht sagen, die würde den Legat so zusammen falten. 😉
0_221687_26_1447780054018189;0.0985;satisfied;skincare-first;;;;"Wusstest du, dass unser Bindegewebe zu ca. 60% aus Collagen besteht? Es ist das natürliche Gerüst unserer Haut – und genau hier kommt unser WELLMAXX Collagen SkinBooster Serum ins Spiel! ✨Das WELLMAXX Collagen SkinBooster Serum kombiniert zwei absolute Power-Wirkstoffe: Hydro Marines Collagen  &amp;"
0_218673_126_t1_n78fqs2;0.0986;disappointed;skincare-first;celebrity;;;Nein ihr seid nicht einsam, weil ihr hässlich seid Gib dich deiner Traumwelt hin, Darling, aber Jürgen Vogel wird sogar als Sexsymbol gefeiert.Wenn du jetzt sagst, Jürgen Vogel ist nicht hässlich, dann frag ich mich, wie hässlich ein Mann sein muss, dass du in als hässlich bezeichnen würdest.(Ich li
0_219384_9_yt._l-S87gLlTg;0.0986;enthusiastic;procedure-open;laser;;;"My Journey through the World Heute Nacht Short 📌 My Journey Through The World - Heute Nacht (Melodic Techno / Afterlife Duet Mix)📝 Infobox / Beschreibung„Heute Nacht ist unsere Nacht. Heute Nacht ist unsere Welt."" 🌌🔋Das furiose Finale einer langen kreativen Reise: Mit „Heute Nacht"" bringen wir den C"
0_221687_140_7670945122363706657;0.0986;satisfied;skincare-first;;;;Du weißt, wie ein Vitamin-C-Serum aussieht. Aber hast du schon einmal gesehen, wo es beginnt? Die meisten Vitamin-C-Seren siehst du erst, wenn sie bereits fertig sind. Sieh dir an, wie Synthor jede Charge frisch formuliert. Link in der Bio #mevidual #thesynthor #vitamincserum #serum #hautpflege
0_219424_9_yt.1zwYDWxPIBk;0.0987;advisory;procedure-curious;botox,facelift,celebrity,pressure;;;9 deutsche Schauspieler, die von Schönheitsoperationen besessen sind – Sie werden schockiert sein! Neun berühmte deutsche Schauspieler, ein schockierendes Thema: Schönheitsoperationen im Rampenlicht. In diesem Video werfen wir einen tiefen, schonungslosen Blick auf Stars wie Til Schweiger, Ralf Moel
0_218673_126_t1_nftir5u;0.0987;advisory;skincare-first;botox;;;"Hilfe! Was tun gegen Zornesfalte? Botox ist mittlerweile künstlich hergestellt (man „melkt"" also keine Botulinum Bakterien in einem See). Da Botox aber auch temperaturempfindlich; es wird zwar nicht inaktiviert, aber verliert an Wirksamkeit, wenn es nicht richtig gelagert wird. Zudem gibt es verschi"
0_219424_9_69562367233909970;0.0988;disappointed;skincare-first;botox;;;"Das ist vielleicht auch wie beim Dating. Über einem bestimmten Typen hat sich herumgesprochen, dass er Frauen nicht sonderlich gut behandelt, aber viele Frauen denken sich dann: „Ich bin etwas besonderes, eine 10 von 10. Bei mir ist er auf jeden Fall anders.""Und dann blicken sie so merkwürdig herein"
0_218673_8_2028432810818629702;0.0988;satisfied;skincare-first;;;;Oh weh, Zwenn aus Berlin sieht auch heute nicht wirklich besser aus...Da passt sein Gestammel im neuen Video fast schon wie die Faust auf die Augenringe...#fcknzs https://t.co/wKYwVg48nJ
0_218673_8_2041781647033471229;0.0988;satisfied;skincare-first;;;;Kann mir von meinem Follower irgendjemand erklären warum Asiatische Cosplayer sich so Augenringe anmalen ?
0_221687_140_7570746757898849558;0.0988;enthusiastic;skincare-first;retinol;;bakuchiol;[AD] @haruharuwonder @haruharuwonder_official @haruharuwonderinfluencers @ohmybeloved_official @ohmybeloved_influencers Haruharuwonder Black Rice 5 Ceramide Barrier Feuchtigkeitscreme Tägliche Hautbarrierepflege, langanhaltende Feuchtigkeit, beruhigend und pflegend, Ceramid-Kapseln, koreanische Haut
0_219424_9_31354141953744152;0.0989;disappointed;skincare-first;;;;Paar Einheiten Wachstumshormon fürs anti aging und fatburning gehen immer 😂
0_219424_190_3939500470112002862;0.0989;satisfied;skincare-first;peel;;egf;✨ ACTIVE EXOSOME von Derma SR ✨Regeneration auf einem neuen Level. Sichtbare Hautgesundheit unterstützen und verbessern Was ist Active Exosome?Active Exosome ist ein innovatives High-Performance-Serum, das die Hautregeneration gezielt unterstützt und die Haut dabei fördert, sich sichtbar zu erneuern
0_219424_140_7663047257889066262;0.0989;advisory;procedure-open;botox;;;"Podcast-Ausschnitt von Folge 40 «Badetuch &amp; Botox» «Kuss&amp;Krise» jetzt bei Spotify und Apple Podcasts hören. #schweiz #podcastclips #Komödie"
0_218673_8_1964014467160662202;0.0989;advisory;skincare-first;price;;;"💰 Nur 8,99€ statt 15,99€📍 60ml Bio Hyaluron Serum mit Vitamin C, E. Hochkonzentriert Anti-Falten, Anti-Aging &amp; Dunkle-Flecken. Hyaluronsäure-Gesichtsserum, Ideal als Augenkonturcreme. Dermaroller Essence. Vegane Naturkosmetik👍123,357 Bewertungen:… https://t.co/BeW5tkHgmS https://t.co/KFA6yOWdaQ"
0_218673_8_2065778029305962919;0.0989;advisory;skincare-first;spf;;spf;Garnier Anti-Aging Sonnencreme mit LSF 50, Sonnenschutz mit Hyaluron und Vitamin B gegen Falten und Trockenheit, Ambre Solaire, 1 x 50 ml https://t.co/vqyYnAyB3b
0_221687_140_7597142110566911254;0.0989;advisory;skincare-first;peel;;niacinamide;Alle Reiniger/serum/etc - Waschgel: neutrogena Anti Pickel mit Salicylsäure - Chemisches Peeling:  no cosmetics Liquid refiner mit bha  - Serum: 101 Vitamin C (C-Bomb) Serum: 101 B-Bomb mit niacinamide - Nachtcreme: balea pink night cream -  Zinksalbe von dm - Steriles schürfwundenpflaster von dm ##
0_221687_8_2036918173102961110;0.0989;disappointed;skincare-first;price,spf;;;🔥Schnäppchen✅Nur 6,99€ ❌statt 9,95€💰💰 Im Spar-Abo nochmal 5-15% günstiger➖➽ WELEDA Bio Hyaluronic Moisture Serum Drops – Hydratisierende Naturkosmetik Booster Drops Gesichtspflege mit Hyaluronsäure(vegan, 30ml)➖➥ https://t.co/cwyP0Nn0R0  **Amazon Partnerlink https://t.co/NvVwIKQ9nJ
0_219424_9_yt.rGVA6C27BcQ;0.099;disappointed;skincare-first;botox;;pha;Natürliche Schönheit ohne Botox – echte Frauen, echte Haut #Unikate - #Unique Pieces - andi D.  - LyricVideo Deutsche ÜbersetzungEin einzigartiger englischsprachiger Song über einzigartige Frauen, Unikate, indem sie ihre Natürlichkeit bewahren, kein Botox spritzen, ihre Augenbrauen nicht tätowieren,
0_218673_126_t1_njlnouk;0.099;enthusiastic;skincare-first;;;;Warum ? Überall dieses Patriot-Cosplay. Schön dass auch Amateurinnen mitmachen dürfen. Wobei die Tränensäcke hat sie gut hingekriegt, reschpekt!
0_218673_126_t1_nvlclno;0.099;disappointed;skincare-first;;;;Warum machen sich manche Männer Ü30 älter als sie sind? Die Männer machen sich nicht älter, die sind verlebt. Ha e im Bekanntenkreis auch einige, die sahen mit 30.bereits älter aus als ich jetzt mit 51. Das passiert ganz schnell, wenn die Haut Scheisse ist, die Gene das Haar ausfallen lassen, Geheim
0_219424_9_yt.canJYfo3oR4;0.0991;enthusiastic;procedure-curious;facelift,celebrity;blepharoplasty;;Amira Aly denkt über Schönheits-OP nach Amira Aly spricht so offen wie nie über graue Haare, Schlupflider und mögliche Beauty-OPs. Die Moderatorin überrascht mit ehrlichen Worten, die viele Fans bewegen.Mit nur 33 Jahren entdeckt Amira Aly plötzlich weiße Haare am Scheitel – ein Moment, der sie emot
0_221687_140_7571902354258152726;0.0991;enthusiastic;skincare-first;;;;#ad 💧 Meine Haut liebt dieses Serum! Das Isntree Ultra-Low Molecular Hyaluronic Acid Serum zieht super schnell ein und spendet intensive Feuchtigkeit dank verschiedener Hyaluronsäuren. Schon nach ein paar Tagen fühlt sich meine Haut glatter, frischer und praller an. Kein klebriges Gefühl, einfach pu
0_218673_8_2046889435850011001;0.0992;advisory;procedure-curious;;;;@AkeAwookami Ich hab EXTREM Probleme mit Textilien. Viele alltägliche Textilien sind ein Alptraum für mich 😭Sofakissen, bestimmte Kleidung (Jeans z.B.), JutebeutelNasse Haut 🥲Etikette in Kleidung 😫Ich brauch Klamotten die nicht verrutschen weil mich Falten darin WAHNSINNIG machen
0_218673_126_t1_omnnqi4;0.0992;disappointed;procedure-open;price;;;Nach dem Gebäudeenergiegesetz von Habeck wollte Schwarz-Rot alles einfacher machen. Doch der neue Entwurf kann für viele Verbraucher teuer werden. Der Normenkontrollrat hält den Gesetzentwurf für eines der handwerklich schwächsten und praxisfernsten Vorhaben das er zu Gesicht bekommen hat ist das üb
0_218673_126_t1_owigvd1;0.0992;disappointed;skincare-first;;;;"Ungeschminkte Männer sehen besser aus als ungeschminkte Frauen Weil die Schönheitsstandards für Frauen 10 mal höher sind. Männer haben genauso sher Unreinheiten und Augenringe, aber im Gegensatz zu Frauen wird nicht erwartet, dass sie diese verstecken. Das was du bei Frauen ""wie ein Zombie aussehen"""
0_221687_140_7627573166197558560;0.0992;satisfied;skincare-first;retinol;;bakuchiol;"Produkttest By Juccy Vinoberry Bakuchi-oil™ Firming Ampoule X Pomegranate Collagen Glow &amp; Lift Wrapping Mask 💜 💜 Vinoberry Bakuchi-oil™ Firming Ampoule - Diese straffende Ampulle enthält Bakuchiol als sanfte Alternative zu Retinol und unterstützt die Hautelastizität sichtbar. Sie pflegt intensiv"
0_219424_126_t1_obtrw5d;0.0993;satisfied;skincare-first;spf;;;Welche Sonnencreme und Feuchtigkeitscreme? Ich habe sehr viel rumprobiert und mag für den Alltag am liebsten die Haruharu Wonder Black Rice Airyfit (spf 50+). (Koreanische Marke, die es inzwischen auch in vielen deutschen Shops gibt.) Die funktioniert gut auf meiner trockenen Haut, darunter benutze 
0_218673_15_52872837707660681;0.0993;disappointed;procedure-curious;;;;Street Art Porträt Köln: Peace, Love & Freedom in Ehrenfeld Spirituelle Rast: Das Gesicht der Freiheit Auf dem Rad findet man oft die Ruhe, die im Alltag fehlt. Manchmal manifestiert sich diese Ruhe in einem Wandbild. Dieses Porträt in Ehrenfeld hat mich heute besonders tief berührt und führt meine 
0_218673_9_yt.M0Oo6RQQopE;0.0994;disappointed;skincare-first;price;;;"„Älter werden ist Pflicht – Humor behalten ist Kür: 15 Sprüche zum Schmunzeln"" Älterwerden – ein Thema, das uns alle betrifft, egal ob wir darüber lachen wollen oder lieber schweigen. Doch eines ist sicher: Mit den Jahren sammeln wir nicht nur Falten, sondern auch Geschichten, Erfahrungen und jede M"
0_218673_126_t1_okeu9us;0.0994;enthusiastic;skincare-first;;;;Benutzt ihr Make-Up? Ne man, und das sag ich dir als tendenziell feminin veranlagter Typ :D Bei Sachen mit richtig Farbe wäre ich raus. Benutze allerdings einen VitC Highlighter Stick oder ab und zu farblosen lipgloss. Zu mir passt das aber ich weiß nicht, ob das aucb für full face make-up gelten wü
0_219424_9_yt.I7hsYkNP6Yk;0.0995;enthusiastic;skincare-first;;;;Wachstumshormon: Der Jungbrunnen durch Fasten erklärt! #shorts Fasten kann Wachstumshormone um bis zu 2000% steigern! Dieses körpereigene 'Anti-Aging'-Hormon regeneriert Knochen, stärkt den Körper und beugt Frakturen vor. Entdecke die Kraft des Fastens für mehr Widerstandsfähigkeit. ##ernährung #ges
0_219424_140_7664331261963504929;0.0995;neutral;procedure-curious;price;;;Abholung oder Lieferung direkt aus unserem 6.000 m² großen Outlet in Gevelsberg – so groß wie ein Fußballfeld, mit über 500 Sofas sofort verfügbar! Mo-Sa: 10-1800 Uhr Nur 1690,-€ bei Abholung. Statt: 8699,99 € 0% Finanzierung bei PayPal-Zahlung über unsere Homepage.   •   Breite: 175cm,    •   Tiefe
0_221687_140_7610308525243256086;0.0995;advisory;skincare-first;spf;;niacinamide;#ad Das MONAT Niacinamide Glow Serum ist ein leichtes, hochwirksames Serum, das das Hautbild dichtbar verfeinert. Es reduziert das Erscheinungsbild von Poren und Rötungen. spendet Feuchtigkeit und sorgt für einen ebenmäßigen Glow. 🌱 10% Niacinamid 🌱 frei von Öl und Duftstoffen 🌱 für alle Hauttypen g
0_221687_9_38710340909994971;0.0995;satisfied;skincare-first;;;zinc;Meine Supplements aktuell ( Kapseln) : Multivitamin, d3 ,k2, Magnesium,Zink, Enzyme, Curcumin , nac, Q10, Omega 3, GDA  und Gelenk komplexPerformance ( Pulver) : Creatin, Glutamin, Collagen, eaa, Basepulver und Vitamin cProteine : whey Protein , Mehrkomponenten pr. Und iced CoffeeUnd außerdem: flavo
0_221687_140_7659045615812234529;0.0995;satisfied;skincare-first;;;;"Premium Hair Growth Serum - Natürliches Rosmarin Haaröl gegen Haarausfall mit Vitamin E zur Pflege von Kopfhaut &amp; Haarwurzeln – unterstützt dickeres, stärkeres &amp; dichteres Haar  – leichte, schnell einziehende Formel, silikon- &amp; parabenfrei von Regrowna #fürdich #sommerdeals #tiktokfinds "
0_219424_140_7658285440859999520;0.0996;disappointed;procedure-curious;price;;;Abholung oder Lieferung direkt aus unserem 6.000 m² großen Outlet in Gevelsberg – so groß wie ein Fußballfeld, mit über 500 Sofas sofort verfügbar! Bestellung direkt auf dekadentliving (N3788L) möglich. Ware ist eingelagert und wird auf Wunsch aufgebaut. Nur 2590,-€ bei Abholung. Statt: 9599,99- € 0
0_218673_9_29256605668316104;0.0996;enthusiastic;skincare-first;;;;😂😂 Pigmentflecken? Denke mal sind eher Leberflecken oder Sommersprossen
0_219384_126_t3_1mf3lqa;0.0996;enthusiastic;procedure-curious;laser,price;;;Mein Tanz der Macht (1) - Nackter Tanz, heiße Macht: Wie Alina eine Villa in ihren Bann zog  [Flair: FIKTIV // TAGS: CMNF, MACHT, SEX] **Mein Tanz der Macht (1)**  Nackter Tanz, heiße Macht: Wie Alina eine Villa in ihren Bann zogDie Luft in der Villa ist schwer, durchdrungen von Sandelholz, teurem P
0_219424_9_yt.MwOjvlr6qnQ;0.0997;disappointed;procedure-open;botox;;;Sind Girlgroups zum Scheitern verurteilt? #popstars #girlgroup Walerija ist mit Castingshows wie Popstars und Bands wie Queensberry und Monrose aufgewachsen und möchte deswegen herausfinden: Können zusammen gecastete Girlgroups überhaupt funktionieren? Oder ist das System zum Scheitern verurteilt, w
0_218673_126_t1_o1ew6as;0.0997;satisfied;skincare-first;spf;;;Face SPF - Holy Grail gesucht 🌸 Eucerin Pigment Control, hat ne schöne Textur. Ich hatte früher gerne koreanische Sonnencremes, aber die waren irgendwie nicht stark genug und ich hatte trotzdem Pigmentflecken.
0_218673_8_2034277125058928891;0.0997;satisfied;skincare-first;;;;"@LiberalyLike @Warsik1900 @NVIDIAGeForceDE Die ""upgradet"" Version sieht auf jeden Fall anders aus. Vollere, rötere Lippen, Smoky Eye was beim Original nicht da ist, dunklere Augenbrauen, mehr Falten im Gesicht, Wangen ausgeprägter, Haar anders (eher blond gefärbt). Die KI-Version sieht 10 Jahre älte"
0_219424_9_61469213377638956;0.0998;disappointed;skincare-first;;;;"Vaseline ist ein Restproduktstandteil aus Erdölgewinnung  welches auch noch hoch Prozesse durchlaufen hat.Das man das in Pflegeprodukt verarbeitet, ist unfassbar.Es verstopft die Hautporen (das bedeutet, dass ""kein: Wasser/Feutigkeit/Sauerstoff  oder andere wertvollen Inhaltsstoffe in die Haut gelan"
0_219424_190_3931194531461419945;0.0998;enthusiastic;procedure-open;peel;microneedling;;#munich #badtoelz #wolfratshausen #starnberg #microneedling
0_219424_190_3942381098539005132;0.0998;advisory;skincare-first;;;pha;✨ Glutathion – Das wichtigste Antioxidans des Körpers✨Glutathion ist eines der bedeutendsten körpereigenen Antioxidantien und wird seit Jahrzehnten in der Medizin und Wissenschaft intensiv erforscht. Es spielt eine zentrale Rolle beim Schutz der Zellen vor oxidativem Stress und unterstützt zahlreich
0_218673_126_t3_1nr31l4;0.0998;satisfied;skincare-first;;;;Auf der Jagd *Kalle setzt seinen Buschhut auf und setzt den kleinen Gefechtsrucksack auf seinen Rücken. Die Feldflasche wird am Koppel befestigt und die taktische Brille (garantiert keine Lesebrille) wird zurechtgerückt. Er schiebt die P14 in das Holster, welches auf der Brust seiner Weste befestigt
0_218673_126_t1_oejynie;0.0998;advisory;skincare-first;;;;Diese Panda-Augenringe Meine Augen sind stumpf.
0_219384_9_63524516085135345;0.0998;neutral;procedure-curious;laser;;;"@Faktenfieber2025 Was erwarten Sie auf anderen Planeten? Steine und Geröll werden Sie überall finden. Der Mars hat Atmosphäre wie die Erde. Natürlich schaut das dann recht identisch aus. Es findet bloß niemand diese Stellen und die dazugehörigen Rover auf der Erde um das zu widerlegen ;) Und ja, es "
0_221687_126_t3_1vejyll;0.0998;advisory;skincare-first;;;niacinamide;Frisch im Sortiment: Medicube Age-R Glutathione Glow Serum für einen ausgeglicheneren Hautton Frisch im Sortiment bei uns: das Age-R Glutathione Glow Serum von Medicube. Eines der Releases, auf das wir uns diesen Monat besonders gefreut haben.Es ist ein hochkonzentriertes Booster-Serum, das auf das 
0_219424_26_1651224553677188;0.0999;enthusiastic;skincare-first;;;pha;✨ Hauptsache meinem Serum von Clarins Official ist nichts passiert ✨😂Das Clarins Official Double Serum kombiniert eine Wasser- und Ölphase mit 22 pflanzlichen Wirkstoffen, um die Haut zu festigen, zu glätten und ihr mehr Ausstrahlung zu verleihen. ✨Ein Anti-Aging-Serum für alle Hauttypen, das Feucht
0_218673_9_48395542128836926;0.0999;disappointed;skincare-first;;;;"ACH .DER ist doch nicht "" ARBEITSLOS "" immerhin hockt DER ALS ERSTER VORSTANDSVORSITZENDER IM "" FERNSEHRAT "" und unterschreibt die MILLIONEN VERTRÄGE , für dessen Akteure und "" Kunstschaffende "" sowie all der dort sitzende Intendanten ; "" JOURNALISTEN "" und Talk Betreiber , sowie diese "" KÜNSTLER "" "
0_221687_140_7600077416727350550;0.0999;advisory;skincare-first;peel;;niacinamide;"⭐ GLASS SKIN PADS &amp; MASK – DEIN GEHEIMNIS FÜR GLOW WIE GLAS ⭐ INSTANT GLOW EFFEKT → sichtbar glattere Haut ab der ersten Anwendung → natürlicher Glass-Skin Look ✨ ⭐ CHEMISCHES PEELING + MASKE IN EINEM → exfoliert sanft → spendet intensiv Feuchtigkeit → verfeinert Poren sichtbar ⭐ MIT AHA • BHA •"
0_218673_9_960974124569135;0.1;disappointed;skincare-first;price;;;Endlich mal keine Tränensäcke in der Front. Sieht knackig aus. Aber der Preis... Wird bestimmt nicht in Deutschland gebaut gebaut, wird aber soviel kosten als ob...
0_218673_8_2046289402612338708;0.1;disappointed;procedure-curious;;;;"@HeimatliebeDE WER ist ""WIR"" und WAS genau ist unter ""WOLLEN"" zu verstehen??? Ist Wackel-Dackel entgangen dass wir ihn nicht für eine wilde ""Wünscherei"" fett bezahlen sondern fürs größtmöglich effektive ""TUN"" ??? ""WOLLEN"" + ""WÜNSCHEN"" können wir selber. An die Arbeit, ihr Tränensäcke !!! https://t.c"
0_218673_15_1959288350762430;0.1001;enthusiastic;procedure-curious;price;;;Ein neues Leben Herr B. wohnte in einer Satellitensiedlung nahe der großen Stadt Polis und wenn man etwas sagen konnte über diese Siedlungen, mit fürchterlichen Neubauten bestückt wie sie waren, ist es folgendes:Das Leben in Polis mochte zwar hektisch und bisweilen auch grau sein, aber es war ein gr
0_221687_140_7583726403829386518;0.1001;satisfied;skincare-first;peel;;;Eine einfache Lippenroutine für den Winter ❄️ 1. Tocobo Lemon Sugar Scrub Lip Mask - ein sanftes Peeling auf Zuckerbasis, das nicht nur die Lippen glättet, sondern auch angenehm nach Zitrone duftet 🍋 2. Mixsoon Glacier Water Hyaluronic Acid Serum – eigentlich für die Gesichtshaut gedacht, aber ein t
0_219424_190_3931852416759354665;0.1002;enthusiastic;skincare-first;;;;Lippenpigmentierung für eine Klare Kontur ❤️ Durchs hyaluron können Lippen oft sehr blass werden. Dadurch sieht man gar nicht wie voll sie eigentlich sind. Und genau dafür ist Permanent Make up gemacht. Die Farbe verblasst noch um ca 40% und sieht dann wunderschön natürlich aus ❤️ #pmu #pmubraunschw
0_219424_140_7659528415334157601;0.1002;neutral;procedure-curious;price;;;Abholung oder Lieferung direkt aus unserem 6.000 m² großen Outlet in Gevelsberg – so groß wie ein Fußballfeld, mit über 500 Sofas sofort verfügbar! Bestellung sofort auf dekadentliving.de (N3781L) Ware ist eingelagert und wird auf Wunsch aufgebaut. Nur 2190,-€ bei Abholung. Statt: 9199,99 € 0% Finan
0_218673_15_48937903544245130;0.1002;enthusiastic;procedure-curious;price;;;"Die schönsten Gartenideen für Kinder – kreativ, natürlich & leicht umsetzbar Kindergartenkinder entdecken die Welt mit allen Sinnen. Für sie ist der Garten kein „Projekt"", sondern ein Ort voller Magie: Erde, die man anfassen darf, Tiere, die man beobachten kann, Pflanzen, die wachsen – und das alles"
0_221687_140_7579700899690368278;0.1002;satisfied;skincare-first;peel;;niacinamide;🤍Dr. Melaxin – Peel Shot🤍 Peeling-Ampulle mit weißem Reis – (Gesponsertes Produkt YesStyle) Eine Mischung aus AHA, BHA und PHA peelt sanft, während Reisextrakt und Niacinamid die Haut pflegen. *Spendet Feuchtigkeit *Gleicht den Teint aus *Bietet antioxidativen Schutz *Befreit und verfeinert die Pore
0_219424_9_62145284063024534;0.1003;advisory;procedure-open;botox;;;Ja naja,.. halb Hollywood sieht doch durch Botox aus wie Aliens..Dieser Vorfall in Köln... Ist es eine geheime Militäraktion oder ein UFO?
0_218673_126_t1_odyhaf0;0.1003;disappointed;skincare-first;;;;"Wenn ihr für einen Tag ein Mann wärt, was würdet ihr tun? Ich glaube, nur ein Teil der Frauenwelt steht auf muskulöse, behaarte Männer. Vor allem an Rücken und Schultern ist das wohl eher unbeliebt. Mein Kumpel ist Haut&amp;Knochen, bleich, Augenringe und wenig Körperbehaarung, die er abrasiert. Er "
0_218673_126_t1_on4qbld;0.1003;advisory;skincare-first;;;;Was tun gegen dunkle Haut an den Außenseiten der Augen? Zieh dein Auge runter und schau, ob es noch dunkel ist. Wenn ja, sind das Pigmentflecken wenn nein, wahrscheinlich wegen deinen Adern die durch schimmern
0_218685_126_t1_ok6t6pq;0.1003;satisfied;skincare-first;;;;Mascara verschmiert wegen Feuchtigkeitscreme Benutz Mal einen flüssigen Toner drunter mit Hyaluronsäure und Peptiden, dann eine Feuchtigkeitscreme auf Gelbasis (also nix mit viel Fett drin. Als Puder kannst du Mal Revolution Hydra Cool Puder probieren. Der fühlt sich ganz feucht an und macht zwar ma
0_219424_126_t1_oplo5dv;0.1004;disappointed;procedure-open;;;;Thought on Bryan Johnson Musst du auch nicht das war auch nur wegen der Anti Aging Geschichte von Bryan Jonson.
0_219384_9_288342145813660;0.1004;advisory;skincare-first;laser;;;Im Hybrid-HD- oder VCSEL-Modus werden Kopf, Gesicht und Augen mit einer unsichtbaren Infrarot-Lichtquelle gescannt – dadurch entsteht keinerlei Gefahr oder Schaden.Beim Blau-Laser-Scan von Kopf/Gesicht nutzt das Gerät einen Laserprojektor der Klasse 1 (Class 1 Laser). Das ist die sicherste Laserklas
0_221687_190_3793322058776879662;0.1004;satisfied;skincare-first;laser,peel,spf;;aha;"GLOW-PEELINGS IM VERGLEICH // AHA/BHA Glow Refiner und Refining Night Liquid ✨⁠⁠➕️ Mix &amp; Match: AHA/BHA Glow Refiner – Chemisches Peeling Serum 💗⁠Unser natürliches Peeling-Serum mit Glow-Effekt.⁠Ein AHA/BHA-Komplex aus Sommerfrüchten &amp; Weidenrinde wirkt peelend, klärend und spendet gleichzei"
0_221687_26_1440602098095678;0.1004;advisory;skincare-first;;;zinc;DER Feuchtigkeitsboost für Deine Haut! 😍💧Unser neues AQUA INTENSE Electrolyte Hyaluron Gel versorgt Deine Haut sofort intensiv mit Feuchtigkeit dank unserer patentierter* Hyaluron-Technologie sowie einer innovativen Elektrolytformel aus Magnesium, Zink und Kupfer. Jetzt entdecken: https://m-asam.com
0_221687_140_7650924428053728544;0.1004;enthusiastic;skincare-first;price,peel;;aha;atomisüdkorea#schheitgesüdheit#premiumqualität  ‼️Wir haben tolle Neuigkeiten auf der europäischen Atomy-Website: 3 neue Projekte 🔥🔥🔥 ‼️Wir haben diese coolen neuen Produkte schon sehnsüchtig erwartet 🔥🔥🔥.  ‼️Freunde, die Atomy-Produkte noch nicht ausprobiert haben 🇰🇷, ich lade euch ein in die Welt 
0_219424_126_t3_1s02f1h;0.1005;satisfied;procedure-open;price;;;"🧬 SEBAT-THERMISCHE GENSCHALTER: SELBSTORGANISATION DES GENOMS Genschalter NLP Wechselwirkung ​\`\`\`python\# Prinzip: Kontrollierte Hitze-Kälte-Zyklen (38-42°C ↔ 10-20°C)\# Aktiviert: HSP70, FOXO3, TERT, BDNF, p53, SIRT1, AMPK\# Verstärkt durch NLP-Intentionalität &amp; kollektive Synchronisation\`\"
0_219424_140_7659119995443596576;0.1005;satisfied;skincare-first;;;;"L'Oréal Paris Glass Skin Duo - Feuchtigkeits-Fluid &amp; Hydrogel Maske, für aufgepolsterte &amp; glowy Haut, Hyaluronsäure-basiert, Revitalift Filler##glassskin##filler##glow##beauty##fyp@@lorealparis.de"
0_218673_126_t1_n9ly3uo;0.1005;enthusiastic;skincare-first;spf;;spf;Wie bewertet ihr den Körper einer Frau? Mit Sicherheit sehe ich nicht mehr so kindlich aus. Dass meine Haut aber sehr gleichmäßig und elastisch ist, ist halt so. Das kommt auch alles auf Veranlagung an, wie viel man geraucht hat, Alkohol getrunken, wie man sich ernährt hat, ob man auf Sonnenschutz a
0_218673_8_2031777200668635299;0.1005;disappointed;skincare-first;;;;@funkobald Die schaukeln sich mit ihren Spenden der Mitläufer im Ausland die Tränensäcke .
0_218673_9_39280697618401507;0.1005;disappointed;procedure-curious;;;;Hallo ihr Lieben, tut mir unsäglich leid der verstorbene Wal in Dänemark, es ist nicht der geliebte Wal Timmy, hat andere Pigmentflecken, keine Schiffsschraubenverletzung, sein Maul ist spitzer vorn, wenn dieser länger schon tot ist kann er nicht Timmy sein, aufgrund des Fundort sage ich mal, als Ti
0_219384_9_yt.YBmiZVjfxR8;0.1005;enthusiastic;procedure-curious;laser;laser;;BEWERTUNG (2025): Braun IPL Pro 5 Haarentfernungsgerät.. WESENTLICHE Einzelheiten 👉 https://www.amazon.de/dp/B09QQR17MZ/?tag=16w9h-20 Braun IPL Pro 5 Haarentfernungsgerät. auf Amazon (Affiliate-Link)Bitte abonnieren Sie unseren Kanal und unterstützen Sie uns! Ihre Unterstützung hilft uns, dieses Vor
0_221687_126_t1_ooxhuxh;0.1005;satisfied;skincare-first;;;aha;"Suche Ersatz gegen eingewachsene Haare Ich bin auf das Jean &amp; lean body serum aha pha umgestiegen, bin aber nicht ganz zufrieden."
0_219424_126_t1_o5h8jte;0.1006;neutral;skincare-first;spf;;spf;Habt ihr mal in euren 4 Wänden mit einem EMF-Messgerät geschaut wo hohe Strahlenwerte zu messen sind um dann zu optimieren bzw. reduzieren? Natürliche Strahlung von Radioaktiven Elementen (deswegen Radon) ist ionisiert und kann Gewebe verändern (Deshalb nimmt man ja Sonnenschutz-Creme). WLAN und Co.
0_219424_190_3946432176425382013;0.1006;advisory;skincare-first;laser;;;Volle Lippen sind nicht automatisch definierte Lippen. 👄Viele denken, dass Hyaluron allein für perfekte Lippen sorgt. Dabei geht nach einer Lippenunterspritzung bei vielen die natürliche Lippenkontur optisch etwas verloren oder die eigene Lippenfarbe wirkt ungleichmäßiger.Genau hier kann ein Permane
0_218673_126_t1_nc8ku5g;0.1006;enthusiastic;skincare-first;;;;Celo von Celo & Abdi stellt sein Kindheitsfoto nach (2025 vs 1987) Schon als Kind die legendären Augenringe gehabt
0_218685_8_2076165221899493589;0.1006;disappointed;skincare-first;botox;;;RT @unblogd: Was hat Botox und Altern mit Patriarchat zu tun? Warum sollen Männer dafür verantwortlich sein, wenn Frauen sich ihr Gesicht betonieren? Welche Männer wollen das überhaupt? Sind Frauen doch nicht stark und unabhängig und entscheiden das selbst? Und was ist mit den Männern, die https://t
0_221687_190_3744832062906756300;0.1007;enthusiastic;skincare-first;spf;;;Jetzt neu bei uns!Unser Hyaluron-Intensiv-Serum enthält hochkonzentrierten  3-fach-Hyaluron-Peptid-Feuchtigkeitskomplex.Das Serum enthält ultraniedermolekulare, niedermolekulare sowie hochmolekulare Hyaluronsäure.Zudem ist unser Serum duftneutral und in Form eines praktischen Gels. Dies ermöglicht e
0_219424_9_45342036859422212;0.1008;satisfied;procedure-open;botox;;;Ich muss sagen Kevin und Gina sind beide assozial Gina Lisa immer wie toll und ehrlich sie ist ich glaube das ganze Botox hat ihr Gehirn kaputt gemacht und Kevin unterste Schublade hat noch nix gerissen und anuschka ist übergriffig
0_219424_9_yt.x5c5jzH9fbo;0.1008;neutral;procedure-open;facelift;;;Mitsubishi Outlander 2017–2022 – Navigationseinstellungen finden & verwalten In diesem Video zeige ich dir, wie du die Navigationseinstellungen im MITSUBISHI Outlander Facelifting (2017–2022) schnell findest und effektiv verwaltest. Du lernst, wie du über die Bildschirmanzeige ins Infoset gelangst, 
0_219424_9_40819934993168102;0.1008;disappointed;skincare-first;botox;;;Wenn sie 40 ist ....schaut sie aus wie die Botox Brüder 🤢🤢🤣🤣 und aus einer Krähe wird auch kein Schwan. Auch nicht mit Faden Lifting 🤣🤣🤣🤣😊
0_219424_190_3933227756102377250;0.1009;advisory;skincare-first;;;;Warum haben unsere Kollagen Kapseln Astaxanthin und Kupfer — das Pulver aber nicht? 🤔Ganz einfach: Eine Kapsel hat begrenztes Volumen. Das bedeutet, es passt schlicht weniger Kollagen rein als in eine Portion Pulver. Also haben wir uns gefragt — wie machen wir die Kapseln trotzdem maximal wirksam?Di
0_219424_8_2081228966669566165;0.1009;disappointed;skincare-first;botox,price;;;@mel__aura @marioziener Es gab in der Union lange niemanden, der Habeck nachfolgen wollte. Dann kam Reiche, die den Job lächelnd übernommen hat.Was hat man ihr versprochen, damit sie den Job übernimmt? Lebenslang kostenlos Botox? Narrenfreiheit? Geld?
0_218673_9_yt.jN-ypgzK9qA;0.1009;advisory;skincare-first;;;;BEWERTUNG (2025): Philips Rasierer S3241/12. Infos Neugierig auf Philips Rasierer S3241/12? Hier ist ein Blick auf die Kernfunktionen.👉 Auf Amazon ansehen: https://www.amazon.de/dp/B0CHMPNCM4/?tag=16w9h-20 (Affiliate-Link)Entdecken Sie den Philips Rasierer S3241/12, der durch seine fortschrittliche 
0_218673_126_t1_oel28k9;0.1009;neutral;skincare-first;;;;Diese Panda-Augenringe Interessant wie es bei jedem ist. Wahrscheinlich gibt es keine zwei gleiche Fälle.
0_218685_9_yt.Sq5vXnKP3ww;0.1009;advisory;procedure-open;peel,spf;microneedling;;Schönheitstube in Lübbenau/Spreewald Neukundengewinnung mit einem individuellen Spot. Für mehr Erfolg in der eigenen Region erstellen wir Ihren individuellen animierten Imagefilm oder Produktspot. Mit Bewegtbild erreichen Sie mehr Aufmerksamkeit und somit noch mehr Menschen! Nicht nur bei der Kunden
0_219424_9_54520940907990357;0.101;advisory;skincare-first;botox;;;Ja so ist es, beim Rohhonig ist die Wahrscheinlichkeit sehr hoch das es botulinum Bakterien enthält, genau so wie die aufgeblähten Nahrungsmitteldosen!! Früher war das starke Nervengift dieser Bakterien sehr bekannt Botulinumtoxin oder abgekürzt  Botox!!
0_219424_190_3939017009997305477;0.101;satisfied;procedure-curious;;;;Zellregeneration ist eine zentrale Voraussetzung für gesunde Haut.Die Hautalterung wird durch zwei Prozesse beeinflusst: das intrinsische Altern, also die biologischen Veränderungen, die mit zunehmendem Lebensalter auftreten, und das extrinsische Altern durch äußere Faktoren wie UV-Strahlung, Umwelt
0_218673_9_768383361118784;0.101;satisfied;skincare-first;;;;Der hat einfach Augenringe und mandelförmige Augen
0_218673_126_t3_1nkn5oh;0.1011;neutral;skincare-first;;;;Pigmentflecken im Auge Weiß einer was das ist bzw hat Erfahrung mit sowas? Ich habe sie von jemandem adoptiert daher weiß ich nicht seit wann sie es genau hat aber von ein paar alten Bildern sehe ich, dass die Flecken nicht so stark waren früher. Ich habe natürlich schon gegoogelt da stehen aber zie
0_218673_8_2041748029393285359;0.1011;neutral;skincare-first;;;;Meine deutschen Bekannt:innen erzählen mir das immer wieder, und langsam glaube ich, da ist was dran.Deutsche Typen ab 30 sehen oft aus wie 45. Glatze mit 32, Bierbauch schon mit 28, Augenringe wie Waschbären und ne Haut wie eine alte Ledercouch. Zehn Jahre Döner, Energy-Drinks, Homeoffice-Sessel, B
0_219424_9_yt._hBz1ZuCFZ8;0.1012;advisory;skincare-first;botox;;sod;Ästhetische Medizin: Was wirklich hinter Botulinumtoxin & Beauty2Go steckt mit Veronica Botulinumtoxin, ästhetische Medizin und Schönheitsbehandlungen sind heute so präsent wie noch nie. Doch was steckt wirklich dahinter?In dieser Folge von Momentum spreche ich mit Dr. Veronica, Ärztin bei Beauty2Go
0_219424_126_t1_omigeft;0.1012;disappointed;procedure-curious;laser,price;laser;;Traummann auf dem Papier, aber das Sexleben ist eine Vollkatastrophe Ein Klassiker, siehe hier für Bearbeitungen in der Popkultur: [Lily Allen | Not Fair (Official Video)](https://www.youtube.com/watch?v=fUYaosyR4bE)Du klingst bereits jetzt frustriert und ihr seid erst seit Kurzen zusammen. Das ist 
0_218673_15_39036493075005455;0.1012;advisory;procedure-curious;price;;;Silk'n FT1PE1C1001 Facetite Ritual Anti Aging Gerät Hautstraffer für 69,99€ inkl. Versand! Silk'n FT1PE1C1001 Facetite Ritual Anti Aging Gerät Hautstraffer, aktuell bei deltatecc-home für 69,99€ inkl. Versand! (bisher: 99,99€) Ersparnis: 30€ Das Silk'n Facetite Ritual ist ein innovatives Beauty-Gerä
0_218673_9_yt.ClmT8ZWcQLo;0.1012;satisfied;skincare-first;retinol;;;08.10.2025 - Strahlende Haut ab 50: Der Amazon-Bestseller für zeitlose Schönheit!... Es klingt, als ob du auf der Suche nach einem Produkt bist, das Frauen ab 50 Jahren helfen kann, ihre Haut zum Strahlen zu bringen. Häufig handelt es sich dabei um Pflegeprodukte wie Feuchtigkeitscremes, Seren oder 
0_218673_126_t1_nsuh50x;0.1012;enthusiastic;skincare-first;;;;Welche unkonventionellen Dinge findet ihr an Männern attraktiv? Optisch auf jeden Fall Augenringe und viele Leberflecken. Das liebe ich!
0_218673_8_2015510846437265452;0.1012;satisfied;skincare-first;;;;Augenringe wie ein Waschbär https://t.co/Ja9boV8vht
0_221687_26_841096538576134;0.1012;satisfied;skincare-first;celebrity;;;Die BYONIK® HIGH ENERGY Anti-Aging Cream vereint innovative Peptidtechnologie mit der Power wissenschaftlich entwickelter Wirkstoffe: ✨ Antarcticine erhöht die Bildung von hauteigenen Kollagen und Elastin ✨ Matrixyl Synthe'6 stimuliert die Synthese von Kollagen, Fibronektin und Hyaluronsäure ✨ Juvin
0_219424_9_61600773181381747;0.1013;advisory;skincare-first;botox;;;Erklärung: Man sagt das man Schwarze nicht ansieht, dass sie alt sind und sie ist ja normal häufig und weil man das bei ihr dann wohl schnell sieht, sagt sie, dass sie seinen Botox machen lässt
0_219424_190_3931784244478304945;0.1013;advisory;procedure-curious;fillers,price;;;Arten von Augenringen? Sie sind nicht alle gleich! 🤔 Wenn dunkle Ringe um die Augen bemerkt werden, finden sowohl tiefe Veränderungen in den Stützstrukturen des Augenlids als auch oberflächliche Veränderungen in der Haut. Die Veränderungen hängen von unserer Genetik, Rasse, einigen Gesundheitszustän
0_219424_140_7658969931442081057;0.1013;neutral;procedure-curious;price;;;Abholung oder Lieferung direkt aus unserem 6.000 m² großen Outlet in Gevelsberg – so groß wie ein Fußballfeld, mit über 500 Sofas sofort verfügbar! Bestellung direkt auf dekadentliving.de (N3788H) möglich. Nur 2590,-€ bei Abholung. Statt: 9599,99- € 0% Finanzierung bei PayPal-Zahlung über unsere Hom
0_219424_190_3941900969766310477;0.1013;advisory;skincare-first;;;amino-acids;Sunekos Performa setzt direkt an der Ursache der Hautalterung an: in der extrazellulären Matrix, dem biologischen Stützgerüst unserer Haut.Die patentierte Formulierung kombiniert unvernetzte Hyaluronsäure mit einer exakten Sequenz aus Aminosäuren. Diese Wirkstoffe dienen den Fibroblasten – also den 
0_218673_126_t1_ny0ywdp;0.1013;neutral;skincare-first;;;;Vor paar Wochen schonmal was von dem gepostet immer noch so schlimm ja dann sehen die aber alt aus und er sieht genauso alt aus wie er ist.. finde sogar eher älter. Das Gesicht, die Haut, die Augenringe und Falten. Nur weil er bunte Tshirts trägt sieht er nich jünger aus xD
0_221687_126_t1_nmchj33;0.1013;satisfied;skincare-first;;;copper-peptides;"Kupferpeptide. Hat jemand Erfahrung? Hello, ich benutze das [Geek &amp; Gorgeous Power Peptides Serum](https://purish.com/products/geek-and-gorgeous-power-peptides?variant=45307170521355&amp;_pos=1&amp;_psq=power+pept&amp;_ss=e&amp;_v=1.0&amp;utm_source=SEO&amp;utm_medium=backlinks&amp;utm_campaign="
0_221687_140_7569949302555004171;0.1013;satisfied;skincare-first;;;pha;Bevor wir Kollagen in Riegeln abwerten: Es steht selten allein. In vielen Rezepturen kommt es zusammen mit Milchprotein vor. Dadurch rückt die Gesamtqualität näher an ein vollständiges Aminosäureprofil heran. Wichtig bleibt der Kern: Kollagen liefert kein Tryptophan. Als alleinige Proteinquelle träg
0_221687_190_3894911588072707178;0.1013;disappointed;skincare-first;;;;@miincosmeticsde Code : EEBEAUTY5MIIN Den Link zu allen Produkten findet ihr in meiner Bio ⤴️ @barulab_official 10-Hyaluron Blue Aqua Cleansing Gel@sioris_global Time Is Running Out Mist@meisaniofficial Plump Drops Hyaluronic Acid Serum@amuse Dew Power Vegan Cushion#koreanskincareproducts #kbeauty #
0_221687_190_3920828980028112552;0.1013;satisfied;skincare-first;spf;;glycerin;92 Prozent Skincare, der Rest Pigment. Ein Balm, der etwas Deckkraft gibt, aber als richtiger Feuchtigkeitsspeicher arbeitet.Die Textur des IT COSMETICS DO IT ALL SHEER TINT FACE BALM ruht fest im Tiegel, aber auf der Haut schmilzt er im Kontakt. Das liegt am pflanzlichen Candelilla-Wachs, das dem B
0_218673_126_t1_o9x3c1u;0.1014;disappointed;skincare-first;;;;Sammelthread - 9. Folge (11.03.2026) Ich kann das mit der Beleuchtung von jeder Szene in der Heidi ist nicht mehr. Der Currywurst Wagen steht wohl 5 Meter von der Sinne entfernt. Girl du bist alt und hast falten, das bringt auch nichts mehr wenn du dich nur nicht zeigst wenn dir eine 5000 W Glühbirn
0_218673_126_t1_ojle9nb;0.1014;disappointed;procedure-curious;;;;Vorstellung Mitternacht, die Wand vibriert  Du schreist schon wieder in dein Handy  Glas klirrt, der Flur ist voll  Dein Ego größer als die WohnungszahlDu trittst durch den Gang wie ein Sturm  Jede Tür ein Faustschlag in Holz  Dein Lachen frisst den letzten Schlaf  Du hörst nur dich, du hörst nur di
0_219424_140_7665004760864492832;0.1015;neutral;procedure-curious;price;;;Abholung oder Lieferung direkt aus unserem 6.000 m² großen Outlet in Gevelsberg – so groß wie ein Fußballfeld, mit über 500 Sofas sofort verfügbar! Bestellung sofort auf dekadentliving.de (N3837) Ware kann ab dem 23.07.2026 besichtigt werden. Nur 2490,-€ bei Abholung. Statt: 9499,€ 0% Finanzierung b
0_218673_126_t1_nf0m8in;0.1016;satisfied;skincare-first;;;;Pigmentflecken im Auge Das stimmt nicht ganz. Melanome streuen gern ja, aber die okulären streuen eigentlich nie.
0_218673_9_48116943515169736;0.1016;disappointed;skincare-first;;;;Mal abgesehen davon, dass es alles, was die Artists sich vorher gedacht haben überwirft und obsolet macht, indem es einfach Dinge wie Augenfarbe oder Hautfarbe verändert, sieht alles so aus, als wäre es nass. Warum glänzt alles so seltsam? Woher kommt das Licht? Teilweise sehen Materialien auch einf
0_221687_26_1389078056595675;0.1016;disappointed;skincare-first;price,spf;;;"🔥Schnäppchen✅Nur 6,99€ ❌statt 9,95€💰💰 Im Spar-Abo nochmal 5-15% günstiger➖➖➖➖➽ WELEDA Bio Hyaluronic Moisture Serum Drops – Hydratisierende Naturkosmetik Booster Drops Gesichtspflege mit Hyaluronsäure &amp; Snow Mushroom für strahlenden, frischen Glow (vegan, 30ml)➖➖➖➖➥ https://amzlink.to/az0pLOdpum"
0_218673_9_yt.GgbRfXQ4tas;0.1017;enthusiastic;skincare-first;;;;Anti-Falten Creme 🤭🤣 #martinahill #knallerfrauen #antifaltencreme #creme #comedy #shortvideo #lustig
0_219424_9_46785876990639395;0.1018;advisory;skincare-first;botox;;;Er hat immer so viel mit seinen Gesichtszügen gespielt. Warum sollte er sich Botox spritzen lassen? Das würde seine ganze Persönlichkeit zerstören. Vielleicht muss er Medikamente nehmen, die sein Gesicht aufdunsen lassen haben. 🤷🏼‍♀️ 10:00 Hier finde ich, sieht er auch so anders aus. Keine Ahnung. I
0_218673_9_42730143156497904;0.1018;enthusiastic;procedure-open;;;;Ich liebe ja den Sound von Elektromotoren. In meinem Ioniq 5N hört man das Jaulen auch so geil. Die 650PS drücken einem da schon die Falten aus dem Gesicht bei 3,4 Sekunden 0-100. Die Beschleunigung ist Asozial. Ich finde dieses Projekt ABSOLUT geil! 😍Würde ich auch sofort mal mitfahren 🤩
0_219424_15_65141936029067575;0.1019;neutral;procedure-open;botox,pressure;;;Kein Glätten, kein Verstecken: Warum Jo Woods Runway-Moment mit 70 so wichtig ist Offiziell startet die London Fashion Week am Donnerstag, dem 19. Februar, doch schon zwei Tage zuvor bekommen Fashion-Fans die neue Kollektion des Designer-Duo VIN + OMI zu Gesicht. Zwischen futuristischer Mode ist auc
0_219424_9_58805059487038440;0.1019;disappointed;skincare-first;botox;;;@kunst_kasi alter ihr seid wirklich alle so hängen geblieben, stop das Video an einer stelle wo beide zu sehen sind, gerade von der Seite, die Ohren sind die selben, die Mundzüge sind die selben, Nase die selbe, er hat vielleicht Botox sich ein paar falten wegmachen lassen oder Filler oder was auch 
0_219424_171_3947614764901441377;0.1019;satisfied;skincare-first;;;resveratrol;* Für Kollagen: 🫑 Paprika, 🥝 Kiwi, 🍇 Trauben (Vitamin C)* Für Anti-Aging: 🍇 Trauben (Resveratrol), ❤️ Rote Bete (Betalaine), 🫚 Ingwer (Gingerole), 🌰 Walnüsse (Polyphenole)* Für eine starke Hautbarriere: 🌰 Walnüsse (Omega-3, Vitamin E)* Für Hauterneuerung: 🫑 Paprika (Beta-Carotin), ❤️ Rote Bete (Fola
0_219424_26_1488967413277760;0.1019;satisfied;procedure-open;celebrity;;;https://www.promiflash.de/news/2026/07/27/anti-aging-tipp-shania-twains-ungewoehnliches-morgenritual.html Ausritt im Pyjama: Wie Shania Twain in der Schweiz ihren Morgen beginnt und warum es für sie mehr als nur eine Routine ist.
0_218673_126_t1_nse6os8;0.1019;disappointed;skincare-first;;;;Wie findest ihr die gelben Schnürsenkel zu den Stiefeln? Kommt auf das Material an, aber das ist kein spezielles Leder, denke mal Rind. Im Winter definitiv abbürsten, also Dreck und kleine Steinchen, da das langfristig abrasiv ist und das Leder aufrauht. Leder ist halt auch Haut, und wenn du die gan
0_218673_8_2023381475693920641;0.1019;disappointed;skincare-first;;;;Doch tun sie tatsächlich - weil Männer dickere Haut haben und Falten der Nummer 1 Alters-Indikator ist. Kannst du mir erläutern inwiefern Frauen das Altern vorgeworfen wird? @KopfVollKnete https://t.co/0EuKg6K0zR
0_218685_9_yt.9gtIk8zJVgk;0.1019;advisory;procedure-curious;laser,price;;;"Digitale Freiheit und Sicherheit: MibitLabs ebnet den Weg zur neuen Privatsphäre - FREIGEIST Crypto-Handy, Laptop &amp; Softwarelösungen von MiBitLabs: https://mibitlabs.com/mib/317/ Du willst Partner von MiBitLabs werden: https://shortbee.io/MiBitRefKDF🔍 Du willst mehr über die Speaker und ihre Vis"
0_219424_190_3949964029393237230;0.102;neutral;skincare-first;price;;;Du isst wahrscheinlich schon die richtigen Lebensmittel. Nur in den falschen Mengen. 🫐Das ist der Unterschied, über den kaum jemand spricht: Die Lebensmittel, die für dich arbeiten, unterscheiden sich fast nie vom Lebensmittel selbst sondern von der Menge.Die 11 Lebensmittel mit Tagesmengen:Heidelbe
0_218673_9_28645629482643327;0.102;disappointed;skincare-first;;;;Tiefe Linien und knittrige Haut Altersflecken 66 Jahre
0_221687_26_1302894075207221;0.102;enthusiastic;skincare-first;;;collagen;Alles drin, was deine Haut braucht ✨ Von Kollagen-Peptiden über Vitamine bis Biotin und Zink, für gezielte Pflege von innen._Everything your skin needs ✨From collagen peptides to vitamins, biotin and zink, for targeted care from within.#collagen #peptides #nutritions
0_218685_23_35405739218056903;0.1021;satisfied;skincare-first;;;;Cellular Epigenetics Verjüngendes Serum [Diese Bewertung wurde im Rahmen einer Werbeaktion gesammelt.] Das Nivea Cellular Epigenetics Serum sorgt in nur wenigen Tagen für ein strahlendes und aufpolsterndes Aussehen. Die drei Arten von Hyaluronsäure versorgen die Hautschicht mit sehr viel Feuchtigkei
0_219424_126_t1_o10lc52;0.1022;satisfied;skincare-first;;;;Wie kann ich meine Haut retten, UV strahlen sind auch im Winter da. Nur weil es nicht warm ist, heißt es nicht, dass die Strahlen nicht trotzdem zur Hautalterung beitragen...
0_219424_9_46282715683872979;0.1022;enthusiastic;procedure-curious;;;;Joan Collins ist unglaublich jung geblieben, wenn auch mit Schönheitsoperation. 🤔😲👌
0_219424_26_1631042589023047;0.1022;neutral;procedure-open;;;;Der Betriebsleiterlehrgang unternahm in der letzten Schulwoche eine abwechslungsreiche Abschluss-Exkursion nach Slowenien und Kroatien.In Kroatien stand die Besichtigung eines Milchviehbetriebes auf dem Programm. Anschließend besuchten die Schülerinnen und Schüler den slowenischen Standort des Landm
0_219424_190_3946309983368708874;0.1022;advisory;procedure-curious;;;;Ganz ehrlich... 😱 ich würde niemals irgendwo meine Lippen machen lassen, ohne vorher genau zu wissen, was überhaupt in meine Lippen gespritzt wird.Ich glaube, ganz viele wissen gar nicht, dass Hyaluron nicht gleich Hyaluron ist.Es gibt weichere Präparate.Festere Präparate.Unterschiedliche Vernetzung
0_221687_26_1286029270227262;0.1022;satisfied;skincare-first;;;niacinamide;Hyaluron Activ B3 ist deine Anti-Aging-Lösung mit Hyaluronsäure und Niacinamid für +85% Regeneration der Hautzellen. https://bit.ly/4bxcKrv
0_219424_140_7663034261246709014;0.1023;disappointed;procedure-open;;;;Ein 2.000 Jahre altes Objekt vom Meeresgrund, das die moderne Wissenschaft bis heute vor Rätsel stellt: Der Antikythera-Mechanismus. ⚙️ Er gilt als der erste analoge Computer der Menschheit – doch wie war eine solche Technologie in der Antike überhaupt möglich? ⏳ Was glaubst du: Geniestreich oder ve
0_218673_8_2026974005836619979;0.1023;enthusiastic;procedure-curious;;;;@kuni_nadler Krähenfüße (die falten am augenrand)(wir sind halt auch echt witzig)
0_218673_9_7573246384082276;0.1023;disappointed;procedure-curious;;;;Er hat investiert in Dubai und alles geht den Bach runter. Guck mal seine Augenringe
0_221687_140_7581221732506144022;0.1023;satisfied;skincare-first;;;;Pack A ist meine tägliche Anti-Aging-Power aus der Natur. Mit hochkonzentrierten Antioxidantien schützt es meine Zellen vor oxidativem Stress, unterstützt ein frisches Hautbild und bringt meinen Körper von innen zum Strahlen. Rein. Wirksam. Vegan. 💚                                                   
0_219424_9_55295865219276387;0.1024;enthusiastic;skincare-first;botox;;;Hallo!!!! Die Augenfarbe kann sich nicht vom Botox ändern!!!! Was redest du denn da für ein Blödsinn???? Das ist nicht Jim Carrey!!!
0_219424_26_1744331764083093;0.1024;advisory;procedure-curious;spf;hyaluron-filler;;Skinbooster: Der Feuchtigkeitsboost von innenGerade im Sommer wird unsere Haut besonders gefordert. UV-Strahlung, Hitze, Klimaanlagen und trockene Luft können dazu führen, dass sie an Feuchtigkeit verliert und müde oder fahl wirkt. Genau hier setzen Skinbooster an.Im Gegensatz zu klassischen Hyaluro
0_218673_126_t1_o0g7s4k;0.1024;satisfied;skincare-first;;;;Wirkung von Koks So, OP wech.Hoffentlich geht der auf eve rave, die falten ihn ganz anders zusammen und manch Mod haut aus dem Nichts einen übelsten Roast raus.
0_218673_126_t1_o8y94zo;0.1024;neutral;skincare-first;;;;Findet ihr Menschen die in ihrer Jugend viel gefeiert, Alkohol getrunken und geraucht haben sehen viel älter aus als sie sind? Meine Augenringe sind um 200% größer geworden. Wie im Sims charakter Editor wenn du den regler auf maximum schiebst.
0_218673_9_67154854933368619;0.1024;disappointed;procedure-curious;;;;Wow wow wow die haben das verdammt gut geschnitten und wir können uns auf was tollen freuen. Hier wird in kurzen Frequenzen gezeigt wie einsam Harry ist und nicht wie in den Filmen übertrieben das es fast wie eine Komödie wirkt nein Harrys Einsamkeit ist sichtbar den Blick aus dem Zug zu Ron und des
0_219424_9_yt.x66QxB9F8Ak;0.1025;enthusiastic;procedure-curious;botox;;;"DEINE EINZIGARTIGE SCHÖNHEIT IST DEIN KAPITAL – WARUM WAHRE SCHÖNHEIT VON INNEN KOMMT DEINE EINZIGARTIGE SCHÖNHEIT IST DEIN KAPITAL –WARUM WAHRE SCHÖNHEIT VON INNEN KOMMTUSA GLOBAL TV® &amp; RADIOPRÄSENTIERTBACK2PARADISE – Your Smile is Your KeyMIT RENEE AMBAREES ISERMANNFEATURED GUESTSOLO EPISODE M"
0_219424_190_3933440346169712670;0.1025;enthusiastic;procedure-curious;;;;"Dezent fertig vom stundenlangen Tanzen, aber ein Erinnerungsfoto musste einfach noch sein 🤭. Denn neben den gewonnenen Tickets von @zillo_1989 &amp; @plusweltpromotion für das @eastside_festival, hat mir @veto.lestard von @antiagemusic die @orkus_magazin Ausgabe - mit dem Foto von @kaaleidoskop - pa"
0_219424_190_3937451002769594540;0.1025;advisory;skincare-first;;;;Entdecke das Avon Lippenstift-Set in Nude und Ultra Matte mit Vitaminpflege plus die Chogan Aurodhea Anti-Aging Augen- und Gesichtscreme mit Hyaluron – für strahlende Schönheit täglich! 💄✨ #Avon #Chogan #Beauty #Pflege #Hyaluron #eBay #eBayShop #eBayVerkäufer #EnthältMineralien #Tierversuchsfrei #En
0_221687_190_3869433163013736919;0.1025;advisory;skincare-first;;;niacinamide;"Die neuen Plump Drops Hyaluronic Acid Serum von Meisani sind da für pralle, hydratisierte &amp; glowy Haut ✨Mit 8x Arten von Hyaluronsäure, veganem Kollagen &amp; Niacinamid🫰#PlumpDrops #glassskingoals #koreanischekosmetik #niacinamideserum"
0_219424_9_yt.xpY-T7EtSl0;0.1026;satisfied;skincare-first;price;;;Peptide Serum für glatte Glow-Haut ✨ ✨ Hydratisierte, glattere und straffer aussehende Haut beginnt hier 🤍Unser Peptide Anti-Aging Serum kombiniert Peptide, Hyaluronsäure und antioxidative Inhaltsstoffe, um die Haut intensiv mit Feuchtigkeit zu versorgen und feine Linien glatter erscheinen zu lassen
0_219424_9_2471762607790901;0.1026;enthusiastic;skincare-first;;;;Ich fühle bei Sabrina ultra die manipulativen vibes und dass sie extra mit ihrem Ex spielt. Bspw. dass sie da mit Spagat quasi in seinem Gesicht rumtanzt. Und ich glaube, dass sie diese Situation mit der SchönheitsOP absichtlich für sich genutzt hat um ihn scheiße darzustellen. Und dass er sie halt 
0_219424_26_1688148339984960;0.1026;satisfied;skincare-first;spf;;spf;Was passiert eigentlich mit unserem Kollagen in der Sonne?Wir alle lieben die Sonne – sie hebt die Stimmung und schenkt uns einen schönen Teint. Doch unsere Haut sieht das leider etwas anders.Schon bei intensiver UV-Strahlung entstehen sogenannte freie Radikale. Sie greifen die Kollagen- und Elastin
0_219424_140_7657252180667272481;0.1027;neutral;procedure-curious;price;;;Abholung oder Lieferung direkt aus unserem 6.000 m² großen Outlet in Gevelsberg – so groß wie ein Fußballfeld, mit über 500 Sofas sofort verfügbar! Bestellung direkt auf dekadentliving (N3743A) möglich. Nur 2290,-€ bei Abholung. Statt: 9299,99- € 0% Finanzierung bei PayPal-Zahlung über unsere Homepa
0_219424_190_3940572360830930636;0.1027;satisfied;skincare-first;;;zinc;Wissenschaftliche Ausstrahlung: Die einzigartige Formel von GlowfinityMehr als nur Kollagen: Ein wissenschaftlich optimierter Komplex!Glowfinity bietet 4 starke Wirkstoffe – Kollagen, PHGG, Astaxanthin und Zink – kombiniert in nur einer Portion.✅ NAG (Zelluläre Feuchtigkeit)✅ Zink (Zellschutz)✅ Bioa
0_218673_8_2015087228943311245;0.1027;advisory;skincare-first;price,spf;;niacinamide;💰 Nur 14,99€ statt 23,99€📍 60 ml. Hochdosiertes Bio Hyaluron Serum mit Niacinamid, B5, Vitamin C und Aloe. Vegane Anti-Aging Gesichtspflege-Feuchtigkeitscreme. Hyaluronsäure serum für das Gesicht mit Anti-Falten-Wirkstoffen👍9,042 Bewertungen: 4.3… https://t.co/bPgOmUfIeg https://t.co/t5JTwvAifK
0_218673_126_t1_o1p64k0;0.1027;advisory;skincare-first;spf;;;Face SPF - Holy Grail gesucht 🌸 Also in Winter ist mein Holy grail SKIN1004 Centella sunscreen (weiss mit blauer Deckel) aber in Summer ist mein Holy grail und  BESTE SONNENCREME aller Zeiten= La Roche Posay Anthelios Anti-Pigmentflecken Fluid UV Mune 400 LSF 50+ mit Melasyl
0_219424_8_2081402917395828898;0.1028;neutral;skincare-first;botox;;;@vivienne_huber Frau Huber wider zurück im Selfie-Modus.Sie scheinen sich mehr an Russischen Frauen zu orientieren. Kaum eine, die man man auf X jammern sieht, ohne Botox-Lippen.
0_219424_190_3950040531252667177;0.1028;satisfied;skincare-first;;;;Mit dem Nescens Skin Energy Serum beginnt Anti Aging dort, wo es entsteht – auf zellulärer Ebene. Die innovative Formel unterstützt die natürliche Energieproduktion der Haut, spendet intensive Feuchtigkeit und verleiht sichtbar mehr Festigkeit, Strahlkraft und Vitalität.Erleben Sie Schweizer Hautpfl
0_221687_26_1575649874560247;0.1028;advisory;skincare-first;;;niacinamide;"🌸 HANSKIN Pink Lotus PDRN Hyaluron Glow Serum✨Intensive Feuchtigkeit &amp; natürlicher Glow in einem leichten, schnell einziehenden Serum 💧Mit PDRN, Hyaluron &amp; Niacinamide für ein glatteres, strahlenderes Hautbild 🌿_______#hanskin #pdrn #hyaluronserum #glowingskin #koreanskincare #kbeautyhouse #"
0_219424_190_3942614687801269378;0.1029;satisfied;skincare-first;spf;;coq10;Unser nurnatur Hyaluron Serum hydratisiert nicht nur oberflächlich, sondern entfaltet sein Potenzial in verschiedenen Hautschichten.Denn nicht die Menge an Hyaluron ist entscheidend, sondern die Struktur. Die innovative Formel kombiniert zwei Molekülgrössen, gezielt abgestimmt auf die Bedürfnisse de
0_219424_8_2081340846989775016;0.1029;advisory;skincare-first;;;;Der typische Körpergeruch, den viele Menschen ab etwa 60 Jahren bei sich oder anderen bemerken, ist ein völlig natürliches, biologisches Phänomen. Er hat nichts mit mangelnder Hygiene zu tun, sondern ist das Ergebnis chemischer Prozesse im Körper, die im Zuge der Hautalterung ablaufen.Die chemische 
0_218673_126_t1_ovli8xt;0.1029;advisory;skincare-first;;;;"Wann sticht euch eine Frau ins Auge ? Ist mir bewusst. Ich hab nur m18-20 gelesen und ""mit make Up geht das"" gelesen und war verwirrt. Auch wenn ich jetzt hierfür gedownvotet werde. Aber ich werde nicht verstehen warum Männer wie auch Frauen sowas benutzen. Aber gut. Pflegeprodukte sind jetzt davon "
0_218673_126_t1_ovpzcm4;0.103;disappointed;skincare-first;;;;Es gibt nichts, was dagegen spricht, vegan zu sein. Veganer glauben immer sie würden alle Nährstoffe bekommen und können dir stundenlang etwas über Studien erzählen, aber ich kenne so verdammt viele Veganer die einfach nur fix und fertig aussehen. Mit jungen 30 schon graue Haare, falten und sehen ei
0_219424_126_t1_nx827yk;0.1031;advisory;skincare-first;retinol,peel,spf;;spf;Tipps zur Hautpflege: welche Produkte brauche ich wirklich? Fast 60 Jahre alt, nicht mit dem Routine-Zwang alt geworden und ich hab trotzdem eine gute, schöne Haut. Reinigen, Sonnenschutz am Tag (ich nehme den von Isana) , Nachtcreme (Retinol oder Hyaluron, je nach Bedarf) - das wars. Ab und an ein 
0_219424_126_t1_o7ksta6;0.1031;advisory;skincare-first;botox,peel;;;Eure Meinung zu Sydney Sweeny? Nee, es geht um Haare färben, Augenbrauen färben, Wimpern färben, Lippen Blushing, Botox, Filler, Peelings. Die Frau ist auf dem Bild ja nicht ungeschminkt, hat Perma-Makeup.
0_218673_9_yt.qTaMb6ZQhcc;0.1031;enthusiastic;procedure-curious;retinol,price,peel;peeling;;HANNOVER VLOG ✨ DALTON Weihnachten Event 2025 #beauty #natalinordbeauty #beauty #event #skincare #vlog #new #tips in diesem VLOG nehme ich euch mit auf die Reise nach Hannover.Dalton hat für uns ein wunderschönes Event vorbereitet.Ich habe mich sehr gefreut meine Dalton Mädels wieder sehen!Schaut da
0_218673_126_t3_1r7097k;0.1031;advisory;procedure-curious;price;;;"im a simple man I want the camera to be below her while she rests her arms against the back of the sofa's headrest.[https://grok.com/imagine/post/d360d4e0-e82b-49c5-b57c-c7d44a84348f?source=post-page&amp;platform=web](https://grok.com/imagine/post/d360d4e0-e82b-49c5-b57c-c7d44a84348f?source=post-pag"
0_218673_9_53461449601310824;0.1031;disappointed;skincare-first;;;;"Sollte es bei der Snape Besetzung bleiben, weiß ich als riesen HP Fan seit 1999 nicht, ob ich die Serie schauen kann... ""Fahle Haut, lange, fettige, schwarze Haare""... Dies alles hat der Darsteller nicht und eine so essentiell wichtige Figur optisch so darzustellen, ist meiner Meinung nach ein riese"
0_218673_126_t1_oxy2tr3;0.1031;neutral;skincare-first;;;;Sie sind Dämonen wartet bis die herausfinden, dass es trotz menschlicher varianz halt anatomische merkmale gibt, die dazu führen, dass es verschiedene, jedoch reproduzierbare falten auf der haut eines menschen gibt
0_219424_126_t1_ow1qze8;0.1032;enthusiastic;skincare-first;botox;;;Findet ihr so hyperfeminine/barbiehafte Styles bei Frauen attraktiv? Hier ist vieles durcheinander, also helfe ich mal ein bisschen einzusortieren:**Kommt gut an:*** ~~hyper~~feminin**Neutral / Geschmackssache:*** blondiert* pinke Kleidung* eher enge/knappe Stücke* glam Make-up**Bitte nicht:*** oper
0_219424_190_3936220603784337416;0.1032;advisory;skincare-first;botox;;;Wusstest ihr dass es sowas wie Face Tapes gibt ?? 👀👀 #skincare #facetapes #botox #faltenfrei
0_219424_140_7665712114346036512;0.1032;satisfied;skincare-first;;;resveratrol;* Für Kollagen: 🫑 Paprika, 🥝 Kiwi, 🍇 Trauben (Vitamin C) * Für Anti-Aging: 🍇 Trauben (Resveratrol), ❤️ Rote Bete (Betalaine), 🫚 Ingwer (Gingerole), 🌰 Walnüsse (Polyphenole) * Für eine starke Hautbarriere: 🌰 Walnüsse (Omega-3, Vitamin E) * Für Hauterneuerung: 🫑 Paprika (Beta-Carotin), ❤️ Rote Bete (F
0_219424_8_2081468054710665506;0.1032;advisory;skincare-first;spf;;spf;Garnier Anti-Aging Sonnencreme mit LSF 50, Sonnenschutz mit Hyaluron und Vitamin B gegen Falten und Trockenheit, Ambre Solaire, 1 x 50 ml https://t.co/vqyYnAz8SJ
0_218673_8_1951345973591994805;0.1032;advisory;skincare-first;price;;;"💰 Nur 8,99€ statt 15,99€📍 60ml Bio Hyaluron Serum mit Vitamin C, E. Hochkonzentriert Anti-Falten, Anti-Aging &amp; Dunkle-Flecken. Hyaluronsäure-Gesichtsserum, Ideal als Augenkonturcreme. Dermaroller Essence. Vegane Naturkosmetik👍122,935 Bewertungen:… https://t.co/BeW5tkHgmS https://t.co/5748Mse6Bc"
0_218673_23_57887983584493603;0.1032;advisory;skincare-first;;;;Spürbar frisch: Meine Erfahrung mit dem neuen NIVE DasDas neue Cellular Epigenetics Serum von NIVEA setzt auf den innovativen Wirkstoff EPICELLINE® und drei Arten von Hyaluronsäure, um die Hautzellen zu aktivieren und intensiv mit Feuchtigkeit zu versorgen. Ergänzt wird dies durch die patentierte Ag
0_218673_8_2042599592198279504;0.1032;disappointed;skincare-first;;;;Attraktivität ist keine Sexualisierung! Eine Frau oder ein Mann kann auch komplett, ohne Haut zu zeigen, angezogen sein, und für Mode werben.Eine 120 Kilo Frau mit Doppelkinn wird eben trotzdem schlechter aussehen, und damit auch schlechter die Kleidung präsentieren als eine attraktive Frau. Was hat
0_219424_9_yt.0DJp2Dz3Skw;0.1033;enthusiastic;skincare-first;;;;Alter 75–85: Wenn Sie Diese 6 Dinge Noch Tun, Sind Sie Wirklich Außergewöhnlich 🌟 Alter 75–85: Wenn Sie diese 6 Dinge noch tun, sind Sie wirklich außergewöhnlich! 🌟In diesem inspirierenden Video entdecken Sie 6 erstaunliche Gewohnheiten und Fähigkeiten, die nur wenige Menschen im hohen Alter noch be
0_219424_190_3935425311494521758;0.1033;advisory;skincare-first;spf;;niacinamide;1. Die richtige Textur für deinen Hauttyp wählen ✌️Viele kaufen nach SPF-Zahl statt nach Hauttyp.Fettige, unreine, zu Akne neigende Haut:* Fluid* Gel-Creme* Oil-Free* Nicht komedogen* Leichte MilchNormale bis Mischhaut:* Fluid oder leichte CremeTrockene Haut:* Reichhaltigere Creme* Zusätzliche Feuch
0_219424_140_7659792365833489686;0.1033;enthusiastic;skincare-first;;;;"Hast du dich schon jemals gewundert, für was dieser ""Trichter"" denn genau gut ist, den ihr immer wieder auf unseren Videos seht? Dann seid gespannt! In diesem Video beantworten wir es dir! 😉 Schwirren dir noch andere Fragen im Kopf herum? Dann lass es uns in den Kommentaren wissen! 👇 #Brustvergrösse"
0_219424_8_2079454938241929547;0.1033;satisfied;skincare-first;botox;;;@PDHyslop @VolkerPetzer Färben, glätten und n büschn Botox. Komplett neu, gell? Was so n bissl Haarfarbe alles verändern kann. Irre.
0_218673_126_t1_ne7nr3p;0.1033;advisory;skincare-first;;;;Miese Augenringe Man kann Face Yoga Übungen gegen Augenringe machen: https://youtube.com/shorts/DiZ_26RM3rA?si=L1wWrxymRvi3B2GHSchon mal ausprobiert?
0_218673_9_30558753255898709;0.1033;enthusiastic;skincare-first;;;;Hallo, liebe Nadine. Dein heutiges Video war toll. Als du im Auto gesessen hast, haben mich deine grünen Augen geflascht. Die Augen waren grüner als die vom Bali. Und Augenringe hast du keine. Viel Spass beim Geburtstag feiern. Und einen lieben Geburtsgruss an Cengizs Mutter.
0_219384_8_2039968522650918970;0.1033;enthusiastic;skincare-first;laser;;;"@Angelinaprivat3 In der DISCO SZENE würde man folgendessagen: ""Das ist die Beauty mit demSpeed Laser Blick""!! (lol)"
0_219424_126_t3_1u8davm;0.1034;neutral;skincare-first;price;;;DNA Testergebnisse sind zum Heulen! Ich habe sowohl für mich, meine Eltern, Kinder und meinem Mann bei MyHeritage DNA-Tests machen lassen. Ich finde es unheimlich interessant, woher in etwa die Gene stammen und in wie weit sie uns zum Beispiel heute optisch noch beeinflussen.​Natürlich habe ich dami
0_219424_190_3932309735730904435;0.1034;enthusiastic;skincare-first;;;;Fishy filler zum Ärmchen nach oben formschöm zu schließen - Schablönchen hat auch fast gepasst, mussten ihr nur mal fix den Schwanz brechen und neu zusammenflicken 😆 Und wieder ein Stückchen Vanny-Haut weg 💚#tattoo #tattoodresden #mermaid #mermaidtattoo #fishy
0_218673_8_2016608590732120347;0.1034;enthusiastic;skincare-first;;;;Die Augenringe von Ariel haben Augenringe #ibes
0_218673_8_2032761105089437777;0.1034;advisory;procedure-curious;;;;"@ZentraleV Was sieht man da?Eine Frau(?), die eine gespaltene Persönli ... äh ... Frisur(?) hat.Einen alten Mann, der zu kleine Kleidung übergezogen hat und mit ""kämpferischer"" Mine in die Kamera schaut undeine Frau, die mehr Falten in ihrer Hose hat, als Inge Meysel im Gesicht hatte."
0_219424_126_t1_nzb0jp5;0.1035;disappointed;procedure-open;botox;;;My mother has changed a lot since the divorce and that trip to Jamaica, The gym, the lips, the Botox, the boobs... What's going on with her? ♥️ Sie fängt an zu leben 🥰
0_219424_190_3930143128891972317;0.1035;advisory;skincare-first;price,spf;;spf;"☀️ Sonnenschutz ist die beste Anti-Aging-Pflege!Wusstest du, dass rund 80 % der sichtbaren Hautalterung durch die Sonne verursacht werden?Doch nicht nur die Sonne – auch Blaulicht von Handy, Laptop &amp; TV kann deine Haut belasten. 📱Ein hochwertiger Sonnenschutz ist ein absolutes Must-have – das ga"
0_218673_9_15098407075113955;0.1035;enthusiastic;skincare-first;;;;Du hast einfach keine Augenringe wie???😍
0_218673_126_t1_njhw4x1;0.1035;disappointed;skincare-first;;;;Wahre Liebe Warum haben diese Art Leute eigentlich immer Augenringe wie ein Waschbär?
0_218673_9_52703437379188281;0.1035;enthusiastic;procedure-curious;;;;Juuungs...ich freu mich mega auf diese Ark Nummer aber mal ganz kurz: ihr seht total fertig aus 😮😮😮 beide totale Augenringe...gehts euch gut?????😢
0_218673_126_t1_owcch01;0.1035;advisory;skincare-first;;;;"Was sind eure ""unpopular Red Flags"" die ihr in den Profilen lest? Hatte mal aus Spaß angefangen ein paar Red Flags für mich aufzuschreiben:  Tiermuster auf KleidungFeminismus (hat nichts mehr mit Gleichberechtigung zu tun)Weichzeichner der jede Hautfalte wegbügeltZu viel MakeupUnpassendes MakeupSpri"
0_219424_15_44525622801460090;0.1036;enthusiastic;skincare-first;price;;;Klimaanlage und Ventilator – Gesundheit gefährdet oder Irrtum? (Bildquelle: IMAGO / Pond5 Images / Bildbearbeitung GIGA) Wenn ihr im Sommer zu Hause nur noch schwitzt, sind Klimaanlage und Ventilator echte Segen. Aber was bedeutet das für eure Gesundheit? Klimaanlagen können vor hitzebedingten Todes
0_219424_26_1617076943756106;0.1036;disappointed;procedure-curious;;;;"Warum haben so viele Menschen diese Sehnsucht nach prachtvoller Gestaltung ?  Das Residenzschlossensemble in Neustrelitz ist nur noch in Teilen vorhanden. Um eine Gestaltung des leeren Schlossberges wird gerungen. Die heute maßgeblichen Stellen sehen ""moderne"" Gestaltung als alternativlos an, fast i"
0_218673_15_61349709979119387;0.1036;enthusiastic;procedure-open;botox,laser,price,peel;microneedling;;"Schönheitseingriffe: Ist Botox doch voll ok? Unsere Autorin wuchs in den frühen Zweitausendern auf. Für sie war lange Zeit klar: Botox ist nur etwas für Hollywoodstars. Doch in den letzten Jahren hat sich das Image von Schönheitseingriffen gewandelt. Und sie fragt sich: Sollte sie da nachziehen? ""Wa"
0_218673_8_2025536356936761586;0.1036;enthusiastic;skincare-first;;;;@apollo_news_de @FrankfurtZack Sexy Tränensäcke. 😍
0_219424_9_4033377733996305;0.1037;satisfied;skincare-first;botox;;;An alle die hier sowas schreiben wie Botox Schwestern etc.: Der Schönheitsstandard bei Frau ist nach wie vor: jung, glatt und makelos. Aber wehe eine Frau tut dann was, um diesen Standard aufrecht zu erhalten. Das ist auch wieder falsch. Unter Filmen in denen Männer die Hauptrollen spielen lese ich 
0_219424_9_yt.Z2cB7wUEpzY;0.1037;enthusiastic;skincare-first;;;;Ich bin 73, sehe aus wie 30 🥬 Was Chef Babette Davis isst #ChefBabette #AntiAgingErnährung #VeganerLebensstilIch bin 73, sehe aber aus wie 30 – erfahren Sie, was Chef Babette Davis jeden Tag isst, um jünger auszusehen.Entdecken Sie die Geheimnisse der pflanzlichen Ernährung und der ganzheitlichen Ge
0_219424_140_7659757073235856673;0.1037;neutral;procedure-curious;price;;;Abholung oder Lieferung direkt aus unserem 6.000 m² großen Outlet in Gevelsberg – so groß wie ein Fußballfeld, mit über 500 Sofas sofort verfügbar! Bestellung sofort auf dekadentliving.de (N3780G) Nur 2290,-€ bei Abholung. Statt: 9299,99€ 0% Finanzierung bei PayPal-Zahlung über unsere Homepage.   • 
0_218673_9_20796536947023816;0.1037;satisfied;skincare-first;;;;Ich finde das unter den Augen sieht aus wie Augenringe. Das finde ich aber generell bei koreanischem make Up. Ansonsten super schön!
0_218673_126_t1_o436dfa;0.1037;advisory;skincare-first;botox;;;Kollagen Supplements Hast du dabei zugenommen? Isst du sonst vegetarisch? Das sind nämlich auch so Korrelationen. Dazu kommt dass Falten und Hautdichte hormonell bedingt sind ab Alter XY, also Genetik kommt dazu.Ist nicht ganz so einfach! Wie immer sind die easy Hacks leider nicht so wirklich der Br
0_219424_126_t1_oqmdwyf;0.1038;neutral;skincare-first;botox,price;;;"Es gibt keinen Unterschied zwischen einem Mensch und einer KI, da das Gehirn wissenschaftlich gesehen eine Rechenmaschine ist. Das bezieht sich daher auch auf die Kunst und alles andere was Menschen erschaffen. Was, nein?Nach deiner ""These"" würden Neurotoxine die NT angreifen nicht existieren. Botul"
0_219424_140_7657915402399386913;0.1038;neutral;procedure-curious;price;;;Abholung oder Lieferung direkt aus unserem 6.000 m² großen Outlet in Gevelsberg – so groß wie ein Fußballfeld, mit über 500 Sofas sofort verfügbar! Bestellung sofort auf dekadentliving.de (N3797L) Ware ist eingelagert und wird auf Wunsch aufgebaut. Nur 2190,-€ bei Abholung. Statt: 9199,99 € 0% Finan
0_219424_126_t1_ozmx7t3;0.1038;disappointed;skincare-first;botox;;;Tom wirkt wie Bills toxischer Boyfriend, oder? Ich glaube, dass das Filler und Botox ist. Die Lippen werden auch mit jeder Staffel praller.
0_218673_8_2047562503362630072;0.1038;enthusiastic;skincare-first;;;;"Ihr wünscht euch eine makellose Augenpartie ganz ohne dunkle Schatten? Wir verraten euch, auf welches Kult-Produkt Emily Blunt für ihren strahlenden Auftritt in New York setzte.""Der Teufel trägt Prada 2""-Premiere: Emily Blunt setzt gegen Augenringe auf d… https://t.co/O00BMxpqaB https://t.co/I14B2GV"
0_221687_26_1349128300566118;0.1038;satisfied;skincare-first;retinol,spf;;retinol;"✨ Nano-Retinal Luxury Cream ✨Exklusiv bei Visage CosmeticEine hochwirksame Anti-Aging Creme mit 0,1 % liposomalisiertem Nano-Retinal, entwickelt für anspruchsvolle Haut, die sichtbare Ergebnisse erwartet.🌙 Dermatologisch getestet💎 Reduziert sichtbar Falten &amp; feine Linien💎 Unterstützt die Hautern"
0_219424_140_7656893060474883361;0.1039;advisory;skincare-first;;;;"L'Oréal Paris Glass Skin Duo - Feuchtigkeits-Fluid &amp; Hydrogel Maske, für aufgepolsterte &amp; glowy Haut, Hyaluronsäure-basiert, Revitalift Filler #lorealparis #summerdeal #skincaretips @lorealparis.de"
0_219424_26_1445388937620922;0.1039;satisfied;skincare-first;;;;Die Früchte des Bocksdorns (Goji-Beeren) gelten als gesundes Superfood, doch die Blätter der Pflanze enthalten deutlich höhere Konzentrationen bestimmter Flavonoide, die eine starke Anti-Aging-Wirkung entfalten!😃👉https://www.heilpraxisnet.de/naturheilpraxis/bocksdorn-zeigt-starke-anti-aging-wirkung-
0_219424_140_7665682629290642720;0.1039;advisory;skincare-first;peel;;;"Bio-Microneedling – schon mal davon gehört? 👀 In meiner Story habe ich euch gefragt, ob ihr Bio-Microneedling kennt. Die meisten von euch haben mit „Nein"" geantwortet – deshalb wollte ich euch heute einen kleinen Einblick geben. 🤍 Das Besondere daran: ✨ Mikronadeln natürlichen Ursprungs aus einem Sü"
0_219424_126_t1_oq9fwci;0.104;disappointed;procedure-curious;botox,price;;;"""Für eine Hochzeitsrede bekomme ich etwa 1.800 Euro"" | Kontoauszug - ZEIT Online Deutschland fehlt einfach ein eigenes ""Las Vegas"": Glückspiel, schnell heiraten, schnell scheiden lassen, sich volllaufen und sich das Hirn abzünden für den Junggesellenabschied. Und sich von einem Udo Lindenberg oder H"
0_219424_190_3936585858623369420;0.104;satisfied;skincare-first;;;pdrn-skincare;"🌸 Frische &amp; Glow!⁠Das HANSKIN PDRN Hyaluron Glow Serum spendet Feuchtigkeit, polstert auf und sorgt für einen strahlenden, glatten Teint ✨⁠______⁠#hanskin #pdrn #kbeauty #kbeautyhouse"
0_218673_126_t1_owrkjbb;0.104;advisory;skincare-first;;;;Was ist eure Meinung zu Makeup? Ich nutze manchmal etwas, um Augenringe zu verbergen. Habe sowieso schon tiefe Augen, aber wenn dann noch so ein dunkler Schatten von Übermüdung (hab zwei kleine Kinder) dazu kommt, find ich es nicht schön mich im Spiegel oder auf Fotos zu sehen.Bei Frauen find ich ma
0_219404_15_27788697093272706;0.104;enthusiastic;skincare-first;price,spf;;glycerin;"Shampoo für Glänzendes Haar – Die 15 besten Produkte im Vergleich Empfohlene Produkte im Bereich „Shampoo für Glänzendes Haar"" Wir haben Produkte im Bereich „Shampoo für Glänzendes Haar"" miteinander verglichen und Empfehlungen für Dich zusammengestellt. Hier findest Du die Top 15 im Bereich „Shampoo"
0_219424_9_45994658805041266;0.1041;disappointed;skincare-first;botox;;;Wie Emmy letztens meinte alles russische Gene bla bla außer ihr Mund bewegt sich ja garnicht mehr im Gesicht so krass ihr Kinn auch so steif alles vom Botox genau russische Gene 😂
0_218673_126_t3_1tjfojv;0.1041;advisory;skincare-first;;;amino-acids;Kollagen-Cremes: Hype oder Wissenschaft? Dermalogica's neuer Ansatz mit Peptid-/Aminosäurekomplex erklärt Wir alle kennen das: Kollagen ist überall. Aber mal ehrlich – kann ein Kollagenmolekül wirklich durch die Haut eindringen? Die kurze Antwort: eher nicht. Kollagenmoleküle sind schlicht zu groß.D
0_218685_126_t1_net9f3t;0.1041;disappointed;procedure-curious;botox;;;Das bewegt Deutschland mal wieder... Typisches narzisstisches Familiendrama in der Öffentlichkeit ausgetragen. Da hat der Bengel, der nie gelernt hat mit Geld umzugehen, unweigerlich egoistisch gehandelt, er wurde dafür medial ins Visier genommen (was er wahrscheinlich auch noch gut fand, befriedigt
0_221687_190_3750532621349472755;0.1041;advisory;skincare-first;;;;DAS Hyaluron-Serum von NEOSINOFür strahlend glatte, intensiv gepflegte Haut. 💧Das Premium-Hyaluron-Serum von NEOSINO vereint vier Arten hochwirksamer Hyaluronsäure mit modernen Peptiden und Antarcticine. Diese Kombination spendet intensive Feuchtigkeit, unterstützt die natürliche Elastizität der Hau
0_221687_26_1449412383859468;0.1041;advisory;skincare-first;;;;DAS Hyaluron-Serum von NEOSINOFür strahlend glatte, intensiv gepflegte Haut. 💧Das Premium-Hyaluron-Serum von NEOSINO vereint vier Arten hochwirksamer Hyaluronsäure mit modernen Peptiden und Antarcticine. Diese Kombination spendet intensive Feuchtigkeit, unterstützt die natürliche Elastizität der Hau
0_221687_190_3907021835004525032;0.1041;satisfied;skincare-first;;;niacinamide;"💧 Crystal Skin TonerSpendet sofort Feuchtigkeit, beruhigt die Haut und gibt den perfekten Glass-Skin-Glow für strahlende Haut. ✨ Crystal Skin SerumMit Hyaluron, Squalan &amp; Niacinamid für glatte, pralle und ultra glowige Haut – perfekt unter Make-up oder pur. 🌙 Crystal Skin Night Cream-Mask2-in-1 "
0_219424_140_7662712571077659937;0.1042;advisory;skincare-first;spf;;;"Entdecke die INIA LED Gesichtsmaske mit 4 Lichtmodi (Rot, Blau, Gelb, Lila) und Dual NIR-Technologie (850nm/940nm). Für Kollagen, Akne &amp; strahlende Haut. 3-7x/Woche 10-30 Min. nutzen. FDA-zugelassen &amp; für alle Hauttypen geeignet.  #iniaglowmask #skincaretips  #Gesichtspflege #AntiAging #Bioh"
0_219424_26_1650580533736922;0.1042;advisory;skincare-first;;;;Hydration on another level. 💧✨⁠⁠Das Hyaluronic X12 Hydrating Serum von KLAPP Cosmetics versorgt die Haut intensiv mit Feuchtigkeit und schenkt ihr ein sichtbar glatteres, pralleres Erscheinungsbild.⁠⁠Mit 12-fach Hyaluron durchfeuchtet die innovative Formel verschiedene Hautschichten und sorgt für ei
0_219424_8_2079614245877039339;0.1043;disappointed;skincare-first;price;;;@garcon29__ Nur weil sich ein dunkler Mann eine Schönheitsop macht, sind die Europäer die bösen. Was ist mit den ganzen Frauen die ich persönlich alle kenne welche sich ne Nasen Op gemacht haben, sind da Südamerikaner oder Afrikaner Schuld? Du kleiner Pic redest echten Rassismus runter…
0_218673_8_2047652161778078195;0.1043;enthusiastic;procedure-curious;;;;"Freitag, Freiheit &amp; frische Luft! (Haare bitte gekämmt vorstellen &amp; Augenringe mit Bewunderung betrachten). Gute Fahrt uns Wochenende ✨✨🔥 https://t.co/GRylMFsQpl"
0_218673_9_28088616576778514;0.1044;disappointed;skincare-first;facelift;;;Ich bin 24 und muss echt sagen, dass ich die gesamte Entwicklung um das Altern total schrecklich finde. Es ist das normalste der Welt und ich muss sagen, wenn ich Frauen ü 40 sehe, die unbedingt jung aussehen wollen habe ich irgendwie Mitleid mit denen. Das System ist halt einfach total im Eimer und
0_221687_190_3760624283571909224;0.1045;satisfied;skincare-first;;;aha;"Unserer Haut mag es sauer: Das AHA &amp; PHA Ginkgosomen Serum enthält eine sehr wirkungsvolle und gleichzeitig sanfte Kombination aus tiefenwirksamen niedermolekularen Alphahydroxysäuren wie Glykol-, Milch-, Apfel- und Zitronensäure sowie milden hochmolekularen Polyhydroxysäuren wie Lactobionsäure "
0_221687_26_1254828820014968;0.1045;satisfied;skincare-first;;;aha;"Unserer Haut mag es sauer: Das AHA &amp; PHA Ginkgosomen Serum enthält eine sehr wirkungsvolle und gleichzeitig sanfte Kombination aus tiefenwirksamen niedermolekularen Alphahydroxysäuren wie Glykol-, Milch-, Apfel- und Zitronensäure sowie milden hochmolekularen Polyhydroxysäuren wie Lactobionsäure "
0_221687_190_3923590119433108455;0.1045;advisory;skincare-first;;;niacinamide;Müde Augen, Schwellungen und dunkle Schatten gehören der Vergangenheit an. ✨Das Bio-Lyne Eye Gel kombiniert hochwirksame Aktivstoffe wie Niacinamid, Eschenrinden-Extrakt und natürliches Silizium, um die Mikrozirkulation zu fördern und die empfindliche Augenpartie gezielt zu revitalisieren. Spilantho
0_219424_190_3935455035022664939;0.1046;enthusiastic;skincare-first;peel;;;"Ihr fragt mich so oft nach meinen Lieblingsspots in Wien – hier kommt Teil 1. 😍 Und keine Sorge: Es werden noch einige Folgen kommen! Teil 2&amp;3 in the making 🤍 #meinwien📍 @elrenogrill – Die besten Burger und das originale Tuna Melt Sandwich. Schmeckt für mich wie in L.A.☕️ @coffee.manana – Mein l"
0_219424_140_7665031887567506721;0.1046;advisory;skincare-first;;;;Wenn ich im Sommer nur drei Haarprodukte mitnehmen dürfte, wären es genau diese. ☀️🤍 Sonne, Hitze, Salzwasser, Chlor – ich liebe den Sommer. Meine Haare manchmal eher nicht. 😅 Deshalb landen jedes Jahr wieder das Hyaluron Shampoo, der Hyaluron Conditioner und das Hyaluron Spray von Alcina in meiner 
0_219384_126_t1_npxiy11;0.1046;satisfied;skincare-first;laser;;;"Alexandrit laser welche stärke? Unabhängig von der Stärke fängt man immer mit geringerer Leistung an und steigert sich dann hoch. Wenn die Stufe zu hoch ist, kannst du Verbrennungen bekommen. Daher wird i.d.R. stückweise erhöht, dann hat sich die haut daran etwas ""gewöhnt"".Wenn es nicht sonderlich w"
0_219424_140_7656901595652787488;0.1047;disappointed;procedure-curious;price,celebrity;;;Abholung oder Lieferung direkt aus unserem 6.000 m² großen Outlet in Gevelsberg – so groß wie ein Fußballfeld, mit über 500 Sofas sofort verfügbar! Bestellung direkt auf dekadentliving.de (N3790L) möglich. Ware ist eingelagert und wird auf Wunsch aufgebaut. Nur 2690,-€ bei Abholung. Statt: 9699,99 €
0_219424_190_3942601341618173399;0.1047;satisfied;skincare-first;peel;;;Double Tite – Regeneration beginnt in der Tiefe.Mit der Kombination aus Microneedling und Radiofrequenz werden gezielte Mikroimpulse in den tieferen Hautschichten gesetzt. Diese können die natürliche Kollagen- und Elastinbildung unterstützen und so zu einer verbesserten Hautstruktur und mehr Spannkr
0_218673_126_t1_o8n3ejv;0.1047;enthusiastic;skincare-first;;;;Wie werde ich meine Augenringe los? Was für Augenringe
0_218685_9_yt.CFt0GHXXiV0;0.1048;advisory;procedure-open;laser,celebrity;laser;;Daniela Katzenberger schockiert Fans mit verbranntem Gesicht Daniela Katzenberger schockiert Fans mit verbranntem Gesicht.Daniela Katzenberger sorgt plötzlich für Schock unter ihren Fans.Der TV-Star zeigt auf Instagram ein extrem gerötetes Gesicht nach einer Laser-Behandlung.Was ist mit Daniela Katz
0_219384_15_3285784955322056;0.1048;advisory;skincare-first;;;;Revitalift Filler Glass Skin Hydrogel Glow Maske Werbung Kennt ihr schon die Revitalift Filler Glass Skin Hydrogel Glow Maske von L'Oréal Paris?   Die Glass Skin Maske soll die Haut sofort mit Feuchtigkeit versorgen ,und diese soll […] Der Beitrag Revitalift Filler Glass Skin Hydrogel Glow Maske ers
0_221687_140_7625281074674879776;0.1048;advisory;skincare-first;spf;;;NIVEA SUN 2in1 Primer Daily UV Serum LSF 50+, parfümfreie Sonnencreme für glattere Gesichtshaut mit Hyaluron und Antioxidans, schnell einziehende Gesichtspflege mit LSF (30 ml) #nivea #primer #sun #gesichtspflege #hyaluron
0_219424_9_15332544119091518;0.1049;enthusiastic;skincare-first;botox;;;Der sieht echt alt aus Voller Falten mal Botox sich spritzen echt!!!!!!
0_218673_9_3163036511641227;0.1049;disappointed;procedure-open;;;;Ü30 Grace nach einer gescheiterten Schauspielerkarriere, zu viel Make-Up und Augenringe ist doch top? Ich würde gerne mal sehen, was bei Dragon Age The Veilguard passieren würde.... Oder bei Star Wars Outlaws xD
0_219389_8_1997334652319604774;0.1049;satisfied;skincare-first;botox;;;"Sie lässt nicht fettabsaugen oder ihre Haut straffen die benutzt kein botox oder Silikon ab und macht sie da was mit Haaren Wimpern ok bisschen geschminkt aber sonst ich find die super das sie sagt die Leute &amp; Kameras sind mir egal ich bin so wie ich bin nicht Fake"
0_221687_9_43245575815356739;0.1049;advisory;skincare-first;;;;Die kommen ja alle beide nicht ans transparent Lab Vitamin c serum ran. Daher sind beide nix für mich
0_219424_126_t1_oa26dqb;0.105;advisory;procedure-open;botox;;;Post Workout Meal Botox wird von Bakterien der Spezies Clostridium butyricum gebildet.
0_219424_9_61325558366311870;0.1051;satisfied;skincare-first;botox,facelift;;;Ich denke, er ist es. Er sieht so aus, als hätte er die Augenlider geliftet, ein Facelifting machen lassen und Botox im Gesicht. Danach sieht man halt anders aus und hat eine andere Mimik. Das ist normal. Aber, wenn man ganz genau hinschaut, dann erkennt man doch sehr gut die typische Jim Carrey Mim
0_219424_190_3935428199205493592;0.1051;enthusiastic;procedure-open;botox;;;"Russian Lips – was steckt dahinter? 👄Im Gegensatz zur klassischen Technik wird bei Russian Lips der Filler vor allem im vorderen Bereich der Lippe platziert. Das Ergebnis: mehr Definition, ein ausgeprägter Amorbogen und eine flachere, breitere Form – ohne ""Duckface""-Effekt.Diese Technik eignet sich "
0_219424_9_54044962551441962;0.1051;neutral;procedure-curious;price;;;Also ne Million für nen Lambo, Flug ins All, einen Urlaub und ne Schönheitsop ist eigentlich gar nicht mal so teuer.Genauso wie 300.000 für nen Zombibunker
0_219424_190_3943291054375898476;0.1051;advisory;skincare-first;price;;pha;🚨Dein Körper sendet Signale.Haare gehören zu den stoffwechselaktivsten Geweben überhaupt.Schon kleine Veränderungen bei Mikronährstoffen oder Hormonen können den Haarfollikel beeinflussen, lange bevor andere Laborwerte auffällig werden.Deshalb reicht es oft nicht, nur Shampoo oder Nahrungsergänzungs
0_221687_26_1379961804139422;0.1051;advisory;skincare-first;;;coq10;✨ Natürliches Anti-Aging mit Fairvital Co-Enzym Q10 200mg!💚 Fairvital. Bioaktiv. Vielfältig. Natürlich versorgt.💚 Unterstützen Sie Ihre Zellen und schützen Sie Ihre Energiequelle, die Mitochondrien, mit Coenzym Q10 – dem natürlichen Anti-Aging-Stoff!📦 Jetzt bestellen: https://fairvital.com/Co-Enzym-
0_221687_140_7593045695720967457;0.1051;satisfied;skincare-first;;;collagen;"Glow25 Collagen Plus vereint Kollagen-Peptide Typ 1 &amp; 3 mit Vitamin C, Zink und Biotin – neutral im Geschmack, leicht löslich und perfekt für den täglichen Einsatz. Jetzt im praktischen 3×450 g Vorrat. #collagenroutine #beautysupplement #glowskin #winterdeals #newyearnewyou Kollagen Pulver Plus,"
0_218673_126_t1_nbhw09m;0.1052;advisory;skincare-first;;;;Neues Produkt von trend !t up gegen Augenringe Kerl hier der normal kein make up benutzt. Funktioniert so ein concealer auch wenn man kein anderes make up (foundation) trägt? Oder wäre dass dann auffällig?
0_218673_126_t1_no2jfgz;0.1052;neutral;skincare-first;;;;Igel läuft am Nachmittag durch unseren Garten An der schlechten Bildqualität. Wenn du genau hinschaust siehst auch dicke Augenringe. Der hat die Nacht durchgemacht und ist aufm Weg zum Lidl Backshop. Kongstrong und Schokobrötchen holen.
0_218673_8_2020128092069539949;0.1052;enthusiastic;skincare-first;;;;"💢 „The Greatest of all Times"" #GOT Football-Superstar und Quarterback „Tom Brady"" ist Hollywood Star „Larry Hagman"" aus der Serie „Dallas"" wie aus dem Gesicht geschnitten. Nein, es wird noch viel besser: Sie haben auch absolut identische Falten, Muttermale und Narben. Aber das Verrückteste an der ga"
0_218685_126_t3_1pwuv9f;0.1052;neutral;skincare-first;botox;;;Beauty Trends bei Frauen Hallo zusammen,es kommt mir so vor, als ob in letzter Zeit der Trend zu Lip Fillern, falschen Nägeln, falschen Wimpern, Botox und co. ein wenig aus dem Ruder läuft. Ich sehe immer öfter Frauen, die auch bereits in jungen Jahren zu invasiven, wie auch nicht invasiven Maßnahme
0_219424_9_45024814860560793;0.1053;disappointed;skincare-first;botox;;;"Ist das nicht ""Honey"", der Ex von Kim, die bei GNTM mitgemacht hat und war der nicht auch im Dschungelcamp als Vollversager und Kameradenschwein? Hat sich anscheinend die Haare frisiert und nen Anzug angezogen. Botox scheint er auch zu kennen. Absoluter Opportunist."
0_219424_140_7665005538974944545;0.1053;neutral;procedure-curious;price;;;Abholung oder Lieferung direkt aus unserem 6.000 m² großen Outlet in Gevelsberg – so groß wie ein Fußballfeld, mit über 500 Sofas sofort verfügbar! Bestellung direkt auf Dekadentliving (N3838) Die Sitzgruppe kann ab dem 23.07.2026 im Outlet besichtigt werden. Nur 2299,-€ bei Abholung. Statt: 9299,99
0_219424_15_34523741210606714;0.1054;satisfied;skincare-first;retinol;;pha;Green Beauty mit Upgrade: Warum Weleda jetzt auf Zellenergie und NAD⁺ setzt Seit ich mich erinnern kann, war Weleda für mich der Naturkosmetik-Pionier mit dem Heilpflanzencharme und dezentem Reformhaus-Image: In sich absolut stimmig, sympathisch, ein bisschen retro, sehr solide und 100 Prozent vertr
0_218673_126_t1_ntnh7bu;0.1054;advisory;skincare-first;;;;Wie bekomme ich meine Augenringe weg? Meine Eltern haben beide keine Augenringe
0_221687_140_7632572174154337568;0.1054;satisfied;skincare-first;retinol;;retinol;Die Retinal Age Reverse Cream ist die bisher innovativste Anti-Aging-Formel von Transparent Lab. Eine leistungsstarke Anti-Aging-Creme, die in der Lage ist, die Zellregeneration und die Kollagenproduktion anzuregen, um Falten und Mimikfalten entgegenzuwirken und alle sichtbaren Zeichen der Hautalter
0_221687_190_3910561812188647417;0.1054;advisory;skincare-first;price;;resveratrol;"Männer sprechen selten darüber.Aber viele leiden darunter.Wenn die Haare immer dünner werden.Wenn die Geheimratsecken größer werden.Wenn man auf jedem Foto zuerst auf den Haaransatz schaut.Wenn man morgens in den Spiegel blickt und merkt:„Irgendwie sehe ich nicht mehr aus wie früher.""Und ja...Volles"
0_219424_126_t3_1qydt5v;0.1055;neutral;procedure-curious;price;;;Barrierefreiheit schnell und einfach mit KI fixen Hi Leute,hier ein einfacher Weg, um kostenlos, schnell und ohne Programmierkenntnisse Barrierefreiheitsprobleme zu beheben, wenn ihr Zugriff auf den Source-Code habt:**Schritt 1: Code im Code-Editor (IDE) öffnen*** Den Ordner mit eurem Code in VS Cod
0_219384_126_t3_1thplt3;0.1055;advisory;skincare-first;laser;;;Was tun gegen dunkle Haut an den Außenseiten der Augen? Hey.Ich bin ziemlich genervt von den dunklen Flecken an den Außenseiten meiner Augen.Das lässt mich irgendwie immer sehr müde und kränklich wirken.Ich bin von Natur aus ein sehr blasser Hauttyp. Hat das einfach damit zu tun, dass es mehr auffäl
0_221687_190_3886146304493496594;0.1056;neutral;skincare-first;price,peel;;aha;"Trend-Update: Skyr meets Cranberry – Mix dir deinen ultimativen Frischekick selbst - mit GREENDOOR Anti-Aging Maske! Jetzt bis zum 3.5. zum ❤ Super-Experimentier-Sparpreis ❤ von 7,95 Euro statt 9,50 Euro auf https://greendoor-naturkosmetik.de/anti-aging-maske...Hast du schon mal „Skin-Food"" in deine"
0_218673_126_t1_nxlmi7q;0.1057;enthusiastic;procedure-curious;;;;"""Abstriche hinnehmen"": Bankenpräsident Sewing: Deutsche müssen mehr arbeiten - ntv.de Sehe keine Augenringe beim Herrn. Hm.."
0_219424_9_52212054769354857;0.1058;disappointed;skincare-first;botox;;;Gerechtigkeit kommt von =Gerecht !! Und die Wahren Rechten kämpfen für die Gerechtigkeit !!! So wie Jesus der alle Welt geliebt hat und nur die Gerechtigkeit gepredigt hatte  !!!  Also gibt s da keinen Zweifel!! Meine lieben^^🤣😇🥰😘 Und Künstliche Wimpern, Lipgloss, Satans Krallen, und Botox hat da sc
0_219424_9_yt.kdppURNfees;0.1058;disappointed;skincare-first;price;;sod;"Endlich krasse Beine?! - Wesley Vissers im Check vor der Arnold Classic 2026! Wesley Vissers' Beine, Shadow Mode &amp; EatLean-Käse - Dr. Martina Ollesch räumt wieder auf! 🚨Ist EatLean Käse wirklich der bessere Harzer oder ein hochverarbeitetes Hype-Produkt? Warum wechseln Top-Bikini-Athletinnen plö"
0_219424_140_7658966841477303584;0.1058;neutral;procedure-curious;price;;;Abholung oder Lieferung direkt aus unserem 6.000 m² großen Outlet in Gevelsberg – so groß wie ein Fußballfeld, mit über 500 Sofas sofort verfügbar! Bestellung sofort auf dekadentliving.de (N3645B) Nur 2090€ bei Abholung. Statt: 9099€ 0% Finanzierung bei PayPal-Zahlung über unsere Homepage.   •   Bre
0_219424_190_3945509630791446249;0.1058;advisory;skincare-first;peel;;;✨ Was ist Microneedling?Microneedling ist eine effektive Hautbehandlung zur Verbesserung des Hautbildes. Mit feinen, sterilen Nadeln werden kontrollierte Mikrokanäle in der Haut erzeugt. Dadurch wird die natürliche Kollagen- und Elastinproduktion angeregt.Vorteile von Microneedling:• Verfeinert Pore
0_219424_9_yt.RFbcakd0AJ8;0.1058;advisory;skincare-first;;;;Dreame Chrona Photonen-Anti-Aging-Hautpflegemaske
0_219424_15_48444387992307471;0.1059;enthusiastic;skincare-first;botox;;;"Sharon Stone: Heute zelebriert Sharon Stone ihre ""Engelsflügel""-Arme mit Bikini-Bild Sharon Stone gilt seit ihrem Durchbruch in ""Basic Instinct"" als Sexsymbol der 90er Jahre. Auch heute begeistert die Schauspielerin Millionen von Fans – allerdings nicht mehr mit aufreizenden Filmauftritten: Die fast"
0_219424_9_yt.eQ3NCTR_4ME;0.1059;disappointed;procedure-curious;botox;;;BRAVE MÄDCHEN 2.0 - DER SCHLIMMSTE PODCAST! #dating  #situationship  #frauen  ist dieser Podcast schlimmer als der brave Mädchen podcast? heute schauen wir bei einigen Frauen  Podcasts vorbei. Sehr fragwürdige Gäste wie ikkimel und Themen wie Botox etc.  Wie gut sind deutsche Podcasts zum Thema Dati
0_218685_9_yt.JXe6_HBNPqc;0.1059;neutral;skincare-first;;;;CNC MED HYAL Exosome Serum – Was kann es wirklich? | Hightech-Hautpflege einfach erklärt Du willst wissen, warum gerade alle von Exosomen sprechen und was das CNC MED HYAL Exosome Serum so besonders macht?Ich erkläre Dir in nur 60 Sekunden, wie diese neue Hightech-Pflege funktioniert – einfach, vers
0_221687_26_25102182426077112;0.1059;disappointed;procedure-open;price;microcurrent;;⚡ Die Herzarrhythmie - wenn der Körper nicht krank ist, sondern überladenHerzrhythmusstörungen sind kein Fehler des Herzens. Sie sind das Echo eines Systems, das an mehreren Stellen gleichzeitig die Ordnung verloren hat. Das Herz stolpert nicht, weil es defekt ist, sondern weil die elektrischen Leit
0_221687_140_7580733419122887958;0.1059;advisory;skincare-first;;;niacinamide;"LR ZEITGARD Seren – kurz &amp; bündig erklärt 🔵 Blue Light Defender Serum Schützt die Haut vor digital bedingter Alterung durch blaues Licht. Mit antioxidativen Wirkstoffen wie Spirulina- und Blauer-Lotus-Extrakt für ein glatteres, strahlendes Hautbild. 🟠 Vitamin C Serum Ein intensiver Vitamin-Power"
0_219424_126_t1_o0y5kpe;0.106;disappointed;procedure-open;price;;;"Sind wir verrückt? Einschätzung Kauf + Sanierungskosten Wir hatten eine ähnliche Situation (aber EFH mit ehemals \~160m² -&gt; 140m²).Wir hatten gerade ein Baby und wollten während Corona ein Eigenheim kaufen.Gesucht gefunden in 3 Monaten, altes Haus jeder Teil unterschiedliches Baujahr von 1890-198"
0_219424_140_7661929800466042114;0.106;disappointed;procedure-curious;;;;☀️ Warum sieht die Haut im Sommer oft trockener, fahler und gestresster aus? Viele denken, das liegt an der falschen Pflege. Tatsächlich können Sonne, UV-Strahlung, Hitze, Klimaanlage, Salzwasser und häufiges Schwitzen die Haut ganz schön beanspruchen. Die Folge: Sie verliert Feuchtigkeit, wirkt oft
0_218673_15_36858132415468808;0.106;neutral;procedure-open;;;;Frühjahrs-Mode 26 – Wenn es eigentlich nicht mehr Winter ist Die Zeit zwischen Winter und Frühling ist oft schwierig bei der Kleidungswahl: morgens kalt, mittags mild, abends wieder frisch. Die Mode im Frühjahr 2026 setzt genau hier an. Es geht um Schichten, bequeme Schnitte und frische Farben, die 
0_218685_126_t1_oj483kw;0.106;enthusiastic;skincare-first;peel,spf;;panthenol;Warum bekomme ich nach jeder Rasur trockene, spannende und später fettige Haut – egal welche Methode? Das Problem habe ich, wenn ich warm duschen war, mich dabei raiserw und nicht eincreme. Ich hab ne glatze und rasiere alle zwei tage, manchmal auch jeden Tag.Meine meine Routine ist warm / heiß dusc
0_219424_126_t1_o5ys7eb;0.1061;disappointed;skincare-first;;;bha;"Nutzt ihr Pickelpatches? Ich kann ehrlich nicht ganz nachvollziehen, warum alle auf die „Anti-Pickel Patches Pimple Stars"" von Selfie Project schwören. Sie sind teurer, bestehen größtenteils aus fettigen Filmbildnern und enthalten viele Duftstoffe.Stattdessen gibt es von Isana die „Reine Haut Anti-P"
0_219424_140_7659758617477811489;0.1061;disappointed;procedure-curious;price,celebrity;;;Abholung oder Lieferung direkt aus unserem 6.000 m² großen Outlet in Gevelsberg – so groß wie ein Fußballfeld, mit über 500 Sofas sofort verfügbar! Bestellung sofort auf dekadentliving (N3795L) Ware ist eingelagert und wird auf Wunsch aufgebaut. Sofort verfügbar! Sofort lieferbar! Nur 2990,-€ bei Ab
0_218673_126_t1_ntp6wlp;0.1061;enthusiastic;skincare-first;;;;Wie bekomme ich meine Augenringe weg? Vllt bin ich da alleine aber an manchen Leuten sehen Augenringe gut aus.
0_221687_190_3847859397691230852;0.1061;advisory;skincare-first;;;;Hyaluron oder KollagenFür was würdest du dich entscheiden?Gibt es einen Unterschied?Stell dir vor, die Haut wäre ein Schwamm.🧽Kollagen ist das Netz 🧬Hyaluron ist das Wasser 💧Das Netz ist die Struktur,  Festigkeit, GerüstWasser füllt das Netz, macht es prall, elastisch und weich.Ein Schwamm ohne Wass
0_219424_190_3949575303985457085;0.1062;neutral;skincare-first;;;aha;"Was ist eigentlich Sculptra® – und warum reden gerade alle darüber? ✨​Kurz gesagt: Sculptra® ist kein klassischer Hyaluron-Filler, der Volumen an einer Stelle „aufpolstert"". Es ist ein echter Kollagen-Booster! 🧬​Der Wirkstoff (Poly-L-Milchsäure) regt deine Haut dazu an, wieder eigenes Kollagen zu pr"
0_218685_9_yt.Df3ipa35IIo;0.1062;enthusiastic;procedure-curious;price;;;"Emmy & Verführerin beefen sich wegen Aleks! Wer von den Dreien LÜGT?? Temptation Island VIP Anzeige // Mit dem Code ALINAYT bekommst du bei Asam Beauty 15% auf fast alles inklusive der Adventskalender! Gültig in DE/AT &amp; CH bis zum 31.12.2025! ♥ Alle Links: https://go.asambeauty.com/6lyR1CB19d (A"
0_221687_140_7553651648711724310;0.1062;satisfied;skincare-first;retinol;;bakuchiol;"Haut auf Zellebene_ Wie es die Haut wirklich nährt! Bakuchiol auf zellulärer Ebene 1. Genexpression &amp; Signalwege Studien zeigen, dass Bakuchiol ein sehr ähnliches Genexpressionsprofil wie Retinol auslöst – aber ohne, dass es an Retinsäure-Rezeptoren (RAR/RXR) bindet. Aktiviert Gene, die für Kol"
0_219424_190_3947019168577696906;0.1063;disappointed;procedure-curious;;;;War früher wirklich alles besser? Oder kommt es uns nur so vor? 🩵Ich denke in letzter Zeit oft darüber nach. Über Brot, das aus drei Zutaten bestand statt aus einer Liste, die ich nicht aussprechen kann. Über Familien, die mit einem Einkommen über die Runden kamen — nicht, weil sie weniger brauchten
0_219424_190_3937632698231167353;0.1064;satisfied;procedure-open;peel;pdrn;;✨ Aqua Facial + Salmon DNA (PDRN) ✨Auf den Vorher-/Nachher-Bildern seht ihr das Ergebnis einer Kombination aus Aqua Facial und Salmon DNA (PDRN) – einer modernen Behandlung für strahlende, gesunde Haut.Was ist Salmon DNA (PDRN)?PDRN ist ein hochreiner Wirkstoff, der aus Lachs-DNA gewonnen wird. Er w
0_219424_15_59198507638173609;0.1066;enthusiastic;procedure-open;;;;Valentinstag – Zeit für Liebe, Aufmerksamkeit und kleine Genussmomente Mocktail von Staatl. Fachingen versüßt den Valentinstag Fachingen, 3. Februar 2026 – Der 14. Februar ist mehr als nur ein Datum im Kalender: Der Valentinstag erinnert uns daran, wie wichtig Nähe, Zuwendung und bewusst geteilte Ze
0_219424_190_3930087473467126915;0.1066;enthusiastic;procedure-curious;;;;Ich bin einfach verliebt und unendlich Dankbar 😍🙏♥️Damit Du Dich nicht langweilst, habe ich das Video etwas schneller laufen lassen 😅😉 #dubistgenug #skincare #hautpflege #antiage #antiageing #schönehaut #jüngeraussehen #wohlfühlen #creme #reiniger #proben #billiger #günstig #beratung #shoppen #gelds
0_219424_140_7664999332394896673;0.1066;neutral;procedure-curious;price,celebrity;;;Abholung oder Lieferung direkt aus unserem 6.000 m² großen Outlet in Gevelsberg – so groß wie ein Fußballfeld, mit über 500 Sofas sofort verfügbar! Bestellung auf dekadentliving oder im Outlet Nur 2990,-€ bei Abholung. Statt: 9999,-€ 0% Finanzierung bei PayPal-Zahlung über unsere Homepage.   •   Bre
0_218673_126_t1_omwvb15;0.1066;advisory;skincare-first;;;;Was tun gegen dunkle Haut an den Außenseiten der Augen? Also auf dem Foto sieht man einen leichten dunklen Schatten unter deinen Augen und da wo dein Pfeil ist, ist es stärker dunkel. Ich finde nicht, dass du auf dem Bild starke Augenringe hast, nur einen leichten Ansatz davon und weiß auch nicht wi
0_221687_126_t3_1t3hs6b;0.1066;satisfied;skincare-first;spf;;glycerin;Make up verselbstständigt sich, Haut wirkt ölig, Make up setzt sich ab, wirkt gleichzeitig trocken. Ich hab schon ein paar mal in diversen Subs nachgefragt, aber leider hilft kein einziger Tipp :(Ich habe schon versucht meinen primer auf meine make up base abzustimmen. Beide silikonhaltig. Hat nicht
0_219424_190_3933722695164777651;0.1067;satisfied;procedure-curious;peel;microneedling;;"Exosomen – Regeneration für Haut &amp; Haare.ASCE+ Exosomen unterstützen die natürlichen Regenerationsprozesse der Haut und der Haarfollikel.✔️ Verbesserung der Hautqualität✔️ Mehr Glow und Elastizität✔️ Unterstützung der Kollagenbildung✔️ Förderung des Haarwachstums✔️ Ideal nach Microneedling und b"
0_218673_8_2033497248915407242;0.1067;disappointed;skincare-first;;;;@Charlie_denkt Wir haben vereinbart, das mit unseren Modellen nicht zu machen. Da werden nur Falten in der Kleidung retuschiert, aber an nicht an Haut oder Körperform.
0_221687_26_1427966999347742;0.1067;advisory;skincare-first;price;;glycerin;Eine Vater und Sohn Geschichte aus EnglandInspiriert durch gemeinsame Squash Sessions und wöchentliche Spaziergänge durch den Hampstead Heath Park enstand die Idee von Vater und Sohn eine eigene Pflegelinie für Männer zu kreieren. Sie sollte modern sein, einfach in die tägliche Routine zu integriere
0_219424_126_t1_o59ujgq;0.1068;satisfied;skincare-first;;;;"Immer mehr Beschnittene? Ich sehe viele Leute die krampfhaft versuchen die Beschneidung schlecht zu reden, inkl. als ""Verstümmelung"" zu betrachten. Meine Güte..Zunächst zur Optik: bislang sagte eigentlich jede Frau zu mir, dass sie beschnitten optisch schöner findet. Mir persönlich als Mann ist es r"
0_219424_9_yt.4jjS7VH8_qk;0.1068;enthusiastic;skincare-first;;;;Männer über 50: 4 Früchte, die den Testosteronspiegel steigern – und 4, die ihn senken 💪🍎 Männer über 50: Wussten Sie, dass bestimmte Früchte Ihren Testosteronspiegel unterstützen können, während andere Ihren Hormonhaushalt möglicherweise negativ beeinflussen? In diesem Video erfahren Sie, welche 4 
0_219424_26_1472581231577777;0.1068;advisory;skincare-first;;;;INTENSIVE HYDRATION WITH HYALURON. 💧Feuchtigkeitsarme Haut braucht vor allem eines: Wasser, das gespeichert werden kann.Die bdr® Hyaluron ULTRA Ampulle kombiniert hochkonzentriertes Hyaluron mit weiteren Feuchtigkeitsfaktoren und unterstützt die Haut dabei, Feuchtigkeit zu binden und langfristig zu 
0_218673_126_t1_o6stu48;0.1068;advisory;skincare-first;spf;;spf;MakeUp Blutige Anfängerin - was wie wo? Ich nutze auch nur Makeup zu besonderen Anlässen und habe deswegen eine recht bescheidene Makeup-Sammlung. Als basic Ausrüstung für Makeup sehe ich folgende Produkte:- Concealer- Foundation- Lippenstift, -gloss oder liquid lipstick- Lidschatten- Eyeliner (hast
0_221687_126_t1_ngstff8;0.1069;disappointed;skincare-first;;;snail-mucin;Koreanische Produkte zu empfehlen? Meine koreanischen bekannten haben mir letztens erklärt dass Beauty of joseon in Korea tatsächlich teurer ist. Das wird wohl quasi für andere Märkte produziert. Schade, der sunscreen ist mit Abstand mein liebstes koreanisches Produkt.Ansonsten: cosrx snail mucin un
0_219424_126_t1_o62m7mp;0.107;neutral;procedure-curious;;;;Söder Tochter ist offiziell mit Tech Milliardär Eric Schmidt zusammen 27?? Bei den ganzen liftings hätte ich auch 40+  geglaubt. Ich versteh diese Antiaging bei 20 jährigen nicht.
0_219424_126_t1_o7j9pt4;0.107;satisfied;skincare-first;botox;;;"Stehe auf außergewöhnliche Frauen, Normal oder Fetisch ? Ich meine was ist denn heute „klassische"" Schönheit ? Wenn ich den Medien glaube ja Schlauchbootlippen, Botox und soviel Make Up wie der gesamte Müller hergibt."
0_219424_140_7659332048577908000;0.107;satisfied;skincare-first;;;;Hyaluronsäure - das Geheimnis praller, strahlender Haut!✨💧Wusstest du, dass ein einziges Hyaluron-Molekül bis zu 1000x sein eigenes Gewicht an Wasser speichern kann? Genau das macht es zum ultimativen Feuchtigkeits-Booster für deine Haut!😍 Hyaluronsäure ist ein natürlich vorkommender Wirkstoff in de
0_218673_9_yt.cRoMrCl2EgY;0.107;disappointed;procedure-curious;;;;"„Wenn das Leben Falten wirft – 15 Sprüche mit Humor, Ironie und einer Prise Weisheit"" Es gibt Momente im Leben, da merkt man: Die Jahre ziehen ins Land – und mit ihnen ein Hauch von Gelassenheit, ein Schuss Selbstironie und ganz sicher auch eine Portion Humor. Doch während früher vielleicht die Zuku"
0_219424_9_44671092098118083;0.1071;disappointed;procedure-curious;botox;;;Schon krass, 1,5 Mio verwundete oder gefallene Soldaten. Hinzu kommen die schätzungsweise 1 Mio--1,5 Mio, die das Land verlassen haben. Das heißt, mindestens 2,5 Mio, die einfach nicht mehr da sind/ versorgt werden müssen und dem Arbeitsmarkt nicht mehr zur Verfügung stehen... Das sind rund 2% der G
0_218673_126_t1_nm1rao7;0.1071;satisfied;skincare-first;;;;Blaue Augenringe (erblich) Genau das hilft mir auch. Ich habe auch sehr violette Augenringe. Meine Herangehensweise ist folgende: Erst Feuchtigkeitscreme deiner Wahl auftragen. Dann oranger Farbkorrektur-Concealer in ganz geringer Menge (hinzufügen kann man immer noch). Dann Concealer im Hautton, un
0_218673_126_t1_nxexruf;0.1071;neutral;skincare-first;;;;Druckmodelle mit Chatcpt Ich habe vor ner weile mal versucht den LLMs openSCAD code oder alternativ SVG vektorgrafiken abzuringen, aber mehr als ein paar rudimentäre formen (der panda im svg hatte immerhin augenringe und symmetrische augen) aber ich denke es gibt zu wenig trainingsdaten, die präzise
0_219384_126_t1_olbvceb;0.1071;satisfied;procedure-open;laser;;;Schiefer Laser? Ich find der schiefe turm von pisa zeigt sehr gut das früher beim bauen halt auch eine gute Portion glück dazu gehört hat. Und ich will mir gar nicht vorstellen wie viele Bauwerke einfach wieder eingestürzt sind. Obviously haben wir die ganzen überlebenden bauten. Dann haben wir ein 
0_221687_190_3794560011847600443;0.1071;advisory;skincare-first;price;;;✨Türchen Nr. 24 ✨ Hyaluron Anti-Aging Serum Ampullen 😍Die Ampullen enthalten ein hochkonzentriertes Wirkstoffkonzentrat aus kurz- und langkettigen Hyaluronmolekülen. Das langkettige Hyaluron versorgt die Hautoberfläche intensiv mit Feuchtigkeit, während die kurzkettigen Moleküle tief in die Haut ein
0_221687_140_7627210978278591777;0.1071;advisory;skincare-first;;;;"L'Oréal Paris Glass Skin Duo - Feuchtigkeits-Fluid &amp; Hydrogel Maske, für aufgepolsterte &amp; glowy Haut, Hyaluronsäure-basiert, Revitalift Filler ##lorealparis##glassskin##hydration##hyaluron##skincare"
0_219424_190_3940571334503829387;0.1072;enthusiastic;procedure-curious;peel;microneedling;;MICRONEEDLING x MB SKIN💉Microneedling für ein ebenmäßigeres, verfeinertes Hautbild und zur Unterstützung der natürlichen Hautregeneration.🫧Für die Behandlung und die anschließende Pflege arbeite ich mit den Produkten von @mbskin.de @meltembaytas - hochwertige Wirkstoffkosmetik, die perfekte Ergebnis
0_218673_9_yt.410-etcmWaQ;0.1072;advisory;skincare-first;laser;;;BEWERTUNG (2026): NEUSER PAPIER Faltpapier DIN A5 cremefarben. Infos Wir behandeln schnell die wichtigsten Details von NEUSER PAPIER Faltpapier DIN A5 cremefarben.👉 Auf Amazon ansehen: https://www.amazon.de/dp/B07CLM47V3/?tag=16w9h-20 (Affiliate-Link)Entdecken Sie das NEUSER Faltpapier in dezentem C
0_218673_126_t1_o3cl1sg;0.1072;satisfied;skincare-first;;;aha;Pigmentflecken BHA bringt nix gegen Pigmentflecken. Nur AHA, insbesondere Glykolsäure.
0_218673_9_32424472077015764;0.1072;disappointed;procedure-curious;;;;ach schade, erwin hat schon recht in vielen punkten, mit der überheblichkeit von imp zb. oder mit diesen lächerlich machen, dass wurde heute extrem deutlich und anfangs dachte ich auch noch wow, was für eine zerstörung, erwin nimm imp ja komplett hoch, auf ruhige, argumentative weise, mit begründen 
0_218673_9_yt.D_LDI4S3CUc;0.1072;advisory;procedure-curious;;;;Elegant in Creme: Minimalist Lookbook | Skulpturale Schnitte & High Waist Style Willkommen zur neuen Lookbook Fashion Show auf dem Kanal LookBook Easy!In der heutigen Ausgabe präsentiere ich euch ein monochromes Ensemble, das durch architektonische Details und eine fließende Silhouette besticht. Als
0_221687_140_7672358934300167457;0.1072;satisfied;skincare-first;spf;;glycerin;💧 Hyaluronsäure – warum braucht unsere Haut eigentlich so viel Feuchtigkeit? Hyaluronsäure gehört zu den beliebtesten Wirkstoffen in der modernen Hautpflege – und das aus gutem Grund. Sie kann dabei helfen, Feuchtigkeit zu binden und die Haut dadurch hydratisierter und gepflegter wirken zu lassen. D
0_219424_9_yt.-eIiQNWlb_4;0.1073;disappointed;skincare-first;;;;Veganer Woody Harrelson (64) Sieht Aus Wie 42 🔥 Top 5 Pflanzen für Anti-Aging! #WoodyHarrelson #VeganeErnährung #PflanzlichErfahre, wie der vegane Woody Harrelson mit 64 noch wie 42 aussieht, indem er die Top 5 pflanzlichen Lebensmittel isst.Eine vollwertige, pflanzliche Ernährung ist reich an Antio
0_219424_190_3941897065682172106;0.1073;advisory;skincare-first;;;;Cellu M6 Infinity - Die neueste patentierte Innovation von LPGEine mechanische Stimulation der Haut, die Durchblutung und Lymphfluss anregt und die körpereigene Kollagenproduktion aktiviert. Angewendet zur Verbesserung des Hautbildes bei Cellulite, zur Festigung des Gewebes sowie zur Lymphdrainage u
0_218673_9_72054504326302332;0.1073;disappointed;procedure-curious;price;;;Was bedeutet Granzöffnung? Wir haben lediglich EU Aussengrenzen. Das Narativ, es wäre Grenzen geöffnet wurden ist Käse. Die Alternative wären Wasserwerfer, Tränensäcke und Schusswaffen an einer Innereuropäischen Grenze, dass aus Österreich keine Flüchtlinge kommen, oder - nur die EU Grenzgänger würd
0_218673_8_2016440489386344865;0.1073;disappointed;procedure-curious;price;;;@MedienfuzziShow Hatte Lang eine Gesichts OP? Denn die sieht anders aus. Hätte sie in der kurzen Zeit von alleine so viel  Gewicht verloren, gäbe es im Gesicht sicher Falten, aber von dem vielen Steuergeld, das sie bekommt, könnte sie sich solche großen Sprünge schon leisten.
0_218673_8_2020128241726398922;0.1073;disappointed;skincare-first;;;;"💢 „The Greatest of all Times"" #GOT Football-Superstar und Quarterback „Tom Brady"" ist Hollywood Star „Larry Hagman"" aus der Serie „Dallas"" wie aus dem Gesicht geschnitten. Nein, es wird noch viel besser: Sie haben auch absolut identische Falten, Muttermale und Narben. Aber das Verrückteste ist, dass"
0_221687_9_yt.Sl5ES6fG4E4;0.1073;enthusiastic;skincare-first;;;;Warum ich trinke Kollagen? ►PROCEANIS* 25%  CODE: BLACKNATALI25nur am 28.11.COLLAGEN Drink https://proceanis.com/COLLAGEN-DRINK/?partner=natali15HYALURON Drink https://proceanis.com/proceanis-hyaluron-drink-200-ml?partner=natali15
0_221687_190_3911220830719361919;0.1073;advisory;skincare-first;peel;;;VITAMIN C SERUM 🍋 FÜR DEIN MICRONEEDLINGUnser Vitamin C Microneedling Serum von MB SKIN enthält drei verschiedene Vitamin-C-Wirkstoffe und unterstützt die Kollagenbiosynthese. ✨ Antioxidativer Schutz✨ Mehr Kollagen-Support✨ Stärkt die Hautbarriere✨ Spendet Feuchtigkeit✨ Beruhigt gereizte Haut✨ Schüt
0_219424_190_3942562129028114903;0.1074;satisfied;procedure-curious;spf;;;☀️ Warum altert unsere Haut im Sommer schneller?Der Sommer schenkt uns Sonne, gute Laune und viele schöne Momente im Freien. Doch gerade in dieser Jahreszeit ist unsere Haut besonderen Belastungen ausgesetzt.UV-Strahlung gilt als einer der wichtigsten Faktoren der vorzeitigen Hautalterung. Sie kann 
0_218673_126_t3_1uw0z6o;0.1074;enthusiastic;skincare-first;;;;"Die Maosfotze https://preview.redd.it/zq61el5g65dh1.png?width=470&amp;format=png&amp;auto=webp&amp;s=d0a0976d17ad46f04d665a64520c5bf62ac892af**Oh was war das für ne dumme Fotze,****wollt nicht das ich ins Maul ihr rotze.****Wollt dazu auch noch selbst entscheiden,****ob ich ihr Arschloch ficke oder "
0_219424_126_t1_ox9jyir;0.1075;satisfied;skincare-first;;;;Mit was haben sich einige der Bohnen gelooksgemaxxt? Das ist die Original RBTV Hyaluron-Spritze. Gibt's im Merch Shop, aber nur für Supporters Club Mitglieder.
0_218673_126_t1_nh4v6ur;0.1075;disappointed;skincare-first;retinol,spf;;spf;"In welchem Alter habt ihr festgestellt, dass ihr anfangt Falten zu bekommen? So ab Ende 20 habe ich angefangen nicht mehr super jung auszusehen. Bin jetzt Anfang 30 und habe keine ""Falten"" und höre mal öfter, dass ich ""jung"" aussehe (ich habe keine Kinder, trinke keinen Alkohol und rauche nicht). Ic"
0_218673_9_5679877707445972;0.1075;satisfied;skincare-first;;;;Matthias, warum hast du immer so weiße Augenringe in den Videos? Was ist das?
0_221687_190_3799874917089594435;0.1075;advisory;skincare-first;;;ectoin;Wenn die Temperaturen sinken, braucht deine Haut zusätzliche Unterstützung. Die reichhaltige Bio-Lyne Anti-Aging Cream mit wertvollem Traubenkernöl, Vitamin E und Ectoin versorgt die Haut mit wertvollen Wirkstoffen, pflegt und schützt sie. When the temperatures drop, your skin needs extra support. T
0_221687_140_7671671804280294688;0.1075;advisory;skincare-first;;;;"Die meisten Kollagen-Pulver enthalten nur Typ I. Das reicht vielleicht für die Nägel, aber nicht für dein ganzes Glow-up! ✨ ​Das SHEKO Multi Collagen kombiniert einfach Typ I, II UND III – also das volle Paket für: ​💅 Starke Nägel &amp; strahlende Haut (Typ I &amp; III) ​🦴 Gesunde Gelenke &amp; Bind"
0_219424_126_t1_oa7t3en;0.1076;advisory;skincare-first;botox,pressure;;;"15jähriger Bruder spritzt sich Peptide. Wie soll man ihm beibringen, dass das nicht gut ist? Rizin besteht auch ""nur""  aus Aminos. Willst du es dir mal spritzen? An Eiweißbausteinen ist ja nichts verkehrt!Botox besteht übrigens auch nur aus Aminos."
0_219424_190_3947586311355703788;0.1076;advisory;skincare-first;;;;"Kollagen ist nicht einfach nur „Kollagen"".Es gibt verschiedene Kollagentypen – und jeder übernimmt eine andere Aufgabe in deiner Haut.Mit zunehmendem Alter produziert unsere Haut weniger Kollagen und baut gleichzeitig vorhandene Kollagenfasern schneller ab. Deshalb verliert sie nach und nach an Fest"
0_218673_9_49147087399523660;0.1076;satisfied;skincare-first;;;;Kollagen zu essen gegen Falten ist wie Haare zu essen gegen Haarausfall.
0_219424_9_yt.N4aC5MtauJI;0.1077;satisfied;skincare-first;;;;Diese Früchte esse ich jetzt fast jeden Morgen Manche Veränderungen merkt man nicht sofort. Aber wenn man bestimmte Lebensmittel regelmäßig isst, fallen kleine Dinge mit der Zeit doch auf. In diesem Video geht es um fünf Früchte, die viele wegen ihrer natürlichen Nährstoffe und Antioxidantien in ihr
0_218673_126_t1_o4n4ihx;0.1077;enthusiastic;skincare-first;;;;"Franck Ribéry ist einer der größten Bundesliga-Legenden überhaupt. Er teilte sich den Platz mit weiteren Legenden wie Lewandowski, Zidane, Robben, Benzema. Um mehr über diese absoluten Legenden zu erfahren, googelt einfach ""Ribery Benzema"" Ich lass mir mit 45 von einer 18 Jährigen meinen verschrumpe"
0_218685_126_t1_nwjo9v4;0.1077;satisfied;skincare-first;peel;;aloe;wie bekomme ich solche pickel male oder wie man das nennt weg? ich hab leider keine ahnung was für ein hauttyp ich hab :/ sie ist nicht ölig aber such nicht trocken. meistens weich? ist elastisch und als hautpflege benutze ich hydro serum, beim duschen face peeling mit aloe vera (hat immer dehr gut 
0_218685_8_2056376850117460031;0.1077;enthusiastic;skincare-first;celebrity;;;Noch bis zum 23. Mai bringen die Stars bei den Filmfestspielen in Cannes jede Menge Glamour an die Côte d'Azur. Wir kennen das Make-up-Geheimnis der Promi-Ladies: Sie schwören auf eine Creme-Foundation aus der Drogerie, die die Haut wie ein Hyaluron-Seru… https://t.co/YQ0VeUWq5t https://t.co/QVWGZoQ
0_218673_126_t1_nnuflsc;0.1078;satisfied;skincare-first;;;;Augenringe bei Frauen ? Bei niemandem sind augenringe attraktiv. Oder?
0_218673_9_58655160827002826;0.1078;disappointed;procedure-curious;;;;"was ist denn das für eine frau? die hat sich ja persönlich angegriffen gefühlt..mmh..ach und die vergleiche mit den nazis dürfen nur die ""demokraten "" machen ..also offene diskriminierung ?..naja ,man sieht schon wie ihr gesicht gezeichnet ist ..falten zeigen den charakter ..aber über was regt sie s"
0_221687_26_1632614648868711;0.1078;enthusiastic;procedure-open;;;;Exklusive Behind-the-Scenes-Momente unserer neuen **Ziaja Med Peptides + SAP** Linie. 📸✨Schaut mit uns hinter die Kulissen des Fotoshootings. 💙#ziajaselfconfidence #ziajaösterreich #ziajainternational #skincare #behindthescene #photoshoot
0_219424_9_yt.kwE8szkRdjE;0.1078;enthusiastic;skincare-first;celebrity;;;Menschen die durch Schönheits OPs wie Promis aussehen wollten…😳 | #schönheitsop #shorts #crazy #fy
0_221687_26_1300300892133433;0.1079;advisory;skincare-first;;;niacinamide;Mit Hyaluron Activ B3 von Eau Thermale Avène wird die Hautalterung an der Wurzel gepackt. Dank der Kombination aus Niacinamid und Hyaluronsäure werden seneszente Zellen gezielt behandelt, um den Alterungsprozess nachhaltig zu verlangsamen. Erlebe eine verjüngte Haut mit langfristigen Anti-Aging-Erge
0_219424_126_t1_ojrr6z6;0.108;satisfied;skincare-first;botox;;;Was gilt zwar generell als attraktiv, aber ihr möchtet es bei einer Partnerin trotzdem nicht haben? Plastik? Botox? Seit wann ist die natürliche Schönheit eigentlich nicht mehr attraktiv?
0_218673_9_yt.b28IaCgHioo;0.108;satisfied;skincare-first;;;;BEWERTUNG (2025): Philips S9000 Rasierer S9976. WESENTLICHE Einzelheiten Eine schnelle und einfache Anleitung zu den herausragenden Merkmalen von Philips S9000 Rasierer S9976.👉 Auf Amazon ansehen: https://www.amazon.de/dp/B0CFY6KM18/?tag=16w9h-20 (Affiliate-Link)Erleben Sie den Philips S9000 Rasiere
0_218673_15_51261149224781951;0.108;enthusiastic;procedure-curious;laser,celebrity;laser;;Palina Rojinski über Diäten und Körperbild Palina Rojinski spricht offen über ihr Verhältnis zu Essen und ihrem Körper. Heute ist die 40-Jährige als Moderatorin und Schauspielerin bekannt. Was viele Fans nicht wissen: Bis zu ihrem 14. Lebensjahr war Palina Hochleistungssportlerin in der rhythmischen
0_219424_126_t1_o6rue7t;0.1081;advisory;skincare-first;spf;;spf;Sonnenschutz enthält nach wie vor fruchtbarkeitsschädigende Weichmacher! Bin auch dunkler. Wir bekommen zwar keinen Sonnenbrand, aber auch uns trifft die Hautalterung durch UVA-Strahlen.
0_219424_190_3930968817726296954;0.1081;advisory;skincare-first;peel;;;"RF Microneedling (Gold Needle)Innovative Hautverjüngung mit Radiofrequenz-Technologie.RF Microneedling kombiniert präzise Mikronadeln mit Radiofrequenzenergie für eine sichtbare Hautstraffung und nachhaltige Hautverbesserung.✓ Hautstraffung✓ Kollagen- &amp; Elastinaufbau✓ Falten- und Porenverfeineru"
0_219424_190_3935912261109720265;0.1081;satisfied;skincare-first;spf;;spf;Solar Dew SPF 30 verbindet mineralischen Sonnenschutz mit moderner Hautpflege.Leicht, transparent und pflegend – für hydratisierte Haut und ein frisches, strahlendes Finish ohne weißen Film. ☀️✨Jetzt auf hydro-peptide.de 🤍••HydroPeptide HydroPeptide Deutschland HydroPeptide Serum HydroPeptide Cleans
0_219424_126_t1_nzyk4zg;0.1082;neutral;skincare-first;;;;Wo Wimpernverlängerung machen lassen? Bei Google: Kosmetik bzw. Aesthetic Salons suchen. Gibt ganz viele in Saarbrücken.
0_219424_126_t1_o8skimv;0.1082;disappointed;skincare-first;botox;;;Judith Williams Ne wegen Jana enztaler schaut man König der Löwen  die ist besser. Sinzen  war auch  super in  der letzten Staffel    Judith ihr Gesicht anscheinend. Hat sie botox
0_218673_126_t3_1q26s3v;0.1082;satisfied;procedure-curious;;;;Nachbarschaftshilfe Die Julihitze stand förmlich in dem zu Wohnungen umgebauten Fabrikgebäude. Mark wischte sich mit dem Handrücken über die Stirn und betrachtete sein Werk. Das massive Eichenbett stand endlich. Es war ein seltsames Gefühl, hier allein in der neuen Wohnung zu sein – Maries Wohnung, 
0_218673_9_16856887208301784;0.1082;enthusiastic;procedure-curious;;;;WAS IST DEM SCHRUNZEN-GESICHT PASSIERT DAS GESICHT HAT MEHR  FALTEN ALS MEIN ARSCH
0_218673_126_t1_oj4fq68;0.1082;neutral;skincare-first;spf;;spf;"Frauen von Reddit, was sind die 5 typischsten Dinge, die Männer beim Altern vernachlässigen? Sonnenschutz und Hautpflege allgemein. Sonst halt gepflegt sein allgemein, gilt ja für jeden. Was ich finde, was Männer ""älter"" aussehen lässt als sie sind: bei beginnendem Haarverlust diese Überkämm-Vertusc"
0_219384_126_t1_nqoer5x;0.1082;satisfied;skincare-first;laser;;;IPL / Estreva Gel Ja, das hab ich schon öfter gehört. Tut mir leid. Ich hab auch keine Starke Körperbehaarung aber empfindliche Haut beim rasieren. Hab sehr helle / blasse Haut und dunkel braune Haare, das sind natürlich gute Voraussetzungen dafür.
0_219424_9_42189733794717852;0.1083;enthusiastic;skincare-first;botox;;;"Y DE SEGURO ""EL PALAZUELOS""DE CARICATURA(""LEMUS),,SE HA DE ESTAR PONIENDO BOTOX ..😮"
0_219424_9_yt.X2z-LROddts;0.1083;advisory;procedure-open;facelift;;;Blinkerton ändern beim MITSUBISHI Outlander Facelift (2017–2022) Dieses Video zeigt dir, wie du den Blinkerton beim MITSUBISHI Outlander Facelift (2017–2022) schnell und einfach änderst. Wir führen dich direkt zur Instrumententafel, zeigen welche Taste du drücken und halten musst, wie du im Einstell
0_219424_140_7657110799718173985;0.1083;advisory;skincare-first;;;;"L'Oréal Paris Glass Skin Duo - Feuchtigkeits-Fluid &amp; Hydrogel Maske, für aufgepolsterte &amp; glowy Haut, Hyaluronsäure-basiert, Revitalift Filler #sommerdeals #tiktokshopmademebuyit #loreal"
0_219424_26_27805233772440609;0.1083;disappointed;skincare-first;;;;Dein Herz verändert sich ein Leben lang – und zwar tief in seinen Zellen.Neue Daten aus der Science Advances-Studie von Jia et al. (2026) zeigen:Das menschliche Herz ist kein statisches Organ – es remodelt sich ständig, von der Entwicklung bis ins hohe Alter.Was die Forscher gemacht haben:  Sie anal
0_218673_9_35499914637225668;0.1083;disappointed;procedure-curious;;;;Die Handzeichen von Karin Prien (das gleiche wie Merkel immer benutzt hat) und die fetten Augenringe... Meine Theorie ist, dass diese Frau stark unter Druck steht oder erpresst wird von globalistischen Mächten um das deutsche Volk auszulöschen.
0_218685_126_t3_1t0s3nu;0.1083;advisory;skincare-first;price,peel;;aha;medicube Zero Pore Pads 2.0. Dual-Textured Facial Toner Pads for Exfoliation and Pore Care with 4.5% AHA Lactic Acid & 0.45% BHA Salicylic Acid. Ideal... -21 % 13,50 € Peeling und verfeinert die Poren. Perfekt für diejenigen, die sich Sorgen um die Erweiterung der Poren machen, die eine glattere Hau
0_219424_15_55792065534351185;0.1084;advisory;skincare-first;price;;vitamin-c;Welches Kollagen sollte ich kaufen? Ab dem 25. Lebensjahr sinkt die körpereigene Produktion dieses wichtigen Strukturproteins, das unter anderem für Haut, Gelenke und Bindegewebe unverzichtbar ist, zunächst langsam, bevor der Rückgang ab 40 dann deutlich spürbar wird. Feine Linien um die Augen, stei
0_219424_9_yt.HGyTLki0z5Q;0.1084;enthusiastic;skincare-first;;;;Mimi Kirk: 87, sehe aus wie 55. Gesundheit, Sex, Langlebigkeit. Rohvegan #MimiKirk #Rohvegan #LanglebigkeitErfahren Sie von Mimi Kirk, die 87 ist, aber wie 55 aussieht, ihre Geheimnisse für Gesundheit, Sex und Langlebigkeit durch rohvegane Ernährung.Entdecken Sie, wie pflanzliche Ernährung und leben
0_219424_190_3941201801335154266;0.1084;advisory;skincare-first;;;;Lachssperma? 🧬Kaum ein Begriff sorgt aktuell für so viel Aufmerksamkeit und gleichzeitig für so viele Missverständnisse.Tatsächlich verwende ich in der Praxis kein Lachssperma, sondern Polynukleotide. Das sind gereinigte DNA-Bausteine, die aus Lachs-DNA gewonnen werden und die natürliche Regeneratio
0_219424_140_7664290480015887649;0.1084;enthusiastic;skincare-first;spf;;;Feuchtigkeitscreme @ophelis 🔺 Warenkorb  #fürdich #ophelis #hyaluron #feuchtigkeitspflege #luxury
0_218673_126_t1_nay5ict;0.1084;satisfied;skincare-first;;;;Würdet ihr sagen, dass attraktive Männer im Alter in der Regel besser aussehen als gleichaltrige, attraktive Frauen? Das gleicht sich aus. Männer haben möglicherweise noch volles Haar oder eine Glatze. Plus ein paar Fältchen.Frauen haben einen Make-up-Artist. Ich hab' vor ein paar Tagen mal nach Nan
0_218673_8_2032886233588773092;0.1084;disappointed;procedure-open;;;;Sie war 28, als das erste Kind kam. Er steckte noch im Jurastudium. Sie hat alles drumherum gemacht. Windeln, Termine, schlaflose Nächte. Die Wohnung sauber gehalten, das Essen warm. Weihnachten bei seinen Eltern, weil es ihm wichtig war. Urlaub verschoben, weil das Examen anstand.Sie hat immer nur 
0_218673_15_32988717080929293;0.1084;satisfied;skincare-first;;;;Römer • Re: Sachen zum Lachen ! Das sind Augenringe weil er wegen der Bauplanung der Hagia Sophia schlaflose Nächte hatte Statistik: Verfasst von Wurzel — Do 09.04.26 00:40
0_221687_126_t1_o0kqged;0.1084;advisory;skincare-first;;;;Looking for another vitamin c serum RoC
0_219424_126_t3_1tiphdb;0.1085;advisory;skincare-first;botox;;;KI-generierte Fotos bei Pizzerien/Restaurants auf Lieferando nerven unnormal Bro ich will doch einfach nur sehen wie die Pizza wirklich aussieht, und keine Botox-KI-Perfekte-Cartoony Pizza, wie ne gute Pizza aussieht weiss ich doch selbst.
0_219424_126_t1_ow1hl2s;0.1085;satisfied;skincare-first;botox;;;"Findet ihr so hyperfeminine/barbiehafte Styles bei Frauen attraktiv? Anmerkung: uncanny sieht's nur aus, wenn es auf ne bestimmte Art operiert ist. Oft sagen Männer ""nee ich mag ja Frau X viel mehr, die ist noch natürlich"" obwohl die auch ne Menge Botox und ggf kleinere OPs hatte, um normschöner zu "
0_219424_126_t1_ogv2tvl;0.1086;advisory;skincare-first;;;;Wie wird man Bartschuppen los Ich habe angefangen Hyaluron in die Haut unterm Bart zu massieren. Dazu muss aber der Bart und die Haut nass sein, sonst klebt das sehr.Danach mit einer Fertigkeitscreme oder Öl versiegelt. Ich finde nur noch sehr selten Schuppen. Öl alleine hat mir nicht geholfen. Mir 
0_219424_9_yt.7AZevPutt1c;0.1086;satisfied;skincare-first;;;;Nie Altern: 5 Starke Anti-Aging Früchte 🍓 Möchtest du den Alterungsprozess natürlich verlangsamen? 🍓✨ Entdecke 5 starke Anti-Aging Früchte, die deine Haut, Gesundheit und Energie verbessern können.Diese Früchte sind reich an Antioxidantien und wichtigen Nährstoffen, die Falten bekämpfen und deine Ha
0_219424_190_3946289804101463731;0.1086;advisory;skincare-first;;;;"Wachstumshormone komplett missverstanden!Die meisten denken bei Wachstumshormon sofort an Masse-Monster.Falsch gedacht.Schlaf, Fettstoffwechsel, Haut, Regeneration, Anti-Aging , da spielt die Musik.Wer nur an Muskeln denkt, hat das Thema nicht verstanden.➜ ""GH"" in die DMs, wenn du das Thema wirklich"
0_218673_23_54966890442698131;0.1086;satisfied;skincare-first;;;;Feuchtigkeitsspendend [Diese Bewertung wurde im Rahmen einer Werbeaktion gesammelt.] Dank @nivea rfte ich das Cellular. Epigenetics für verjüngendes Gesichtsserum von Nivea testen. Es soll Falten reduzieren und die Elastizität der Haut verbessern, die Feuchtigkeit steigern und die Haut glätten. Das 
0_218673_126_t1_o2rxctp;0.1086;advisory;skincare-first;;;;"Altern in der Schwangerschaft Also ich hatte echt diesen „Schwangerschafts Glow"". Meine Haare wurden einfach nicht mehr fettig und waren so voll wie nie. Meine Körperbehaarung ist einfach kaum mehr gewachsen? Und meine Haut war prall, da bisschen runderes Gesicht, und sehr rein. Jetzt, vier Monate n"
0_218673_8_2031002887564734610;0.1086;disappointed;skincare-first;;;;@Nowcast_EU @Eckikrainer Diese komischen Pigmentflecken im Westen und im Osten stören!
0_221687_190_3933665799247154089;0.1086;advisory;skincare-first;;;;"Meine Morgenroutine besteht aus Elektrolytreichen Wasser + Zitrone, Biogena One &amp; Flohsamenschalen, LyfespanX Collagen Peptides &amp; NAD+ Wie sieht deine Morgenroutine aus? #biogena #kollagen #nad+ #vitamimD #longevity"
0_219424_126_t3_1trw8zj;0.1087;disappointed;skincare-first;;;;Mein Gewichtsverlust https://bilderupload.org/image/6a5736398-vergleich-25-jahre-neu.pngIch poste das auf einem Throwaway acc, weil ich keine Bilder auf meinem Main acc hier haben möchte.Ich hab innerhalb von ~15 Monaten knapp über 80 Kilo abgenommen.Mein Protokoll war:1200 kcal / Tag essen. Habe je
0_221687_140_7643951516428012833;0.1087;advisory;skincare-first;spf;;spf;Istree Produkte  💕Isntree - Hyaluronic Acid Watery Sun Gel - Sonnengel mit Hyaluronsäure. Flüssigen Sonnengel fern, das acht Arten von Hyaluronsäure mit unterschiedlichen Molekulargewichten enthält, um Feuchtigkeit aufzufüllen.  💕Isntree - Ultra-Low Molecular Hyaluronic Acid Serum - Gesichtsserum mi
0_219424_126_t1_oh9vz1n;0.1088;disappointed;skincare-first;botox;;;"Wieso mögen Männer keine „gemachten"" Frauen? Weil das Wort ""Bimbo"" (in diesem Kontext) eine abwertende Bezeichnung für eine als dumm geltende Frau ist. Im Grunde kann man es mit den deutschen Blondinenwitzen vergleichen. Eine Frau die sich aber z.B. die Nase operieren lassen hat direkt als dumm abzu"
0_219424_126_t1_okyhtne;0.1088;satisfied;skincare-first;botox;;;Was gilt zwar generell als attraktiv, aber ihr möchtet es bei einer Partnerin trotzdem nicht haben? -kardashian ärsche (ich mag schlanke knackärsche)- alles künstliche: fingernägel, augenbrauen, botox, silikon (für mich bitte alles natur)- 1kg schminke (bitte nur dezent)
0_218673_126_t1_n9ofnyi;0.1088;advisory;skincare-first;spf;;;Was würdet ihr für meine Haut empfehlen? Fang an ein Waschgel, eine Feuchtigkeitscreme und eine Sonnencreme zu finden die du gut verträgst. Dann kannst du irgendwann ein Serum benutzen falls du möchtest. So genau kann ich nichts empfehlen, ich weiß nicht dein Hauttyp (Trockene Haut, Fettige Haut, Mi
0_218673_8_2021629323606995288;0.1088;advisory;skincare-first;;;;Von Vitamin C bis Kollagen: Hier erfährst du, welche Mikronährstoffe deine Hautalterung verlangsamen und deine Zellen stärken. 🌿 #SkinGlow #AntiAging https://t.co/TymKJh7gHx via @pinterest
0_221687_190_3730177576174493549;0.1088;advisory;skincare-first;;;;Fokus darauf, was wirklich zählt: Hydration in jedem Tropfen. Das CELLULAR Expert Filler Hyaluron Replumping Serum regeneriert die Feuchtigkeitsspeicher deiner Haut und glättet sie sichtbar 💧#NIVEA #Hydration #InEveryDrop  #SmallReelBigImpact
0_221687_26_1173958738191647;0.1088;satisfied;skincare-first;;;;Durstlöscher für deine Haut. 💧✨ Unser Hyaluron Serum versorgt die Haut intensiv mit Feuchtigkeit, lässt sie frischer wirken und unterstützt ein pralles, geschmeidiges Hautgefühl.https://la-mer.com/de/Hyaluron-Serum
0_219424_9_yt.37RcrOQ85QQ;0.1089;disappointed;skincare-first;;;;5 Früchte, die dich jünger aussehen lassen Entdecke 5 kraftvolle Anti-Aging-Früchte, die deiner Haut helfen können, gesünder und strahlender auszusehen 🍓✨ Verbessere deine Ernährung, unterstütze die Kollagenproduktion und bekämpfe Falten von innen heraus 💪🍃 Starte noch heute deine Transformation! #a
0_218673_9_26616115860730036;0.1089;advisory;procedure-curious;;;;Mein Mann hat Jahre in LU gewohnt. Dort war Lärm, Gestank und oft sehr hell dank der BASF und deren Fackel. Es macht mürbe und krank. Augenringe wie nen Waschbär. Nun wohnt er bei mir im Ruhrgebiet und trotz 2 spuriger Hauptstraße vorne raus , ist es ruhiger. Wir wohnen nämlich hinten raus inkl. Bäu
0_219384_126_t1_nb3wtv7;0.1089;enthusiastic;skincare-first;laser;;;W28, wie kann ich die Schamhaare meines keuschlings am besten entfernen? Also laser ist halt eher für Leute mit heller Haut und dunklen Haaren geeignet. Einfach weil die Technologie große Kontraste braucht.... irgendwie hat das was mit der Wellenlänge des Lasers zutun. Keine Ahnung...aber steht imme
0_221687_190_3953372441855916373;0.1089;advisory;skincare-first;;;;French oder Farbe - was tragt ihr lieber auf den Füßen?🦶🏻 Produkte:Jolifin Basic Schleifhülsen 30Stk - Mix Set inkl. Mandrel ArtikelNr: 9763Jolifin Nagelhaut-Entferner mit Pipette 50ml ArtikelNr: 14143Jolifin Fräser-Bit Set - Maniküre ArtikelNr: 15069Jolifin LAVENI Long-Life Feile - Trapez 100/180 A
0_219424_126_t1_nz5nhqx;0.109;enthusiastic;skincare-first;;;;Warum haben so viele Frauen künstliche Fingernägel? Das waren noch Zeiten, als die Damen sich ihre Fuß - und Fingernägel nur angemalt haben und dabei sowie beim Entfernen des Lacks Lösungsmitteldämpfe einatmeten. Das war damals Mode und für manche Frauen tägliches Muss, für andere nur das Highlight 
0_218673_9_yt.UU7gu14EHOA;0.109;enthusiastic;procedure-open;;;;BEWERTUNG (2026): Tefal Dampfbügelstation SV6115. Infos Werfen Sie einen schnellen Blick auf die Hauptmerkmale von Tefal Dampfbügelstation SV6115.👉 Auf Amazon ansehen: https://www.amazon.de/dp/B08H1MQXKH/?tag=16w9h-20 (Affiliate-Link)Entdecken Sie die Tefal Dampfbügelstation SV6115, die Ihnen mit ih
0_218673_9_53699347368891566;0.109;advisory;skincare-first;;;;Dankeschön für das entspannte Video von Rani und Savani. Ich würde gern wissen was die kleine Savani so wiegt  mir scheint die Haut schlägt soviel Falten.Sah Mal anders aus oder?❤❤❤
0_219384_126_t1_o9baj7q;0.109;satisfied;skincare-first;laser,spf;;spf;Frauen: wie Haare über der Lippe richtig entfernen? Nochmal zum Verständnis: der Bereich über der Lippe sieht nach dem Rasieren heller aus als der Rest des Gesichts? Dafür würden mir zwei Gründe einfallen: 1. Du hast noch Haare (Flaum) im restlichen Gesicht, die es dunkler erscheinen lassen oder 2. 
0_219424_26_1629947945802215;0.1091;satisfied;procedure-curious;;;;Skinbooster sind keine klassischen Filler.Genau das wird häufig verwechselt.Ein Skinbooster enthält Hyaluronsäure, wird aber mit einem anderen Ziel eingesetzt: Nicht, um Volumen aufzubauen, sondern um die Hautqualität zu verbessern. Er versorgt die Haut intensiv mit Feuchtigkeit und kann das Hautbil
0_218673_8_2000473209796452525;0.1091;satisfied;skincare-first;;;;"✨Intensive Power für deine Haut! ✨Der SaneO2® Hyaluron Anti-Falten Booster vereint Dual-Hyaluron &amp; hochwertige Hibiskus-Peptide – für sichtbar glattere, prallere Haut.https://t.co/T7pZi5tmuk#SaneO2 #HyaluronBooster #AntiFalten #Hautpflege #GlowSkin #Hyaluron https://t.co/WOP8kH7uRh"
0_218673_8_2053193993089917355;0.1091;enthusiastic;procedure-curious;;;;Meine Augenringe sind so dunkel, der Zoo würd' mich als Panda aufnehmen.
0_219384_8_2004583757425397798;0.1091;satisfied;skincare-first;laser;;;RT @Businessimpuls: Licht statt Laser: Schwedische Forscher drucken Elektroden direkt auf die Haut | t3n https://t.co/wTEgnevXvA
0_221687_140_7639081406076964128;0.1091;advisory;skincare-first;;;coq10;Primabiotic Hyaluron - Dass es Feuchtigkeit gibt, Glanz spendet und die Haut frischer aussehen lässt. Außerdem, dass es mit Hyaluron und Coenzym Q10 ist, vegan, einfach aufzumachen und zu trinken. Manche nutzen es auch für die Gelenke. Man soll täglich ein Fläschchen nehmen, am besten zu einer Mahlz
0_219424_9_24971229604765895;0.1092;disappointed;skincare-first;botox;;;Wie schon Einige hier erwähnt haben... - Setting sehr düster und trist, komplettes Gegenteil der Ägäis - komplette Fehlbesetzung, Matt Damon ist cool aber das kauft man ihm Null ab und das ist der allgemeine Tenor. Keiner der Schauspieler wirkt authentisch für einen Historienfilm. Und Anne Hathaway?
0_219424_140_7663513888536808726;0.1092;enthusiastic;procedure-curious;;;;nicht mein lieblingsfilm aber thematik so wichtig und echt gute symbolik! #thesubstance #demimoore #margaretqualley #antiaging #foreveryoung
0_218673_15_18526282859382087;0.1092;satisfied;skincare-first;price;;resveratrol;Trauben – eine Bereicherung in der Küche Herbstzeit ist Traubenzeit. Jetzt erobern sich Trauben wieder ihren Platz im Obstkorb und peppen nicht nur Käseplatten auf. Ob zartgrün, gelb, hellrot oder blau, die knackigen Früchtchen schmecken herrlich süß und sind dabei super gesund. Weintrauben sind sch
0_221687_26_1570579808408186;0.1092;advisory;skincare-first;spf;;niacinamide;Glass Skin: natürlicher Glow statt HighlighterFür den Porzellanhaut-Look brauchst du vor allem eins: Feuchtigkeit und eine konsequente Routine.Die Basics:• Gründliche Reinigung• Sanfte Exfoliation (2–3 Mal pro Woche)• Hydrating Toner • Serum / Essenz (z. B. mit Hyaluron oder Niacinamid)• Feuchtigkei
0_219424_9_54715520376802836;0.1093;advisory;skincare-first;;;;Hmm - ich habe Fotos von ihr gegoogelt. Ob sie mit Hyaluron nachhilft? Es gibt Fotos, auf denen sie viel älter etc. aussieht. Und diese winzigen dunklen Stellen in der Tränenrinne...
0_219424_140_7665662368826871062;0.1093;advisory;skincare-first;;;copper-peptides;Teure Anti-Aging-Cremes sind Biochemie-Abzocke – und die Kosmetikindustrie weiß das. 🛑 Fakt ist: Kollagen-Moleküle in Standard-Cremes sind viel zu groß für die Hautbarriere. Sie kleben nur oberflächlich auf der Haut und waschen sich wieder ab. 💸 Die echte Lösung? Kupferpeptide (GHK-Cu). 🧬 Diese winz
0_221687_140_7648958453490158881;0.1093;satisfied;skincare-first;;;;Elizavecca Milky Piggy Hell-pore Gold Hyaluronic acid eye patch .Formulated with hyaluronic acid to deliver abundant hydration and gold extract to boost radiance.Lifts and firms skin around the eyes for a more youthful-looking appearance.Visibly diminishes fine lines and wrinkles around the eyes.For
0_221687_26_1636536115146849;0.1093;satisfied;skincare-first;price,spf;;;NEU von GRANDELin der HYDRO ACTION SerieHyaluron Power Moisturizer - Glättende 24-h-FeuchtigkeitspflegeIntensiver Feuchtigkeitskick für die Haut.Der HYDRO ACTIVE Hyaluron Power Moisturizer versorgt die Haut durch 7-fach Hyaluron sofort und langanhaltend mit Feuchtigkeit.Die leichte Textur zieht schn
0_219424_9_yt.uFlvfw9og_0;0.1094;advisory;skincare-first;;;;15 Geheimnisse für ewige Jugend – Sofort anwenden!  #shorts  #viral #fyp ​#gesundheit#antiaging#gesundleben#gewohnheiten#wohlbefinden#longevity#gesundheitswissen#healthhacks#shortsfeed#viral
0_219424_190_3935347872923546223;0.1094;enthusiastic;procedure-curious;botox;;;Wir wollten eigentlich ganz entspannt eine Podcastfolge aufnehmen … 🫠🎙️Dann kamen Remote-Aufnahmen, Wetterfragen, der Siebenschläfer, Politik, Botox, Strand-Diskussionen und fragwürdige Herzfrequenzen dazwischen. 😂Also eigentlich: eine ganz normale Folge bei uns. 🤝🏼🫠🎧 Die neue Folge ist online - hör
0_219424_190_3945536259781760937;0.1094;advisory;procedure-open;;;;Hyaluron ist nicht gleich Hyaluron. 💧Hier habe ich eine Übersicht erstellt über die verschiedenen Hyalurontypen. Nachdem ich im Reel darüber gesprochen habe, welche wichtige Rolle Hyaluronsäure in unserer Haut spielt, möchte ich hier aufzeigen welcher Typ für welches Bedürfnisse ist. Die Molekülgröß
0_219424_190_3948966469042270480;0.1094;advisory;skincare-first;peel;;;💧 Warum verwende ich ein Hyaluronserum in meinen Behandlungen? Hyaluronsäure ist ein natürlicher Bestandteil unserer Haut und kann ein Vielfaches ihres Eigengewichts an Wasser binden. Dadurch wird die Haut intensiv mit Feuchtigkeit versorgt und der Feuchtigkeitshaushalt unterstützt.Ein hochwertiges 
0_218673_8_2031705522726985781;0.1094;enthusiastic;skincare-first;;;;RT @frozzzelkoenig: @Bud14te @Neffton1 Wer sind diese Augenringe? Die eineiige Schwester von Antifa-Prien?
0_218685_126_t1_nueucaa;0.1094;advisory;skincare-first;retinol;;;hilfe zu dating Suche einen Dermatologen auf und lass dir finasteride und monoxodil verschreiben für die Haare.Wenn du nur leichte Akne hast sollte das Zeug vom Kosmetik reichen (achte auf die Wirkstoffe retinol und hyaluron säure).
0_221687_140_7595534001159343382;0.1094;disappointed;skincare-first;;;coq10;"🦠 Mitochondrien – warum sie der zentrale Hebel für Energie, Longevity &amp; Anti-Aging sind Mitochondrien sind die Energiekraftwerke deiner Zellen. Sie wandeln Nährstoffe in ATP um – die universelle Energiewährung für Muskelarbeit, Gehirnleistung, Reparatur und Regeneration. Wenn Mitochondrien ineff"
0_221687_140_7599001819477445910;0.1094;advisory;skincare-first;spf;;spf;NIVEA SUN 2in1 Primer Daily UV Serum LSF 50+, parfümfreie Sonnencreme für glattere Gesichtshaut mit Hyaluron und Antioxidans, schnell einziehende Gesichtspflege mit LSF (30 ml)#winterdeals #tiktokmademebuyit #fyp #primer #sonnenschutz @NIVEA DE @NIVEA USA
0_219424_9_171427957946336;0.1095;enthusiastic;skincare-first;botox;;;da hamma ja glück ü40 zu sein! 😋 i❤botox!
0_219424_126_t1_oekb706;0.1095;satisfied;skincare-first;peel;;;MICRONEEDLING AT HOME ![gif](giphy|ZeiZdsBk9KCBK9PJ7r)
0_219424_190_3938984985011284807;0.1095;disappointed;skincare-first;;;;"Mit Haut &amp; Haaren älter werdenAuch unsere Haut kommt in die Wechseljahre.Denn genau wie andere Organe besitzt auch sie Hormonrezeptoren – und diese werden durch den sinkenden Östrogenspiegel weniger aktiviert.Die Folge?Unsere Haut produziert weniger Kollagen. Genau das Protein, das für Spannkraf"
0_218673_126_t1_ooq5y8b;0.1095;advisory;procedure-curious;price;;;Denken Männer wirklich bei jeder Frau an Sex? Oh ja, soooo hot! 🥵 Vor allem nicht vergessen, sich diese Frau nach paar Fehlgeburten und nach den schönen Schwangerschaftsveränderungen dann bei der Entbindung vorzustellen, schön mit Labien- und Dammriss und wie du dann die Nächte durchmachst und die T
0_219404_8_2078125093650047133;0.1095;enthusiastic;skincare-first;botox,peel;;;Hilary Duff spricht offen über ihre Schönheitsgeheimnisse. Neben Botox und Microneedling schwört der Ex-Disney-Star auf Lachssperma-Behandlungen. Auch ihr Mann Matthew Koma ist begeistert von diesem Trend.  https://t.co/KbCnb5D0Q5 https://t.co/M3Rg7jI8C1
0_219424_9_yt.Y7fS7ssKRBI;0.1095;enthusiastic;procedure-curious;botox;;;CIRO DEJA EN VERGÜENZA A LORD BOTOX, NO LEES ANTES DE LADRAR #new #politics #amlo #4t #mexico
0_219424_126_t1_oc8g55q;0.1096;disappointed;procedure-curious;;;;"Es interessiert mich nicht wie toll Japan ist Genau das ist es. Die Einstellung zu Arbeit und Leistung ist halt echt enorm belastend. Japan hat eine der höchsten Suizidraten der Welt (Platz 17, im Vergleich, Deutschland liegt auf Platz 44). Auch, welche sozialen Normen erwartet werden und was als ""h"
0_219424_9_yt.Mbk9DiVCwxk;0.1096;neutral;procedure-open;facelift;microcurrent;;Wie verwende ich das Automatik-Getriebe im MITSUBISHI Outlander (Facelift 2017–2022)? In diesem Video erkläre ich dir verständlich und praxisnah, wie du das Automatik-/CVT‑Getriebe im MITSUBISHI Outlander (Facelift 2017–2022) richtig nutzt. Du erfährst, was der L‑Modus (Gangwahlschalter L) bewirkt, 
0_219424_140_7660635014664670496;0.1096;neutral;procedure-curious;price;;;Abholung oder Lieferung direkt aus unserem 6.000 m² großen Outlet in Gevelsberg – so groß wie ein Fußballfeld, mit über 500 Sofas sofort verfügbar! Bestellung sofort auf dekadentliving.de (N3817C) Nur 2690,-€ bei Abholung. Statt: 9699,99 € 0% Finanzierung bei PayPal-Zahlung über unsere Homepage.   •
0_219424_126_t1_ox3ufta;0.1096;advisory;procedure-open;botox;;;how to get botox in/to germany? Ich habe es zuletzt im März aus Korea nach Deutschland bestellt und keine Probleme mit der Zustellung gehabt.
0_218673_23_4812151963605570;0.1096;satisfied;skincare-first;;;;Feuchtigkeitsspendend Dank @nivea rfte ich das Cellular. Epigenetics für verjüngendes Gesichtsserum von Nivea testen. Es soll Falten reduzieren und die Elastizität der Haut verbessern, die Feuchtigkeit steigern und die Haut glätten. Das Serum enthält drei Arten von Hyaluronsäure. Das Serum hat eine 
0_218673_9_69300099360546081;0.1096;enthusiastic;skincare-first;;;;Guten Morgen liebe Claudi. Einen schönen Donnerstag. Dein Wauzi  ist will sich auch schminken 😂Dankeschön, das Du uns bei Deinem Haul mit nimmst. Super Produkte dabei. Das mit dem Dekolleté stimmt. Hab früher auch nicht drauf geachtet, aber jetzt wird da auch gecremt oder mit Serum versorgt. Man sie
0_218673_9_yt.VVj0dvb28bI;0.1096;enthusiastic;procedure-curious;;;;Elisa Thorval 😎🤘 Kalte Engel Sie leben gefährlichUnd alles and're als ehrlich.Engel, kalte Engel.Silikon ist ihr Kapital,Erste Falten eine Qual.Engel, (Kalte Engel.)Dabei sein.High sein.Frei sein!Du kannst stundenlang dein Spiegelbild anschaun,Der Speck ist weg, die Haut ist nahtlos braun.Auf der So
0_219424_140_7656769304125312288;0.1097;satisfied;skincare-first;;;;Viele denken, ich trage ständig eine Sonnenbrille, weil es einfach cool aussieht. Tatsächlich hat sie für mich einen ganz praktischen Grund. Meine Augen sind extrem lichtempfindlich. Ohne Sonnenbrille müsste ich permanent die Augen zusammenkneifen – und genau das bedeutet ständige Anspannung der Ges
0_219424_140_7658142624833899809;0.1097;advisory;skincare-first;;;;"#creatorsearchinsights  L'Oreal Paris Glass Skin Duo - Feuchtigkeits-Fluid &amp; Hydrogel Maske, für aufgepolsterte &amp; glowy Haut, Hyaluronsäure-basiert, Revitalift Filler #hautpflege  #gesichtsmaske  #Loreal  #tiktokshop"
0_219424_190_3936025081964983681;0.1097;enthusiastic;skincare-first;;;;"Hast du dich schon jemals gewundert, für was dieser ""Trichter"" denn genau gut ist, den ihr immer wieder auf unseren Videos seht? Dann sei gespannt! In diesem Video beantworten wir es dir!Schwirren dir noch andere Fragen im Kopf herum? Dann lass es uns in den Kommentaren wissen! 👇#Brustvergrösserung "
0_219424_26_1639610538173537;0.1097;satisfied;skincare-first;;;;✨ Gezielte Pflege für die empfindliche Augenpartie.Die Nimue Anti-Ageing Eye Cream kombiniert hochwirksame Anti-Aging-Inhaltsstoffe, um die Haut intensiv mit Feuchtigkeit zu versorgen, feine Linien sichtbar zu mildern und die Augenpartie glatter, straffer und frischer aussehen zu lassen.Mit der Kraf
0_218673_23_24912927500647013;0.1097;satisfied;skincare-first;;;;Super Glow Serum Das NIVEA LUMINOUS630 Skin Glow Instant Glow Serum lässt sich super im Gesicht verteilen und zieht schnell ein. Es hat einen angenehmen Geruch und hat meine Haut zum Strahlen gebracht. Es wirkt porenverfeinernd und feuchtigkeitsspendend. Auch super unter dem Make Up anwendbar. Es ha
0_218673_9_yt.5fG1JwyCRiM;0.1097;enthusiastic;procedure-open;;;;Dein Foto mit KI verschönern? Hier gibt's den Prompt… 🍀🥰 Hallo ihr Lieben! 🥰 Kurzanleitung – Eigene Fotos in ChatGPT: 1. Neuen Chat starten 2. Foto hochladen (➕ / Büroklammer) 3. Bildauftrag (Prompt) schreiben  4. Bild generieren lassen 5. Änderungen im selben Chat schreiben 6. Bild speichernHinweis
0_218673_8_2078721104747626777;0.1097;enthusiastic;skincare-first;;;;"8-Uhr-Vorstellung von ""Die Odyssee""aka""Popcorn und Augenringe"" 🫩 https://t.co/h5OvA9GxjM"
0_221687_190_3906820589779736718;0.1097;advisory;skincare-first;retinol,peel,spf;;niacinamide;"Melasma ist ein Thema, das besonders Frauen betrifft. Im Gegensatz zu Sommersprossen sind Melasmen meist größer, flächiger und hängen eng mit drei Faktoren zusammen: Hormone, Genetik und Sonne!Die Sonne ist der ""Treibstoff"" für das Melasma. Wenn UV-Strahlen auf die Haut treffen, werden die Melanozyt"
0_219424_190_3934749379256851947;0.1098;advisory;skincare-first;spf;;spf;Anne Hathaway- Ihr Alter sieht man ihr kaum an. 🤍Ist das nur Genetik? Sicher spielt sie eine Rolle. Aber eines fällt seit Jahren auf: Anne Hathaway schützt ihre Haut konsequent vor UV-Strahlung. UV-Schutzkleidung, breitkrempige Hüte, Sonnenbrillen und sogar Sonnenschirme gehören für sie ganz selbstv
0_219424_190_3948188460656109798;0.1098;enthusiastic;skincare-first;;;;#köln #düsseldorf #nrw #skinbooster
0_218673_8_2020918763923616144;0.1098;advisory;skincare-first;;;;Von Vitamin C bis Kollagen: Hier erfährst du, welche Mikronährstoffe deine Hautalterung verlangsamen und deine Zellen stärken. 🌿 #SkinGlow #AntiAging https://t.co/Y3etMV9jnp via @pinterest
0_218673_126_t1_of8bhxy;0.1098;advisory;skincare-first;;;;Ich w, kann Männer die sich Haare transplatieren lassen nicht für voll nehmen! Keine Ahnung hab mich noch nie dafür interessiert. Warum sollte es auch, sollte jeder für sich entscheiden. Aber vermutlich trägst du in diesen Moment auch Concealer um deine Augenringe zu überdecken und benutzt Hautpfleg
0_221687_140_7650185530289802518;0.1098;satisfied;skincare-first;spf;;niacinamide;☀️ Summer Essentials 2026 ☀️ Die wichtigsten K-Beauty-Produkte für diesen Sommer – abgestimmt auf jeden Hauttyp! 💖 🧼 Cleanser 🌵 Trockene Haut: Beauty of Joseon Green Plum Refreshing Cleanser 🌿 Mischhaut: Anua Heartleaf Quercetinol Pore Deep Cleansing Foam 💧 Fettige Haut: COSRX Salicylic Acid Daily G
0_219424_190_3945524387241875943;0.1099;satisfied;skincare-first;;;;Warum sorgt Sonneneinstrahlung für vorzeitige Hautalterung?Sonneneinstrahlung ist einer der zentralen Faktoren, wenn es um vorzeitige Hautalterung geht.Der Grund liegt nicht nur an der Oberfläche der Haut, sondern in den Prozessen, die durch UV-Strahlung in den Hautzellen ausgelöst werden.UV-Strahlu
0_218673_9_70626402842836114;0.1099;satisfied;skincare-first;;;;Dankeschön, alles sehr gut und  verständlich erklärt.Nahrung ist unser Treibstoff, sag ich immer 😅Und die Lebensmittelindustrie dürfte eigentlich gar nicht so heißen.Magen- und Darm- Füllstoffindustrie würde es besser treffen.Natürlich gibt es auch hier Ausnahmen. gsd.Meine Oma und meine Mutter hatt
0_218673_8_2038503699933168104;0.1099;disappointed;procedure-open;botox;;;RT @MartinaKlar: ‼️Was ist nur mit den Frauen passiert??? Was im Land passiert ist egal Hauptsache keine Falten???Ich fasse es einfach nicht‼️‼️Gratis-Botox in #Duisburg Am Samstag hat sich im Duisburger Einkaufszentrum Forum eine lange Schlange gebildet. Hunderte Menschen warteten auf https://t.co/
0_221687_190_3958999563714255858;0.1099;satisfied;skincare-first;spf;;spf;Zu viel Glow – oder zu viel Puder? ☁️Cloud Skin trifft genau die Balance dazwischen: ein weicher, seidig-satinierter Teint mit natürlicher Hautstruktur. Der Look beginnt nicht mit dicker Foundation, sondern mit einer leichten Vorbereitung. Wenige Tropfen KÖ-KLINIK Hyaluron Filler Serum auf leicht fe
0_219424_9_yt.tO1nuR6uWMQ;0.11;advisory;skincare-first;botox;;;"😱 Vinegar on Your Face? Here's the Truth 😱 Kann Essig wirklich deine Haut verbessern?Viele nennen es ""natürliches Botox""… aber stimmt das?In diesem Video erfährst du, was Apfelessig wirklich für deine Haut tun kann und wie du ihn richtig anwendest.⚠️ Nicht alles aus dem Internet ist gut für deine Ha"
0_219424_126_t1_olqe23q;0.11;neutral;procedure-curious;price,peel;peeling;;Ich verschenke Startupideen für jemanden der zu viel Geld hat. Man könnte ja ein Algenzuchtschiff bauen und die Temperatur im Schiff selber regulieren und frisches Meerwasser bei bedarf nachpumpen aus kalten gewässern, man muss ja nicht ankern.Assistant:Ein mobiles Algenzuchtschiff ist theoretisch m
0_219424_190_3936164779830635757;0.11;enthusiastic;procedure-open;facelift,threads;thread-lift;;💉 Mehr Hyaluron ist oft nicht die Lösung.Viele denken bei ästhetischer Medizin sofort an Auffüllen.Aber ein Gesicht wirkt nicht automatisch frischer, nur weil mehr Volumen eingebracht wird.✨ Entscheidend ist nicht die Menge.✨ Entscheidend ist die Analyse.✨ Entscheidend ist die Struktur.✨ Entscheiden
0_218673_9_782144624410587;0.11;disappointed;procedure-curious;;;;Liebe Dagmar ❤, da stimme ich Dir zu. Ich gucke nur das was mir gefällt. Ich habe auch schon Abos gecancelt, weil mir die Art der YouTuberin nicht gefiel. Aber ich habe da nicht blöde Kommentare hinterlassen. Auch habe ich festgestellt, dass manche Menschen keine Kritik vertragen. Also nett formulie
0_218685_9_yt.vejdvFr6xbk;0.11;neutral;procedure-open;laser,price;;;Dimensionswechsel 2025 - Bildung & Familie: Finanzielle Freiheit Jetzt! Dr. Thomas Baumgärtner LIVE 4. Heilpraktiker-Online-Kongress - Dimensionswechsel: Körperintelligenz und Seelenweisheit - Zur kostenlosen Anmeldung: https://shortbee.io/Dimensionswechsel2025Die Welt verändert sich rasant – Gesund
0_221687_190_3752746487575786112;0.11;disappointed;skincare-first;retinol;;retinol;♡ ♡ ♡ EXOSOMEN – HIGHTECH ODER NUR HIGH MARKETING?Gerade überall zu lesen:Exosomen sollen die neue Wunderwaffe für Regeneration und Anti Aging sein.Aber was steckt wirklich dahinter?✨ Was Exosomen sind:Exosomen sind mikroskopisch kleine Vesikel, also winzige, mit Lipiden umhüllte Bläschen, die von Z
0_221687_190_3759147842293054980;0.11;satisfied;procedure-curious;retinol,peel;peeling;;"""Image peel"" bezieht sich auf professionelle chemischen Peelings der Marke IMAGE Skincare, die entwickelt wurden, um eine Vielzahl von Hautproblemen wie Falten, Akne oder Rötungen zu behandeln. Diese Peelings verwenden Inhaltsstoffe wie Vitamin C, Hydroxysäuren, Enzyme, Retinol und Stammzellenextrak"
0_221687_140_7638165477734337825;0.11;satisfied;skincare-first;;;;"Die tägliche Glow Routine für ein enormes Sttrahlen in jeder Hinsicht  Glow25 Balance &amp; Collagen Powder Set - Balance with Lactic Acid Bacteria, Inulin, Calcium &amp; Vitamin B2 + Our Original Collagen Hydrolysate with Vitamin C - Peptides Type 1 and 3 Verschiedene Varianten  https://pin.it/N66S"
0_219424_9_yt.NlMFDrV5WD4;0.1101;enthusiastic;procedure-curious;;;;"Hair & Beauty NaVa Hair &amp; Beauty NaVa in Frankfurt: Erfahre mehr über uns in diesem überblicksartigen Imagefilm. Finde heraus, wie du mit uns in Kontakt treten kannst, wann wir für dich geöffnet haben oder verschaffe dir einige Eindrücke unseres Betriebs. Mehr erfährst du zudem auf https://www.h"
0_219424_126_t1_off9mz8;0.1101;advisory;skincare-first;botox;;;Steht ihr wirklich auf natürliche Frauen? Ein bisschen Makeup ist schon okay. Aber es sollte wirklich dezent sein. Von OPs, Botox, aufspritzen usw. halt ich nichts. Das sieht einfach nicht gut aus.
0_218673_9_yt.mYILbF4AXy0;0.1101;enthusiastic;procedure-curious;;;;Lookbook Fashion Show: Elegantes weißes Minikleid mit Rüschen & V-Ausschnitt | LookBook Easy Willkommen zu einer neuen Ausgabe der Lookbook Fashion Show auf LookBook Easy! 👗In diesem Video präsentieren wir ein exklusives Design-Highlight: Ein kurzes weißes Kleid, das durch raffinierte Details bestic
0_218673_126_t1_os7z0m8;0.1101;neutral;procedure-curious;;;;Warum geben sich Frauen meist deutlich mehr Mühe insgesamt für das Aussehen als Männer? Definiere Mühe. Wenn ich mich morgens vor den Spiegel stelle und denke: Einmal kämmen, das reicht.  Warum sollte ich versuchen irgendwas (kleine falten, raue Haut, kleine Unreinheiten etc) zu vertuschen was mich 
0_218685_9_yt.hU0Zi8ScfAw;0.1101;advisory;skincare-first;price,peel;;;TOP 3 DAMEN-EPILIERER (Braun, Panasonic oder Philips??) | Die besten Epilierer Vergleich TOP 3 DAMEN-EPILIERER (Braun, Panasonic oder Philips??) | Die besten Epilierer Vergleich► Panasonic ES-EY30: https://amzlink.to/az04bln1lVnO7 *► Philips Epilierer Series 8000: https://amzlink.to/az0RmTzASYBhZ *►
0_221687_140_7664146897036119318;0.1101;advisory;skincare-first;;;biotin;"Strahlende Haut, flexible Gelenke sowie starkes Haar und Nägel | Meereskollagen Komplex mit Hyaluronsäure, Q10, Biotin &amp; Vitamin C, 150 Kapseln #skincare #koreanskincare #hydratedskin #hyaluronfiller #skinfitnessbybiotherm #haarmaskemusthave #skincareempfehlung #hairactivatingserum #beautyhaul #"
0_219424_23_53586893397917476;0.1102;advisory;skincare-first;;;;Super Anwendung Super Anti Aging für bis zu leicht trockene Haut
0_219424_190_3948153756763926199;0.1102;advisory;skincare-first;price;;;Anti-Aging kommt nicht aus der Tube. Es kommt von deiner Gabel. 🌿Jede Mahlzeit sendet Signale an deine Zellen — jung bleiben oder schneller altern.Der Feind Nr. 1: Stille EntzündungenZucker · Weißmehl · Transfette · Alkohol→ Alle beschleunigen das Altern von innenDie 5 mächtigsten Anti-Aging Lebensm
0_218673_9_6773692774212758;0.1102;satisfied;skincare-first;;;;Na dann war die Freude doch richtig oder wie oder was? Darum ist die Witwe auch so schön, ja strahlend wie bei einer Misswahl, keine verweinten Augen, keine Augenringe, keine schwache Stimme, kein langsamer schwächelnder Gang, nein sie ist fit wie ein Turnschuh.
0_218673_9_55412574212612210;0.1102;enthusiastic;procedure-curious;spf;;;Du bist ein wunderschönes Mädchen, eines der schönsten, das ich je gesehen habe. In deinen Augen sehe ich eine schöne Seele, und deshalb wünsche ich dir ganz viel Glück im Leben. Ich werde deinen Kanal unterstützen – bitte nimm öfter Videos auf. Bleib einfach glücklich, stark, kreativ und schön. Du 
0_218673_126_t1_npb1fuy;0.1102;advisory;skincare-first;;;;CO2 Ausstoß? Ja danke Alle Kinder, die in Japan seit 2011 geboren wurden, hatten dunkle Haare, Lidfalten, gelblich-fahle Haut und Mikropenisse.
0_218685_126_t3_1tfvlkj;0.1102;enthusiastic;skincare-first;retinol,price,peel,spf;;retinol;Warum funktioniert Aleppo Seife auf meinem Gesicht? Moin.Ich(32w) kämpfe seit Pubertät mit so kleinen Pickelchen. Die sind wie Knubbel, lassen sich nicht ausdrücken, aber meine Hautstruktur sieht dadurch echt furchtbar aus.Ich hab eine Menge probiert, darunter Salicylsäure, AHA Peeling, BHA Peeling.
0_221687_26_1303388601829153;0.1102;advisory;skincare-first;;;;Hydration is key 🔑. Stelle dir selbst die Frage: wie viel Wasser trinke ich täglich?Für unseren Organismus ist genügend Wasserzufuhr ein essentieller Bestandteil - auch für unser größtes Organ: die Haut. Doch Wasser trinken alleine reicht der Haut nicht. Um eine optimale Durchfeuchtung der Haut sich
0_219424_26_1632081898922877;0.1103;enthusiastic;procedure-open;;;;Langlebigkeit bedeutet so viel mehr, als einfach nur möglichst alt zu werden. 🧘🏻‍♀️Es geht darum, wie wir leben. Wie wir unseren Körper unterstützen, mit Stress umgehen und jeden Tag Entscheidungen treffen, die uns langfristig guttun. Natürlich gibt es auch hier kraftvolle ätherische Öle, die uns un
0_218673_126_t1_n91l9yu;0.1103;advisory;skincare-first;;;;Dunkle Flecken auf Brustwarzenhof Pigmentflecken in der Schwangerschaft sind ganz normal.
0_221687_140_7615649454334643458;0.1103;satisfied;skincare-first;retinol;;retinol;"Nach meinem Video über ANfängerprodukte habe ich ganz viele Fragen dazu bekommen, welche Vitamin-A-Produkte ich denn aktuell benutze und hier sind drei meiner liebsten Retinol/Retinal Produkte. Links findet ihr wie immer in der Bio in meinem LTK &lt;3 #skincare #retinol #antiaging"
0_219424_9_60277884154757442;0.1104;satisfied;procedure-curious;;;;Ein Looksmaxxer ist jemand, der, wie der Name ja eigentlich schon sagt, sein allgemeines Aussehen versucht zu maximieren. Das tut die Person, indem sie ihren Lebensstil insgesamt gesünder gestaltet, sich von schlechten, manchmal unbewussten Angewohnheiten abwendet. Manche schminken sich oder unterzi
0_219424_8_2079839085271617710;0.1104;satisfied;skincare-first;;;;Behandeln mit Gold SerumMacht die Haut weich und geschmeidigAnti-Aging durch 24-karätiges GoldImmortelle-Öl lässt Pigmentflecken verblassen https://t.co/qAq6AWki79 https://t.co/UqUzhLlc5G
0_218673_8_2027410438917386324;0.1104;disappointed;procedure-curious;;;;Zwenn aus Berlin meldet sich und kötzelt was zum Ukrainekrieg ins Internet.Er sieht schlecht aus. Angeblich sei er gegen eine Tür gelaufen.Das erklärt aber nicht die Augenringe und ich finde ja, er sieht aus wie ein Meth-User. Ich hoffe, dass es nicht so ist! Video lohnt nicht! https://t.co/dHxqTvBZ
0_221687_126_t1_nyk4tpg;0.1104;disappointed;skincare-first;;;;Vitamin C Serum und LSF 50 Self tan ist keine Option, weil es immer meine Haut reizt und meinen Ton verfälscht, nicht trifft. Es ist inmer rotbraun, ich habe aber einen mediterranen Ton – das geht nicht mit Selftan.
0_219424_9_22307928606572422;0.1105;advisory;skincare-first;botox;;;Uschilein,  zu 80 % aus Silikon , 75 % davon zwischen den Apatschenfledermausohren,, der Rest ist Botox 🏁💦🤣
0_219424_126_t1_obmxk8o;0.1105;advisory;skincare-first;botox;;;Die Burger King Baby Burger existieren nur um von den Epstein Files abzulenken! Hier habt ihr es zuerst gehört!!! Warum hast du eigentlich so dicke Luftkissenlippen? Baby Botox?!? Follow the trend?!Denkt mal drüber mach!
0_219424_26_1631010075701229;0.1105;enthusiastic;procedure-curious;;;;Die Blogbearbeitung für den Beitrag mit Bilder und Videos aus Shootings mit @kaaleidoskop - Sänger der Band @antiagemusic - hat begonnen 🐾.#fotografin #spiegelarche #antiage #katzenmama
0_218673_9_19553293227165864;0.1105;enthusiastic;procedure-open;;;;Ach das kenne ich, früh um 3 Uhr in Spiellaune. Und wer geht und spielt mit den Fellkindern? .... Natürlich Mutti! Auch wenn die Augenringe am Morgen sehr tief hängen....😂
0_221687_26_1281932597394260;0.1105;satisfied;skincare-first;;;;✨ Hyaluron Serum – dein Feuchtigkeits-Boost ✨ Hyaluronsäure bindet enorme Mengen Wasser und sorgt so für pralle, glatte Haut 💧Sie spendet intensive Feuchtigkeit, mildert feine Linien und stärkt die Hautbarriere.Perfekt für jeden Hauttyp – für einen frischen Glow! ✨https://la-mer.com/de/Hyaluron-Seru
0_221687_140_7639890880702319904;0.1105;advisory;skincare-first;retinol;;;Bounce Back Anti-Ageing Serum: 1,5% Hyaluron + Reneseed Peptid Complex | Retinol Alternative | 100% Vegan | Dermatologisch Getestet #TikTokMadeMeBuyIt #DealsFürDich #AntiAgeing #Hyaluronsäure #Retinol
0_221687_140_7641688732231404833;0.1105;satisfied;skincare-first;;;niacinamide;"🇰🇷✨ Korean Skincare bei Rossmann?! 😳💧 Dieses K-Beauty Serum aus Korea sorgt für ein glatteres, beruhigtes und ebenmäßiges Hautbild 🌿✨ 💚 Mit CICA (Tigergras) zur Beruhigung empfindlicher Haut ✨ Niacinamide verfeinern Poren &amp; gleichen den Hautton aus 💧 Spendet intensive Feuchtigkeit ohne zu kleben"
0_219424_9_12228077075255664;0.1106;advisory;procedure-open;botox;;;Das Video ist total Zeitverdchwwndung! Wenn er sich hat Botox spritzen lassen, warum ändert sich dann die Augenfarbe? Oder die stimme?Zudem warum soll er sich sein Gesicht spritzen lassen, wenn er aus der Öffentlichkeit sich zurück ziehen wollte? Er wollte nur noch privat Zeit verbringen.Warum soll 
0_219424_190_3936066092604183175;0.1106;advisory;skincare-first;spf;;spf;Sonnenschutz ist kein Sommerprodukt.Er ist ein fester Teil deiner täglichen Anti-Aging-Routine.UV-Strahlen sind nicht nur im Urlaub ein Thema.Sie begleiten deine Haut jeden Tag — auch dann, wenn du es nicht direkt merkst.Darum ist SPF nicht optional.Sondern ein Must-have für gesunde, gepflegte Haut 
0_218673_8_2034972146317861045;0.1106;advisory;skincare-first;;;;Sein Gesicht sieht alt aus er benutzt Filter er hat viele Falten und sie auch und ich hab keine Falten und mein jüngerer Freund auch nicht
0_218673_9_48464334325410376;0.1106;advisory;skincare-first;;;;Okan sieht unnormal aus wie Z nur ohne Augenringe
0_218685_9_yt.oIwnU3W-xLI;0.1106;advisory;procedure-curious;peel,spf;microneedling;;Schönheitswerk Neustadt - Barbara Fey in Neustadt an der Weinstraße Neukundengewinnung mit einem individuellen Spot. Für mehr Erfolg in der eigenen Region erstellen wir Ihren individuellen animierten Imagefilm oder Produktspot. Mit Bewegtbild erreichen Sie mehr Aufmerksamkeit und somit noch mehr Men
0_221687_190_3815653882396323229;0.1106;satisfied;skincare-first;;;;Pure clarity. Pure skin.VisHya Hyaluronic Acid 0.36% Serum med - Anti-Aging in seiner pursten Form.Kristallklare Texturen, inspiriert von der Reinheit alpinen Quellwassers.Reduziert auf das Wesentliche – für Haut, die sichtbar klarer wirkt.#VisHya #HyaluronicAcid #CleanBeauty #NaturalCosmetics #Pure
0_221687_190_3835456109200581226;0.1106;satisfied;skincare-first;;;;"✨ DS V-LINE HYA-THREAD – Deep Hydration &amp; Skin Rejuvenation ✨Ab den frühen 20ern beginnt unsere Haut, weniger Hyaluronsäure zu produzieren – die Folge: Spannkraft und Volumen nehmen ab.💧 Hya Thread (7 x 2 ml Hyaluronic Acid + 7 Hyaluronic Threads) 💎 Intensive Durchfeuchtung 💎 Sichtbarer Volumena"
0_219424_9_yt.n3AmoG9uDaA;0.1107;disappointed;procedure-curious;botox,price,celebrity;microcurrent;;"8 deutsche männliche Sänger, die von Schönheitsoperationen besessen sind, werden Sie schockieren! Entdecken Sie die schockierende Wahrheit hinter dem „zeitlosen"" Aussehen einiger der größten Ikonen der deutschen Musikszene. Von Dieter Bohlen über Jürgen Drews bis hin zu Bill Kaulitz zeigt dieses Vid"
0_219424_140_7657298291440307488;0.1107;neutral;procedure-curious;price,celebrity;;;Abholung oder Lieferung direkt aus unserem 6.000 m² großen Outlet in Gevelsberg – so groß wie ein Fußballfeld, mit über 500 Sofas sofort verfügbar! Bestellung direkt auf dekadentliving (N3790G) möglich. Nur 2690,-€ bei Abholung. Statt: 9699,99 € 0% Finanzierung bei PayPal-Zahlung über unsere Homepag
0_218673_9_yt.p4Era-pZ9Ls;0.1107;satisfied;skincare-first;;;;BEWERTUNG (2025): Silkn LED-Gesichtsmaske. Infos Erhalten Sie einen schnellen Überblick über die Kernfunktionen von Silkn LED-Gesichtsmaske.👉 Auf Amazon ansehen: https://www.amazon.de/dp/B0B1MW24HS/?tag=16w9h-20 (Affiliate-Link)Erleben Sie die transformative Wirkung der Silkn LED-Gesichtsmaske, die 
0_219389_8_2066192656007299488;0.1107;advisory;skincare-first;botox;;;"Es ist kein BOTOX!Es ist eine Unterhautfüllerlotion mit Hydroholon &amp; dem Hautpickelglätter HTPX-29 auf Basis von Kolagen! https://t.co/GdF2RJPV12"
0_221687_140_7631160221141929248;0.1107;satisfied;skincare-first;spf;;niacinamide;Lofuanna Exfoliating Black Rice Ampoule ist ein Gesichtsserum / Ampoule, das auf sanfte Hauterneuerung, Feuchtigkeit und Glow ausgelegt ist. Wofür ist es gut? * Entfernt abgestorbene Hautschüppchen (sanftes Exfoliating) * Verfeinert das Hautbild * Kann Mitesser / verstopfte Poren optisch verbessern 
0_219424_126_t1_nxrqfp2;0.1108;disappointed;skincare-first;botox;;;Real BOTOX Weib auf der CES2026 Ist wenigstens nicht so ducking Lame wie llms
0_219424_126_t1_o1mu03g;0.1108;neutral;procedure-open;botox;;;CDU-Wirtschaftsflügel will Rechtsanspruch auf Teilzeit abschaffen Das Botox und das Silikon.
0_219424_9_7152647053327635;0.1108;advisory;skincare-first;botox;;;Ich glaube eher, dass er unter so großem Druck steht, dass er nur eine Rolle spielt, um sich selbst zu schützen. Beautys Botox-Behandlungen sind für Menschen seines Alters in Amerika normal.
0_221687_140_7646776700038090017;0.1108;enthusiastic;skincare-first;;;;"SACHEU Contour STAY‑N – ultraleichtes, langanhaltendes Liquid Contour für natürliche Definition &amp; weiche Übergänge 🤎✨ Mit Hyaluron &amp; Collagen für einen glatten, hautähnlichen Finish‑Look. #sacheu #contourstayn #liquidcontour #makeupessentials #snatchedlook"
0_219424_26_10164185902393614;0.1109;disappointed;procedure-open;;;;Meine Reutlinger Geschichten.Kapitel 4 – Im Würgegriff des WandelsEs gibt Städte, die altern in Würde, und es gibt Städte wie Reutlingen, die sich permanent aus ihrer eigenen Haut häuten. Wer heute durch die historische Innenstadt streift, begibt sich auf einen waghalsigen Hindernisparcours aus Prov
0_218673_126_t1_ns839vq;0.1109;disappointed;skincare-first;;;;Ist die Metamorphose von der Raupe zum Schmetterling nicht mit das krasseste was es auf der Welt gibt? Schnabeltiere sind Säugetiere, die giftig sind, Eier legen, keine zitzen haben und ihre Babys säugen, indem sie Milch durch Falten in der Haut ausschwitzen.
0_218685_126_t1_nwdsnwt;0.1109;advisory;skincare-first;peel;;;Trockene Haut duch Gel Häufig Stellen wechseln und viel Feuchtigkeitkeitscreme wenn es irgendwie geht, außerdem Peeling unter der Dusche. Hat bei mir zumindest geholfen, als ich noch auf Gel war
0_219384_126_t1_orgl953;0.1109;advisory;skincare-first;laser;;;Probleme mit Bart als Frau Ich bin ein dunkler Haut- und Haartyp und meine Haare sieht man immer schnell. Ich rasiere und nutze ein IPL Lasergerät für Zuhause, das hat den Haarwuchs deutlich reduziert, kann ich nur empfehlen (sowohl Gesicht, als auch Achseln, Beine etc).
0_219424_9_69894528103875134;0.111;disappointed;procedure-open;botox;;;Der hat schon hunderte Schritte zu weit gemacht. MAGA und diese kriminellen Trumpschleimer von Lutnik bis Bessent, von Pink Lady Karoline bis Patel, und vor allem Botox Barbie, sie gehören alle in den Knast.
0_219424_140_7665385546482486560;0.111;satisfied;skincare-first;retinol;;retinol;Nicht jeder Anti-Aging-Wirkstoff bekämpft Glykation. 🧬 L-Carnosin gehört zu den wenigen Wirkstoffen, die gezielt gegen die Verzuckerung der Haut entwickelt wurden. Andere Wirkstoffe wie Vitamin C, Retinal oder Niacinamid unterstützen die Haut zwar hervorragend – setzen aber an anderen Mechanismen de
0_219424_190_3947686349459640798;0.111;enthusiastic;procedure-open;peel;microneedling;;#kosmetik #microneedling #laminyamal #nürnberg
0_218673_9_35952016710496348;0.111;enthusiastic;skincare-first;;;;"Tränensäcke wie Schweinebäckchen inclusive Augenringe im Football Player Super Bowl  Style….. „Holy"" shit ………😮"
0_218673_8_2043492793323061303;0.111;advisory;skincare-first;;;;@iamsimi09 @Dimeax_ Stark, nur die Augenringe sind irgendwie unclean
0_221687_26_798121612586796;0.111;advisory;skincare-first;;;green-tea;Maximale Wirkung mit jedem Anti-Ageing-Serum:proderm Serum 2-Phasen Öl-in-Serum: für die HAUTVERJÜNGUNG mit Reforcyl®-Aionproderm Intensiv Anti-Falten Komplex: für aktiven ZELLSCHUTZ mit Grüntee-Extraktproderm Serum Extrait Liposomal: der KOLLAGEN-BOOSTER mit Matrixyl® 3000
0_221687_190_3726703403427008594;0.111;satisfied;skincare-first;;;;Glow von innen heraus:Beauty Drink Hyaluron für Feuchtigkeit,Beauty Drink Collagen für Festigkeit,Beauty Caps Collagen Support als vegane Alternative für Haut, Haare, Nägel und die Kollagensynthese.Deine Essentials für Schönheit von innen.Weil du eins bist mit der Natur.
0_221687_26_1638710584928892;0.111;satisfied;skincare-first;;;;New in Store! kaz beauty ist eine Unisex-Skincare-Marke aus Stuttgart, die hochwertige Augenpads für alle Hauttypen entwickelt. Die STARLIGHT Hyaluron Augenpads spenden intensive Feuchtigkeit, reduzieren Fältchen und sorgen bereits nach 15 Minuten für eine sichtbar frischere Augenpartie. Hergestellt
0_218673_126_t1_nxx0ujc;0.1111;disappointed;skincare-first;;;;"Warum sehen Frauen ohne Makeup oft „krank"" aus? (Bitte nicht angegriffen fühlen!) Einfach weil du es so gewohnt bist. Schau dir dein männliches Gesicht mal genau im Spiegel an. Augenringe, unreinheiten, Pickel und rasieren hätte man sich auch lieber gestern als übermorgen. Das meiste davon überdecke"
0_218685_9_yt.maVATzpL6mY;0.1111;neutral;procedure-open;laser;laser;;Laserhaarentfernung für Männer Welche Zonen sind möglich? Die Frage hören wir bei Männern immer wieder.Welche Bereiche lassen sich eigentlich lasern?Viele kommen mit ganz konkreten Wünschen. Ein sauberer Nacken. Weniger Haare an Schultern oder Rücken. Ein gleichmäßiger Bartbereich ohne eingewachsene
0_218673_9_36259732095106545;0.1112;enthusiastic;skincare-first;;;;​@35Spidey Er läuft überhaupt nicht wie Jim Carrey!!  Er hat eine komplett andere Stimme, alle Bewegungen sind anders, die Falten in seinem Gesicht sind anders, über seiner Nase und unter seinen Augen, oben ist die Nase dünner und unten breiter und oh mein Gott das ist halt einfach ein komplett ande
0_218673_126_t1_odocq1p;0.1112;satisfied;skincare-first;;;;Was ist euer liebstes Auto? Ok bisschen off topic aber was machen gehen Augenringe die sehen so ein bisschen ähnlich aus und relativ dunkel
0_219424_126_t1_o1ywrri;0.1113;neutral;skincare-first;botox;;;"Ernstgemeinte Frage: Warum gehen Männer viel weniger in die Manicure und Pedicure als Frauen? Weil Mädchen die Aufgabe haben gut auszusehen. Hat man dir das als Kind nicht einfetrichtert? Hast du nicht die Haare deiner Barbie mit „Traummaßen"" zu mmer schön gebürstet? Deshalb sind auch Pflegeprodukte"
0_219424_190_3937353049414120036;0.1113;enthusiastic;skincare-first;botox,price;;;💉 Wunderschön und tödlich: Sonja Yakovlevas Kardashian-Style-Botox-Armeen haben die Wände des Oldenburger Kunstvereins eingenommen. Die bis zu fünf Meter (!) hohen Scherenschnitte von gelooksmaxxten Militär-Frauen auf Cybertrucks und mit Botox-gespickten Angriffsdrohnen im Schlepptau dominieren den 
0_219424_140_7661007477609139489;0.1113;neutral;procedure-curious;price;;;Abholung oder Lieferung direkt aus unserem 6.000 m² großen Outlet in Gevelsberg – so groß wie ein Fußballfeld, mit über 500 Sofas sofort verfügbar! Bestellung direkt auf dekadentliving (N3819A) Nur 1699,-€ bei Abholung. Statt: 6299,99 € 0% Finanzierung bei PayPal-Zahlung über unsere Homepage.   •   
0_219424_140_7663140223404002593;0.1113;advisory;skincare-first;;;niacinamide;Medicube Collagen Jelly Cream 110ml  Gel für alle Hauttypen, Trockene Haut Eigenschaften:  feuchtigkeitsspendend, anti-aging, stärkend, aufhellend Formel mit Niacinamid und Heidelbeerextrakt  lässt die Haut an Elastizität gewinnen. #tiktokfinds #tiltokmademebuyit #dealsfürdich #medicube #collagen
0_218673_8_2024052389263667689;0.1113;disappointed;procedure-curious;;;;Gott, war das damals einfach! Schwul, Lesbisch, Transe und niemand hat sich daran hochgezogen, denn wir waren alle auf der verdammten Love-Parade (ohne Poller und Bewachung, von heißen Polizisten, mit Schwerbewaffnung), alle eins und das zu Millionen!Afterparty, von Transen, bekommst du die besten T
0_218673_9_45287176558684901;0.1113;satisfied;skincare-first;;;;digga was da los waren die alle zusammen vorher 3 tage durchgehend berghain feiern so fette augenringe die lieben xDD aber sehr sehr geile unterhaltsame folge  gerne mehr davon herz
0_219424_126_t1_o0hdexw;0.1114;enthusiastic;procedure-curious;;;;"Wo Wimpernverlängerung machen lassen? Ich war länger bei [Saarbrücken Ästhetiks by Sabrina Bouyahia](https://www.google.com/search?sca_esv=c8a3b072d1e1de02&amp;rlz=1C1GCEA_enLU1124LU1124&amp;sxsrf=ANbL-n7P8U_gTFSnX0eIrdw-eQa1H-YGCg:1768833485403&amp;q=Saarbr%C3%BCcken+%C3%84sthetiks+by+Sabrina+Bouya"
0_219424_126_t1_of6wlbf;0.1114;advisory;skincare-first;botox;;;(Gut gemachte) Beautyeingriffe sehen so gut aus Also ich weiß ja nicht. Einige junge Mädels Anfang 20 haben ganz seltsame Mondgesichter mit Schlitzaugen nach oben oder so. Die schauen alle gleich aus. Eigentlich wie eine Mischung aus Down-Syndrom und Cushing-Syndrom. Ich habe mich lange gefragt, war
0_218673_8_2044750839139483804;0.1114;disappointed;procedure-curious;;;;@Deu_Kurier Ja und manche Ministerinnen haben Tränensäcke wie Alkoholiker .... sonderbares Team, ein BISSCHEN  erinnert alles an WalkingDead https://t.co/mU71eWq0rP
0_218685_9_28025616918371075;0.1114;advisory;skincare-first;peel;;;​@Anja-g2e Doch, chemische Peelings sind ganz normal und da passiert das halt. Ist auch nichts anderes als mechanische Peelings (also die Haut mit einem Handschuh, Peeling etc abreiben), nur halt dass es ein Enzym oder sonst was bei chemischen Peelings macht. Nur muss man halt wissen, was man tut.
0_221687_26_1587157066754189;0.1114;satisfied;skincare-first;;;;Haut, die sich von innen heraus verjüngt? Skin Longevity macht es möglich. Zombiezellen im Gewebe bremsen den natürlichen Erneuerungsprozess der Haut und lassen sie schneller altern. Genau hier setzen unsere beiden EterCell Produkte an: Das HYA 4 EterCell Longevity Serum und das EterCell Nahrungserg
0_218685_9_yt.65lW5oc4nIA;0.1115;advisory;skincare-first;peel,spf;;;Mirage Kosmetikinstitut Elena Migunov in Hildesheim Neukundengewinnung mit einem individuellen Spot. Für mehr Erfolg in der eigenen Region erstellen wir Ihren individuellen animierten Imagefilm oder Produktspot. Mit Bewegtbild erreichen Sie mehr Aufmerksamkeit und somit noch mehr Menschen! Nicht nur
0_221687_190_3835205378128788660;0.1115;enthusiastic;skincare-first;retinol;;;SkinCeuticals, jetzt neu bei uns 🤩💎✨! 🧴 Was ist SkinCeuticals?SkinCeuticals ist eine US-amerikanische Hautpflegemarke, die sich auf wissenschaftlich fundierte Kosmetik mit hochkonzentrierten Wirkstoffen spezialisiert hat. Die Produkte werden häufig von Dermatologen, plastischen Chirurgen und profess
0_221687_190_3929447896229031365;0.1115;enthusiastic;procedure-curious;spf;;;42 Grad auf dem Greator Festival - ich nehm dich mit auf meine Mission 🙌Das Greator Festival steht für Menschen, die etwas verändern wollen.Menschen wie ich – die damals gesagt haben: Ich will ein ehrliches Produkt auf den Markt bringen. Ich will meinen Kunden Transparenz über Wirkstoffe geben. Ich 
0_219424_190_3936811857813880332;0.1116;advisory;skincare-first;spf;;spf;Sonnenschutz ist das beste Anti-Aging-Mittel für Ihre Haut. Verwenden Sie ihn jeden Tag.Sunscreen is your skin's best anti-ageing product. Use it every day.#sunscreen #summer #spf #luksusbeautystudio #summerishere
0_218673_9_71724433600836029;0.1116;enthusiastic;skincare-first;;;;Der p ic mit den schwarzen Augenringe neben dir ist der schlechteste Partner den man finden kann ich kann mir kein Video angucken wo der iranische Zorro mit seinen schwarzen Augenringen zu sehen ist!! Aus welchem Methadonprogramm hast du den komischen h s????
0_218673_126_t1_ohouim4;0.1116;enthusiastic;procedure-curious;;;;Was ist eine Deutschrapline die euch ab und zu random einfach in den Sinn kommt? Augenringe*Eine weitere Line die mir immer mal in den Kopf schießt.. das album war schon sehr prägend
0_221687_140_7637495505857056022;0.1116;enthusiastic;skincare-first;;;pha;"M. Asam MAGIC FINISH Supercharge Serum Foundation Soft Ivory (30 ml) – Feuchtigkeit spendende Foundation &amp; straffendes Gesichtsserum in Einem, Anti-Aging Make-up mit optimaler Deckkraft &amp; Hyaluron #makeuphacks #antiage #makeup #asambeauty #masam"
0_221687_140_7650628877290573089;0.1116;advisory;skincare-first;;;glycerin;Nutzt einen Trichter, keinen Filter 😅 Sorry, ich war die letzten Wochen kaum unter Menschen und habe das Sprechen verlernt HAHAHA DIY Hyaluron Serum  Das habe ich verwendet: • 60 ml destilliertes Wasser • 26 ml Rosenwasser • 3 ml Glycerin • 2 ml D-Panthenol 75 % • 1 g Sodium PCA • 0,5 g hochmolekula
0_219424_9_44309712685592218;0.1117;satisfied;skincare-first;;;;Hyaluron wird auch im Skispringen benutzt, Elektromotoren im Radsport, Carbonsprungfedern im Laufsport...Das ist überall normal
0_219424_190_3935414693102202582;0.1117;advisory;skincare-first;;;;LIPOLIFTINGPROPHILO STRUCTURA ist eine spezielle und einzigartige Hyaluronsäure, die das Unterhautfettgewebe wiederherstellen kann und ermöglicht einen sehr natürlich wirkenden Ausgleich des altersbedingten Volumenverlustes. Im Laufe der Zeit durchlebt das Gesicht unterschiedliche Veränderungen. Das
0_218673_126_t1_omy2yjw;0.1117;disappointed;skincare-first;;;;No age-shaming - aber was ist mit seinem Hals passiert? Das kommt doch nicht nur vom schlaffe Haut haben, oder? Bei Campern bekomm ich auch immer sooo ein Hals
0_218685_126_t3_1u51d7w;0.1117;enthusiastic;skincare-first;price,peel;;aha;Chemisches Peeling / Glykolsäure Hallo zusammen, ich habe diesen Sommer beschlossen, komplett auf Beine rasieren zu verzichten und auf Epilieren umzusteigen. Der  Grund war, dass meine Haare super schnell nachwachsen und meine Haut vom Rasieren überreizt ist, und das ist jetzt auch ein bisschen mein
0_221687_190_3712131906902969341;0.1117;enthusiastic;skincare-first;;;biotin;"Beauty zum Mitnehmen! ✨🧖🏼‍♀️ Unser Beauty Collagen Stake vereint die Power von Typ I, II &amp; III Kollagen mit Biotin, Hyaluronsäure und einem fruchtig-frischen Erdbeer-Limette-Geschmack. 🍓🍋Ob im Gymbag, Koffer oder Alltag – die handlichen Sachets liefern dir jederzeit einen hochdosierten Collagen-"
0_219389_126_t1_nbjhh1g;0.1118;advisory;skincare-first;botox;;;Aufgespritzte Lippen In den meisten Fällen sind die Lippen nicht gefüllt, sondern es wird ein sogenannter LipflIp gemacht. Dabei wird Botox in die Lippenmuskulatur gespritzt, so dass die Muskulatur gelähmt wird und damit den Tonus verliert. Die Lippen werden dann automatisch von der Gesichtsmuskulat
0_219424_15_70133031819783723;0.1119;neutral;procedure-open;;;;Tech-Bros in den Front Rows: Warum erobern Milliardäre plötzlich die Fashion Week? Tech-Milliardäre waren gern gesehene Gäste bei den diesjährigen Fashion Weeks. Doch was steckt hinter dieser Bewegung? Der Wunsch nach kultureller Relevanz oder knallhartes Business?   Die Fashion Weeks sind vorbei un
0_219424_126_t1_oker56w;0.1119;enthusiastic;procedure-curious;botox;;;Mai 2026 - Social Media-Thread über Christian Wolf & Co Sie ist auch gerade mit Zana zusammen und Toni hatte einen Post über die tolle Beziehung zu Fabi gepostet. Ich wette Zana und so sagen ihr alle dass Toni nur eifersüchtig ist. Das Narrativ schürt Christian ja selber und deshalb denkt Romi grad 
0_219424_126_t1_ol52l8i;0.1119;neutral;skincare-first;spf;;;Welche Sonnencreme nutzt ihr so für Strand oder Wanderausflüge in der prallen Sonne? Ich glaube, die meisten Marken, die in Ländern mit krasser Sonneneinstrahlung verwendet werden, findest Du auch hier, aber dann eher nur online. In Australien gibt es halt auch zum Beispiel einen ganz anderen Markt 
0_219424_190_3942028114839917613;0.1119;satisfied;skincare-first;retinol;;;Endlich sind meine lang ersehnten Oliveda-Produkte angekommen, gerade noch rechtzeitig für die Ferien. 💚Für meine Ferienroutine habe ich mir diese Produkte ausgesucht:F38 Purifying Cleansing GelF06 Cell Active Serum FaceF64 Corrective Hyaluron Serum FaceF07 Anti Aging Face CreamF09 Anti Wrinkle Eye 
0_218685_126_t1_nsfsl27;0.1119;satisfied;skincare-first;botox;;;Kann bitte irgendjemand diesen widerlichen Botox-Hyalauron-Glow-Up-Hype stoppen? Und die Influencer sind das Vorbild. Nur sehen die alle gleich aus. Gleiches Gesicht, gleiche Prozeduren gemacht, gleiche Haare, gleiche Posen, gleiche Looks.
0_219384_126_t1_omoeiy3;0.1119;satisfied;skincare-first;laser;;;Mein Bartwachstum ist zu Viel Hey, es gibt leider nichts, was gegen den Bart hilft, außer Laser/Nadelepi. Auch HRT ändert daran nur sehr wenig bis gar nichts, du brauchst trotzdem Laser- oder Nadelepi. Das einzige, was du sonst machen kannst, ist eine für deine Haut funktionierende Rasurmethode find
0_221687_140_7585979259542359318;0.1119;advisory;skincare-first;;;;✨ Glow in Red – Power Hyaluronic ✨ Dieses Weihnachtsgeschenk ist mehr als Pflege. Es ist pure Feuchtigkeit, sichtbare Glättung und sofortiger Glow – verpackt in einem luxuriösen Ritual für die Haut. Hyaluron wirkt dort, wo die Haut es im Winter am meisten braucht: 💧 beruhigt gestresste Haut 💧 polste
0_221687_140_7639338939970522401;0.1119;satisfied;skincare-first;;;;Glow beginnt mit der richtigen Base ✨💧 Der ANUA Blue Dewy Spray versorgt die Haut mit intensiver Feuchtigkeit und sorgt für ein frisches, glowy Finish – egal ob vor dem Makeup, beim Verblenden oder als letzter Step. Die Haut wirkt sofort glatter, gepflegter und bleibt den ganzen Tag hydratisiert, oh
0_219424_140_7665361669723295008;0.112;advisory;skincare-first;;;coq10;"Dein Shot für mehr Feuchtigkeit von innen ✨ Primabiotic Hyaluron kombiniert hoch- &amp; niedermolekulare Hyaluronsäure mit Coenzym Q10, Vitamin C, Zink, Biotin und Niacin – trinkfertig, vegan, nur 14 kcal pro Shot. 1 Packung = 30 Shots 🤍 #beautytokshop #hyaluron #skincare #kollagen #tiktokmademebuyl"
0_218673_8_2077877674131787987;0.112;disappointed;skincare-first;;;;"💢 ‚American Idol' war nie dazu gedacht, Gesangstalente zu entdecken. Die Show existiert einzig und allein, um „falschen Idolen"" eine möglichst glaubwürdige Herkunftsgeschichte zu verpassen. Als ‚Kronzeuge' dient uns Braden Rumfeld, der Viertplatzierte der letzten Staffel. Identische Narben, dieselbe"
0_221687_190_3833701156657154736;0.112;advisory;skincare-first;;;glycerin;"How to get glowy skin ✨ Mit den Hyalove Produkten von Dr. Massing bekommst du schöne glowy Skin, die bleibt statt nur einen kurzen Effekt direkt nach den Auftragen 🤍Produkte: • Hyalove Serum mit Anti-Aging-Peptiden, 6-Fach Hyaluronsäure, Panthenol &amp; Glycerin, um tief in die verschiedenen Hautsch"
0_221687_140_7644121346997374230;0.112;satisfied;procedure-curious;botox,retinol,peel;microneedling;;Warum Kollagenaufbau der neue Anti-Aging-Trend ist   In der modernen Dermatologie und Altersforschung findet ein fundamentaler Paradigmenwechsel statt: Weg vom bloßen oberflächlichen 'Überdecken' von Linien, hin zur gezielten biologischen Aktivierung der Zellen direkt im Gewebe.   📈 Das Prinzip 'Sma
0_219424_126_t1_oybhmy7;0.1121;advisory;procedure-curious;botox;;;"Wildberries warehouse, Elektrostal, Moscow region Artikel 52 Abs. 2 &gt; 2.  Angriffe sind streng auf militärische Ziele zu beschränken. Soweit es sich um Objekte handelt, gelten als militärische Ziele nur solche Objekte, die auf Grund ihrer Beschaffenheit, ihres Standorts, ihrer Zweckbestimmung ode"
0_219424_126_t1_p001umq;0.1121;satisfied;procedure-open;;;;Sieht mein Wohnzimmer wirklich KI-generiert aus? Sieht aus wie der Wartebereich bei einem Beauty Dic, der Unterspritzungen macht.
0_218673_126_t3_1ncizjx;0.1121;disappointed;procedure-curious;;;;Graf Dracula als Nachbar 15 Uhr, Rollläden gehen wieder runter - Dracula wird schlafen, um dann wie ein Nachtschattengewächs  um Mitternacht hinter den Vorhängen zu lauern. Dabei ist das hier ein kleines Dorf, eine kleine Strasse, nichts gibt es zu sehen, aber der Nachbar wird das blühende Leben in 
0_218685_8_2055623495996915828;0.1121;advisory;skincare-first;;;pdrn-skincare;Die #Hydrogelmaske '5 PDRN Hyaluronic Acid Vital Hydrating Hydrogel Mask' von #COSRX ist eine Hydrogelmaske mit #PDRN, Kollagen und Hyaluronsäure zur Straffung und Revitalisierung schlaffer Haut.  Für den perfekten #GlassSkin-Effekt! ✨https://t.co/vM6LYxObzY https://t.co/OMAbuvy6fa
0_219424_126_t1_oju8ryd;0.1122;neutral;skincare-first;;;;Was haltet ihr von Hyaluron Filler? hmm aber wenn Männer sowas machen ist es statt beauty oder selfcare dann looksmaxxing (hier sich drei spiegel artikel dazu denken, dass looksmaxxing eine rechtsextremismus-pipeline ist)?
0_219424_26_1339517778302408;0.1122;satisfied;skincare-first;;;;"Gönn auch diesen empfindlichen Hautpartien gezielte Anti-Aging-Pflege: Die Supreme Lift Anti-Age Cream Hals &amp; Dekolleté strafft, spendet intensive Feuchtigkeit und sorgt für ein sichtbar glatteres Hautbild – mit der Kraft von Meeresschlick-Extrakt und ausgewählten Anti-Aging-Wirkstoffen.https://"
0_219424_26_1335680632058608;0.1122;enthusiastic;skincare-first;;;;Ich packe meinen Koffer und nehme mit…? 🧳✈️🌴Kommentiert, welche Serie ihr mit in den Urlaub nehmen würdet:a) Hyaluron 2.0 Serieb) A\CPLEX Seriec) Nutri-Shine SerieAlle Produkte sind erhältlich in ALCINA Salons oder in unserem Onlineshop. (Link in Bio)#travelbeauty #holidayhair #haircare
0_218673_126_t1_oickk3a;0.1122;advisory;skincare-first;spf;;spf;Sonnencreme Issues Ich benutze täglich das Sun Ozon Face Hydro Fluid LSF 30, das hat eine sehr angenehme Textur, leicht cremig. Das gibt es in verschiedenen Varianten. Wenn es richtig Sommer wird, habe ich das Sun Ozon Sensitive Fluid LSF 50. Für Arme und Beine gibt es ein Sonnenlotion. Für meine Ha
0_221687_26_915208897888344;0.1122;advisory;skincare-first;;;;Das Hyaluron Gel Serumerscheint am 01.04. und ist auf der Chris Farrell Website verfügbar- perfekt für deinen Frühlings-Glow, rechtzeitig zu Ostern.Hyaluron versorgt die Haut intensiv mit Feuchtigkeitund schenkt ihr ein pralles, frisches Erscheinungsbild. Wir verstehen Haut. #ChrisFarrell  #madeinge
0_219424_126_t3_1qh7wvc;0.1123;satisfied;skincare-first;price;;;bedrop Concentrated Anti Aging Serum mit straffendem Bienengift, Gelée Royal, Hyaluron & Acetylglucosamin hochdosiert - Reine Imker Qualität ohne Zusa... -15 % 42,41 € 🐝 Straffendes und Haut glättendes Serum. Natürliche Hautpflege aus dem Bienenstock mit hochdosiertem Bienengift und hochwertigem Gel
0_219424_9_58605166895405899;0.1123;advisory;skincare-first;;;;"Klassische „Sänger-Pastillen"" Ipalat Halspastillen, auch für lange Reden geeignet : → sehr bekannt, enthalten u. a. Primel, Anis und Menthol → bilden einen schützenden Film im Hals und helfen bei Heiserkeit Quelle:Die Beraterapotheke Isla med voice Pastillen → speziell für Stimme entwickelt (mit Isl"
0_219424_26_1467398795429937;0.1123;satisfied;skincare-first;spf;;;24 Stunden Feuchtigkeit: L'Hydro-Active von Méthode Jeanne Piaubert 💧🤍Es gibt einen Unterschied zwischen Haut, die gepflegt ist und Haut, die wirklich durchfeuchtet ist. Genau dort setzt L'Hydro-Active 24H an, die ikonische Feuchtigkeitsreihe von Méthode Jeanne Piaubert. ✨Das Geheimnis liegt in der 
0_219424_190_3943121786359495914;0.1123;satisfied;skincare-first;spf;;;24 Stunden Feuchtigkeit: L'Hydro-Active von Méthode Jeanne Piaubert 💧🤍Es gibt einen Unterschied zwischen Haut, die gepflegt ist und Haut, die wirklich durchfeuchtet ist. Genau dort setzt L'Hydro-Active 24H an, die ikonische Feuchtigkeitsreihe von Méthode Jeanne Piaubert. ✨Das Geheimnis liegt in der 
0_219424_140_7665745316213280032;0.1123;satisfied;skincare-first;;;egf;Das medicube EGF NAD Firming Serum ist die perfekte Ergänzung für deine Anti-Aging-Routine! Die innovative Formel mit EGF, NAD+ und Kollagen versorgt die Haut intensiv mit Feuchtigkeit, unterstützt ein strafferes Hautbild und lässt feine Linien und Fältchen sichtbar gemildert erscheinen #beautifulsk
0_218673_126_t1_nxzzhfk;0.1123;disappointed;skincare-first;;;;"Warum sehen Frauen ohne Makeup oft „krank"" aus? (Bitte nicht angegriffen fühlen!) &gt;braune Haut lässt einen schon frischer und jünger wirken.Ich glaube das ist eher ein antrainiertes schönheitsideal... Ich persönlich finde das helle Farben generell frischer aussehen. &gt;Außerdem hat braune Haut m"
0_219424_9_49739310767892594;0.1124;advisory;skincare-first;botox;;;11:00 Das ist keine KI, es gibt wirklich Lebewesen die so aussehen.. google mal die Botox Twins ^^
0_219424_26_1627760986026138;0.1124;enthusiastic;procedure-curious;price;;;Der Dienstag ging mit einer Überraschung zu Ende. Denn am Wochenende hatte ich mir die Liste der ausgewählten Fotografen vom URBAN Photo Awards Contest angeschaut. Allerdings nur mobil und dabei lediglich die Kategorie Streets gesehen. Da fand ich mich nicht und dachte es hätte nicht geklappt. Doch 
0_219424_190_3937391106751537380;0.1124;enthusiastic;skincare-first;laser;;;1️⃣ Ich esse morgens mindestens 30 g Protein.Nicht für die Figur.Für meine Muskeln, Hormone und Energie.2️⃣ Ich gehe morgens ins Tageslicht.Bevor ich auf Instagram bin.Mein Nervensystem dankt es mir.3️⃣ Ich trainiere Kraft statt nur Cardio.Muskelmasse ist die beste Anti-Aging-Medizin.4️⃣ Ich esse zu
0_218685_9_yt.tk5aV01PUrk;0.1124;enthusiastic;skincare-first;retinol,price,peel;;pha;Soft Glam Holiday Make-up / einfach Ü40 #natalinordbeauty #makeup #makeup #glam #glamlook #holiday #natalinordbeauty #ootd #new Lass uns ein schönes, softes Glam-Makeup für Weihnachten, Silvester oder einen besonderen Anlass schminken.21.22€ Nabla Primer Angel Aura https://bit.ly/4pMMKP55% CODE: 5NA
0_221687_8_2017277888689545376;0.1124;advisory;skincare-first;;;;"M. Asam MAGIC FINISH Supercharge Serum Foundation True Beige (30 ml) – Feuchtigkeit spendende Foundation &amp;amp; straffendes Gesichtsserum in Einem, Anti-Aging Make-up mit optimaler Deckkraft &amp;amp; Hyaluron https://t.co/jvqxFOByGX"
0_218673_8_2029544602802282842;0.1125;disappointed;procedure-curious;;;;Was meinst du denn damit 🤔 Mir ist echt unbegreiflich warum das als schön gilt oder attraktiv!!! Ohne die Frau wirklich zu kennen ! Diese Frau war eine Naturschönheit , daran sieht man doch das alle eine andere Wahrnehmung haben , egal wie viel Zuspruch wie bekommen ! Es ist einfach für mich persönl
0_218673_8_2037837008287002818;0.1125;satisfied;skincare-first;;;;Bestseller 🚀KANZYKanzy Hagebuttenöl 🌿 Kaltgepresst 100% Rein 120ml Rosehip Oil Wildrosenöl für Haut Haare Nägel Gesichtsöl Körperöl Vegan Hexanfreies Hagebuttenkernöl Anti-Aging Anti-Falten Details anzeigen https://t.co/3InPv3jc4C
0_218673_9_14237414077912941;0.1125;enthusiastic;skincare-first;;;;das traurigste am ganzen: habt ihr mal die schauspielerin gesehen, nach dem die alte gemodelt ist???? die sieht gut 20 jahre jünger aus im real life! lasst mich bitte das model neu machen! ich liefer 10 mal besser ab! und auch 10 mal attracktiver. keiner will mama merkel falten in dem gesicht der pr
0_219424_9_yt.LwLe1WZdUgA;0.1126;disappointed;procedure-open;laser;laser;;"Die Wahrheit über Longevity - Song zum Buch #longevity #jenspetermickmann #musik #song #gesundheit Die Wahrheit über Longevity – Der offizielle Song zum BuchMusik kann bewegen. Wissenschaft kann verändern. Gemeinsam schenken sie Hoffnung.Mit „Die Wahrheit über Longevity"" erscheint erstmals ein Song,"
0_219384_15_8451336428120128;0.1126;neutral;skincare-first;laser,price,spf;;spf;Alé Trikot Magabyte 2.0 für Frauen Passend zum Sommer hat uns die Firma Alé  mit dem Megabyte 2.0 Trikot für Frauen ein leichtes Sommertrikot für heiße Tage zur Verfügung gestellt. Alé Trikot Megabyte 2.0 für Frauen Factsheet Alé Megabyte 2.0 Größe XXS bis 4XL Material 90% Polyester und 10% Elasthan
0_221687_140_7633789267206065441;0.1126;advisory;skincare-first;botox,price;;;"Vergiss Falten! 🐍✨ Das Biotox Serum von BIOMD nutzt die Kraft von Syn-Ake &amp; Matrixyl 3000, um deine Haut sichtbar zu glätten. Feuchtigkeit pur! Hol es dir jetzt mit kostenlosem Versand! 👇 #botox #skincaretips #beautyhacks #tiktokshop #skincare @biomd_derma"
0_219424_9_yt.sHwqypki_gM;0.1127;neutral;procedure-curious;;;;Martin Ryf Gast beim Your Golden Network Podcast Martin Ryf Gast beim Your Golden Network PodcastIn diesem Podcast spricht Martin Ryf über seine über 29-jährige Erfahrung im Network Marketing, seinen Einstieg in den 90er-Jahren und warum echte Beziehungen bis heute der Schlüssel zum Erfolg sind. Er 
0_219424_9_yt.xitmO0dJkLI;0.1127;satisfied;skincare-first;;;;Mit 91: Ich Besteige Berge & Esse Täglich Die Gleichen 7 Loma Linda Lebensmittel! #LomaLinda #Langlebigkeit #BlueZonesAuch mit 91 Jahren besteige ich noch Berge und esse jeden Tag genau dieselben 7 Loma Linda Lebensmittel. Entdecken Sie die ultimativen Geheimnisse der Langlebigkeit aus den Blue Zone
0_219424_140_7659850436865789217;0.1127;advisory;skincare-first;;;pdrn-skincare;"Das FRANKLY PDRN Bounce Ball Serum bricht gerade alle Rekorde in der K-Beauty-Welt. Wer den extrem prallen „Glass Skin""-Glow sucht, kommt an diesem Wirkstoff-Wunder nicht mehr vorbei! ✨ Was sind diese orangefarbenen Kügelchen? Das sind die berühmten „Bounce Balls"". Sie enthalten hochkonzentriertes P"
0_219424_190_3937521933910764951;0.1127;enthusiastic;skincare-first;;;pha;Starten Sie Ihre Spermidin-Routine mit dem hochdosierten spermidineLIFE Pro+, um die Autophagie zu aktivieren. Ideal als Einstieg in die Spermidin-Einnahme oder als Premium-Protokoll für eine längerfristige Anwendung.Mit unseren spermidineLIFE Produkten unterstützt du deinen Körper täglich bei der Z
0_218673_9_yt.jPKR1PqALD4;0.1127;advisory;procedure-open;;;;Gemeinsam unter Folie: Ein Team formt das Mikroklima Die manuelle Verlegung von Gewächshausfolien als GemeinschaftsaufgabeDas Abdecken eines größeren Folientunnels oder Gewächshauses ist eine körperlich anspruchsvolle und heikle Arbeit, die Präzision und Synchronisation erfordert. Da die Folienbahne
0_218673_126_t1_okex1iw;0.1127;enthusiastic;skincare-first;;;;Benutzt ihr Make-Up? Also Make-Up nein, ich versuche aber meine Gesichtshaut zu pflegen. Dazu verwende ich die Öl-Serie von Sensai. Gegen Augenringe entweder die Creme von Shiseido oder Chanel Le Lift.
0_218685_126_t1_ov2gxvk;0.1127;advisory;skincare-first;peel;;;weiche Handtücher sind scheiße / kratzige sind geil Ich hab sensible und trockene Haut und liebe kratzige Handtücher, weil die gleich nach dem Duschen nen Peeling-Effekt haben. Mit zu weichen Handtüchern hab ich immer den Eindruck die Haut bleibt feucht, was meine Haut im Anschluss trockener werden 
0_221687_190_3868626917793236576;0.1127;advisory;skincare-first;;;;"Entdecke Chogan Aurodhea &amp; Avon Kosmetik: Anti-Aging Augen- und Tagescremes mit Hyaluron, feuchtigkeitsspendende Lippenstifte &amp; langanhaltende Lidschatten. Vegan, tierversuchsfrei &amp; bio!✨💄 #Beauty #AntiAging #Vegan #Kosmetik #Pflege #eBay #eBayShop #eBayVerkäufer #Tierversuchsfrei #Hydra"
0_218673_126_t1_naxm7yz;0.1128;disappointed;skincare-first;;;zinc;Lügen mich meine Freunde an? Ich weiß das glauben viele Frauen nicht, aber: Männer stehen auf natürliche Frauen. Die Macken, Kanten, Ecken, Eigenarten machen dich ja gerade zu einem Menschen. So eine 0815 Puppe ist maximal langweilig und uninteressant für die meisten Männer. Es ist auch völlig okay 
0_218673_9_4194845510713009;0.1128;advisory;skincare-first;;;;"Character Editor geht zur Hälfte nicht! Man kann zwar alles anpassen aber du kannst keine Hautfarbe verstellen, Rauheit oder Glanz der Haut bzw. Falten &amp; deko im Gesicht.. nichts davon wird übernommen auch wenn diese angewählt sind.. hoffe das wird gepacht"
0_219424_126_t1_odpg0u8;0.1129;disappointed;procedure-curious;price,peel;microneedling;;"Ich verstehe nicht wie sich andere ein Haus kaufen können &gt; Mit beiden Händen zum Fenster rauswerfen ist echt Quatsch.hmm..&gt; Aber ja, blondieren für 250€ und microneedlingIst klar."
0_219424_190_3938078726931489480;0.1129;advisory;skincare-first;;;;Der Hyaluron Filler ist ein Serum, dass intensive Feuchtigkeit spendet und eine straffende sowie aufpolsternde Wirkung besitzt. ✨️#lydiadainowsuissecosmetic #hyaluron #serum #feuchtigkeit #aktion
0_218673_126_t3_1qp6p8a;0.1129;satisfied;skincare-first;retinol;;;Welche Anti-Falten-Creme glänzt nicht so? Hello Ladies.Ich (w43 mit Mischhaut) benutze kein Make-Up. An mein Gesicht kommen nur Waschlotion und Tages-/Nachtcreme.Letztere gern als Anti-Falten-Zeugs. Nachts ist mir egal, ob ich glänze, aber tagsüber möchte ich ein eher mattes Gesicht haben ohne zusät
0_221687_140_7610487966862937366;0.1129;advisory;skincare-first;;;;"NaturElan Kollagen Kapseln - 2000mg Kollagenhydrolysat Peptide Typ I &amp; III mit Hyaluronsäure 400mg, CoQ10 &amp; Vitamin C, 90/180 Kapseln, Ohne Zusätze, Hyaluronsäure Collagen Komplex Hochdosiert"
0_221687_190_3864900860681914171;0.1129;satisfied;skincare-first;retinol,spf;;spf;"Kollagen – Hype oder wirklich sinnvoll? Kollagen ist DAS Strukturprotein unserer Haut – es sorgt für Festigkeit, Elastizität und diesen „prallen Glow"". ✨Mit zunehmendem Alter (ab ca. Mitte 20) nimmt die körpereigene Produktion jedoch ab – erste Fältchen, weniger Spannkraft und trockenere Haut können"
0_219424_126_t1_nyt5g6j;0.113;advisory;skincare-first;laser;;;"[anti aging] how to get rid of nasolabial folds? [CeraVe](https://www.walmart.com/ip/CeraVe-Hyaluronic-Acid-Serum-for-Smoother-Softer-Skin-Hydrating-Skincare-Normal-to-Dry-Skin1-fl-oz/887176969?wmlspartner=wlpa&amp;selectedSellerId=0&amp;wl13=1777&amp;wmlspartner=wlpa&amp;cn=FY25-ENTP-PMAX_cnv_dps_d"
0_219424_126_t1_oymlk0a;0.113;enthusiastic;procedure-curious;peel;microneedling;;Microneedling Köln Ich hänge mich mal dran
0_218673_126_t1_nns5k4f;0.113;satisfied;skincare-first;;;;"Subtile Tricks, um im Alter jünger auszusehen Haarfarbe möglichst nah an der natürlichen färben oder wenn's zum Typ passt dann ganz ""krass"" künstlich. Das typische ""ich bin jetzt ü50/60 und färbe Pflaumenrot"" ist ganz schlimm - steht fast niemanden und macht deshalb älter. Auch nicht schwarz färben."
0_221687_190_3856155754692894429;0.113;advisory;skincare-first;peel;;niacinamide;"✨ Selvert Thermal — Splendour Hyaluronic &amp; Vitamin B3! ✨Hyaluronsäure zieht Wasser an und bindet es, wodurch die Haut intensiv mit Feuchtigkeit versorgt wird, elastisch und straff bleibt. Mit zunehmendem Alter nimmt die Produktion ab, was zu Trockenheit, Volumenverlust und Falten führt.💧 Program"
0_219424_9_60958675661266040;0.1131;satisfied;skincare-first;botox;;;Die Frau von Christian ist echt ne tolle. Guter Charakter, aber bei allem Respekt die sieht aus wie 42... niemals wie 23... das ganze Botox und Hyaluron hat sie merklich altern lassen im Gesicht..
0_218673_9_26412502754223315;0.1131;disappointed;procedure-curious;;;;V8 ist einfach Leidenschaft,  das sind Emotionen, das ist Fahrfreude ,das macht halt Laune ,das erregt ,das nimmt Dir die Falten aus dem Gesicht...Das ist halt Faszination am Auto ...Das ist wie Holzkohle Grillen....Es ist dreckig, es qualmt und ja es ist schädlich für die Umwelt ABER es schmeckt me
0_218673_126_t1_nmq0si1;0.1131;neutral;procedure-open;;;;Hausfrau oder Karriere Frau? Definitiv gegen eine Hausfrau, da ich keine Kinder habe.  Außerdem habe ich schon vor ein paar Jahren angefangen den Haushalt zum optimieren/automatisieren.  Mittlerweile haben wir für Saugen einen Saug-/Wischroboter, Wäsche kommt im Waschtrockner mit Waschmitteltank für
0_218673_8_2022764536185450944;0.1131;disappointed;skincare-first;;;;"Ich Bin Genug – Leere Überfließt  Avantgarde Magic Light Void Manga 2026... https://t.co/USWyFxAALR via @YouTube Just dropped: ""Ich Bin Genug – Leere Überfließt"" on YouTube! Avantgarde Magic Light Void-Manga Flow – tätowierte Haut atmet als Kosmos, Runen falten sich ein, Spiegel vibriert: Leere ist "
0_218673_15_14011004622027347;0.1131;enthusiastic;skincare-first;price,peel,spf;;pha;"Sensai Kosmetik – Die 15 besten Produkte im Vergleich Empfohlene Produkte im Bereich „Sensai Kosmetik"" Wir haben Produkte im Bereich „Sensai Kosmetik"" miteinander verglichen und Empfehlungen für Dich zusammengestellt. Hier findest Du die Top 15 im Bereich „Sensai Kosmetik"". AngebotEmpfehlung Nr. 1 S"
0_221687_140_7571509719806840086;0.1131;satisfied;skincare-first;;;coq10;Veganes Kollagen 🌸🌾 aus Liebe zum Tier. @Yes Vegan Naturals bietet dieses Vegane Kollagen an, welches angereichert mit Hyaluronsäure, coenzym Q10, Vitamin C und Aminosäuren ist, zur Unterstützung körpereigenen Kollagenbildung. #beauty #beautytips #collagen #skincare #GlowUp
0_221687_190_3819633271575316930;0.1131;advisory;skincare-first;;;pha;Makeup Hack für jüngeres Aussehen 🖌 Foundation mit Serum ( z.B. Hyaluron) mischen . Lässt die Haut wesentlich jünger erscheinen und vermindert Fältchen 👌 Funktioniert in der Regel mit jeder wasserbasierten Foundation ohne Silikon .#makeuphack #menmakeup #makeuptip #antiaging #gingermen
0_219424_9_9242022018006973;0.1132;enthusiastic;skincare-first;;;;Die it cosmetics mag ich überhaupt nicht, gefühlt sind alle Töne viel zu gelb und sie fühlt sich total cakey für mich an. Aja, meine (Ü50) Lieblingsfoundation is von lavera - überraschenderweise - die Hyaluron Liquid Foundation. Sie ist die einzzige die ich ganz aufbrauche und dann nachkaufe.
0_219424_126_t3_1tozw3g;0.1132;advisory;procedure-open;price,spf;;;Sonnenschutzfolie in Mietwohnung Hallo zusammen!Hat jemand Erfahrungen mit UV-Folien in Mietwohnungen? Wir sind am Überlegen, solche bei uns im Schlafzimmer anzubringen. Im Sommer steht die Sonne von ca. 6-13/14 Uhr auf den Fenstern und wir schwitzen und schon leider ab 7 Uhr teils tot. Ich wache im
0_218673_8_2030391269965635982;0.1132;advisory;skincare-first;price;;;Dein Gehirn kräuselt heimlich deine Finger… und zwar absichtlich.Ist Ihnen schon mal aufgefallen, wie Ihre Finger nach längerem Kontakt mit Wasser schrumpelig werden? Die meisten denken, das liegt daran, dass die Haut Wasser aufnimmt. Doch die Wahrheit ist viel überraschender. Diese Falten entstehen
0_221687_26_1361774765990536;0.1132;satisfied;skincare-first;spf;;;Intensive Feuchtigkeit, ganz unkompliziert 💧✨Der HYDRO ACTIVE Hyaluron Power Moisturizer versorgt die Haut mit 7‑fach Hyaluron sofort und langanhaltend mit Feuchtigkeit. Die leichte Textur zieht schnell ein, glättet Trockenheitsfältchen und stärkt die Hautbarriere mit Defense Balancer Plus. Ein Sonn
0_221687_190_3935868489067945610;0.1132;enthusiastic;skincare-first;;;;Glänzender Gloss mit Vitamin E und echten Fruchtpigmenten 🍓😍Für seidig-weiche Lippen zum dahinschmelzen 🫠✨#lipgloss #makeup #skincare #cosmetics #beauty #natural #vegan #veganmakeup #veganskincare #naturalbeauty #crueltyfree #naturkosmetik
0_219424_9_37849334475346601;0.1133;satisfied;skincare-first;botox;;;Seit wann ändert sich die Augenfarbe durch Botox???
0_219424_26_1649922930473537;0.1133;satisfied;skincare-first;spf;;spf;Warum lässt Sonne unsere Haut schneller altern? Sonnenstrahlen können unsere Haut auf Dauer schädigen. Dabei entstehen Stoffe, die Hautzellen belasten und den Abbau von Kollagen beschleunigen. Kollagen sorgt dafür, dass unsere Haut fest und elastisch bleibt. Wer über viele Jahre häufig und ungeschüt
0_218673_126_t1_n9bmshf;0.1133;neutral;skincare-first;;;;Wieso wachsen Haare unterschiedlich lang? Ja das habe ich auch mitbekommen. Eben weil viele so Probleme hatten.Da hab ich lieber meine kurzen Wimpern als dunkle Augenringe- bin ich ehrlich 🥲
0_221687_190_3714306359889567136;0.1133;advisory;skincare-first;laser;;aloe;"HYALURON IM VERGLEICH: HYALURON 3-FACH UND HYALURON REIZARM // ⁠⁠Zwei Feuchtigkeitsbooster – Whats the difference?⁠💗 Hyaluron Serum 3-fach – unser Sofort-Frische-Wunder.⁠Dreifach-Hyaluronsäure (hoch-, mittel- &amp; niedermolekular) sorgt für intensive, tiefenwirksame Feuchtigkeit und lässt die Haut "
0_221687_26_1184831600356902;0.1133;advisory;skincare-first;laser;;aloe;"HYALURON IM VERGLEICH: HYALURON 3-FACH UND HYALURON REIZARM // ⁠⁠Zwei Feuchtigkeitsbooster – Whats the difference?⁠💗 Hyaluron Serum 3-fach – unser Sofort-Frische-Wunder.⁠Dreifach-Hyaluronsäure (hoch-, mittel- &amp; niedermolekular) sorgt für intensive, tiefenwirksame Feuchtigkeit und lässt die Haut "
0_221687_190_3769394087359321806;0.1133;satisfied;skincare-first;;;resveratrol;🌸 Reverse Aging, die Kraft der Magnolie.Als Herzstück der Suprême Absolue Infusion Microperlée Jeunesse haben die Experten von PAYOT Magnolie ausgewählt, eine Pflanze mit außergewöhnlichen antioxidativen Eigenschaften.Sie ist reich an Magnolol und Honokiol und wirkt wie ein starkes Schutzschild gege
0_221687_190_3792393346229258532;0.1133;satisfied;skincare-first;celebrity,peel,spf;;niacinamide;Kylie Jenner setzt in ihrer Routine auf Produkte aus Kylie Skin: Foaming Face Wash, Vanilla Milk Toner, Vitamin C Serum, Moisturizer, AHA + Enzyme Glow Mask und Lip Oil. Alles sieht perfekt aus – aber was steckt wirklich dahinter?„Ich wollte eine Linie, die all die Produkte vereint, die meine Haut b
0_221687_190_3841702719543662744;0.1133;satisfied;skincare-first;spf;;;EIN ABSOLUTES MUST HAVE IN SACHEN SOFORTEFFEKTE🤩  Hyaluron Power Moisturizer - Glättende 24-h-FeuchtigkeitspflegeIntensiver Feuchtigkeitskick für die Haut. Der HYDRO ACTIVE Hyaluron Power Moisturizer versorgt die Haut durch 7-fach Hyaluron sofort und langanhaltend mit Feuchtigkeit. Die leichte Textu
0_221687_140_7670841802320088352;0.1133;satisfied;skincare-first;;;pdrn-skincare;Ich wollte PDRN schon so lange ausprobieren – aber ein Punkt hat mich immer davon abgehalten: Viele PDRN-Produkte basieren auf tierischen Inhaltsstoffen. Deshalb war ich total gespannt, als ich das neue L'Oréal Paris Revitalift Filler Hyaluron + veganes PDRN Serum entdeckt habe. 💙 Es kombiniert Hyal
0_219424_126_t1_oihh1dn;0.1134;enthusiastic;procedure-curious;botox;;;Wie damit umgehen, als Frau (echt) unattraktiv zu sein? Hab noch nie von einem überproportional großem Kopf gehört. Insbesondere ein größerer Hinterkopf ist eigentlich ein Schönheitsideal, weil dadurch mehr Haarvolumen suggeriert wird. Sowas wurde in der Vergangenheit z.B. durch Beehive, Haartolle o
0_218673_126_t1_nw0v0r4;0.1134;enthusiastic;skincare-first;;;;Frohe Weihnachten 🎄🎄🎄 Drei Falten ein Gesicht oder so
0_218673_9_66366221450079800;0.1134;enthusiastic;skincare-first;;;;@DanielWoite-h3y Bleich, fahle Haut, wie ein Vampir, Haut wie saure Milch. Und es gibt eine Zeichnung von Rowling selber, die zwar Schwarz-Weiss ist, in der man aber deutlich sieht das die Person kaukasische Gesichtszüge hat, keine afrikanischen, und das Gesicht ist nicht dunkel gemalt sondern weiss
0_218673_9_yt.Hm0VHXt9rYo;0.1134;advisory;skincare-first;;;;affinity photo augenringe entfernen (Anleitung) In diesem Video erfährst du, wie du in affinity photo augenringe entfernen kannst und dunkle Bereiche unter den Augen natürlich retuschierst.
0_218673_9_28390930599613480;0.1134;enthusiastic;procedure-curious;;;;Liebe Gaby,ich musste gerade so schmunzeln, als ich deinen Kommentar gelesen habe. Irgendwie konnte ich diese Szene sofort vor meinem inneren Auge sehen.Zoe und ich, zwei alte Köpfe mit vielen Falten, vielleicht schon ganz weißen Haaren, Hand in Hand irgendwo mitten in der Wüste. Wir setzen uns auf 
0_219424_9_yt.gmOiR6EK2FY;0.1135;advisory;skincare-first;;;;"LED- & Infrarot-Gesichtsmasken: Anti-Aging oder Beauty-Trend? Erfahre, wie LED- &amp; Infrarot-Masken wirklich wirken und ob sie ihr Geld wert sind!🎥 Hier geht's zum Video: https://youtu.be/Vg1kTJYU4gM"
0_219424_9_44674244147195910;0.1135;satisfied;skincare-first;botox;;;Diese komische Blondine wird auch noch ihr orangenes Wirtschaftswunder erleben. Spätestens dann, wenn das Botox teurer wird
0_219424_9_60339732591447051;0.1135;enthusiastic;procedure-open;botox;;;Der Michael ist 1985 geboren, 😮 hab gedacht des ist so ein 60 jähriger Typ der Botox aus dem Eimer säuft 😅
0_218673_126_t1_nz8j1ov;0.1135;disappointed;procedure-curious;;;;Was macht Saarbrücken für junge Menschen eigentlich attraktiv? ich war zweimal da und habe mich das auch gefragt. Ich fand es ehrlich gesagt ganz triste. Die Stadt wirkte sehr ramschig, bis auf das Stückchen Altstadt auch nicht sonderlich attraktiv und die Leute sahen häufig eher ungesund aus (fahle
0_218685_126_t1_nndb2l8;0.1135;advisory;skincare-first;facelift;;;Wie hilft man Frauen mit kaputtem Körperbild? Ich denke am meisten kannst du helfen wenn du für Frauen einstehst wenn du mitbekommst dass andere (vor allem Männer) abwertend über sie sprechen. Männer hören nur mal nur auf andere Männer. Also wenn jemand Dinge sagt wie:- Sie ist nur eine 4.- Schau wi
0_219424_126_t1_o5jlolb;0.1136;advisory;skincare-first;botox;;;LTB_iel Ja, das komplette Farbschema von der rothaarigen und der blonden Sirene wurde vertauscht - Haare, Lidschatten, Bikinioberteil.Dass die rothaarige Sirene von oben links eigentlich die blonde Sirene von unten rechts (und allen anderen Panels mit ihr, die ich nicht gepostet habe) ist, kann man 
0_219424_190_3940560107946495095;0.1136;satisfied;skincare-first;peel;;;Microneedling – für glattere und strahlendere Haut.
0_221687_140_7603420468028132630;0.1136;satisfied;skincare-first;laser,peel,spf;;aha;"GLOW-PEELINGS IM VERGLEICH // AHA/BHA Glow Refiner und Refining Night Liquid ✨⁠ ⁠ ➕️ Mix &amp; Match: AHA/BHA Glow Refiner – Chemisches Peeling Serum 💗⁠ Unser natürliches Peeling-Serum mit Glow-Effekt.⁠ Ein AHA/BHA-Komplex aus Sommerfrüchten &amp; Weidenrinde wirkt peelend, klärend und spendet gleic"
0_221687_26_1625758786216902;0.1136;satisfied;skincare-first;spf;;aloe;☀️ Warum wir auf mineralischen Sonnenschutz setzen ☀️Die MARíAS Organic SUN Sonnencremes vereinen mineralischen UV-Schutz durch Zinkoxid mit wertvollen pflanzlichen Wirkstoffen wie Pongamia, Lotusblüte, Süßholzwurzel, Edelweiß und Sanddorn. 🌿Ihre Vorteile auf einen Blick:✨ Sofortschutz nach dem Auft
0_221687_190_3910690085687576281;0.1136;satisfied;skincare-first;spf;;aloe;☀️ Warum wir auf mineralischen Sonnenschutz setzen ☀️Die MARíAS Organic SUN Sonnencremes vereinen mineralischen UV-Schutz durch Zinkoxid mit wertvollen pflanzlichen Wirkstoffen wie Pongamia, Lotusblüte, Süßholzwurzel, Edelweiß und Sanddorn. 🌿Ihre Vorteile auf einen Blick:✨ Sofortschutz nach dem Auft
0_219424_140_7656789945612373281;0.1137;advisory;skincare-first;;;;"L'Oréal Paris Glass Skin Duo - Feuchtigkeits-Fluid &amp; Hydrogel Maske, für aufgepolsterte &amp; glowy Haut, Hyaluronsäure-basiert, Revitalift Filler"
0_219424_126_t1_ofa0me2;0.1138;advisory;skincare-first;botox;;;"Steht ihr wirklich auf natürliche Frauen? Zb. baby-botox, viele denken, dass man Botox sofort ansieht- was man merkt und als ""Botox Gesicht"" kennt kommt allerdings aus zu viel *Filler*!! (Hyaluronspritzen zB, das ist KEIN Botox) in den Wangen, Lippen,etc. und dann hat man dieses typische übergesprit"
0_218673_126_t1_ombez69;0.1139;enthusiastic;skincare-first;;;;Extreme Augenringe Der Panda ist großes Kino. Nimm mein Upvote.
0_218685_9_yt.OlqTfrD3YWk;0.1139;advisory;procedure-open;laser;laser;;In diesem Reel zeigen wir eine Laser Tattooentfernung an der Innenseite des Oberarms. In diesem Reel zeigen wir eine Laser Tattooentfernung an der Innenseite des Oberarms. Das Tattoo weist klare Konturen und eine deutliche Pigmentierung auf. Genau hier ist eine präzise Einstellung des Lasers entsche
0_221687_26_1440941654700625;0.1139;advisory;skincare-first;;;;✨ Glow in Red – Power Hyaluronic ✨Dieses Weihnachtsgeschenk ist mehr als Pflege.Es ist pure Feuchtigkeit, sichtbare Glättung und sofortiger Glow – verpackt in einem luxuriösen Ritual für die Haut.Hyaluron wirkt dort, wo die Haut es im Winter am meisten braucht:💧 beruhigt gestresste Haut💧 polstert si
0_221687_140_7667337172382518561;0.1139;satisfied;skincare-first;;;glycerin;Die Garnier Fructis Hair Food Aloe Vera Maske ist eine vielseitige 3-in-1-Pflege, die speziell für normales bis trockenes Haar konzipiert wurde. Vielseitige 3-in-1-Anwendung als Spülung, Maske oder Leave-in-Pflege Formel mit Aloe Vera und pflanzlichen Ölen für ein geschmeidiges Haargefühl Besteht zu
0_218685_126_t3_1n05zto;0.1139;satisfied;skincare-first;price;;collagen;Abtei Beauty Kollagen Intensiv 5000 - Für natürliche Schönheit von innen - 5 g Kollagen-Peptide, Hyaluronsäure, Zink und Vitamin C - PRIME für 6,91€
0_219424_190_3930229673665775698;0.114;advisory;skincare-first;spf;;;Leichter Teint, SPF 30 und jeden Tag ein natürlich frisches Hautbild.Beim Kauf des HydroPeptide Solar Defense Tinted SPF 30 in Originalgröße erhalten Sie die Travel Size als Geschenk.Exklusiv auf hydro-peptide.de.••HydroPeptide HydroPeptide Deutschland HydroPeptide Serum HydroPeptide Cleanser HydroP
0_219424_190_3940335599268248205;0.114;advisory;skincare-first;spf;;;Feuchtigkeitsbooster mit Double Hyaluron für trockene und feuchtigkeitsarme Haut.Dieses Hyaluron Serum versorgt die Haut intensiv mit Feuchtigkeit und sorgt für ein frisches, pralles Hautgefühl. Die Kombination aus hochmolekularer und niedermolekularer Hyaluronsäure bietet eine umfassende Feuchtigke
0_219424_26_1636069638108326;0.114;enthusiastic;skincare-first;;;;Wenn wir an Anti-Aging denken, denken die meisten an Cremes, Seren oder Gesichtsbehandlungen.Ich denke zuerst an deine Zellen.Denn deine Haut kann sich nur so gut regenerieren, wie dein Körper sie dabei unterstützt.Genau deshalb gehört das IHT-Training zu meinen Hautkonzepten.Dabei atmest du im Wech
0_218673_9_54524733624699593;0.114;satisfied;skincare-first;;;;Ja voll cool dass Grace endlich wie eine überschminkte Schauspielerin mit Augenringe in ihren mittleren 30ern aussieht
0_221687_190_3910885665167943387;0.114;satisfied;skincare-first;spf;;;Warum sprechen plötzlich alle über HYA THREAD?Weil moderne Hautpflege heute mehr können muss als nur Feuchtigkeit spenden.Die innovative Korean Plump® HYA THREAD Technologie wurde entwickelt, um die Haut intensiv mit Feuchtigkeit zu versorgen und ihr ein sichtbar frischeres, glatteres und pralleres 
0_219424_126_t1_ogl0wis;0.1141;neutral;skincare-first;botox;;;👀 Gossip Ich hab ja schon einige Male Fragen zum Verständnis gestellt - so auch heute:Kann mir jemand erklären, wie es dazu kommen kann, dass Neles Augenbrauen sich plötzlich in verschiedenen Sphären bewegen?Mir ist bewusst, dass sie generell eine deutliche Gesichtsaymmetrie hat - aber!, die Augenbr
0_218673_126_t1_naruvvv;0.1141;advisory;skincare-first;;;;"Aufgespritzte Lippen Kann ich als Frau bestätigen - wobei ich diese Hexerei nicht beherrsche.  Oft kommt noch dazu, dass Leute, die kein Makeup mögen, dabei schlecht geschminkte Leute im Kopf haben. Zu viel, zu doll, falsch aufgetragen etc.Selbst Wimpernverlängerung oder Mascara ist nicht mehr ""natü"
0_218673_9_yt.avz1tjX7JF0;0.1141;disappointed;skincare-first;price;;;Die Japaner BÜGELN nicht mehr… dieses Spray ist einfach verrückt! 😳🔥 Credit :@adrianwidjy @cerverafitmom @cleanwith_kayleigh Warte mal… du verbringst noch Zeit mit Bügeln?In Japan gibt es ein völlig verrücktes Produkt: ein Sofort-Anti-Falten-Spray, das Knitterfalten in wenigen Sekunden verschwinden 
0_218673_8_2033127396900037041;0.1141;disappointed;procedure-curious;;;;Warum hat Wulff Augenringe? Der Mann genießt lebenslangen höchstbezahlten Urlaub. Ich glaube, ich will nicht wissen, wie er seine langweiligen Nächte verbringt. https://t.co/SzJAmQNfKs
0_221687_190_3783718993626975326;0.1141;neutral;skincare-first;price,spf;;;Noch keine Geschenke zu Weihnachten?🎅🏻🎄🎁Hier ein paar Ideen zum verschenken…1. Mit einem Gutschein Wohlfühlmomente verschenken 2. Für eine seidig schimmernde gepflegte Haut das Golden Glow Körperöl.Inhalt : 50ml, Preis: 24 € 3. Das Bodyverwöhnset mit Ingwer und Orange.Inhalt: Duschgel 200ml und Body
0_221687_140_7600174565058202902;0.1141;advisory;skincare-first;spf;;spf;@NIVEA DE @NIVEA USA  NIVEA SUN 2in1 Primer Daily UV Serum LSF 50+, parfümfreie Sonnencreme für glattere Gesichtshaut mit Hyaluron und Antioxidans, schnell einziehende Gesichtspflege mit LSF (30 ml) #winterdeals #fyp  #ValentinstagsDeals #primer #sonnenschutz
0_221687_140_7618678962725588246;0.1141;satisfied;skincare-first;;;;"Dieser Goji-Smoothie ist pure Zell-Nahrung. Nicht nur lecker – er aktiviert, nährt und regeneriert dich von innen heraus. Dein Körper wird es nicht nur mögen… 👉 du wirst den Unterschied fühlen. 🌿 Zutaten &amp; ihre kraftvolle Wirkung: ▪️4EL Bio-Goji-Beeren  → Hoch antioxidativ – schützen deine Zelle"
0_221687_140_7626074202025544992;0.1141;advisory;procedure-open;peel,spf;microneedling;;"Microneedling zuhause anwenden – Schritt für Schritt kurz und knapp erklärt ✨ Was kann Microneedling bewirken?   ✨ Ebenmäßigeres Hautbild   ✨ Verfeinerte Poren   ✨ Gemilderte Fältchen   ✨ Verbesserung von Aknenarben &amp; Pigmentierungen   ✨ Mehr Glow, Spannkraft und Frische So kannst du Microneedli"
0_221687_140_7646436822800747808;0.1141;advisory;skincare-first;;;vitamin-e;Der d'Alba White Truffle Double Serum All-in-One Multi Balm ist ein veganer Pflegestift, der für sofortige Feuchtigkeit, Elastizität und einen natürlichen Glow sorgt. Er lässt sich gezielt im Gesicht, an der Augenpartie oder auf den Lippen anwenden.  Die wichtigsten Inhaltsstoffe im Überblick: *Truf
0_219424_15_64334329754328754;0.1142;enthusiastic;skincare-first;laser,facelift;;;"Minnie Driver über Selbstliebe und Akzeptanz Minnie Driver glaubt, dass „Selbstliebe und Selbstakzeptanz"" der Schlüssel sind, um Frieden mit dem eigenen Körper zu schließen. Die Hollywood-Schauspielerin hat verraten, dass sie den Alterungsprozess akzeptiert hat und mit ihrem Aussehen zufrieden ist. "
0_219424_190_3935922799150136886;0.1142;satisfied;procedure-open;;;;NAD+ Cell Renew – Zelluläre Erneuerung.Autophagie aktivieren. Alte Zellen recyceln. Neue Energie freisetzen.✓ Zellregeneration✓ Autophagie✓ Anti-AgingNAD+ in Kombination mit zellschützenden Co-Faktoren – für tiefgreifende zelluläre Erneuerung.→ Link in Bio#NAD #Autophagie #Zellregeneration #Longevit
0_218673_126_t1_nyks0m1;0.1142;enthusiastic;procedure-curious;;;;Hot Take Man geht spazieren bei Regen.Das Gesicht wird einfach grösser, oben ist nur ohne Falten.hth
0_219424_9_yt.X8yT6HM-lVk;0.1143;advisory;skincare-first;;;;Supplements Guide: Vitamin D3, K2, Magnesium & More! #shorts Du fragst dich, welche Supplements Sinn machen? Vitamin D3, K2 und Magnesium sind die Basis. Kollagen für die Haut und Rinderfett als Naturprodukt. Bei Spermidin und NAD+ ist die Studienlage noch dünn, doch erste Hinweise deuten auf zellve
0_218673_126_t1_nhbk0qv;0.1143;advisory;skincare-first;;;;Weiß jemand wie man die Augenringe weg bekommt? Und glaubt ihr der Look kommt gut an mei Mädels? Es kann an verschiedenen Insuffizienzen liegen, ja, auch Eisen. Aber im Herbst/Winter sind Dinge wie Vitamin C und D wahrscheinlich 😉 \Und der Clou an Hyaluron ist ja nicht das Hyaluron selbst, sondern d
0_218673_9_915375379118666;0.1143;disappointed;skincare-first;;;;Er sagt doch selbst, dass er früher besser ausgesehen habe..Man sieht ihm das Straßenleben schon an...Die Falten wirken tiefer (vor allem, er ist ja est um die 20), das Gesicht aufgedunsener (vom Alkoholkonsum).Wir könnten das erst richtig beurteilen, wenn wir ihn vor dem Leben auf der Straße gesehe
0_218673_8_2039962656610652264;0.1143;disappointed;skincare-first;retinol;;ectoin;Hyaluron, Retinol und auch Vitamin C gehören zu den bekanntesten Anti-Aging-Wirkstoffen. Doch 2026 rücken andere Inhaltsstoffe in den Fokus: Ectoin und PDRN sind die neuen Stars unter den Falten-Killern. https://t.co/5QI7loTzbN https://t.co/VNfQBpzlVN
0_219424_190_3935384372123879277;0.1144;advisory;skincare-first;spf;;zinc;Ich packe meinen Koffer und nehme mit… 🧳 Mineralstoffe 🧳 Vitamine 🧳 PolyphenolehiPURE vereint antioxidative Pflanzenstoffe mit bewährten Mikronährstoffen, deren positive Wirkungen auf Haut, Zellen und oxidative Prozesse wissenschaftlich belegt und rechtlich zugelassen sind. Besonders in der sonnenin
0_218673_8_2016579652072984769;0.1144;satisfied;skincare-first;;;;@ReskiLab Glatte Haut ganz ohne Fältchen - dank Prof. Reskis Bio-Kollagen! Aus Moos gemacht, 100% vegan!!(Hauptsache, keiner fragt nach Genen 😱)
0_221687_190_3721599379778934364;0.1144;advisory;skincare-first;botox;;;Verwöhne deine Haut mit dem perfekten Duo aus glättender und feuchtigkeitsspendender Hautpflege. ✨Das Bio-Lyne Hydration Serum ist ein kraftvoller Feuchtigkeitsbooster, der Ihre Haut intensiv hydratisiert und sie mit Hyaluronsäure erfrischt. 💦 Das Skin Gel wurde speziell für eine schnell sichtbare F
0_221687_140_7605165051527302432;0.1144;advisory;procedure-curious;spf;;;Ein Duo, das Hautpflege und Glow-Ästhetik perfekt verbindet – das L'Oréal Paris Glass Skin Duo für deinen ultimativen Glass-Skin-Moment. Keywords: Glow Ästhetik, Hautpflege Design, Glass Skin Moment, Premium Skincare, Glow Pflege, Gesichtspflege Set, Skincare Trend, Hauterneuerung, Feuchtigkeitspfle
0_221687_140_7548822732713086230;0.1145;satisfied;skincare-first;;;zinc;"#ad Warum ich Glow25 nehme? Es enthält Typ 1, 2 &amp; 3 Kollagen also nicht nur für schöne Haut, sondern auch für Gelenke &amp; Bindegewebe. Dazu Hyaluron, OPC, Zink, Biotin &amp; Vitamin C. Alles in einem Löffel, jeden Morgen im Kaffee schmeckt nach nichts, wirkt wie alles. Und ja: made in Germany,"
0_221687_190_3764915624699815108;0.1145;satisfied;skincare-first;retinol;;pha;LA MER- BAKUCHIOL SERUM-BAKUCHIOL, die sanftere, pflanzliche Alternative zu RETINOL-#ᴡᴇʀʙᴜɴɢ -Anti-Aging Bakuchiol Serum -Reduziert feine Linien und Fältchen-Wiederherstellung der Hautfestigkeit-Hautstruktur verfeinernd -HauttonausgleichendFrei von MikroplastikFrei SilikonenFrei ParabenenFrei Paraff
0_221687_140_7643530827103604000;0.1145;advisory;skincare-first;peel;;;"Microneedling, aber auf Luxury-Level ✨ Stammzellen, Lachs-DNA, Collagen &amp; Hyaluron direkt dort, wo deine Haut den Glow wirklich braucht 💧🤍 Für strahlende, pralle und gepflegte Haut ohne Filter. Das ist nicht nur Pflege – das ist Skin Investment ✨ #microneedling #glowingskin #glassskin #hautpfleg"
0_221687_140_7670933727039507744;0.1145;enthusiastic;skincare-first;botox,facelift;;glycerin;"Natural Face Lift Routine? Das brauchst du dafür:  ✨ Hyalove Serum: Kombiniert Hydration Booster wie 6-fach Hyaluron, Panthenol &amp; Gylcerin mit Anti-Aging-Peptide, für glatte, pralle Haut und echten Glow  ✨ High Expression Ampullen: Wirken durch Aloe Vera, Glycerin &amp; SYN®-AKE (Ein dem Schlang"
0_219424_9_55327648065285499;0.1146;advisory;skincare-first;botox;;;"Die ersten, offensichtlich ungefilterten Bilder dieses Videos, zeigen offensichtlich ihr wahres Alter von über 50, denn diese vielen tiefen Furchen auf ihrer Stirn, das sind keine harmlosen ""Lachfältchen"" mehr, dass sind tiefe Altersfalten, die sich auch mit Kiloweise Make-up oder Botox nicht mehr v"
0_218673_9_17621013548174288;0.1146;enthusiastic;skincare-first;;;;​@tobio6496Naja Snape ist eine der Figuren bei denen sein Äußeres ständig erwähnt wird: schwarzes, öliges Haar, Hakennase, bleiche, fahle Haut. Also ja es ist bei Snape wichtig.
0_221687_190_3749897096523158201;0.1146;satisfied;skincare-first;peel;;aha;✨ Sculptra meets Microneedling – Collagen neu gedacht.Sculptra besteht aus Polymilchsäure (Poly-L-Lactic Acid) – einem Wirkstoff, der die Hautzellen stimuliert, wieder eigenes Kollagen zu bilden.Kein klassischer Filler also, sondern ein Biostimulator, der die Haut von innen heraus erneuert.In Kombin
0_219424_190_3941033213777218583;0.1147;satisfied;skincare-first;;;ectoin;Zu wenig Feuchtigkeit ist einer der Gründe der die Haut alt aussehen lässt. Es ist hier wichtig die Haut zu nähren mit Inhaltsstoffen wie Hyaluron, Ectoin, Aloe und einige anderen. Kleine Linien werden ausgeglichen und die Haut sieht aufgepolstert und frisch aus.
0_219424_26_1651637693629188;0.1147;enthusiastic;procedure-open;peel;microneedling;;#darmstadt #almasopranotitanium #frankfurtammain #weiterstadt #microneedling
0_219424_190_3944573530229353778;0.1147;satisfied;procedure-open;botox;;;✨ Gesunde, glänzende Haare beginnen mit der richtigen Pflege.💎 Keratin • Botox • Nanoplastie📍 Deutschland (Frankenberg)Termin 📅 - Direkt
0_218673_8_2049722134797168988;0.1147;enthusiastic;procedure-curious;;;;Ich habe gestern eine Tier-Doku über den Waschbären gesehen: er hat Augenringe, frisst Müll, bleibt die ganze Nacht wach, wirkt etwas pummelig, ist drollig, aber kämpft, wenn er in die Enge getrieben wird… tja, ich bin also ein Waschbär…#Waschbär
0_219424_126_t3_1rga54v;0.1148;enthusiastic;procedure-curious;price;;;🌀 DER PIEZO-CYCLE – DIE MYSTIK DER SCHWINGUNG Ein Essay über die spirituelle Dimension von Piezo, Phononen, Ampere und Antioxidantien Prolog: Was ist ein Mystiker?Ein Mystiker ist jemand, der die verborgene Einheit hinter den Erscheinungen erkennt. Der Mystiker sieht nicht getrennte Dinge, sondern e
0_219424_9_yt.4GgHD5USzEE;0.1148;enthusiastic;procedure-open;facelift;;;MITSUBISHI Outlander Facelift (2017-2022): Autostore aktivieren & deaktivieren In diesem Video zeige ich dir, wie du die Autostore‑Funktion für Radiosender im MITSUBISHI Outlander Facelift (2017-2022) aktivierst und was die Funktion genau bewirkt. Du lernst, wo du im Display die Radio‑Einstellungen 
0_219424_140_7664985249406881046;0.1148;advisory;skincare-first;;;;trahlende Haut, flexible Gelenke sowie starkes Haar und Nägel | Meeres-Kollagen + Hyaluronsäure, Anti-Aging, Antioxidantien #antiaging #skincareempfehlung #hairactivatingserum #organicsuperfoods #peptideskincare #skincareroutinetips #antiaginghautpflege #stretchmarksolution #skincarerecommendations 
0_219424_190_3950356446377967249;0.1148;advisory;skincare-first;price,spf;;pha;Das sind unsere #BeautyMustHaves im Sommer ☀️💄1. Der Marshmallow Puff Lip Blur Pen von Sheglam überzeugt mit seiner mousseartigen Textur und pflegenden Inhaltsstoffen wie Shea Butter und Pflanzenölen. In 12 Nuancen erhältlich, um € 5,492. Bio-Kosmetik für jede Lebensphase gibt es jetzt im Sortiment 
0_218673_126_t1_nzjwga5;0.1148;disappointed;skincare-first;;;;Glaubt ihr das Männer und Frauen Unterschiedlich altern? Dazu ein schwächeres Bindegewebe und eine dünnere Haut, was geschwind die Brüste sinken läßt und die Haut zeigt schneller Falten. Außer man hilft mit OPs nach, was manchmel wirklich bemitleidenswert aussieht. Aber ja, viele Männer sehen im Alt
0_221687_26_1337533035086757;0.1148;advisory;skincare-first;laser,retinol,price,spf;;retinol;"REIFE HAUT // Reife Haut ist ein natürlicher Hautzustand, der sich mit zunehmendem Alter entwickelt. Typisch sind erste Linien und Fältchen, Elastizitätsverlust, Trockenheit und Pigmentflecken.⁠⁠➡️ In unserem Beitrag erfährst du alles über Merkmale &amp; Ursachen von reifer Haut. 💜⁠⁠Hier gibt's noch"
0_219424_126_t1_o5r19cl;0.1149;advisory;skincare-first;;;;Thema: Augentropfen Blue light Ja wenn ich lange am pc bin merke ich das ich weniger blinzel (ist glaube ich sogar wissenschaftlich bewiesen) weshalb ich öfter trockene Augen habe. Das mit hyaluron werde ich mal ausprobieren
0_219424_126_t1_oohvut1;0.1149;advisory;skincare-first;spf;;;(Chemische) Sonnencreme die nicht in den Augen brennt Bei mir brennt fast alles. Nutze Garnier Sonnenfluid Hyaluron. Zusätzlich pudere ich meine Augen, weil ab manchen Tagen alles in den Augen brennt.
0_218673_9_yt.8uN3kEzrasU;0.1149;advisory;skincare-first;spf;;;BEWERTUNG (2025): Filorga NCEF-Revitalize Serum, 30 ml. WESENTLICHE Einzelheiten Werfen Sie einen schnellen Blick auf die Hauptmerkmale von Filorga NCEF-Revitalize Serum, 30 ml.👉 Auf Amazon ansehen: https://www.amazon.de/dp/B08B7NGFV1/?tag=16w9h-20 (Affiliate-Link)Das Filorga NCEF-Revitalize Serum, 
0_218673_126_t1_o6liu8b;0.1149;enthusiastic;skincare-first;;;;Wie erkennt ihr KI Gesichter? Das war an Neujahr morgens, die hat mich hübsch gesoffen, deshalb auch die leichten Augenringe bei ihr.
0_218673_8_2047013939309883624;0.1149;enthusiastic;procedure-curious;;microcurrent;;"RT @noizETunes: "" ... ""  "" ... ""  ""Kch ...""  ""Was?""  ""Kch, kch ...""  ""Sag schon!""  ""Ich ...""  ""SAG!""  ""HERR DER AUGENRINGE!""   ""Oha, du Arsch!""  ""Selber!""  Und dann lachen wir. Beide.  #GesprächevordemSpiegel"
0_219424_15_28565842918487997;0.115;neutral;procedure-curious;;;;Wabi-Sabi Die Zifferblätter von Uhren können mit der Zeit altern, dunkler werden. Rolex Händler sprechen bei ganz dunklen Zifferblättern gerne von →Tropical, obgleich die Uhr niemals in den Tropen war. Der allgemein gebräuchliche Terminus für die Verfärbung ist →Patina. Wenn die vollständig gleichmä
0_219424_126_t3_1tdxa28;0.115;advisory;skincare-first;price;;;L'Oréal Paris Elvital Hydra Hyaluronic feuchtigkeitsspendendes XXXL Shampoo für glänzendes Haar, Hyaluron Shampoo für einen Feuchtigkeitsboost & Schut... -32 % 7,51 € Pflegeshampoo für feuchtigkeitsbedürftiges Haar, Formel mit Hyaluronsäure als echter Feuchtigkeitsboost für Längen und KopfhautErgebn
0_219424_140_7660244829909175555;0.115;advisory;procedure-open;peel;microneedling;;✨ **Bio-Microneedling – Natürlicher Glow von innen heraus** ✨ Bio-Microneedling regt die natürliche Hauterneuerung an und unterstützt die Kollagenbildung – ganz ohne klassische Nadeln. Die Behandlung kann das Hautbild verfeinern, Poren optisch minimieren und für einen frischen, strahlenden Glow sorg
0_219424_140_7665851849190198560;0.115;neutral;procedure-curious;price;;;Abholung oder Lieferung direkt aus unserem 6.000 m² großen Outlet in Gevelsberg – so groß wie ein Fußballfeld, mit über 500 Sofa sofort verfügbar! Bestellung direkt auf dekadentliving (N3208A) möglich. Nur 2190,-€ bei Abholung. Statt: 9199,99 € 0% Finanzierung bei PayPal-Zahlung über unsere Homepage
0_219424_190_3938740225846666187;0.1151;advisory;skincare-first;peel;;pdrn-skincare;BIO-MICRONEEDLING OHNE NADELN Needless Shots kombinieren natürliche Mikronadeln aus einem Süßwasserschwamm mit leistungsstarken Wirkstoffen wie Lachs-DNA (PDRN) und Astaxanthin – diese Nadeln sind im Serum drin. Denn echter Glow entsteht nicht durch Filter.Sondern durch Haut, die sich erneuert. Beso
0_219424_190_3942666480946165220;0.1151;enthusiastic;procedure-curious;botox;;;Hey Ihr Lieben, im heutigen Video teilt eine wundervolle Kundin von uns ihre Erfahrung! 😍🥰✨#myhealthandbeauty#botox#ästhetik#schönheit
0_219424_190_3948866507720816479;0.1151;satisfied;skincare-first;spf;;;💧 Hyaluronic Acid Serum 17mlIntensive Feuchtigkeit für pralle HautDas Hyaluron Serum versorgt die Haut intensiv mit Feuchtigkeit und lässt sie glatter, frischer und voller wirken. Perfekt für trockene oder feuchtigkeitsarme Haut.Vorteile:💧 Intensive Feuchtigkeitspflege✨ Glättet das Hautbild🌿 Verbess
0_219424_9_8315116384287204;0.1152;advisory;skincare-first;spf;;spf;Die Sonnensprays sind im auftragen häufig viel zu gering und bieten sehr selten den nötigen deklarierten Sonnenschutz. Meist verfliegt das meiste beim autragen durch die Aerosole in der Luft und man hat keine Kontrolle für die korrekte Auftragsmenge. Außerdem, es nicht nicht nur jede Art von bräunun
0_219424_126_t1_onysdl3;0.1152;advisory;skincare-first;;;aha;Welche Produkte für wellige Haare? (Anfänger) Ich musste auch lange rumprobieren. Wichtig ist vor allem langes in-Form-Kneten. Außerdem kämm ich die Haare nie trocken, sondern während die Feuchtigkeitskur einzieht in der Dusche (mache Feuchtigkeitsshampoo Hyaluron von Balea, Feutigkeitskur von Bali 
0_219424_190_3938231434145321304;0.1152;enthusiastic;skincare-first;;;;💧 Neu bei dm: Die Balea Beauty Hyaluron Hydro Plump Gel-Creme.Wenn deine Haut Feuchtigkeit braucht, könnte diese Gel-Creme einen Blick wert sein. Sie enthält 7-fache Hyaluronsäure sowie einen Elektrolyten-Komplex und versorgt die Haut intensiv mit Feuchtigkeit. Gleichzeitig unterstützt sie den Erhal
0_219424_140_7661968768058297633;0.1152;advisory;procedure-open;botox;;;"✨ Gesunde, glänzende Haare beginnen mit der richtigen Pflege. 💎 Keratin • Botox • Nanoplastie 📍 Deutschland (Frankenberg) 📩 Termin &amp; Beratung per TikTok-Direktnachricht. #keratin #frankenberg #hairtransformation #keratintreatment"
0_218673_9_70467416988285868;0.1152;disappointed;skincare-first;;;;Seine Augenringe verstecken sich hinter Augenringe.😂 Verdi hatte selbst auch mal einen Vorwurf der Vetternwirtschaft noch garnicht so lange her.
0_221687_140_7582636095586733334;0.1152;advisory;skincare-first;;;aha;"Das sind die Porefect Pads von Yepoda. Toner-Pads mit Rosenwasser, AHA, BHA &amp; PHA. #weihnachtsdeals #tiktokshop #skincare #yepoda @Yepoda"
0_221687_190_3835389015050727596;0.1152;enthusiastic;skincare-first;spf;;;✨ Reine Feuchtigkeit. Pure Eleganz. Zeitlose Schönheit. ✨Das Hyalurongel Rosenbrise Bio von Spirit of Rügen vereint luxuriöse Pflege mit der Kraft der Natur.Die exklusive 4-fach Feuchtigkeitsbooster-Wirkung der Hyaluronsäure durchfeuchtet deine Haut in jeder Ebene – von der Oberfläche bis in die Tie
0_219424_126_t1_oeesb21;0.1153;advisory;skincare-first;;;;Does anyone have recommendations for wavy hair products at DM? Ich habe dieselbe Haarstruktur wie du und was welliges Haar benötigt, ist Feuchtigkeit. Ich nutze zurzeit das Balea Hyaluron Shampoo + Spülung, damit bin ich ganz zufrieden und pflege meine Spitzen anschließend mit Haaröl. Lockenprodukte
0_219424_26_1437368915093309;0.1153;satisfied;skincare-first;;;;"Matcha, Avocados, Lachs: sogenannte Superfoods gelten als reich an Mikronährstoffen und werden oft als Wundermittel gegen Müdigkeit, als ""Schlankmacher"" oder Anti-Aging-Elixier gefeiert. Auf Social Media boomen passende Rezepte und Trends. Doch was passiert mit unserer Umwelt, wenn bestimmte Lebensm"
0_218673_15_40296046037609262;0.1153;advisory;procedure-open;laser,peel,spf;laser;;Pigmentflecken auf der Haut: Woher sie kommen und wie sie wieder verschwinden Einmal zu sonnig draußen und schon hast du abends Pigmentflecken. Sie sind häufig und tauchen bei den meisten Menschen früher oder später auf. Obwohl sie fast nie gefährlich sind, nerven sie ganz schön. Wenn du dir wünschs
0_221687_26_1343091430941023;0.1153;advisory;skincare-first;;;;"Dermosthétique Set 💙Exklusives Set bestehend aus Hydrating Cleansing Foam 150 ml &amp; Refining Hydro Serum 30 ml. Das Hyaluronic Acid Hydrating Concentrate 30 ml gibt es gratis dazu. Dieses Geschenk geht unter die Haut! Porentiefe Reinigung und zwei Power-Seren sorgen für eine frische, jugendliche "
0_221687_9_yt.KJGN-hst_nk;0.1153;advisory;skincare-first;;;niacinamide;Vaseline Gluta-Hya serum- in-lotion  #vaseline #serum #lotion #hydration #Bright #niacinamide #fyp
0_219424_126_t1_nxmr9vh;0.1154;satisfied;skincare-first;price;;;"Empfehlung für Veganes Collagen-Pulver? &gt;Warum meint mancher, Kollagen einnehmen zu müssen? &gt;Da die körpereigene Kollagenproduktion ab dem 25. Lebensjahr abnimmt, glauben manche Menschen, sie müssten Kollagen über Nahrungsergänzungsmittel aufnehmen. Sie hoffen, dadurch etwas für ihre Hautgesun"
0_219424_126_t1_ojhvtf5;0.1154;advisory;skincare-first;botox;;;Warum gibt es gleich aussehende menschen Botox Behandlungen reduzieren die Mimik die einen Großen Teil des persönlichen Aussehens ausmacht. Alkohol als starker Zellgift verursacht recht spezifische physische Veränderungen. Wenn ich deine Frage richtig verstanden habe.
0_219424_140_7660224640488361249;0.1154;satisfied;procedure-curious;facelift;lipolysis-injection;;Doppelkinn? Nicht immer ist nur Fett die Ursache! Viele denken, dass ein Doppelkinn ausschließlich durch Fett entsteht. Tatsächlich spielt oft auch eine erschlaffte Haut eine entscheidende Rolle. Mit HIFU wird die SMAS-Schicht – dieselbe Gewebeschicht, die bei einem chirurgischen Facelift gestrafft 
0_219424_26_1640796564712998;0.1154;advisory;skincare-first;price,spf;;spf;Es gibt einen Begriff, der im Sommer über deine Hautalterung mitentscheidet – und den kaum jemand erklärt: freie Radikale.UV und Hitze erzeugen aggressive Moleküle, die Kollagen angreifen. Antioxidantien fangen sie ab. Die bekanntesten in der Hautpflege sind Vitamin C und Propolis – beide schützen d
0_219404_15_25052508245042001;0.1154;enthusiastic;skincare-first;price,spf;;glycerin;"Nivea Body Mousse – Die 15 besten Produkte im Vergleich Empfohlene Produkte im Bereich „Nivea Body Mousse"" Wir haben Produkte im Bereich „Nivea Body Mousse"" miteinander verglichen und Empfehlungen für Dich zusammengestellt. Hier findest Du die Top 15 im Bereich „Nivea Body Mousse"". AngebotEmpfehlung"
0_219424_126_t3_1seu3k6;0.1155;satisfied;skincare-first;;;;Glossing mit Redken Shades EQ? Vielleicht hat es ja ein paar Friseur Profis hier. Vorweg ganz kurz meine Haare wurden vor zirka einem Haar am ganzen Kopf mit blondierung gesträhnt habe es dann erstmal fast ein Jahr rauswachsen lassen und dann mit einer garnier Farbe braun gefärbt dadurch das es aber
0_219424_140_7661970408282819872;0.1155;satisfied;skincare-first;botox;;;Warum die Stirn nach Botox strahlt – zwei Effekte, die kaum jemand auseinanderhält. ✨ 1. Der Sofort-Glow. Botox entspannt den Muskel, die Haut darüber wird glatt. Und eine glatte Fläche reflektiert Licht viel gleichmäßiger als eine zerknitterte. Dieser Glow ist also gar kein Öl – das ist reine Licht
0_218673_126_t1_nbddfww;0.1155;neutral;skincare-first;;;;Heiraten ohne makeup? Ich schminke mich sehr selten. Höchstens 1-2 im Jahr und dann nur Mascara oder Lippenstift. Hat wer auch ganz ohne Schminke geheiratet? Mir wurde gsagt, etwas Puder sei wichtig, um auf den Fotos nicht zu glänzen. Gut dann brauchst du auch kein Kleid oder Friseur, einfach in Leg
0_218685_126_t1_nar6qy6;0.1155;disappointed;skincare-first;botox;;;Aufgespritzte Lippen Finds witzig wie viele so selbstbewusst sagen, dass man es immer sieht. Tut man auch bei Lippen nicht. Mit Botox ja aber nicht wenn mit hyualoron gearbeitet wird. Warum man es macht damit man es nicht sieht ? Vielleicht weil es viele Frauen gibt, die natürlich betonen wollen.Was
0_221687_140_7593323215703985430;0.1155;satisfied;skincare-first;retinol,spf;;retinol;Eine Anti-Aging-Abendroutine für ölige Haut. Das ist nur eine Beispielroutine du kannst natürlich auch andere Anti-Aging-Wirkstoffe einbauen 🙂 Wichtig: Neue Wirkstoffe immer langsam einführen, also z. B. mit 1× pro Woche starten, und tagsüber unbedingt Sonnenschutz verwenden. Warum? 1️⃣ Anti-Aging-W
0_219424_190_3942588063593914055;0.1156;satisfied;skincare-first;;;;New in.Endlich ist es da: das Cell-Pro Hyaluron Eye Gel!Es ergänzt deine bisherige Cell-Pro Routine und unterstützt die feine Augenpartie mit dem Hyaluronkomplex in verschiedenen Molekülgrößen und seiner super leichten Textur.Probier es aus - ab sofort im Shop erhältlich.#jaylisskincare #cellpro #hy
0_219424_8_2080201392858214427;0.1156;satisfied;skincare-first;;;;Befeuchten mit Gold MoisturizerFormel aktiviert ElastinproduktionHautalterung wird bei trockener Haut mit Vitamin E vorgebeugt https://t.co/lZ5EI8bvoD https://t.co/N9x1n8cyaZ
0_218673_15_39070078010585444;0.1156;disappointed;skincare-first;price,spf;;glycerin;Dein Durstlöscher für einen Glow: Warum Feuchtigkeit das Schönheitsgeheimnis ist Es gibt fettige Haut, trockene Haut und Mischhaut. Dass eine trockene Haut Feuchtigkeit braucht, scheint offensichtlich – tatsächlich benötigt aber jeder Hauttyp genügend Feuchtigkeit, um ordentlich zu funktionieren. Un
0_218673_126_t1_omy53ve;0.1156;disappointed;skincare-first;;;;No age-shaming - aber was ist mit seinem Hals passiert? Das kommt doch nicht nur vom schlaffe Haut haben, oder? Hör bidde auf zu lügen ey. Das is Campino, der Erfinder der gleichnamigen Fruchtbonbons. Muss man doch wissen. /s
0_219424_190_3930862911716805626;0.1157;satisfied;skincare-first;;;;Hormone spielen eine viel größere Rolle für deine Haut und Haare, als viele denken.Strahlende Haut, kräftige Haare und ein gesundes Hautbild hängen nicht nur von der richtigen Pflege ab, sondern auch von deinem Hormonhaushalt.Östrogen unterstützt Kollagen und Hautfeuchtigkeit.Progesteron fördert die
0_218673_9_yt.Jb--lZUAVoc;0.1157;enthusiastic;procedure-open;price;;;"Aktionsbehandlung ICE HIFU 5D/ Gesicht & Hals Limited offer! This awesome Aktionsbehandlung ICE HIFU 5D/ Gesicht &amp; Hals for CHF432.40.. Erleben Sie die neueste Generation des non-invasiven Liftings mit unserer ICE HIFU 5D-Behandlung – sanft, effektiv und ohne Ausfallzeit!Aktionsangebot:✨ Gesicht"
0_218673_8_2024871178620244470;0.1157;disappointed;procedure-curious;;;;@rico_brick Eigentlich wollen sie sich gegenseitig ins Gesicht kotzen und dann Falten austauschen. Armes Deutschland, verkauft und verraten. Habe mich lange nicht so geekelt.
0_221687_140_7586067275191471382;0.1157;advisory;skincare-first;;;;"NaturElan Kollagen Kapseln  Mit Hyaluronsäure , CoQ10 &amp; Vitamin C. Ohne Zusätze 100 % Vegan @NaturElanGermany  #tiktokshop #collagen  #hautpflege #tiktokshopdeutschland #naturElan"
0_221687_8_2056659872876274102;0.1157;neutral;procedure-curious;;;;"🧬 ENHA - Der kontroverse Megatrend-Play: geistige &amp; körperliche Leistungssteigerung, Human Enhancement geht an die BörseEnhanced Group Inc. (NYSE: ENHA) ist seit dem 8. Mai 2026 an der Börse notiert und trifft genau den Nerv des kommenden Trends: Consumer Biotech, Langlebigkeit, Performance Medi"
0_219424_126_t3_1sytgu7;0.1158;neutral;procedure-open;;;;"Mots-C und der Hype um „Zellenergie"": Was steckt wirklich dahinter? **Mots-C wird gerade mit viel „Zellenergie""- und Anti-Aging-Marketing verkauft. Klingt wissenschaftlich , aber wie viel davon ist echte Forschung und wie viel ist nur cleveres Branding?**"
0_219424_190_3932306599918178258;0.1158;enthusiastic;skincare-first;;;;✨NEU bei uns:SkinCeuticals P-TIOXInnovation für sichtbar glatter wirkende Haut.Die SkinCeuticals P-TIOX wurde speziell entwickelt, um 9 Arten von Mimiklinien sichtbar zu reduzieren und die Haut intensiv mit Feuchtigkeit zu versorgen. Die Formulierung kombiniert fortschrittliche Wirkstoffe, die dazu 
0_219424_190_3940848444603092598;0.1158;enthusiastic;skincare-first;botox;;;Lash Lifting Wien, professionelles Lash Lifting, Wimpernlifting Wien, Wimpernlaminierung Wien, Lash Botox Wien, Wimpern färben Wien, natürliche Wimpern, lange Wimpern ohne Extensions, geschwungene Wimpern, Wimpernlifting mit Keratin, Wimpernlifting mit Botox, natürliche Wimpernverlängerung, gepflegt
0_219424_190_3940943549362694917;0.1158;advisory;skincare-first;;;;Ultracol – natürlicher Kollagen-Booster für deine Haut 💉Ultracol ist kein klassischer Filler, sondern ein moderner Kollagenstimulator, der die Haut von innen heraus regeneriert.Durch den Wirkstoff PDO (Polydioxanon) werden die Fibroblasten aktiviert und die körpereigene Kollagenproduktion angeregt.💎
0_219424_190_3945434044534413503;0.1158;advisory;skincare-first;;;;Ultracol – natürlicher Kollagen-Booster für deine Haut 💉Ultracol ist kein klassischer Filler, sondern ein moderner Kollagenstimulator, der die Haut von innen heraus regeneriert.Durch den Wirkstoff PDO (Polydioxanon) werden die Fibroblasten aktiviert und die körpereigene Kollagenproduktion angeregt.💎
0_219424_140_7664638661136256288;0.1158;satisfied;skincare-first;retinol,price;;pha;Sanfte Anti-Aging-Pflege für ein jugendliches Hautbild. Dieses vegane Zwei-Phasen-Serum bietet eine pflanzliche Retinol-Alternative, mildert Fältchen und unterstützt die Elastizität der Haut für 29,75 €. Alle Details befinden sich unten links in der Orange Box. #antiaging #skincare #retinolalternati
0_219424_190_3946204243235902883;0.1158;advisory;skincare-first;;;;Ultracol – natürlicher Kollagen-Booster für deine Haut 💉Ultracol ist kein klassischer Filler, sondern ein moderner Kollagenstimulator, der die Haut von innen heraus regeneriert.Durch den Wirkstoff PDO (Polydioxanon) werden die Fibroblasten aktiviert und die körpereigene Kollagenproduktion angeregt.💎
0_218673_8_2032848990371291522;0.1158;enthusiastic;procedure-curious;;;;@MedienfuzziShow @Oceanbreeze473 Ja, aber die Tränensäcke…..😂
0_221687_190_3946036929882629538;0.1158;enthusiastic;skincare-first;botox,facelift;;glycerin;"Natural Face Lift Routine? Das brauchst du dafür:✨ Hyalove Serum: Kombiniert Hydration Booster wie 6-fach Hyaluron, Panthenol &amp; Glycerin mit Anti-Aging-Peptide, für glatte, pralle Haut und echten Glow✨ High Expression Ampullen: Wirken durch Aloe Vera, Glycerin &amp; SYN®-AKE (ein dem Schlangengi"
0_218673_126_t1_ontuvbj;0.1159;advisory;skincare-first;;;;Heißes Wetter und schwitzen Mein Baby ist auch 4 Monate alt, aber schwitzt nicht wirklich, ich bade es auch nicht häufiger als sonst (ist eh nicht der größte Badefan 😅). Ich creme sie nicht ein, daher muss ich abends nichts runterwaschen. Aber ich mache schon Katzenwäsche mit Waschlappen oder Wattep
0_218673_126_t1_oqzqc0m;0.1159;enthusiastic;skincare-first;;;;Ich mag meine Augenringe. Könnte auch ein Anzeichen eines Mangels sein. Eisen, war's bei meinem Cousin.Oder auch einfach nur Augenringe, je älter ich werde um so mehr seh ich aus wie ein Waschbär.
0_221687_190_3775823014970173990;0.1159;satisfied;skincare-first;;;ceramides;WINTER SKIN RESET ❄️Schutz. Regeneration. Strahlkraft. Der Winter verlangt der Haut einiges ab: trockene Luft, oxidative Belastung und eine geschwächte Barriere. Unsere Antwort: ein minimalistisches, wirkstoffstarkes Trio für maximale Hautgesundheit. ✨ Vitamin C Serum – Glow, Kollagen, antioxidative
0_219424_9_50758680339055834;0.116;advisory;skincare-first;botox;;;Sieht nicht aus wie Jim Carrey, außerdem würde botox seinen beruf gefährden, weil er ja für seine grimassen berühmt ist und botox würde das sehr einschränken, die sache ist irgendwie komisch... wo ist der echte jim carrey?
0_219424_126_t1_oh5yuc2;0.116;disappointed;procedure-curious;botox,price;;;"Staiy- ""Jo Leute auf die neuen Videos zu Mowky und AnniTheDuck möchte ich nicht reagieren, weil ich bin nicht so ein Drama-Fan"" auch staiy: Ok, aber normales Verzerren von Audios erlaubt auch einfacheres Entzerren. Audiobearbeitung ist ein eher kleiner Teil vom Video schneiden. Verzerrung bis zur Un"
0_219424_190_3935335275614299029;0.116;satisfied;procedure-curious;retinol,peel;microneedling;;Was passiert eigentlich unter der Haut, wenn sie älter wird?Mit der Zeit produziert unsere Haut weniger Kollagen und Elastin. Die Folge: Sie verliert an Spannkraft, wirkt weniger ebenmäßig und erste Fältchen werden sichtbar.Genau hier setzt SkinRetin Pro an.Durch die Kombination aus Microneedling, E
0_219424_190_3936857496732087735;0.116;disappointed;skincare-first;;;;𝗗𝗼𝗽𝗽𝗲𝗹𝗸𝗶𝗻𝗻: 𝗚𝗲𝘄𝗶𝗰𝗵𝘁𝘀𝘀𝗮𝗰𝗵𝗲 𝗼𝗱𝗲𝗿 𝗚𝗲𝗻𝗲𝘁𝗶𝗸?Ein Doppelkinn wird in der Öffentlichkeit oft vorschnell mit dem Körpergewicht in Verbindung gebracht. Die medizinische Realität zeigt jedoch, dass die Ursachen meist deutlich vielschichtiger sind.Tatsächlich spielen die Gene eine entscheidende Rolle. Die indiv
0_218673_9_yt.bHI3c9_eaCA;0.116;advisory;skincare-first;;;;BEWERTUNG (2025): Skin Ceuticals A.G.E. Eye Complex 0.5oz, 15 g. Infos Denken Sie über Skin Ceuticals A.G.E. Eye Complex 0.5oz, 15 g nach? Dieses Video behandelt die wichtigsten Funktionen.👉 Auf Amazon ansehen: https://www.amazon.de/dp/B002H8TVVM/?tag=16w9h-20 (Affiliate-Link)Entdecken Sie die trans
0_218673_8_2035379671378833790;0.116;disappointed;skincare-first;;;;Mein Gesicht hat von vorne einfach keine Definition es ist alles nur ein fetter Kreis das einzige was in dem Gesicht eine Form hat sind meine Augenringe mehr nicht
0_218685_8_2076304783187566864;0.116;advisory;skincare-first;botox;;;@unblogd Ich habe weder Kunstnägel, irgendwelches Botox, künstliche Wimpern, Tattoos oder so ein Schmarrn. Ich bin absolut gepflegt, das einzige was ich wirklich regelmäßig mache, ist Körperrasur, weil ich persönlich die glatte Haut überall mag. Für meinen Mann muss ich das nicht tun.
0_221687_190_3834665060103610859;0.116;satisfied;skincare-first;;;;Hyaluronsäure für pralle, hydratisierte Haut 💧Collagen Advanced enthält 50mg Natriumhyaluronat pro Portion. Zusammen mit 10,5g Kollagenpeptiden und Vitamin C für optimale Hautfeuchtigkeit von innen. 9 Geschmacksrichtungen zur Auswahl!Made in Germany 🇩🇪 #IronBrothers #CollagenAdvanced #Hyaluronic Aci
0_218673_9_14954477807410786;0.1161;disappointed;skincare-first;;;;Das wird immer wieder geschehen auch wenn es die Partei Fritzen sind, sie machen kein Unterschied, ihre Kultur sitzt denen im Hinterkopf schon von Kind auf werden die ihre Kultur ein gehämmert,🤷‍♂️ das alles hätte man vermeiden können schon seit 2015 hätte man das vermeiden können, aber die Tränensä
0_218673_9_12687049525285965;0.1161;advisory;skincare-first;;;;​@zekialtiparmak2191 ja genau sie ist ein kind aber kinder schminken sich nicht bro sie ist einer von diese dm und sephora kids das einzige was sie in dm kauft was normal ist ist halt so schampoo und babysnacks für ihr alter und brd sie kauft sich augenpads beo hat nichtmal augenringe nichtmal ansat
0_218685_15_1846670618416124;0.1161;satisfied;skincare-first;price;;zinc;Veganes Kollagen: Schönheit von innen – ganz ohne Tierleid Du hast sicher schon von Kollagen gehört – dem Protein, das Haut, Haare und Gelenke strahlend und geschmeidig hält. Doch klassisches Kollagen stammt meist aus tierischen Quellen wie Rinderhaut oder Fischgräten. Nicht gerade attraktiv, insbes
0_221687_9_54249996619481636;0.1161;advisory;skincare-first;spf;;;Hallo liebes, Pdnr Collagen Gesichtscreme, Augencreme Collagen, haruharu wonder lichtschutz, Mary and may Gesichtscreme, cleanser round lab, mixoon reinigungsschaum, numbuzin, Dr.althea Vitamin c serum, beauty of joseon Sonnencreme, some by mi toner konnte mich nicht entscheiden 😂 ich nehme gern an 
0_219424_126_t3_1t5uzd5;0.1162;enthusiastic;procedure-curious;botox;;;Ich verstehe die Obsession mit Megan Fox nicht Versteht mich nicht falsch, Megan Fox ist natürlich eine sehr schöne Frau und definitiv überdurchschnittlich schön und mir ist natürlich klar, dass wahrscheinlich fast jeder Mann auf dieser Welt lieber Megan Fox als mich oder viele andere Frauen wählen 
0_219424_26_1528427509074680;0.1162;enthusiastic;skincare-first;botox;;;💋𝐋'𝐔𝐧𝐢𝐪𝐮𝐞 𝐂𝐎𝐂𝐎 𝐁𝐢𝐬𝐨𝐮 𝐝𝐞 𝐥𝐚 𝐑𝐨𝐬𝐞 – 𝐃𝐞𝐫 𝐊𝐮𝐬𝐬 𝐞𝐢𝐧𝐞𝐫 𝐑𝐨𝐬𝐞 Wie ein zarter Morgentau, der sich auf die samtigen Blüten einer frisch erblühten Rose legt, so umhüllt L'Unique COCO Bisou de la Rose Deine Lippen– sinnlich, luxuriös und voller Magie.Dieser edle Luxus-Lippenbalsam ist mehr als Pflege – er ist e
0_219424_26_1624077116394525;0.1162;enthusiastic;skincare-first;;;;Wo nun die Orkus Magazin  Ausgabe bei mir gelandet ist, kann ich das schöne Heft nicht nur meinen Katzen zeigen 🤭. Danke euch ANTIAGE  / Kaa Soleil  ❤️!
0_218673_126_t1_omyeryl;0.1162;disappointed;skincare-first;;;;"No age-shaming - aber was ist mit seinem Hals passiert? Das kommt doch nicht nur vom schlaffe Haut haben, oder? Wer Campino nicht kennt, kennt Glen Danzig erstreckt nicht.😄Zuerst wollte ich schreiben: ,,Wer ist Glen Danzig?""Aber das wäre zu real gewesen. Ich werde alt... 😭"
0_218685_8_2062237394875683099;0.1162;satisfied;skincare-first;botox,facelift;;;"Ähem...was als ""geschlechtsangleichende"" Maßnahmen bezeichnet wird, sind tatsächlich Maßnahmen, um sich kosmetisch vom Phänotyp des eigenen Geschlechts zu entfernen.Das Geschlecht selbst bleibt vollkommen unverändert.Niemand nennt Botox oder Facelift ""altersangleichende"" Maßnahmen. Es sind Maßnahmen"
0_219424_15_20141274497784529;0.1163;advisory;skincare-first;;;;L'Oréal präsentiert flexible LED-Maske für die Hautverjüngung Auf der CES stellte L'Oréal einen Prototypen vor, der die Heimanwendung von Lichttherapie verändern soll. Das Gerät setzt auf flexibles Silikon statt starrer Kunststoffe. Durch den direkten Kontakt zur Haut sollen Rot- und Infrarotlicht e
0_219424_140_7657410363528334624;0.1163;advisory;skincare-first;;;;"L'Oréal Paris Glass Skin Duo - Feuchtigkeits-Fluid &amp; Hydrogel Maske, für aufgepolsterte &amp; glowy Haut, Hyaluronsäure-basiert, Revitalift Filler ##lorealparis##hautpflege"
0_218673_9_yt.539kWEBvtBg;0.1163;advisory;skincare-first;;;;Diese hyperrealistische Maske ist so echt dass sie verboten sein sollte Diese hyperrealistische Maske ist so echt, dass sie verboten sein sollte. Sie besteht aus hochwertigem Silikon, das die Textur, Poren und Falten menschlicher Haut nachahmt. Im Film, Theater und bei Sicherheitskräften wird sie ei
0_219384_8_2001749752761704502;0.1163;disappointed;procedure-curious;laser,price;;;"Netzfund😎🤘Ich hätte da mal ein paar Fragen.....Warum habe wir in der Schule nichts über die RHEINWIESENLAGER gelernt📷Warum wurde der Personenausweis zum Personalausweis📷Warum steht mitlerweile im Pass WohnHAFT und nicht WohnORT📷Was ist während der Operation ""Paperclip"" passiert📷Wieso genießen Politi"
0_219404_15_12326932264796986;0.1163;enthusiastic;skincare-first;price,peel;;sod;"Ahuhu Shampoo Coffein – Die 15 besten Produkte im Vergleich Empfohlene Produkte im Bereich „Ahuhu Shampoo Coffein"" Wir haben Produkte im Bereich „Ahuhu Shampoo Coffein"" miteinander verglichen und Empfehlungen für Dich zusammengestellt. Hier findest Du die Top 15 im Bereich „Ahuhu Shampoo Coffein"". A"
0_221687_26_1268408275334749;0.1163;satisfied;skincare-first;peel;;aha;"Balancing Serum vs. Exfoliating Serum was ist eigentlich der Unterschied?Beide bringen deine Haut zum Strahlen, aber sie arbeiten völlig unterschiedlich 👇💧 Balancing SerumFeuchtigkeit &amp; Beruhigung für jeden Tag • spendet intensiv Feuchtigkeit • reduziert Rötungen &amp; Irritationen sichtbar • st"
0_221687_126_t1_oc11mlt;0.1163;advisory;skincare-first;;;niacinamide;[Combo Skin] Review of products to fade acne PIE spots | Minimalist: Tranexamic Acid, Anti-Pigmentation Active, 16% Vitamin C, 10% Niacinamide, 10% AHA BHA | Dermaco: 10% Azelaic Acid Serum, Cicaglow | Dot & Key: Alpha Arbutin + Azelaic Biphasic Serum Pie
0_221687_190_3960597050317408918;0.1163;satisfied;skincare-first;spf;;glycerin;💧 Hyaluronsäure – warum braucht unsere Haut eigentlich so viel Feuchtigkeit?Hyaluronsäure gehört zu den beliebtesten Wirkstoffen in der modernen Hautpflege – und das aus gutem Grund. Sie kann dabei helfen, Feuchtigkeit zu binden und die Haut dadurch hydratisierter und gepflegter wirken zu lassen.Das
0_219424_126_t3_1seu6kg;0.1164;satisfied;skincare-first;;;;Haarglossing mit Redken Shades EQ? Vielleicht hat es ja ein paar Friseur Profis hier. Vorweg ganz kurz meine Haare wurden vor zirka einem Haar am ganzen Kopf mit blondierung gesträhnt habe es dann erstmal fast ein Jahr rauswachsen lassen und dann mit einer garnier Farbe braun gefärbt dadurch das es 
0_219424_9_yt.23MAClKHfYY;0.1164;neutral;procedure-open;facelift;;;Mitsubishi Outlander 2017–2022 – Geschwindigkeitsabhängige Lautstärke einstellen Dieses Video zeigt dir, wie du die geschwindigkeitsabhängige Lautstärke im MITSUBISHI Outlander Facelift (2017 - 2022) schnell und sicher einstellst. Du lernst, wie du das Bildschirmmenü öffnest, zum Punkt Ton gehst, na
0_219424_190_3942561205887455337;0.1164;enthusiastic;skincare-first;peel;;;Get your Glow now! #microneedling #stuttgart #heilbronn #ludwigsburg #nürnberg
0_218673_9_yt.dUof3Y5LYmo;0.1164;satisfied;skincare-first;;;;Die Kunst des platzsparenden Insektenschutzes für die Belüftung im Sommer Willkommen in der innovativen Welt der Türschutzsysteme, in der clevere Technik die saisonale Herausforderung löst, frische Luft zu genießen und gleichzeitig Insekten fernzuhalten. Dieses Video bietet einen exklusiven Einblick
0_218673_126_t1_owilzg0;0.1164;disappointed;skincare-first;;;;"Ungeschminkte Männer sehen besser aus als ungeschminkte Frauen danke! jaja, man steht auf ""natürliche"" Frauen. Meine beste Freundin schminkt sich täglich und es würde mir nicht auffallen, einfach weil es eher dezent ist. Wenn ich mich schminke fällt es meinem Freund auch nicht auf, außer es ist iwie"
0_221687_190_3834649263539801669;0.1164;satisfied;skincare-first;retinol;;;Miriams Lieblings-Lunch: Golden Chicken BowlZutaten (2 Portionen):300-400 g Bio-Hähnchenbrust1 mittelgroße Süßkartoffel½ Brokkoli½ Glas gekochte Kichererbsen1 EL OlivenölSaft einer ½ ZitroneKurkuma-Öl:2 EL Olivenöl½ TL KurkumaPrise Schwarzer Pfeffer½ TL PaprikapulverPrise MeersalzTopping:1 AvocadoFr
0_221687_190_3848281708462609064;0.1164;satisfied;skincare-first;retinol,spf;;spf;Warum sprechen gerade alle über Exosomen in der Hautpflege?Weil sie Signale an die Hautzellen senden können, die die Regeneration der Haut unterstützen und das Hautbild frischer wirken lassen.Auf diesem Prinzip basiert md:cocktail Phyto-extract SkinSwitch.Eine Homecare-Formel mit Exosomen aus Centel
0_219424_140_7659339036057783585;0.1165;advisory;skincare-first;spf;;spf;Mineralisch vs. chemisch: Dein Schutzfaktor im Check. 🧴☀️ Hast du dich mal gefragt, was dein Sonnenschutz eigentlich auf deiner Haut macht? Hier ist der entscheidende Unterschied:  Mineralischer Schutz: Er wirkt wie ein Spiegel auf deiner Haut, reflektiert die Sonnenstrahlen sofort und bleibt als Sc
0_219424_140_7660217174233009440;0.1165;disappointed;skincare-first;;;;Weil unsere Körper kein Puzzle aus einzelnen Zonen ist... er ist ein verbundenes System‼️ Über Muskeln, Faszien und myofasziale Ketten kommuniziert alles miteinander: Füße, Beine, Becken, Rücken, Bauch, Nacken und Gesicht. Wenn irgendwo Spannung entsteht, kompensiert der Körper. Er weicht aus. Er hä
0_219424_140_7664232936069156129;0.1165;satisfied;procedure-open;;;;Hormone arbeiten nicht isoliert, sie sind Teil eines fein abgestimmten Netzwerks. Damit dein Körper Hormone produzieren, transportieren, aktivieren und abbauen kann, müssen viele Prozesse gleichzeitig funktionieren. 🩸 Dazu gehören unter anderem: 🧠 Ein reguliertes Nervensystem , chronischer Stress un
0_219424_26_1647138094085354;0.1165;advisory;skincare-first;peel;;;Was sind typische Merkmale von Cellulite? Cellulite zeigt sich häufig durch kleine Dellen oder Unebenheiten der Haut, besonders an Oberschenkeln, Gesäß, Hüften oder Bauch. 🌿 Bei manchen Menschen werden diese Veränderungen erst beim Anspannen oder Zusammendrücken der Haut sichtbar, bei anderen auch i
0_218685_15_18514167083063030;0.1165;advisory;procedure-open;botox;;;Persönliche Regel: Hailey Bieber verzichtet vor 30 auf Botox Hailey Bieber hat in einem Podcast verraten, dass sie sich eine klare Regel gesetzt hat: Kosmetisches Botox kommt für sie erst mit 30 infrage. In dem Gespräch hat sie sich auch zu ihrer Familienplanung mit Justin Bieber geäussert. Weitere 
0_219389_8_1961733245118140604;0.1165;advisory;skincare-first;botox;;;@Johannahh2 Man sieht ihr das Alter an. Da nützt auch kein Botox oder das dickste Make up nichts mehr. Und besser als Mitte 20jahrige sieht man nie aus mit Botox und/oder OPs. Aber ich finde es auch nicht schlimm. Jedes Alter hat seine Schönheit.
0_221687_15_59020501554337551;0.1165;enthusiastic;skincare-first;price,spf;;pha;"Body Öl – Die 15 besten Produkte im Vergleich Empfohlene Produkte im Bereich „Body Öl"" Wir haben Produkte im Bereich „Body Öl"" miteinander verglichen und Empfehlungen für Dich zusammengestellt. Hier findest Du die Top 15 im Bereich „Body Öl"". AngebotEmpfehlung Nr. 1 Palmer's Cocoa Butter Formula Moi"
0_221687_26_1347042770883242;0.1165;satisfied;skincare-first;;;bakuchiol;"Straffere Haut beginnt nicht am Kinn – sondern geht bis zum Dekolleté. ✨Die Supreme Lift Anti-Age Cream Hals &amp; Dekolleté kombiniert Meeresschlick-Extrakt, Bakuchiol, Squalan und Shea Butter für mehr Spannkraft, intensive Regeneration und langanhaltende Feuchtigkeit. Für eine glattere, ebenmäßige"
0_219424_9_yt.XDrr_rZF6XE;0.1166;advisory;skincare-first;price;;;"Top 10 Kollagen-Lebensmittel, die wirklich etwas bringen (anstatt künstliches Pulver) Kollagen ist überall: in Haut, Sehnen, Knochen, Knorpel, Blutgefäßen – und es macht bei uns Menschen etwa ein Drittel des gesamten Proteins aus. Kein Wunder also, dass Kollagenpulver als „Anti-Aging-Wunder"" verkauf"
0_219424_190_3941622757546258073;0.1166;advisory;skincare-first;;;aloe;"Entdecke die neuen Anti Age Hydrogel Eye Patches von NUA. Tiefenfeuchtigkeit durch Aloe Vera &amp; Hyaluron, Beruhigt gereizte Augenpartien durch Panthenol. Mit echten Gold 🥇 #eyepatches #eyetreatment #naturkosmetik #kosmetikstudio #eyecare"
0_218673_8_2025279894364848302;0.1166;satisfied;skincare-first;;;zinc;3/ Zink ist ein Schlüsselfaktor.Es reguliert die Talgproduktion, gleicht hormonelle Prozesse aus und ist an der Kollagenbildung beteiligt – jenem Strukturprotein, das unserem Bindegewebe Festigkeit verleiht. Ein Mangel kann Akne und fahle Haut begünstigen.
0_221687_140_7611525278166174998;0.1166;satisfied;skincare-first;retinol;;retinol;Produkte die ich verwende um Glowy Haut zu haben: 1. @The Ordinary SERUM HYALURONIC ACID2% + B5 2. Beauty of Joseon AUGENSERUM REVIVE EYE SERUM: GINSENG + RETINAL 3. @neutrogena_deutschland HYDRO BOOST AQUA GEL - CREME 🪞🫧 #neutrogena #theordinary #beautyofjoseon
0_219424_126_t1_ocstogp;0.1167;satisfied;skincare-first;;;;"Sophie Passmann cosplayt ""Bombshells"" Ahhhh achso :D ok, irgendwie naheliegend dass viele augenbrauenfalls mit Schönheitsop fails Hand in Hand gehen.Fand ihre Augenbrauen allerdings jetzt nicht so besonders auffällig auf den Bildern."
0_219424_190_3947686616234355321;0.1167;satisfied;procedure-open;;;;Gestern hast du bereits im Video gesehen, dass du ab ca. 25 Jahren Hyaluron verwenden solltest. 💧 Jetzt ist die Frage: Wie wirkt eigentlich Hyaluron? 🤔 Das erklärt dir unsere Gründerin Angelika Baur-Schermbach in diesem Video. 🗣️
0_219424_140_7666382289378610465;0.1167;advisory;skincare-first;spf;;spf;👀 Schau, was dieser SPF mit meinem Hautbild macht… ✨ Sonnenschutz ist so viel mehr als UV-Schutz. Der Sonnenengel SPF 50+ schützt deine Haut täglich und pflegt sie gleichzeitig – für einen ebenmäßigen, strahlenden Glow. ☀️💛 #sonnenengel #spf50 #sonnenschutz #glowingskin #antiaging
0_218673_9_3786566339803326;0.1167;disappointed;skincare-first;;;;😂😂😂Achherje, die ewige Schönheit. Falten zeigen das Leben, was ist daran so schlimm? 😊 Innere Ausgeglichenheit ist mehr Wert, als aller Kleister im Gesicht. Das Leben genießen, es ist zu kurz.
0_221687_190_3765750494552435468;0.1167;neutral;skincare-first;;;ectoin;"hydrate tøday &gt;&gt; 50 ml 💜Es gibt zwei riesige Argumente, warum wir zu unserem Geburtstag auch das Hyperdration Hyaluron Serum in eine 50ml-Flasche gefüllt haben. Erstens, 1 Gramm Hyaluronsäure kann bis zu 6 Liter Wasser binden. Und zweitens, Ectoin wird aus Mikroorganismen gewonnen, die selbst "
0_219424_190_3941082686758245871;0.1168;advisory;skincare-first;peel;;;Make‑up kann die Farbe deiner Narbe kaschieren –aber nicht das, was du unter den Fingern spürst.Du kennst das:Du trägst Concealer oder Foundation auf, und im richtigen Licht sieht man trotzdem, wo die Narbe sitzt. Nicht nur wegen des Tons, sondern weil sich die Stelle anders anfühlt: härter, fester,
0_218685_126_t1_nkm6s1b;0.1168;satisfied;skincare-first;peel,spf;;aha;Wie kann ich abgestorbene Hautschüppchen ohne Peeling loswerden? Wenn hier eh alle irgendwelche Formen von mechanischen Peelings empfehlen, kann ich dann einfach Milchsäure empfehlen? Das Cream to Oil Peeling von Balea ist so sanft dass ich es sogar auf den Lippen verwende, also perfekt für Beginner
0_221687_26_1332037985626390;0.1168;enthusiastic;skincare-first;;;;✨ Biologisches Alter vs. Chronologisches Alter: Dein biologisches Alter zeigt, wie deine Zellen wirklich funktionieren. Mit zellulärer Verjüngung können wir die Hautzellen unterstützen, wie vor Jahren zu arbeiten. 🌿Hyaluron Activ Procedure hilft, die zelluläre Jugend deiner Haut zu reaktivieren und 
0_219424_126_t1_olengns;0.1169;neutral;skincare-first;botox;;;"Wie würdet ihr es finden, wenn sich eure Partnerin Botox spritzen wollen würde? Gibt nichts natürlicheres als Haare am Menschen, was ist denn Rasieren da für ein ""Gegenargument""? Du hast deine Haare nicht um sonst."
0_219424_126_t1_oyj35v4;0.1169;disappointed;skincare-first;botox;;;Warum sehen Fußballspieler so alt aus? Ist auch voll mit botox
0_219424_26_1627852872149630;0.1169;advisory;skincare-first;spf;;spf;Sonnenbrand ist nicht das einzige, mit dem deine Haut im Sommer zu kämpfen hat.Während UVB-Strahlen für Sonnenbrand sorgen, dringen UVA-Strahlen tiefer in die Haut ein. Dort können sie die Hautalterung beschleunigen oft, ohne dass du es sofort bemerkst.Das Tückische? UVA-Strahlen sind jeden Tag da. 
0_221687_140_7553394986780282134;0.1169;advisory;skincare-first;;;niacinamide;QINGLIN Peptide Youth Cream – Premium Anti-Aging Pflege Die QINGLIN Peptide Youth Cream wurde speziell für reife Haut entwickelt und kombiniert Vitamin E, Niacinamid, Kollagen, Hyaluronsäure und Peptide zu einer hochwirksamen Formel. Die leichte, erfrischende Textur zieht schnell ein, ohne zu kleben
0_219424_9_36710349794858973;0.117;advisory;skincare-first;botox;;;Wir müssen aber auch nicht vergessen das Ariana Grande sich Botox spritzen lassen hat ( wann sie noch gebräunt war und braune Haare hatte und ich GLAUBE das sie auch gesagt hat das sie irgendwie bodydysmorphia  hat/ hatte )und das Kleid was Kim Kardashian getragen hat war das Kleid von Marilyn Monro
0_219424_190_3931630349910391993;0.117;neutral;skincare-first;;;;☀️Was macht UV Strahlung wirklich mit unserer Haut? Denn UV-Schäden entstehen nicht erst bei einem Sonnenbrand.Bereits wenige Minuten täglicher UV-Exposition können die Haut beeinflussen, weit bevor sichtbare Veränderungen entstehen.Tägliche UV-Belastung führt langfristig zu vorzeitiger Hautalterung
0_219424_190_3935912310185828632;0.117;satisfied;skincare-first;spf;;spf;3 Beauty-Fehler, die dich älter aussehen lassen.Wenn du diese 3 Beauty-Fehler machst, wirken deine Haut und dein Gesicht älter – ohne dass du es merkst!Fehler Nummer 1: Du reinigst dein Gesicht zu aggressiv. Eine überstrapazierte Hautbarriere führt oft zu Trockenheit und einem fahlen Teint.Fehler Nu
0_219424_190_3944133357443530362;0.117;enthusiastic;procedure-curious;;;;Schuldig 🫢#lippenunterspritzung #hyaluron #ansbach #landkreisansbach
0_221687_190_3732889267479867650;0.117;disappointed;skincare-first;retinol,spf;;retinol;BEAUTY MYTHEN? WIR KLÄREN AUF!  In der Beauty-Welt kursieren viele Mythen – und sie halten sich hartnäckig, obwohl sie längst widerlegt sind. Retinal reizt automatisch? SPF ist nur im Sommer wichtig? Vitamin C macht lichtempfindlich? Nein, nein und nein!Welche Hautpflege-Mythen hast du lange geglaub
0_219424_9_20249983833254519;0.1171;disappointed;skincare-first;botox;;;Schwarze sieht man es kaum das sie alt sind und mit Botox genauso (jedenfalls für eine lange Zeit)
0_219424_126_t1_oe8qqqz;0.1171;neutral;skincare-first;botox;;;Sorry aber lange Gelnägel sind eklig Männer wissen oft nicht was natürlich ist und was nicht. Teilweise mit Full Face Anke up denken die ne Frau ist ungeschminkt oder mit schlichten kürzeren almond nails denken die die Mähler sind nur lackiert. Mit Botox denken die halt das die einfach nicht so viel
0_219424_26_1612253434235320;0.1171;satisfied;skincare-first;;;;Mineral Veil Cellular Longevity schützt deine Haut vor UV-Strahlung und hilft, lichtbedingter Hautalterung sowie oxidativem Stress vorzubeugen 🌿Mit biotechnologischen Wirkstoffen und feuchtigkeitsspendenden Inhaltsstoffen für eine strahlende, geschützte und gesunde Haut - jeden Tag ✨💛 Leicht, beruhi
0_219424_140_7658038802404936993;0.1171;advisory;skincare-first;;;;"L'Oréal Paris Glass Skin Duo - Feuchtigkeits-Fluid &amp; Hydrogel Maske, für aufgepolsterte &amp; glowy Haut, Hyaluronsäure-basiert, Revitalift Filler #refill #hyaluron #revitalift #sommerdeal #dealsfürdich"
0_219424_140_7660606532005989664;0.1171;satisfied;skincare-first;botox;;;Die natürliche Botox-Alternative aus dem Bienenstock! 🐝✨Schluss mit feinen Linien und müder Haut. Das virale bedrop Concentrated Anti Aging Serum nutzt die geballte Kraft der Natur für ein sofort strafferes Hautbild!🧬 Bienengift-Effekt: Regt die Kollagenbildung an und glättet Mimikfalten auf natürli
0_218673_9_yt.h1p-5zLceqE;0.1171;disappointed;procedure-curious;price;;;"„Nicht ernst nehmen! … oder vielleicht doch? 15 Sprüche voller Ironie"" Älterwerden – für die einen ein Schreckgespenst, für die anderen eine Goldgrube voller Geschichten, Witze und Selbstironie. Die Wahrheit liegt wohl irgendwo dazwischen: Zwischen Rückenknacken, vergessenen PINs, spontanen Arztbesu"
0_218673_126_t1_omy5g51;0.1171;disappointed;skincare-first;;;;No age-shaming - aber was ist mit seinem Hals passiert? Das kommt doch nicht nur vom schlaffe Haut haben, oder? der von den onkelz? 😜
0_219424_140_7665006183761202465;0.1172;neutral;procedure-curious;price;;;Abholung oder Lieferung direkt aus unserem 6.000 m² großen Outlet in Gevelsberg – so groß wie ein Fußballfeld, mit über 500 Sofas sofort verfügbar! Bestellung sofort auf dekadentliving (N3839) Das Sofa kann ab dem 23.07.2026 besichtigt werden. Nur 2290,-€ bei Abholung. Statt:  9299,99€ 0% Finanzieru
0_218673_126_t1_o9h61gv;0.1172;disappointed;skincare-first;;;;Kopftuch und Makeup: Widerspruch? Kein Mann steht auf 5mm dick Make-up, dass die Textur des Gesichts nicht mehr wie Haut aussieht, sondern wie feinkörniger Kalkzementputz. Kein Mann steht auf komplett übermalte Gesichtskonturen und ein mit Fake Schattierungen aufgemaltes Einheits-Ersatzgesicht. Kein
0_218673_126_t1_ov5teel;0.1172;disappointed;procedure-curious;;;;Sehnsucht nach einem anderen Körper trotz harmonischer Beziehung – wie ist das bei euch? Es tut mir ja leid, wenn ich Dein Bild vom Mann zerstöre, aber nein, es gibt nicht attraktivere und weniger attraktivere Körper! Es gibt Menschen, die zueinander passen und füreinander einstehen und solche, bei 
0_219424_9_8671677752439324;0.1173;disappointed;procedure-open;price,spf;;;AUFGEPASST !!!Das was der Herr (KI?) da von sich gibt stimmt so nicht... Nicht verrückt machen lassen !!! Die wollen die Menschen kirre machen... Immer erstmal googeln!! Google schreibt : Ab 2027 gelten in der EU strengere Regeln: Eine Bargeldobergrenze von 10.000 Euro für Barzahlungen im gewerblich
0_219424_126_t1_obqv1h3;0.1173;satisfied;skincare-first;spf;;;"Wie fühlt man sich gepflegter und sieht auch so aus? Haare nach hinten sieht bei vielen Menschen nicht gut aus. Ich hab täglich mit den unterschiedlichsten Menschen zu tun und bei kaum jemanden sieht das gut aus. Warum? Weil das oft komplett entgegen der Wuchsrichtung ist und dann oft ""hin geschleim"
0_219424_26_1636141451845176;0.1173;advisory;skincare-first;price,spf;;spf;Es gibt einen Begriff, der im Sommer über deine Hautalterung mitentscheidet – und den kaum jemand erklärt: freie Radikale.Ganz einfach gesagt: UV-Licht, Hitze und Umwelt erzeugen aggressive Moleküle in der Haut. Die greifen Kollagen und Zellen an – und beschleunigen genau die Prozesse, die ab 35 ohn
0_218673_9_17099570960884738;0.1173;satisfied;skincare-first;;;;Ich finde vom Alter her würde der neue Darsteller sogar besser passen als Rickman, da dieser eher dem Alter im Buch entspricht... aber das wars dann auch schon. Ich habe Rickman als Snape geliebt, da der optisch total gut der Vorlage entsprochen hat, aber der neue Snape ist viel zu attraktiv und es 
0_218685_9_32147488095472851;0.1173;advisory;skincare-first;peel;;;Vorher waschen, Peeling benutzen um überschüssige Hautshuppen zu entfernen, in Haarwuchsrichtung aufdrücken und gegen die Wuchsrichtung abziehen. Wenn du sehr empfindliche Haut hast, kannst du auch vor dem Auflegen der Wachsstreifen ein wenig Babypuder auftragen. Dann klebts nicht weniger doll an de
0_221687_26_1539920554317037;0.1173;satisfied;skincare-first;;;;Trockene Heizungsluft, kalte Temperaturen und festlicher Stress? Unser hyaluronic pure Serum ist der perfekte Feuchtigkeitsbooster für die Winter- und Weihnachtszeit.💧 4-fach Hyaluronsäure BeautycodeVier perfekt abgestimmte Hyaluronsäure-Kombinationen durchfeuchten die Haut intensiv, polstern erste 
0_221687_9_32717890733890931;0.1173;satisfied;skincare-first;;;copper-peptides;Jo Lester, was sagst du zu dem neuen Hair Serum von Beyond Peptides? Ist mit Ghk und sogar Ahk-Cu, aber anscheinend auch verschiedenen Ölen. Dachte Öle wären nicht optimal für die Wirkung von Kupferpeptiden.
0_219424_126_t1_o2xsy61;0.1174;enthusiastic;skincare-first;price;;;Nehmen wir an ihr dürftet eine kostenlose SchönheitsOP bekommen, was würdet ihr an euch verändern? Frei nach dem motto: 2cm mehr und du wärst ein König. 2cm weniger und du wärst eine Königin
0_219424_126_t1_o8fnnk5;0.1174;neutral;skincare-first;botox;;;Jim Carrey? Bin ich Schwurbler? Enstellt??? Harter Tobak. Wie siehst Du mit 64 aus? So wie auf Deinen Photos mit 30??Carrey geht langsam auf die 70 zu und zeigt sich seit mehreren Jahren kaum noch in der Öffentlichkeit. In den vergangenen sechs Jahren hat er nur drei Filme gemacht in denen er digita
0_221687_190_3717184436203980094;0.1174;enthusiastic;skincare-first;retinol;;;"Glycation – was passiert dabei in der Haut?..Bei der sogenannten Glykation (auch „Verzuckerung"" genannt) verbinden sich überschüssige Zuckermoleküle im Körper mit Proteinen wie Kollagen und Elastin. Diese wichtigen Strukturproteine sorgen eigentlich für Straffheit und Elastizität der Haut. Durch die"
0_219424_9_54815636423222561;0.1175;disappointed;skincare-first;botox;;;jawohl, 1. Hunderttausende getötete, verstümmelte und geistig gestörte Soldaten, 2. ruinierte Wirtschaft, 3. Verabschiedung aus der kulturellen Welt (WM, Olympia usw.) 4. keiner hat mehr Angst vor dem Wodka-getränkten Bärenfell. Tolle Leistung, kleiner Botox-Fischkopf
0_219424_190_3931876493154112948;0.1175;enthusiastic;procedure-curious;botox;;;"Gemeinsam sind wir stark💪🏻 Wir motivieren und pushen uns in unserer Mädels-Sportgruppe nicht nur gegenseitig, sondern wir feiern uns nach der Sporteinheit auch genau so, wie ihr es hier auf dem Foto sehen könnt.🥳🥳🥳 Ein so schönes Gefühl und es bringt einfach in „Best Company"" immer so viel Spaß. Und"
0_219424_190_3935891268978958824;0.1175;enthusiastic;procedure-open;botox;;;*SCHLAFAPNOE?* 😴Probleme mit der CPAP-Maske? Wir laden Euch herzlich zu unseren Informationsabend ein! 🩵*FREITAG* 10.Juli 2026 ab 18:30 Uhr VHS Rosenheim-Inntal, Stollstr. 1, 83022 Rosenheim #hnozentrummangfallinn #hnolandkreisrosenheim #hnorosenheim #hnobadaibling #hnowasserburg #ent#wirversorgende
0_219424_26_10165511405590039;0.1175;disappointed;procedure-curious;;;;Ein Blick in die Zukunft 😵‍💫Heute sind wir das erste Mal mit einem selbstfahrenden Taxi vom Dinner nach Hause gefahren. Erst denkst du… irgendwie komisch. In wenigen Minuten gewöhnst du dich daran. Es fahrt sanft, alles läuft wie am Schnürchen.  Mit Uber zur Location zahlen wir 36 Dollar, zurück mit
0_218673_126_t1_nycud2n;0.1175;advisory;skincare-first;;;;Vor 4 Monaten waren da noch keine Muskeln ich sehe nur falten an der Haut oder am polaroid foto. mach ein besseres foto bitte
0_218685_126_t1_oif9yt4;0.1175;satisfied;skincare-first;peel;;;Why is my makeup doing this? Die Tagescreme und das Make-up müssen beide auf die gleiche Basis habe entweder Öl oder Wasser. Deine Haut sieht sehr trocken aus evtl versuchst du es mal mit einem Fruchtsäure Peeling, es gibt von Pauls Choice ein tolles BHA Liquid was ich persönlich super finde, aber e
0_221687_140_7610476828146568470;0.1175;advisory;skincare-first;;;coq10;#hyaluron #primabiotic #shot #dealsfürdich #tiktokmademebuyit  Angenehmer Geschmack: Mangogeschmack für ein angenehmes Trinkerlebnis Anti-Aging-Vorteile: Beinhaltet Coenzym Q10, um den Alterungsprozess zu verlangsamen Diätfreundlich: Nur 14 Kalorien pro Shot, geeignet für verschiedene Ernährungsbedü
0_219424_190_3933022143559977030;0.1176;enthusiastic;procedure-curious;;;;Ein gelungener Ausklang der 26. GSAAM-KonferenzBeim diesjährigen Gesellschaftsabend in der historischen Oberschweinstiege im Frankfurter Stadtwald standen persönliche Begegnungen, fachlicher Austausch und gemeinsames Feiern im Mittelpunkt. In entspannter Atmosphäre genossen die Teilnehmerinnen und T
0_219424_190_3941227372988318118;0.1176;advisory;skincare-first;;;;HYALURON EMULSION ist ein leichtes Feuchtigkeitsfluid mit Seidenproteinen und fühlt sich während der Sommermonate besonders angenehm auf der Haut an.Der hygienische Airless Spender dosiert die Anwendungsmenge. #hyaluronsäure #feuchtigkeitsemulsion #seide #gladiolen
0_219424_140_7663841197198249248;0.1176;satisfied;skincare-first;;;;# L'Oréal Paris Glow Trend Duo bestehend aus Revitalift Filler Gel-Creme und Lumi #Revitalift #LumiGlotion #GlowSkin #GlassSkin #BeautyTok
0_221687_140_7578609639353339158;0.1176;satisfied;skincare-first;;;;🌿Die AgeGuard Rejuvenating Cream von Ophelis ist eine luxuriöse Anti-Aging-Pflege, die Ihre Haut sichtbar glättet und strafft.  💧 Mit Acmella Oleracea Extrakt für ein sanftes Lifting, Argan-Stammzellen zur Zellregeneration und biomimetischem Kollagen für mehr Spannkraft.  🛡️ Die Formel enthält außer
0_221687_190_3859941922135735676;0.1176;satisfied;skincare-first;spf;;;NEU: Die Hydra3 Serie von @valmontcosmetics basiert auf 40 Jahren Zellforschung - für eine neue Generation der Feuchtigkeitspflege, die auf Biotechnologie basiert.💧🌿Durch die Optimierung des Hyaluronsäure-Haushalts der Haut und die Stärkung des Barriere-Ökosystems  sorgt die Kollektion für langanhal
0_221687_190_3872915108318216736;0.1176;satisfied;skincare-first;;;;"Entdecke pflegende Anti-Aging-Cremes, strahlende Bronzer und glänzende Lipglosse – für alle Hauttypen und jeden Look! Natürlich, vegan &amp; tierversuchsfrei. Gönn dir Beauty mit Hyaluron-Power! ✨💧💄 #BeautyRoutine #AntiAging #VeganSkincare #GlowUp  #eBay #eBayShop #eBayVerkäufer #Hydratisierend #Ent"
0_219424_190_3936730040255401065;0.1177;enthusiastic;skincare-first;spf;;spf;☀️ SPF ist nicht gleich SPF.Creme oder Spray? LSF 30 oder LSF 50? Egal, wie dein Sommer aussieht, der beste Sonnenschutz ist der, den du gerne verwendest und täglich aufträgst.In unserem Carousel findest du die passende Sonnenpflege für deine Bedürfnisse. Denn optimaler UV-Schutz ist die beste Anti-
0_218673_126_t1_nvoegkp;0.1177;disappointed;skincare-first;;;;"Warum machen sich manche Männer Ü30 älter als sie sind? Ähm doch? Es ging um gesunden Lebensstil. NATÜRLICH kann das ein Faktor sein. Wer sich ungesund ernährt wird nicht wie frischer Morgentau aussehen.  &gt; Ernährung beeinflusst das Aussehen stark: Zucker und stark verarbeitete Lebensmittel förde"
0_218673_126_t1_o2n25lo;0.1177;advisory;skincare-first;;;;Was könnte das sein ? Pigmentflecken.Probier mal was mit Thiamidol, z.B. [https://www.eucerin.de/hautzustand/pigmentflecken-hyperpigmentierung/thiamidol-pflegewirkstoff-gegen-pigmentflecken](https://www.eucerin.de/hautzustand/pigmentflecken-hyperpigmentierung/thiamidol-pflegewirkstoff-gegen-pigmentf
0_218673_8_2026064463028187271;0.1177;advisory;skincare-first;;;;@ManuK4630 @Bude_ab @CptBucklew Achso, der Tweet für den sie mich geblockt hat war, warum ihre Finger aussehen wie von nem Turmbräu Alki mit all ddn Falten aber ihr Gesicht sie KI.
0_218673_15_42208172825448921;0.1177;enthusiastic;skincare-first;retinol,price,celebrity,spf;;glycerin;"Getönte Tagescreme Loreal – Die 15 besten Produkte im Vergleich Empfohlene Produkte im Bereich „Getönte Tagescreme Loreal"" Wir haben Produkte im Bereich „Getönte Tagescreme Loreal"" miteinander verglichen und Empfehlungen für Dich zusammengestellt. Hier findest Du die Top 15 im Bereich „Getönte Tages"
0_219424_9_14689186228418658;0.1178;disappointed;procedure-open;botox;;;"Spannendes Video Kolja, meine Gedanken zu diesem Video war.. was ist, wenn alle ""Hollywoodstars"" mit übertrieben viel Botox &amp; Co. durch Klone ausgetauscht worden sind? Ich meine wenn würde das wundern? Ich fand den Trend schon immer seltsam und mir braucht keiner erzählen, er oder sie fände das "
0_218673_126_t1_nrid1e5;0.1178;neutral;skincare-first;;;;Mal wieder Penisfragen Nicht der Kolben ist das Problem im Hubraum, sondern die Kühlung, Schmierung, Honschliff, und die Kunst des Zusammenspiels von Technik. Macht aber aus einem Penis trotzdem kein Schmiedekolben. 😂 Was ich zur Hautalterung mal gelesen habe, Solarium, und vieles Sonnen lässt die H
0_221687_140_7581304289713327382;0.1178;advisory;skincare-first;spf;;shea-butter;Verwöhnen Sie Ihre Haut mit der KAISASA Gras-Fütterung Rindertalg Skin Cream – einer reichhaltigen, tief nährenden Feuchtigkeitscreme für Gesicht und Körper. Die ultra-pflegende, seidig-cremige Textur zieht schnell ein, spendet sofortige Feuchtigkeit und fettet nicht. Ideal für trockene Stellen wie 
0_221687_140_7600719943826558230;0.1178;satisfied;skincare-first;spf;;;"✨ Wusstest du, dass unser Hyaluron aus drei Molekülgrößen besteht? 💧 So erreicht es jede Hautschicht für intensive Feuchtigkeit &amp; langanhaltenden Glow. Für eine sichtbar prallere, frische Haut ✨ #Hyaluron #Skincare #Feuchtigkeitspflege #GlowSkin #BeautyRoutine"
0_221687_190_3860454520283549040;0.1178;advisory;skincare-first;price,spf;;aha;💧 Tiefenfeuchtung für pralle, strahlende Haut! Das Cos De BAHA H Hyaluronic Acid Serum mit mehreren Hyaluron-Molekulargewichten zieht sofort ein und spendet intensive, lang anhaltende Feuchtigkeit. Perfekt für einen pralleren, geglätteten Teint!Jetzt online auf https://Skinabox.de kaufen! 🚚 Schnelle
0_221687_26_1586038622893415;0.1178;advisory;skincare-first;price;;;✅ Nur: 10,73€   ❌ Statt: 16,99€💥 60ml Bio Hyaluron Serum mit Vitamin C, E. Hochkonzentriert Anti-Falten, Anti-Aging Dunkle-Flecken. Hyaluronsäure-Gesichtsserum, Ideal als Augenkonturcreme, Dermaroller. Essence Vegane Naturkosmetik⬇️ ZUM DEAL ⬇️https://www.amazon.de/dp/B076611KCY/?tag=face15-21ℹ️ Ang
0_219424_190_3942567121250424435;0.1179;advisory;skincare-first;;;;Welches Serum passt zu deiner Haut? 💜⁣Speichere dir diese praktische Übersicht und finde heraus, welches Teoxane Serum am besten zu deinen aktuellen Hautbedürfnissen passt.⁣⁣#TeoxaneDEAT #SerumGuide #SkincareTips #SkinNeeds #GlowSkin #AntiAging #skincaretips
0_218673_9_5011640029907099;0.1179;enthusiastic;skincare-first;;;;Hat Mulchi neue Augen? Sehr schöne Tränensäcke, woher??? Vllt temu? Egal... Mega schön 🙊🙉🙈... Prost Carola my darling 😘🍺🍺🍺
0_218673_8_2038668149734715481;0.1179;satisfied;skincare-first;;;;'The Peptide Collagen Hydrogel #EyePatch' von #COSRX besteht aus 4 Peptiden, Kollagen, Koffein ☕ und Hyaluronsäure. Die #Augenpads stärken die zarte Haut unter den Augen, mildern Schwellungen, glätten feine Linien und hellen Augenringe sanft auf. https://t.co/46Rtak3WeO https://t.co/PGdf8qgcvy
0_218685_9_yt.ke2lcbdvINs;0.1179;enthusiastic;skincare-first;price,peel;;aha;DM vs. BIPA: Der 55-Minuten Härtetest! 🤯 17 Produkte, 1 Woche, 1 Gewinner 🏆 🛍 MEINE LINK-LISTE 🔗 Linktree: https://linktr.ee/jasmins4343 🎁 Amazon Wunschliste: https://www.amazon.de/hz/wishlist/ls/27S2E5ODB5Q6D?ref_=wl_share 🎥 Mein Equipment: https://kit.co/Jasmins.4343 🃏Mein Store (Collectly): https
0_218685_15_20503100969455884;0.1179;advisory;skincare-first;price,celebrity,peel;;zinc;Erdbeeren – Verführerische Früchtchen Süß, aromatisch, leuchtend rot: Erdbeeren sind einfach verführerisch. Kein Wunder sind sie der Deutschen liebste Früchte. Wie gut, dass sie hierzulande bestens gedeihen. Denn je länger sie vor der Ernte am Strauch reifen dürfen, umso geschmackvoller sind sie. De
0_219424_9_58592281193193921;0.118;disappointed;skincare-first;botox,price;;;Absolut! Während es drüben kaum noch wehrfähige Männer gibt, nach denen täglich und überall die Menschenjägen der speziellen Behörde Namens tzk unterwegs sind, um die armen Schweine gewaltsam zu rekrutieren (=bussifizieren), leben die mehr als 300000 männliche Ukrainer ganz gemütlich zusammen mit ih
0_219424_9_35196729282859554;0.118;advisory;procedure-open;botox;;;Weil wenn schwarze alt werden sehen sie nd so alt aus deswegen lässt sich die frau Botox spritzen weil sie dann jünger aussieht😊
0_219424_126_t1_owps9m6;0.118;disappointed;procedure-curious;botox,price;;;"Welches Restaurant muss man mal besucht haben? Es gibt so viele Listen hier und auf Mr. Düsseldorf,...  Restaurants die ich gerne/häufiger besuche:\- OY: siehe oben; für mich aktuell das spannendste Lokal mit ständig neuer Karte!   \- Em Brass: Schöne, dunkle Atmosphäre, cooler Service, sehr gute, r"
0_218673_9_yt.p3vE_BdIzoQ;0.118;enthusiastic;skincare-first;;;;👉 Mini Buch aus Papier 📖 Unglaublich einfach! Dieses süße Mini Buch aus Papier kannst du ganz einfach selber basteln 📖✨Perfekt für Kinder, Anfänger und alle, die kreative DIY-Ideen lieben!In diesem Video zeige ich dir Schritt für Schritt, wie du mit nur Papier ein kleines Buch bastelst – schnell, ei
0_218673_126_t1_oqbkqcw;0.118;enthusiastic;skincare-first;;;;Lassen sich tiefe Augenringe irgendwie bekämpfen? Ich habe schon immer dasselbe Problem, eine Seite mehr als die andere. Was mir wirklich ein bisschen geholfen hat war das richtige Makeup. Du kannst mal bei YouTube nach eyebag makeup schauen. Ich hab mir einen ganz hellen concealer, fast weiß, und e
0_219424_126_t1_otdjvu4;0.1181;enthusiastic;skincare-first;botox;;;Selbstdarsteller CR7 Er ist halt schon ein recht seltsamer Gockel. Ich befürchte, der wird auch ganz schlecht altern. Tut er ja jetzt schon, keine Mimik dank Botox - da ist selbst Beyoncé neidisch😂
0_219424_26_1641301757507163;0.1181;neutral;skincare-first;;;;Wusstest du, dass vorzeitige Hautalterung oft von innen beginnt? 🌿 Freie Radikale greifen täglich deine Hautzellen, Kollagen und Elastin an – und beschleunigen so den Alterungsprozess, bevor wir es bemerken. Als eines der stärksten natürlichen Antioxidantien neutralisiert OPC freie Radikale, schützt
0_218673_8_2020125073483399487;0.1181;enthusiastic;skincare-first;;;;"💢 „The Greatest of all Times"" #GOT Football-Superstar und Quarterback „Tom Brady"" ist Hollywood Star „Larry Hagman"" aus der Serie „Dallas"" wie aus dem Gesicht geschnitten. Nein, es wird noch viel besser: Sie haben auch absolut identische Falten, Muttermale und Narben. Aber das Verrückteste an der ga"
0_221687_190_3747661656382889997;0.1181;satisfied;skincare-first;;;zinc;"🧬 SYNERGETISCHE WIRKSTOFF-MATRIXDie Wissenschaft hinter Collagen Advanced:• Kollagenhydrolysat: Basis für Haut, Haare, Nägel &amp; Gelenke • Vitamin C: Essentiell für körpereigene Kollagensynthese• Hyaluronsäure: Speichert bis zu 1000x ihr Gewicht in Wasser• Biotin: Wichtig für gesunde Haare und Hau"
0_218673_126_t1_nvr1ay8;0.1182;neutral;procedure-curious;;;;~38j Männer: findet ihr jüngere Frauen auch attraktiver als gleichalte/ältere? Ja, jüngere Frauen sind In der Regel einfach attraktiver… weil sich viele auch einfach maximal gehen lassen. Das sieht man nicht immer direkt, wenn sie noch Anfang/mitte 20 Jahre alt sind aber rechne mal 10 Jahre maximal 
0_218673_126_t1_onxl59z;0.1182;advisory;skincare-first;;;;Wer sich aktiv in der Sonne (auch Solarium ist mit gemeint) bräunt ist dumm. Ja täglich vorallem im Gesicht, außer ich gehe an dem Tag nur Abends raus. Ich mache es hauptsächlich um aktinische Falten etwas auszubremsen.
0_218685_126_t1_o55oxxl;0.1182;advisory;skincare-first;peel,spf;;aha;Hautpflege - was nutzt ihr eigentlich? Ich nutze mehrere Produkte von NO Cosmetics.- AHA Peeling- Re-Balance Serum- Poreminimizing Serum- Feuchtigkeitscreme (im Sommer eine leichtere als im Winter)Dazu Sonnencreme mit LSF 50 fürs Gesicht von DM.
0_219424_126_t1_o31iyuk;0.1183;disappointed;skincare-first;botox;;;"Jetzt mit den richtigen Bildern :D Leider falsch - das Wort mit 5 Buchstaben, das wir für „Melanias maskenhaftes Auftreten"" suchen, lautet BOTOX, nicht DIANA"
0_219424_126_t3_1u6omeb;0.1183;enthusiastic;procedure-curious;botox;;;"""Wie wilde Tiere"" - Was für ein unglaublich spannender Film! 10/10 Der Film hat mich komplett geflashed. Habe ihn gestern zufällig entdeckt, lässt sich gerade in der Arte Mediathek streamen. Ich schaue momentan leider selten Filme und stehe auf Slow Burn und dichte Atmosphäre voller Spannung und Ung"
0_219424_126_t1_otdjpto;0.1183;neutral;procedure-curious;;;;Große Altersunterschiede bei anderen Paaren gehen euch nichts an! Da gibt's noch zig weitere Beispiele.Du darf ab 18 Schönheitsoperationen machen lassen, darfst Unternehmen gründen, darfst Autofahren, darfst harten Alkohol trinken, darfst heiraten, darfst Sexarbeit leisten, Schulden machen und Immob
0_219424_140_7657531176978107681;0.1183;disappointed;skincare-first;price;;;"„Falten entstehen nur, weil du älter wirst."" Der größte Mythos im Anti-Aging ist, dass Falten einfach eine Frage des Alters sind. Wenn das stimmen würde, hätten alle Menschen im gleichen Alter dieselbe Haut. Haben sie aber nicht. In meinem Kosmetikinstitut in Bochum sehe ich täglich Frauen, deren Ha"
0_218673_9_yt.Jj0m6YsuFIk;0.1183;disappointed;skincare-first;price,celebrity;;;"Sie weigerte sich Falten zu retuschieren als ganz Frankreich das Gegenteil verlangte... 💔 Simone Signoret war 1959 die schönste Frau Europas. Mit ""Der Weg nach oben"" hatte sie als erste Französin den Oscar für die beste Hauptdarstellerin gewonnen. Sie spielte fatale Liebende, goldhaarige Verführerin"
0_219424_9_yt.ZV0-vaIpgks;0.1184;satisfied;procedure-curious;;;;Jetzt packt sie aus: Das hat Marlene Lufen machen lassen Moderatorin Marlene Lufen (55) hat jetzt in ihrem eigenen Podcast offen über Beauty-Eingriffe gesprochen, die sie an sich hat vornehmen lassen. Die Sat.1-Frühstücksfernsehen-Moderatorin ist bekannt für ihren natürlichen Look – und genau deshal
0_219424_126_t1_okfgale;0.1184;neutral;skincare-first;spf;;;Looksmaxxing ist kein neues Phänomen und erst problematisch, seitdem Männer es tun Hast du mal die Typen gesehen, bzw denen zugehört? Das sind oft komplett neben der Spur laufende Trollos, inklusive frauenfeindlich.Und Frauen wurden schon immer für jede Art der Schönheitspflege kritisiert. Bist halt
0_221687_190_3910203431533150928;0.1184;enthusiastic;skincare-first;;;;🌙✨ Meine kleine Abendroutine🎀 Frisch geduscht und die Haare mit einem Gloss-Serum verwöhnen.🩷 Während es einzieht, die Augenbrauen in Form bringen und die Haare sanft durchkämmen.✨ Anschließend föhnen und die noch leicht feuchten Haare in die Lockenwickler eindrehen.🥤 Zeit für meinen Protein-Shake u
0_219424_190_3936096979004356032;0.1185;advisory;skincare-first;;;;"Was haben Flamingos &amp; gute Skincare gemeinsam? 🦩Welcome to Wirkstoff 1x1. Heute auf der Agenda: ASTAXANTHIN🪸Das rote Pigment der Mikroalge „Haematococcus pluvialis"" ist das stärkste natürliche Antioxidans der Welt. Laut Vergleichsstudien neutralisiert es freie Radikale 6.000mal effizienter als V"
0_218685_9_yt.6uU9yFwqvak;0.1185;advisory;skincare-first;;;ceramides;BEWERTUNG (2025): Sesderma Hidraderm Hyal Serum. WESENTLICHE Einzelheiten Erhalten Sie einen schnellen Überblick über die Kernfunktionen von Sesderma Hidraderm Hyal Serum.👉 Auf Amazon ansehen: https://www.amazon.de/dp/B00U8WPW7G/?tag=16w9h-20 (Affiliate-Link)Entdecken Sie das Sesderma Hidraderm Hyal
0_219384_126_t1_ntapf0z;0.1185;advisory;skincare-first;laser;;;Brückenblitzer auf B27? Ich wohne ziemlich in der Nähe der B27 deshalb würde ich ausschließen das andere Brücken zwischen Filderstadt und Fasanenhof überhaupt zum Lasern oder gar zum Blitzen geeignet sind, zumindest durfte ich das nie erleben obwohl ich die Strecke nahezu täglich fahre. Die einzige 
0_221687_140_7620508372378406177;0.1185;disappointed;skincare-first;retinol;;ceramides;Ceramide müsst ihr euch so vorstellen, sie sind wie der Zement zwischen den Hautzellen. Sie halten die Feuchtigkeit in der Haut und schützen sie vor Reizungen. Gerade ab 40 wird unsere Haut dünner und empfindlicher. Wenn die Hautbarriere schwach ist, passiert genau das, was ich damals erlebt habe: R
0_221687_26_1800631111338680;0.1185;advisory;skincare-first;spf;;aloe;"☀️ Riviera Sun – Sommerpflege neu gedacht• Moderner Sonnenschutz mit innovativen UVA- &amp;    UVB-Filtern• Leicht, schnell einziehend &amp; unsichtbares Finish• Ozeanfreundliche, getestete Formulierungen 🌊• Maritime Wirkstoffe: Algen, Aloe Vera &amp; Hyaluron• Intensive Feuchtigkeit &amp; Regenerat"
0_219424_126_t1_ou9n5ii;0.1186;advisory;skincare-first;botox;;;"Hitzewahn uijegale................Botox  Hier in Österreich wird dir das Zeugs gerne auch illegal in irgendeiner Wohnung von einer Perle vom Balkan verabreicht. Diese machen wohl auch diese ""Seminare"", oder?"
0_219424_140_7659368326006721824;0.1186;advisory;skincare-first;;;pdrn-skincare;"Das Geheimnis für makellose koreanische ""Glass Skin""! 🌟 Das Medicube PDRN Pink Peptide Serum ist ein hochkonzentriertes, leichtes Serum, das speziell entwickelt wurde, um müde und fahle Haut zu revitalisieren. Durch die kraftvolle Kombination von 1% Salmon PDRN und einem 5-Peptid-Komplex kurbelt es "
0_219424_190_3941205832528384793;0.1186;satisfied;skincare-first;;;;Kollagen und Elastin sind wichtige Bestandteile für die Festigkeit und Elastizität unserer Haut. Mit der Zeit verändert sich ihre natürliche Bildung, das ist ein ganz normaler Prozess.#flensburg #ästhetischemedizin #antiaging
0_218673_126_t1_nqix7p6;0.1186;advisory;skincare-first;laser,peel;;;Nasolabialfalte Lasern? Weder Morpheus oder Sculptra ist Laser und nichts davon macht, dass Gewebe verschwindet. Morpheus 8 ist Microneedling + Radiofrequenz und Sculptra ist ein sogenannter Biostimulator, der bewirkt, dass dein eigener Körper Kollagen produziert. Beide Behandlungen existieren schon
0_221687_140_7609229629253012758;0.1186;satisfied;skincare-first;;;;"#HairGrowth Serum - Natürliches #Rosmarin #Haaröl gegen #Haarausfall mit Vitamin E zur Pflege von Kopfhaut &amp; Haarwurzeln – unterstützt dickeres, stärkeres &amp; dichteres Haar  – leichte, schnell einziehende Formel, silikon- &amp; parabenfrei von #Regrowna"
0_219424_9_22327524374027956;0.1187;disappointed;skincare-first;botox;;;Die Russen vor den Kameras habe so viel BOTOX in der FRESSE, dass die nicht IHRE FRESSEN BEIM LÜGEN VERZIEHEN KÖNNEN, DASS DIE NOCH IRRER IM KOPF WERDEN‼‼‼‼
0_219424_126_t3_1sb9pm4;0.1187;enthusiastic;skincare-first;;;;Nagelstudio Ich war zum ersten mal in einem Nagelstudio. Ich wollte schon immer gemachte Nägel haben, da ich das einfach schön finde und die mich davon abhalten, mir die Haut von den Fingern zu knibbeln.Ich konnte mir aber vorher nie die Nägel machen lassen, aufgrund von meinem Beruf. Als MFA ist es
0_218673_23_31555376194664241;0.1187;satisfied;skincare-first;;;;Glatte Haut Seit dem ich das Cellular Epigenetics verjüngendes Serum benutzte strahlt meine Haut mehr. Sie fühlt sich sehr weich und glatt an. Ich trage das Serum morgens und abends nach der Reinigung auf. Das Serum zieht schnell ein, gibt der Haut viel Feuchtigkeit und pflegt sie intensiv. Minderun
0_218673_9_yt.It0CxqNxkBY;0.1187;disappointed;skincare-first;;;;Kaum zu erkennen: Bad Bunny als alter Mann bei der Met Gala Bei der Met Gala 2026 in New York hat Bad Bunny (32) mit einem der spektakulärsten Looks des Abends auf sich aufmerksam gemacht. Der puerto-ricanische Rapper erschien auf dem roten Teppich als stark gealterte Version seiner selbst – komplet
0_218685_126_t1_n77452b;0.1187;satisfied;skincare-first;peel;;niacinamide;Hilfe! Starke Körperbehaarung, empfindliche Haut & Rasurfrust… was kann ich noch tun? Einen Tag vor der Rasur ein **chemisches** Peeling benutzen. Am Tag der Rasur selbst am besten vorher warm duschen/baden und eine frische und scharfe Klinge. Direkt nach der Rasur kalt abspülen, um die Poren zu sch
0_221687_26_810025514915435;0.1187;satisfied;skincare-first;;;niacinamide;👉 Die Diamond Lift Pro Mask, eine Gesichtsmaske der neuesten Generation, wurde entwickelt, um den Prozess der Zellerneuerung zu fördern, den Hydrolipidfilm der Haut zu restrukturieren und ihren Feuchtigkeitsgehalt zu erhöhen, was zu einer verbesserten Hydratation führt. Diese Formulierung ist für al
0_221687_9_27914522047645248;0.1187;advisory;procedure-open;;;;"Aha.""Das Oberkommando der Wehrmacht gibt bekannt!""Achso, jetzt sollte man melden:""Das Oberkommando der Bundeswehr gibt bekannt!""Wie wahnsinnig und verblödet seid ihr eigentlich in Deutschland, dass ihr WIEDER solchen verbrechern in eurer Regierung nachrennt??Was war in dem Corona Serum drinn das die"
0_221687_140_7592638346623569174;0.1187;advisory;skincare-first;peel,spf;;aha;"NIVEA LUMINOUS630 Skin Glow Deals Pflegeset, Liquid Refiner (100 ml), sanftes Peeling mit AHA &amp; Instant Glow Serum (30 ml), Gesichtsserum mit Aloe Vera, Gesichtspflegeset für ebenmäßige und strahlende Haut#NIVEA #nivealuminous#Hautpflege #beautyroutine#peeling @NIVEA DE"
0_219424_190_3930287031513585566;0.1188;disappointed;skincare-first;laser,retinol,peel;;;BIOHACKINGUnsere Haut ist kein isoliertes Organ – sie ist ein biologischer Spiegel unseres gesamten Systems.Longevity, Biohacking und Epigenetik verändern aktuell radikal, wie wir Hautalterung verstehen und behandeln.Hautalterung entsteht nicht nur äußerlich durch UV-Strahlung oder Pflegefehler, son
0_218685_9_54550751087940678;0.1188;disappointed;procedure-open;price,peel;peeling;;"Liebe Claudi ❤Yeah Aufgebraucht ... ich liebe diese Videos sooooo sehr ❤Let's go 🎉🎉🎉Ja den Pafory Adventskalender habe ich auch. Bereits im Mai für 79 Euro bestellt. Ich freue mich schon so sehr.Der Peter 😂 ... krallt sich einfach den Kalender. Ich lach mich kaputt 😂Diese Kaffekerze von Ava&amp;May "
0_221687_140_7576226151014599958;0.1188;advisory;skincare-first;peel;;aha;"Wirkweise &amp; Inhaltsstoffe Schneckenschleim („snail secretion filtrate"", SSF) enthält Allantoin, Gly- (Glykolsäure), Kollagen, Elastin, Peptide, Hyaluron-ähnliche Stoffe, Antioxidantien und Spurenelemente.  Durch diese Mischung hat der Schleim mehrere hautpflegende Effekte: regenerierend, feuchti"
0_221687_190_3911908852544819893;0.1188;advisory;skincare-first;;;glycerin;#70 Hyaluronserum 💦✨ So verwende ich mein DIY Hyaluron Serum richtig 👀💧Mich haben so viele gefragt, wie ich mein selbstgemachtes Hyaluron Serum anwende 😍💧 Gesicht leicht anfeuchten💧 Hyaluron Serum auftragen💧 Anschließend mit einer Gesichtscreme versiegelnWarum?Hyaluron und Glycerin sind sogenannte F
0_219424_126_t1_o2u8rut;0.1189;satisfied;skincare-first;botox;;;Gibt es für euch Frauen die einfach keine sexuelle Anziehung (oder auch Verfügbarkeit) ausstrahlen, obwohl sie gut aussehen? Wenn ja, warum? Gibt es, nicht immer mit nennbaren Gründen.  Manche scoren bei Schönheit 9,5, bei sexueller Anziehung aber 1, obwohl sie obendrauf nett und sympathisch sind - 
0_219424_126_t3_1s3wkh3;0.1189;advisory;skincare-first;price;;;"60ml Bio Hyaluron Serum mit Vitamin C, E. Hochkonzentriert Anti-Falten, Anti-Aging & Dunkle-Flecken. Hyaluronsäure-Gesichtsserum, Ideal als Augenkontu... -30 % 11,93 € ✅ JÜNGERES UND FRISCHERES HAUTBILD FÜR GESICHT, HALS &amp; AUGENKONTUR: Das BIO Hyaluronsäure- und Vitamin-C-Serum mit über 20 organ"
0_219424_126_t3_1t1om23;0.1189;disappointed;skincare-first;botox;;;Warum gibt es gleich aussehende menschen Bei Männern und bei Frauen ist mir bereits aufgefallen das es menschen gibt die sich extrem ähnlich bis gleich aussehen, bestes Beispiel sind z.b. obdachlose Alkoholiker oder Mittelalter Frauen die mit Botox noch versuchen alles zu retten.Mir ist bewusst das 
0_219424_190_3935392396782822821;0.1189;advisory;procedure-curious;peel;microneedling;;Bio Microneedling für Zuhause✨Bio Microneedling ist eine innovative Behandlung zur natürlichen Hauterneuerung. Dabei werden mikroskopisch kleine Spicules natürlichen Ursprungs in die Haut eingearbeitet, um die Regeneration anzuregen und den Erneuerungsprozess der Haut zu unterstützen.🌿 Die Behandlun
0_219424_140_7663913106053057825;0.1189;enthusiastic;skincare-first;;;;"Luxury starts with healthy hair. ✨ Luxe Bob &amp; Hyaluron Glossing für seidigen Glanz, intensive Pflege und einen Look, der Luxus ausstrahlt. 🤍 #düsseldorf #luxuryhair #friseurdüsseldorf #pempelfort #bob"
0_219424_126_t1_oqjbrzw;0.119;enthusiastic;skincare-first;botox;;;"Gibt's für euch eine Grenze ab der eine Frau zu ""fake"" ist? Als Frau kann ich dazu nur sagen: Da wo man sieht, dass es Fake ist. Ich habe gemachte Brüste, Botox, aufgespritzte Lippen, gefärbte Haare, Gelnägel und trage meistens ein Full Face Makeup. Trotzdem bekomme ich immer Komplimente für meine N"
0_218685_126_t1_o4syauk;0.119;advisory;skincare-first;;;;Ich bin ultra-schlecht im Alter schätzen - wie finde ich subtil raus ob eine Frau zu jung für mich ist? Hände und Hals sind oft ein recht guter Ansatz. Ausnahmen gibts immer.   ab 40+ auch die Haut über der Oberlippe, da spielen aber andere Faktoren auch noch mit, Raucher ja/nein zb. Bei Männern ist
0_221687_190_3778544233452421427;0.119;advisory;procedure-curious;;;;Hyaluron Skinbooster vs. Hyaluron Filler – der wissenschaftlich relevante Unterschied Hyaluron Skinbooster dienen der tiefenwirksamen Hydration und Verbesserung der Hautqualität. Die niedrig vernetzte Hyaluronsäure wird flächig in die Haut eingebracht und steigert Feuchtigkeit, Elastizität sowie das
0_221687_190_3781204704529797991;0.119;advisory;procedure-curious;;;;Hyaluron Skinbooster vs. Hyaluron Filler – der wissenschaftlich relevante Unterschied Hyaluron Skinbooster dienen der tiefenwirksamen Hydration und Verbesserung der Hautqualität. Die niedrig vernetzte Hyaluronsäure wird flächig in die Haut eingebracht und steigert Feuchtigkeit, Elastizität sowie das
0_221687_190_3889717315835336299;0.119;enthusiastic;skincare-first;;;;"Team Feuchtigkeit oder Team Glow? Unsere Antwort im Frühling: am liebsten beides 🌼Manche Tage verlangen nach Feuchtigkeit. Andere nach mehr Strahlkraft. Im Frühling wechseln wir gern zwischen hyaluron+ serum und vitamin C &amp; Q10 serum oder kombinieren beide, wenn die Haut nach grauen Monaten wied"
0_221687_190_3926568092564007522;0.119;satisfied;skincare-first;;;;Kollagen ist nicht gleich Kollagen auf einer Seite hast du das Flex Pro und auf der anderen Fish Collagen Peptides! Flex Pro ist ein absoluter Bestseller im Bereich Gelenk Gesundheit! Und das Fish Collagen Peptides ist genau das richtige für deine Haut , Haare und Nägel!
0_221687_190_3947789527154599244;0.119;advisory;skincare-first;;;vitamin-c;Sommer bedeutet Sonne, Schweiß – und manchmal eine Haut, die plötzlich ganz anders reagiert als sonst. 😱Wenn die Haut im Sommer zu Unreinheiten neigt, steckt meist ein Zusammenspiel aus mehreren Faktoren dahinter: erhöhte Talgproduktion durch Wärme, Schweiß, der sich mit Sonnenpflegeprodukt-Rückstän
0_219424_190_3931444717324256967;0.1191;advisory;skincare-first;spf;;spf;🌞🌞 WE  PROTECT  YOUR  SKIN 🌞🌞Entdecken Sie den perfekten Sonnenschutz für Ihr Tattoo: Schützen Sie Ihr Tattoo mit unserer speziell entwickelten Sonnenschutzcreme. Dank des hochwirksamen UVA/UVB-Breitbandfiltersystems bietet unsere Tattoo-Sonnencreme optimalen Sofortschutz für tätowierte Haut. Im Geg
0_219424_190_3936816076422349451;0.1191;satisfied;skincare-first;peel;;;"💋 Lippen-Microneedling mit Hyaluron 💋Vorher&amp;NachherDurch das Microneedling können hochwertige Wirkstoffe wie Hyaluronsäure optimal in die Haut der Lippen eingeschleust werden. Das Ergebnis: intensiv mit Feuchtigkeit versorgte, geschmeidigere und gepflegt aussehende Lippen mit einem frischen Glow"
0_219424_190_3937594232958796256;0.1191;advisory;procedure-curious;;biostimulator;;Hände sind in der Ästhetik ein riesiges Thema und verraten mehr über unser Alter als das Gesicht.Für Feuchtigkeit und Hautqualität arbeiten wir gerne mit Skinboostern oder Polynukleotiden in Kombination mit Hyaluronsäure.Aber mein absoluter Favorit, wenn es um echten Volumenaufbau und Anti-Aging der
0_218673_126_t1_ntf8fok;0.1191;satisfied;procedure-curious;;;;Welches eher ungewöhnliche, äußerliche Merkmal findet ihr an Frauen attraktiv? Vielleicht ein wenig spät aber ich finde es super schön Frauen Krähenfüße an den Augen haben. Immer wenn sie lachen strahlt dann das ganze Gesicht :)
0_218673_126_t1_obpz1zu;0.1191;enthusiastic;skincare-first;retinol,spf;;retinol;Wie fühlt man sich gepflegter und sieht auch so aus? Hast du ein Foto? Dann könnte man sagen, ob es nur deine Wahrnehmung ist oder ob wirklich was dran ist. Nimmst du Sonnencreme (nicht 30er Nivea, sondern richtig gute)? Niacinamide? Feuchtigkeitscreme? Retinal gegen Falten? Azelainsäure? Etwas zur 
0_218673_8_2049891163839058167;0.1191;advisory;procedure-curious;;;;Daniel ist irgendwie ziemlich seltsam  und gegen seine Augenringe sollte er mal Eyepads nehmen #FirstDates
0_218685_9_60518454084890744;0.1191;disappointed;procedure-open;botox;;;Hab seine Videos lange nicht verfolgt aber was ist mit seinem Gesicht passiert? Hat er sich Botox gespritzt?
0_221687_140_7595962617420647712;0.1191;satisfied;skincare-first;retinol;;aha;Hautpflege Wirkstoffe 1x1  Willkommen zu meiner neuen Videoreihe über Inhaltsstoffe 🧪✨ aber nicht trocken, nicht langweilig – sondern verständlich, visuell und endlich logisch. Ich habe mir gedacht: 👉 Warum reden wir immer über Wirkstoffe, wenn wir sie nie wirklich sehen? Also habe ich sie zum Leben
0_221687_190_3862703576686834208;0.1191;enthusiastic;skincare-first;;;;✨ DIY Skin Glow mit Vitamin C 🍊🍋 Ein einfaches, natürliches Serum für einen frischen Glow 🌱 🌿 Zutaten: • Schalen von ½- 1 Bio-Orange • Schalen von ½ Bio-Zitrone • 3–5 Tropfen Vitamin E • 1-1,5 TL Leinsamen • 1 Liter Wasser 👩‍🍳 Zubereitung: 1. Orangenschalen und Zitronenschalen gründlich waschen (am 
0_221687_140_7622241835351674132;0.1191;enthusiastic;skincare-first;;;;✨ DIY Skin Glow mit Vitamin C 🍊🍋  Ein einfaches, natürliches Serum für einen frischen Glow 🌱  🌿 Zutaten:  • Schalen von ½- 1 Bio-Orange  • Schalen von ½ Bio-Zitrone  • 3–5 Tropfen Vitamin E  • 1-1,5 TL Leinsamen  • 1 Liter Wasser  👩‍🍳 Zubereitung:  1. Orangenschalen und Zitronenschalen gründlich was
0_219424_190_3930913757559169530;0.1192;disappointed;skincare-first;;;;✨ Anti-Aging mit 25 – wirklich schon nötig?Viele denken bei Anti-Aging sofort an reife Haut. Tatsächlich beginnt die natürliche Hautalterung aber deutlich früher: Ab etwa dem 25. Lebensjahr produziert der Körper jedes Jahr etwas weniger Kollagen. Die Folge? Die Haut verliert nach und nach an Spannkr
0_218673_15_51710741121224047;0.1192;neutral;skincare-first;price;;;"PHILIPS OneBlade 360 Face Rasierer & Trimmer für 34,99€ Bei Amazon gibt es den PHILIPS OneBlade 360 Face Rasierer &amp; Trimmer für 34,99€. (Vergleichspreis: ~41€) Ersparnis: ~6€ Beschreibung: Trimmen, Stylen und Rasieren jeder Haarlänge 360-Klinge: passt sich an die Gesichtskonturen an Sanft zur Ha"
0_218673_8_2015854725992792185;0.1192;advisory;skincare-first;;;;@KarlKautabak @PrienKarin @jreichelt @niusde_ Und Photoshop. Photoshop verbieten. Frech, einer Augenweide Augenringe zu verpassen.
0_219384_126_t1_nt4ww9r;0.1192;advisory;skincare-first;laser;;;Kennt sich jemand mit IPL-Haarentferner aus? Philips vs. Braun? Habe Braun und kann es zu 100% empfehlen. Habe jedoch schwarze Haare und sehr blasse Haut (ideal).
0_221687_190_3764149480371443527;0.1192;advisory;procedure-curious;retinol;;;Bitte teilt das Video 🤝 Ich sehe solchen Content immer häufiger. DIESES Ergebnis in zwei Wochen? Unrealistisch af.Originalvideo: https://www.instagram.com/reel/DP4fXhUEuGl/?igsh=Y25wZzZzMGp5aXVw#reactionvideo #stitch #fypreels #skincare #retinol
0_221687_140_7618899563218242848;0.1192;advisory;skincare-first;spf;;spf;NIVEA SUN 2in1 Primer Daily UV Serum LSF 50+, parfümfreie Sonnencreme für glattere Gesichtshaut mit Hyaluron und Antioxidans, schnell einziehende Gesichtspflege mit LSF (30 ml) ##niveasun##sonnenschutz##hautpflege##glowskin##skincare
0_218673_8_2008185033715290305;0.1193;satisfied;skincare-first;price,spf;;;2x NIVEA Anti-Falten POWER Q10 Extra Straffende Tagespflege LSF 30, 50ml um 10,07 € statt 19,98 € https://t.co/RCHkvu5QAQ https://t.co/7c0yWQceFj
0_218673_126_t1_oehk783;0.1193;advisory;skincare-first;;;;Diese Panda-Augenringe Soweit ich es verstanden habe, bräuchte man für MCAS eigentlich ein H4 antihistamin, davon ist (noch) keines draußen. Alles andere ist eher ein Trostpflaster.
0_221687_190_3746667839110135607;0.1193;satisfied;skincare-first;retinol;;;NEU! Weleda Cell Longevity Super Anti-Aging mit NAD+ Booster und Retino-Cell. NAD+ Booster in doppelter Konzentration verjüngt die Haut auf Zellebene und reduziert selbst tiefe Falten sichtbar. Retino-Cell, die pflanzliche Alternative zu Retinol, glättet die Haut und schenkt ihr jugendliche Frische.
0_219424_9_yt.r1AZbO8T2L8;0.1194;disappointed;procedure-curious;;;;7 Geheime Gründe, Warum Du Jünger Wirkst Als Du Bist Warum wirken manche Menschen viel jünger, als sie eigentlich sind?In diesem Video erfährst du die tiefenpsychologischen Gründe dafür, warum manche Menschen trotz Stress, Alter und Lebenserfahrung eine junge Ausstrahlung behalten.Es geht nicht nur 
0_219424_140_7665383554460683552;0.1194;enthusiastic;procedure-curious;;;;🇨🇭 Folgt uns jetzt auch auf @dorowclinicswitzerland für weitere spannende Einblicke. 🤍 🇰🇷 Was können wir von Südkorea lernen? 🤍 Beim Global Aesthetic Leaders Summit in Seoul tauschen sich führende Expertinnen und Experten aus aller Welt über die Zukunft der ästhetischen Medizin aus. 👨‍⚕️ Im Gespräch
0_218673_9_43118366472911365;0.1194;advisory;skincare-first;;;;Sieht nach Veganerin aus. Dünnes Haar, aschfahle Haut , Augenringe .
0_218673_126_t1_nxpklfq;0.1194;enthusiastic;procedure-curious;;;;"Ich bin wohl hässlich. 95kg - 178cm - Glatze - Wampe - Augenringe des Todes und komisches Seitenprofil. Was muss ich tun um lächerlich sexy auszusehen, dass ich modeln könnte? Wo fange ich an? Helft mir bei der Projektplanungsphase. https://preview.redd.it/clz3s4antebg1.jpeg?width=1200&amp;format=pj"
0_219424_126_t1_nzjtpes;0.1195;disappointed;skincare-first;;;;"Glaubt ihr das Männer und Frauen Unterschiedlich altern? ""Ich kenne tatsächlich keine Frau in meinem Alter, die jünger besser aussah.""    Bei mir ist es genau das Gegenteil. Frauen die in der Jugend wirkliche Hingucker waren würden mir jetzt auf der Straße nicht mal mehr auffallen. Männer sind zieml"
0_219424_126_t3_1qjuodt;0.1195;advisory;procedure-open;;;;Suche nach Protagonist*in für Podcast Für eine Podcastfolge zu Anti-Aging suche ich eine Person, die schon verschiedene Produkte gegen Falten ausprobiert hat und sich mit dem Thema auseinandersetzt. Bei Interesse/ für mehr Infos meldet euch gerne bei mir.
0_219424_190_3941814181546847326;0.1195;satisfied;skincare-first;price;;;Vielleicht haben sie die WM nicht gewonnen – aber den Preis für die glatteste Stirn teilen sie sich ganz sicher. 🔥#neymar #cristiano #cr7 #wm2026 #antiaging
0_218673_8_2029667151313867124;0.1195;disappointed;procedure-curious;;;;@maikpi70 Die Falten-Creme hat aber total versagt bei der Trockendattel... trotz Millionen abkassieren mit den Schlepperschiffe auf dem Mittelmeer😂🤡
0_221687_190_3762730927710503432;0.1195;advisory;skincare-first;;;;VisHya Hyaluronic Acid 0.36% Serum med bereitet die Haut für den Winter vor, wo äußere Einflüsse wie Kälte und trockene Heizungsluft das Balance leicht aus dem Gleichgewicht bringen können. #VisHya #HyaluronicAcid #Serum #Ampoules #Wintercare #DrySkin #Hydrating #Smoothing #Repairing #hydrating
0_219424_140_7660825284605644064;0.1196;advisory;skincare-first;;;;Das Dr. Melaxin Anti-Aging-Bundle enthält alle viralen Produkte, inklusive den beliebten Calcium Stick – und kostet aktuell kaum mehr als ein Produkt allein.
0_218673_8_2019007079684653297;0.1196;advisory;skincare-first;spf;;;UV-Strahlen ☀️ sind das ganze Jahr über vorhanden und schädigen die Hautzellen, welche die Hautalterung beeinflussen. Schütze deine Haut jeden Tag effektiv vor starker UV-Strahlung mit dem 'Hyaluronic Acid Watery #SunGel SPF50+ PA++++' von #ISNTREE. https://t.co/LgDxdVwbzX https://t.co/bP4Y1A8afX
0_218673_126_t1_oowna8y;0.1196;advisory;skincare-first;;;;Wir behandeln Pigmentflecken zu viel… und verhindern sie zu wenig? Ich dachte dass bei pigmentflecken auch die genetik eine große Rolle spielt?
0_221687_140_7556225345335184662;0.1196;advisory;skincare-first;;;;"Ich lackiere meine Füße auch immer im Winter, damit fühle ich mich einfach wohler☺️. Wie ist das bei euch? Habt ihr nur im Sommer lackierte Fußnägel, oder auch im Winter🦶?   Products: Jolifin LAVENI 3in1 Shellac - berry bowl 10ml ArtikelNr: 28938T Jolifn Cuticle Pro Pusher - abgeschrägt &amp; geboge"
0_219424_9_38816540400893320;0.1197;advisory;procedure-curious;botox;;;Botox, aka Botulinumtoxin, ist das potenteste bekannte Gift der Welt und wird com Bakterium chlostridium Botulinum produziert. Dass sich Menschen das freiwillig aus Gründen der Ästhetik unter die Haut jagen, sagt eigentlich alles aus, was man wissen muss...
0_219424_190_3945247557608044823;0.1197;satisfied;skincare-first;;;;Die Haut ist weit mehr als nur eine äußere Hülle. Sie ist ein intelligentes Organ – und steht in ständigem Austausch mit unserem Gehirn.Schon im Mutterleib entstehen Haut und Nervensystem aus demselben Gewebe – dem Ektoderm. Deshalb ist unsere Haut bis heute eng mit unserem Nervensystem verbunden.Je
0_219424_190_3946846833792042333;0.1197;disappointed;procedure-curious;;;;Was wäre, wenn die besten Jahre deines Lebens noch vor dir liegen?Wir leben in einer Zeit, in der Frauen immer älter werden. Doch die entscheidende Frage ist:Wie wollen wir älter werden?Mit Energie oder Erschöpfung? Mit Stärke oder Beschwerden? Mit Lebensfreude oder dem Gefühl, dass der Körper gegen
0_218673_126_t1_na1r8il;0.1197;advisory;procedure-curious;;;;Warum haben alle Männer Angst vor ihr? Sie hat auch ziemliche Augenringe. Aber dafür kann man ja nix
0_218673_8_2008697394842472553;0.1197;disappointed;skincare-first;;;;"@georg1268430987 Sag mal mir sagt der Typ gar nichts, ist das der Schauspieler von „Das große Fressen"" ? Da fällt mir noch ein alter Spruch ein: hat der Bauer Doppelkinn haut die Bäuerin doppelt hin 😃"
0_218673_9_27177483013652175;0.1197;disappointed;procedure-open;;;;"Die Sache ist die: niemand hat um eine Serie gebeten.Die Macher haben aus reiner Geldgier beschlossen, das Franchise zu melken.Ich als HP-Fan, seit ich ein Kind bin, dachte mir am Anfang so: ""boah, muss das echt sein? So bald nach den Filmen? Naja, warten wir mal ab, evtl zeigt die Serie ja viel meh"
0_218673_126_t3_1u0xfjl;0.1197;disappointed;procedure-curious;;;;Frust kommt auf, denn der Bus kommt nicht Gittertier singt Peter Fox: Müde Gestalten im Neonlicht - Mit tiefen Falten im Gesicht - Frühschicht schweigt, jeder bleibt für sich -  Frust kommt auf, denn der Bus kommt nicht... Guten Morgen, Berlin!
0_219424_26_956490644066068;0.1198;neutral;procedure-open;;;;1. Juli 1996 - Letzte Reform der deutschen RechtschreibungAm 1. Juli 1996 trat die Reform der deutschen Rechtschreibung in Kraft, die eine Vereinfachung der offiziellen Regeln zum Ziel hatte. Die Reform wurde von Linguisten vom Institut für deutsche Sprache in Mannheim erarbeitet und von den Vertret
0_218673_126_t1_owogtd4;0.1198;satisfied;skincare-first;;;;Körper bewerten: Doppelstandard? Doppelstandard 100%. Wie du schon selbst meinst würdest du das nicht machen, viele Männer würden sich nicht so verhalten. Das sind meistens nur die oberflächlichen. Oder würdest du eine sehr schöne Frau, sagen wir VS Model Barbara Palvin hässlich finden wenn sie klei
0_219424_126_t1_nzra2rb;0.1199;advisory;procedure-open;botox;;;Das Video ist einfach what about Angeblich ist die Schauspielerin und Aktivisten und die Vermutung dass sie so aussieht ist wegen zu viel Botox
0_219424_126_t3_1rw14to;0.1199;disappointed;skincare-first;botox,price;;;"Test Wuhuu! Luisa hat eine neue Cash Grab Idee - ihr (vermeintliches) Glow up. Sie arbeitet mal wieder an etwas… Damit ihr euer hart verdientes Geld nicht für die Finanzierung ihres Dauerurlaub-Lifestyles ausgeben müsst, habe ich die wichtigsten Punkte für euch zusammengefasst: 1. &gt;!Luisa konsumi"
0_218673_126_t1_nc0gdue;0.1199;satisfied;skincare-first;;;;Simon ist wirklich Tscheche Dafür, dass Hochsommer ist, ist er blass/käsig, dunkle Augenringe, Gesicht aufgedunsen.Gesund und ausgeglichen ist anders.
0_218673_9_8156717701872036;0.1199;enthusiastic;procedure-curious;;;;Hamid schlaf mal etwas deine Augenringe sind groß geworden.Bester Autoyoutuber überhaupt.
0_218673_8_2042925847892430933;0.1199;disappointed;skincare-first;;;;"@kub0711 Da echauffieren sich 60jährige ottos mit bierwampe über ein paar Falten. Alter wie dumm kann man sein. 🤦‍♀️Und auch die frauen ""ich bin ja 150 jahre älter und hab eine haut wie eine porzellanpuppe"" 🙄Ja freu dich und hol deiner altenfaltencreme einen runter, meine fresse🙄"
0_218685_126_t1_nyegff6;0.1199;satisfied;skincare-first;;;glycerin;"Feuchtigkeitscreme auf Öl-Basis? Öle sind **nicht feuchtigkeitsspendend** \- sie sind per Definition ""wasserfrei"". Sie können lediglich Feuchtigkeit einschließen - und sind entsprechend am effektivsten in Kombination mit Wasser und feuchtigkeitsspendenden (üblicherweise ""wasserbindenden"") Inhaltssto"
0_219384_126_t1_nxht99j;0.1199;enthusiastic;skincare-first;laser;;;Laser Barthaarentfernung Raum Hamburg Das war ein Diodenlaser, die haben, meine ich, aber auch Alexandrit. Meine Haare sind bräunlich, nicht besonders dunkel, aber auch nicht blond oder rot. Und ich hab sehr helle Haut
0_221687_190_3860640685749993989;0.1199;advisory;procedure-open;;;;"Einladung zum Live-Stream „Zellenergie und Herzgesundheit - Coenzym Q10""!❤️⚡Was verbindet Herz, Jugendlichkeit und Energie?⚡Im Live-Stream mit Ljudmila Seledzowa gehen wir der reinen Energiequelle auf den Grund: Warum Coenzym Q10 so wichtig ist, wer besonders darauf achten sollte und wie man den max"
0_219424_126_t1_nxmuwu6;0.12;enthusiastic;skincare-first;botox;;;Real BOTOX Weib auf der CES2026 Weib?!?
0_219424_126_t1_ogkyou6;0.12;enthusiastic;skincare-first;botox;;;Reality Queens (Ariel) Ich finde auch krass, sie ist 22 Jahre alt und Nasen OP, Brust OP, Lippen aufgespritzt, Botox. Naja, Emma ja das gleiche.
0_219424_9_yt.Hmtn-1JVTZU;0.12;disappointed;skincare-first;;;;Diese Lebensmittel lassen dich 10 Jahre älter aussehen… Hör sofort auf, sie zu essen! Wusstest du, dass bestimmte Lebensmittel bei einer insgesamt unausgewogenen Ernährung zur vorzeitigen Hautalterung beitragen können? In diesem Video erfährst du, welche Lebensmittel häufig genannt werden, warum sie
0_219424_26_122137500975081903;0.12;disappointed;procedure-curious;;;;Wabi-Sabi ist eine japanische Lebensphilosophie. Sie sieht Schönheit im Unvollkommenen, im Vergänglichen, im Natürlichen.Und sie passt vielleicht besser in Dein Leben ab 40 als jeder Anti-Aging-Ratschlag.🌸 Falten erzählen. Sie sind kein Versagen.🌿 Ein Körper, der sich verändert, lebt. Das ist keine 
0_218673_8_2020180724415099039;0.12;enthusiastic;procedure-curious;;;;@MedienfuzziShow Bobbeles Tränensäcke
0_219424_26_1577184654012181;0.1201;disappointed;procedure-curious;botox;;;Was eine Frau mit den Jahren attraktiver machtArtikel von Stefan W. FlackeAttraktivität ist ein seltsames Phänomen. Wir sprechen über Gesichter, Körper, Haare und Kleidung, als ließe sich Anziehung an einzelnen Merkmalen festmachen. Dabei erleben wir in der psychologischen Beratung und in zwischenme
0_219424_190_3947336507823941124;0.1201;neutral;procedure-curious;;;;"Wie lange hälst du durch? Die tiefe Hocke – eine der wichtigsten Bewegungen für ein gesundes Leben! 💪🏽Die tiefe Hocke (Deep Squat oder „asiatische Hocke"") ist eine natürliche Haltung, die viele von uns im Alltag verlernt haben. Dabei ist sie ein echter Schlüssel für mehr Beweglichkeit, Stabilität un"
0_218673_126_t1_o191y4l;0.1201;disappointed;skincare-first;;;;Zählt das als Mogel? NIVEA Q10 Anti-Falten Wo wurde da gemogelt? Die Packung an sich ist gleich groß. Das einzige was bisschen größer ist auf der Verpackung, ist der Teil mit dem Gewinde, das ist aber auch nicht der Hauptteil des Behälters mit viel Produkt.
0_218673_9_18401605000834302;0.1201;satisfied;skincare-first;;;;Finde es sieht gruselig und total unnatürlich aus..die natürliche Ausstrahlung ist weggeliftet lieber paar Falten und nicht mehr so straffe Haut aber Charisma!!!Es sieht lächerlich aus immer dieses krampfhaft auf jung gemachte..man sieht das Alter trotzdem!!
0_218673_15_55007918382712955;0.1201;neutral;skincare-first;price;;sod;🪒 Philips OneBlade 360 Face 🧔‍♂️ Elektrischer Rasierer & Trimmer (USB-A, 3 Aufsätze) Auf der Suche nach einem neuen Styling-Tool für euren Bart? Bei Amazon bekommt ihr gerade den beliebten Philips OneBlade 360 Face für nur 35,99€ inkl. Versand. Im Vergleich fallen sonst mindestens 44,99€ an, sodass 
0_218685_8_2073076550031855882;0.1201;advisory;skincare-first;;;;ALCINA - Tradition verbindet.Das Hyaluron Face Gel 2.0 und das Hyaluron Eye Gel 2.0 von ALCINA versorgen Gesicht und Augenpartie intensiv mit Feuchtigkeit und ziehen schnell ein.  #Apotheke #Bielefeld #ApoAm #altbewährtanders #Alcina #DrWolff #Hyaluron #FaceGel #EyeGel https://t.co/45bVJ1jdod
0_221687_190_3749013207068220271;0.1201;satisfied;skincare-first;;;;Gerade in der kalten Jahreszeit brauchen unsere Lippen extra Pflege 🤍 Unser Lip Gloss glänzt nicht nur auf den Lippen sondern auch mit seinen Inhaltsstoffen - mit Vitamin E und echten Fruchtpigmenten 🍓❤️Perfekter Glanz, Sheer-Finish und gepflegte, seidig-weiche Lippen zum dahinschmelzen ✨#lipgloss #
0_219424_126_t3_1qzn2br;0.1201;advisory;skincare-first;;;;Skispringer-Skandal: Bringen Hyaluron-Spritzen in den Penis Olympia-Vorteile?
0_219424_190_3946309984690623226;0.1202;satisfied;procedure-curious;;;;✨🤍Polynukleotide gehören zu unseren beliebtesten Anti Aging Treatments, weil sie die natürliche Zellregeneration der Haut unterstützen und die Skin Quality sichtbar verbessern können 🧬Mehr Glow ✨Mehr Feuchtigkeit 💧Mehr Elastizität 🤍Frischerer Look 🌸Weniger müde Augenpartie 👀Mehr Skin Longevity
0_218673_8_2016245058073235490;0.1202;enthusiastic;procedure-curious;;;;Ach Ariel… übrigens, richtig schicke Tränensäcke! #ibes26
0_218673_126_t1_owittp0;0.1202;disappointed;skincare-first;;;;Ungeschminkte Männer sehen besser aus als ungeschminkte Frauen Also wir reden davon wieso die frauen mit unreiner haut sich nicht so schminken wie die frauen mit reiner haut...? Machen die doch? Die überschminken unreinheiten, augenringe etc...? Oder redest du nur von den frauen wo du direkt siehst 
0_218685_23_69497521000132227;0.1202;satisfied;skincare-first;spf;;niacinamide;Ich benutze dieses Produkt seit etwa einem Monat. Meine Haut ist normal bis trocken und neigt zu Akne. Ich verwende schon lange Sonnenschutzmittel von Avène und wollte dieses hier unbedingt ausprobieren. Dass es parfümfrei ist, war mir sehr wichtig, da ich empfindlich auf Parfüm reagiere. Die leicht
0_221687_140_7653595137028672800;0.1202;advisory;skincare-first;;;;"Haar Serum Wachstum &amp; Pflege  PREMIUM Rosmarin+ Haaröl  Bio-zertifiziert🫵🏻 vegan 🌱   für gesunden Haarwuchs mit Jojoba, Argan, Rosmarin &amp; Minze +VITAMIN E  Kopfhautpflege für Frauen &amp; Männer  Made in Germany 🇩🇪 – 50 ml - @don.quiff.official DON QUIFF #haare #haarausfall #sommerdeals #wir"
0_219424_126_t1_o8k86p1;0.1203;satisfied;skincare-first;botox;;;Filter und AI/KI Bilder - warum? Die Filter stören mich nicht, eher der Selbstoptimierungswahn in Form von schablonierten Augenbrauen, Extensions, gefärbten Haaren, Botox,, Filler Brust OP und so.weiter.
0_219424_9_44577691320619150;0.1203;enthusiastic;skincare-first;;;;Oh man, so coole Sachen 😊🎉Schon wieder wollen sie mich verführen 😂❤ antiaging und Straffung, da jst dich jeder dabei und Minis sind einfach süß.. Verpackung hin oder her, ich liebs. Man kann nicht immer perfekt sein. Liebsten Dank für's Zeigen!
0_219424_190_3938219908385821536;0.1203;enthusiastic;skincare-first;;;;"Mein täglicher Glow, nur cooler 🧊✨@biogena.aesthetics ProKollagen &amp; Hyaluron+ mit Wasser mischen, Lieblingsfrüchte dazu, einfrieren und als Glow Cubes genießen. 🍓🍒🍋✨ Speichern und ausprobieren!Mit meinem Code PATRICIA10 sparen"
0_219424_140_7665445349460430112;0.1203;neutral;procedure-curious;price;;;Abholung oder Lieferung direkt aus unserem 6.000 m² großen Outlet in Gevelsberg – so groß wie ein Fußballfeld, mit über 500 Sofas sofort verfügbar! Bestellung sofort auf dekadentliving (N3845L) Nur 2290,-€ bei Abholung. Statt: 9299,99€ 0% Finanzierung bei PayPal-Zahlung über unsere Homepage.   •   B
0_218673_126_t1_nfrb52t;0.1203;advisory;skincare-first;botox;;;Hilfe! Was tun gegen Zornesfalte? Schau dir mal die ganzen (männlichen) Hollywood-Schauspieler an, die ohne Botox Altern, ja ein paar von denen gibt es noch! Ich finde das kann auch einfach sehr attraktiv aussehen, wenn man sieht das ein Mensch lebt und nicht für immer aussieht wie ein Babypopo.
0_218673_126_t1_nt2sbcp;0.1203;disappointed;skincare-first;price;;;Wollen Männer immer lieber jüngere Frauen (im Bett?) Das ist schon ziemlich wahrscheinlich und liegt nach den Theorien der Evolutionären Psychologie an der lebensfeindlichen Umgebung, der unsere Vorfahren im Pleistozän ausgesetzt waren. Um das Überleben der Gruppe zu sichern, sollten möglichst stark
0_219389_8_2022053953303982477;0.1203;enthusiastic;skincare-first;botox;;;@FCKZensur2024 @MedienfuzziShow @MattWallace888 Stimmt, sind rund 40 Jahre. Meine Frau ist 62 und sieht ungeschminkt wesentlich gepflegter aus als Madonna, kein Wunder , ist ja auch kein Botox und Silikon an ihr dran bzw drin!
0_221687_140_7618238764124491040;0.1203;advisory;skincare-first;spf;;spf;NIVEA SUN 2in1 Primer Daily UV Serum LSF 50+, parfümfreie Sonnencreme für glattere Gesichtshaut mit Hyaluron und Antioxidans, schnell einziehende Gesichtspflege mit LSF (30 ml) #niveasun #sonnenschutz #skincare #hautpflege #spf50
0_221687_190_3922088258963110846;0.1203;advisory;skincare-first;retinol;;retinol;👉 Die Exosomen Gesichtsmaske ist eine innovative Anti-Aging-Pflege mit Centella asiatica Exosomen und Retinal, die die Haut intensiv regeneriert und sichtbare Zeichen der Hautalterung bekämpft. Diese Maske kombiniert fortschrittliche biotechnologische Wirkstoffe mit natürlichen Inhaltsstoffen, um di
0_221687_190_3938357665415882469;0.1203;advisory;skincare-first;;;bakuchiol;✨ We're often asked: Who is Informed Day Cream for?Our recommendation: **30+**.From around the age of 30, the skin's natural collagen production begins to slow down. That's why our formula combines Bakuchiol to support smoother-looking skin, antioxidant Vitamin E to help protect against environmenta
0_219424_15_43862414626776089;0.1204;neutral;procedure-curious;botox;;;Sonja Zietlow und Jens Oliver Haas: Heiratsantrag nach drei Monaten Sonja Zietlow und ihr Mann Jens Oliver Haas sind seit 23 Jahren verheiratet - und genauso lange ein eingespieltes Team beim Dschungelcamp. Im Interview verraten sie nun, warum am Set strenge Regeln gelten und wie unromantisch der He
0_219424_126_t3_1seuyse;0.1204;satisfied;skincare-first;;;;Haare auffrischen mit Redken Shades EQ? Vielleicht hat es ja ein paar Friseur Profis hier. Vorweg ganz kurz meine Haare wurden vor zirka einem Haar am ganzen Kopf mit blondierung gesträhnt habe es dann erstmal fast ein Jahr rauswachsen lassen und dann mit einer garnier Farbe braun gefärbt dadurch da
0_219424_126_t1_oht1vll;0.1204;advisory;skincare-first;;;;Gibt es Leute, die diese sehr stark aufgespritzen Lippen schön finden? Gehen sie nicht. Das Hyaluron wandert nur ins umliegende Gewebe.
0_219424_190_3945254910925038783;0.1204;satisfied;skincare-first;;;;Ich werde oft gefragt, welche Produkte ich wirklich ohne Ausnahme jeden Tag nehme.Wenn ich mich auf nur zwei beschränken müsste, wären es tatsächlich diese:Mein Glow Protein am Morgen, weil ich es liebe, unkompliziert pflanzliches Protein und Power-Nährstoffe in meinen Alltag einzubauen. Und meine B
0_218673_126_t1_of6acut;0.1204;enthusiastic;procedure-curious;;;;Wie geht ihr mit der Tatsache um, dass eure Haare grau werden? Angefangen hat das bei mir mit Anfang 20, jetzt mit 37 sieht man es deutlich, weil ich sonst dunkel bin aber mich interessiert das irgendwie nicht. Ich bin gespannt, wie es weiter geht und wie ich mit grauen Haaren aussehe. Wenn's mich d
0_221687_140_7654629956672032032;0.1204;advisory;skincare-first;;;;Primabiotic Collagen – Kollagen Trinkampullen Liquid collagen/ Collagen peptides🤩Primabiotic.de.Warum immer mehr Menschen genau dieses Kollagen wählen.Das Geheimnis straffer Haut und starker Nägel.Ein Shot am Tag und dein Klrper sagt Danke.#tiktokshop #kollagen #trinkampullencollagen #gesundehaut #h
0_218673_8_2018258741930377676;0.1205;enthusiastic;skincare-first;;;;@ArnoldM5116755 Danke für den Post, der die Lyrik - die Poesie - den Text am Schluss festhält … Falten, die Gesichter prägen, zeugen von erlebtem Erleben … offen im Gesicht und in seinen Strophen, seinen Songs, seiner Haltung = The Boss!
0_218673_9_5208687922615775;0.1205;neutral;skincare-first;;;;Ich kenne 20-jährige Sportlerinnen, die nie geraucht oder getrunken, geschweige denn andere Drogen konsumiert haben, im Grunfe maximal gesund gelebt haben und dennoch mit 20 wie 30 aussehen, während Janina auch 16 sein könnte. Hätten die mit der Genetik fürs Altaussehen dieselben Drogen konsumiert, 
0_218673_8_2038689219573399725;0.1205;enthusiastic;skincare-first;;;;@RolandTichy @MaikSchmidie Ps.: boah, hat die Tränensäcke! Ist die verwandt mit Prien?
0_218673_8_2045137354118017116;0.1205;disappointed;skincare-first;;;;@AfDimBundestag Warum hat Frau Prien so augenringe!!!! Was ist da???
0_218673_126_t1_ovnfk20;0.1205;enthusiastic;skincare-first;;;;Warum werden Frauen immer nur auf ihr alter reduziert? Ich finde es auch mega gut, wie sie weiterhin Freude daran hat und sich auslebt. Das Sollten wir alle! Niemand ist zu alt fürs Tanzen usw.Gleichzeitig ist sichtbar, dass sie auch versucht, möglichst jung auszusehen. Typisch Showbusiness.. Das is
0_218673_126_t3_1v2of9h;0.1205;enthusiastic;skincare-first;price;;;Eure Empfehlungen für Eyeliner, Makeup und Augenbrauen Hallo zusammen,ich bin eigentlich nicht so sehr im Beautygame und brauche deshalb eure Hilfe. Ich suche nach ein paar Produktempfehlungen, die kein Vermögen kosten und für Anfängerinnen wie mich geeignet sind.1. Eyeliner:Ich suche einen Eyeliner
0_219424_126_t1_o7xg7ok;0.1206;enthusiastic;skincare-first;botox;;;Jim Carrey? Bin ich Schwurbler? Jim carrey sagt seit Jahren, dass er nicht jim carrey ist, sondern ein lichtwesen bestehend aus Liebe (oder so)Dass er jetzt dieses botox/katzengesicht hat, ist zwar komisch aber bei weitem nicht das verrückteste an ihm
0_218673_126_t1_nn9e0wf;0.1206;satisfied;skincare-first;;;;Warum kriegen Menschen Kinder? Kinder sind super. Gibt dem Leben einen Sinn, macht schicke graue Haare und weise aussehende Augenringe.
0_218673_9_10969685374388137;0.1207;satisfied;skincare-first;;;;"Woher kommen denn diese schlaffen Augenringe?Eine Bekannte hatte das auch;da war es der Alkohol."
0_218673_8_2018937645317996571;0.1207;enthusiastic;procedure-curious;;;;@GoeringEckardt Aber selber sitzt das falten geprägte Göring Gesicht fein im Warmen daheim Uniform vom Göring Vorfahren suchen, aufbügeln und dahin gehts Kathrin
0_218673_8_2027372443719901531;0.1207;advisory;skincare-first;;;;"Gesicht ≠ Arm: Viele mimische Muskeln inserieren in Dermis/Subkutis/SMAS. Kontraktion erzeugt Zugkraft + Hautverschiebung → temporäre Falten. Ob Wiederholung vertieft, ist biologische Materialantwort. Isometrisch: W=F×s; externe Arbeit ~0, intern nicht. [1v9T0uOZxx8]"
0_221687_26_1656254582467687;0.1207;satisfied;skincare-first;retinol;;niacinamide;"✨ Teil 1:Anti-Aging Wirkstoffe – kleine Moleküle mit großer Wirkung! (1/2)💧 Hyaluronsäure – speichert Feuchtigkeit &amp; polstert die Haut auf.🌟 Retinol – regt die Zellerneuerung an &amp; glättet Fältchen.🍊🛡️ Vitamin C &amp; E – antioxidatives Power-Duo, schützt vor freien Radikalen &amp; fördert Ko"
0_221687_190_3733788557925081038;0.1207;satisfied;skincare-first;retinol;;niacinamide;"✨ Teil 1:Anti-Aging Wirkstoffe – kleine Moleküle mit großer Wirkung! (1/2)💧 Hyaluronsäure – speichert Feuchtigkeit &amp; polstert die Haut auf.🌟 Retinol – regt die Zellerneuerung an &amp; glättet Fältchen.🍊🛡️ Vitamin C &amp; E – antioxidatives Power-Duo, schützt vor freien Radikalen &amp; fördert Ko"
0_221687_140_7585195865040604438;0.1207;neutral;procedure-curious;botox,retinol,peel,spf;skinbooster;;"🌿 Die wichtigsten Faktoren, um Hautalterung zu verlangsamen ☀️ 1. Sonnenschutz (der wichtigste Faktor) •UV-Strahlung ist Hauptursache vorzeitiger Hautalterung •Fördert Falten, Pigmentflecken &amp; Elastizitätsverlust 👉 Täglich LSF 30–50, auch im Winter ⸻ 💧 2. Ausreichende Hydration •Wasser ist essen"
0_219424_9_yt.3Cci60nGclQ;0.1208;disappointed;skincare-first;spf;;squalane;Sesderma - RETIAGE - Anti-Aging Serum (30ml) Schönheit ist nicht nur Haut tief, sie ist ein Gefühl. ✨  Entdecken Sie das luxuriöse Sesderma RETIAGE Anti-Aging Serum (30ml) für CHF 49.95 – Ihre Geheimwaffe gegen Trockenheit und fahle Haut. 🌺 Angereichert mit Squalan, einem ultimativen Feuchtigkeitssp
0_219424_9_yt.Zh9Kw5r2Y8k;0.1208;satisfied;procedure-open;price;;;Revique Halo XL | Kapsel für Langlebigkeit & Regeneration mit AI (Voiceover Deutsch 🇩🇪) Entdecke Revique Halo XL — die neue Generation der Kapseln, entwickelt für Langlebigkeit und Regeneration, ideal für Premium-Wellnessbereiche, die maximale Leistung und beeindruckendes Design wünschen.Die Halo XL
0_219424_126_t1_ojaxdnn;0.1208;satisfied;skincare-first;peel;;;Planning to microneedle with Curenex + Selastin Tox sequentially and here's why the order actually matters Tut ihr die beide Produkte in die Haut injizieren mit Nadeln für besondere Ergebnisse nur durch microneedling?
0_218673_8_2039326386435842064;0.1208;disappointed;skincare-first;botox;;;@justdanaw Meine Frage: Wieso sollte man ein hundert Mal geliftetes, gebotoxtes Gesicht einer alternden Frau, die in Dubai lebt, pornografisch auf den Körper einer jungen Frau setzen? Ach, vielleicht war es ja der Körper einer älteren Frau mit Übergewicht und Falten...tja dann.
0_218673_126_t1_odxzf5n;0.1208;advisory;skincare-first;;;;Questions from a skincare girlie wanting to be a makeup girlie Ich benutze an vielen Tagen nur Foundation (ohne Concealer), Rouge, Mascara und Lipgloss. Aber das dürfte auch von Typ zu Typ verschieden sein. Wenn du starke Augenringe hast, wäre es ungünstig, wenn du ausgerechnet auf Concealer verzich
0_218673_126_t1_ofkrx6w;0.1208;disappointed;skincare-first;;;;Mal kurz die Falten aus dem Gesicht bürsten Die Regierung will das wir alt und faltig aussehen. Das ist streng geheim und niemand weiss das!!
0_219424_126_t1_ouo8go2;0.1209;disappointed;procedure-open;;;;Tja hatte gelesen, dass er mehr für anti aging RnD ausgibt als irgend ein andere Staat auf der Welt.Würde mich nicht wundern, wenn die jeden Tag frische Stammzellen, als irgend welchen Embrios  in diesen Huhrensohn spritzen ....
0_218673_8_2028912045635104985;0.1209;disappointed;skincare-first;;;;@SchallHeinrich 😂😂😂😂😂😂 weil schlaffe Haut ohne Tattoos soooooo viel geiler aussieht gell ?? 🤦‍♂️
0_219424_126_t1_of2n5dg;0.121;neutral;skincare-first;botox;;;Wieso assoziiert man mit bestimmten Markennamen ganze Produktkategorien und mit anderen nicht? Botox für Botolinumtoxin Typ A ist auch ein Beispiel dafür
0_219424_126_t1_ot3a2rk;0.121;disappointed;procedure-curious;spf;;;Dass Frauen nur einen kleinen Teil der Männer durchschnittlich attraktiv oder hübscher finden liegt nicht daran, dass zu hohe Ansprüche vorliegen, sonderen daran, dass wir uns schlecht um uns kümmern. Ganz so extrem, wie du es darstellst, ist das Problem eigentlich nicht. Ich gehe die Punkte mal dur
0_219424_190_3932436103332997495;0.121;satisfied;skincare-first;;;;Mineral Veil Cellular Longevity schützt deine Haut vor UV-Strahlung und hilft, lichtbedingter Hautalterung sowie oxidativem Stress vorzubeugen 🌿Mit biotechnologischen Wirkstoffen und feuchtigkeitsspendenden Inhaltsstoffen für eine strahlende, geschützte und gesunde Haut - jeden Tag ✨💛 Leicht, beruhi
0_218673_9_51556180343529389;0.121;disappointed;skincare-first;;;;Mich interessiert nur eins, kann Papa Snape darstellen. Allen Rickmann hat Snape einfach super dargestellt. Die Messlatte ist also sehr hoch. Warum kann ein Mann mit schwarzer Hautfarbe nicht einen kränkliche fahle Haut haben. Den Darsteller zu beleidigen und zu bedrohen finde ich scheiße und jeder 
0_219424_15_30782906647688169;0.1211;satisfied;skincare-first;;;sod;Vitalisierende Salate und Smoothies – für gesunde Sommertage Das Feuer ist das zentrale Thema des Sommers. Je heißer die Sonne am Himmel brennt, umso stärker erhöht sich das Pitta im Körper. Gleichzeitig schwächt die äußere Hitze aber auch das innere Verdauungsfeuer, sodass eine gesunde Ayurveda-Ern
0_219424_190_3933934681300949477;0.1211;advisory;skincare-first;;;;"✨ 8 Masken. 8 Lösungen. Eine Jelly-Technologie für jede Haut.✨Nicht jede Haut hat die gleichen Bedürfnisse – deshalb gibt es Jellyciénne Jelly Masken in 8 professionellen Varianten abgestimmt auf unterschiedliche Hautbilder und Hautziele.💖 LUMI-C🍊 Vitamin-C Glow für intensive Feuchtigkeit &amp; Stra"
0_219424_190_3938127422964334253;0.1211;satisfied;skincare-first;peel;;;"Aqua Facial &amp; MicroneedlingEin leichtes Aqua Facial in den gewünschten Gesichtsbereichen reinigt die Haut gründlich und bereitet sie optimal auf das anschließende Microneedling vor.🫧Beim Microneedling wird ein pflegendes Serum mit Ringelblume und Gold verwendet, das die Hautregeneration unterstü"
0_219424_140_7663047266554400022;0.1211;advisory;skincare-first;botox;;;"Neue Podcasfolge 40 „Badetuch &amp; Botox» jetzt bei Spotify und Apple Podcast unter „Kuss&amp;Krise"" verfügbar. #schweiz #podcastclips #Komödie"
0_218673_9_11071804081691531;0.1211;enthusiastic;skincare-first;;;;Korea Make-up sieht gut aus, allerdings gefällt mir das mit dem Tränensäcke betonen gar nicht. Warum macht man das???
0_218673_8_2035837595037409777;0.1211;satisfied;skincare-first;spf;;jojoba;"Kanzy Jojobaöl Bio Kaltgepresst 100% Reines Gold, 120ml für Haut, Haare und Nägel, Gesichtsöl und Körperöl, Vegan &amp; Hexanfrei, Bio Jojobaöl, Anti-Falten, Natürliche Intensiv Feuchtigkeitspflege https://t.co/J2IJ4EVnS0"
0_218673_15_64433855806750687;0.1211;satisfied;procedure-open;;;;MoleQlar übernimmt Tomorrowlabs-Assets und erweitert Portfolio um Hair Growth und High-Tech-Skincare Berlin / Wien, 01.05.2026 – Das Berliner Longevity-Unternehmen  MoleQlar  übernimmt im Rahmen eines Asset Deals zentrale Vermögenswerte des Wiener Biotech- und Skincare-Unternehmens  Tomorrowlabs . M
0_218673_9_45926072645046614;0.1212;advisory;skincare-first;;;;Im Video sieht man: das isser. Wenn man die Filme und die Mimik und sein Gesichtsmuskelspiel mit all seinen Falten und Grübchen kennt, sieht man genau dieselben in seiner Rede. Sogar der Haaransatz stimmt noch (was man von Madonnas Freak Gesicht nicht mehr behaupten kann). Plastische Chirurgie und g
0_218673_126_t1_ovug0cl;0.1212;disappointed;skincare-first;;;;"Falten durch Gesichtsverzerrung beim Rasieren? Uhh, dann wussten meine Eltern ja wirklich wovon Sie reden, als sie mich in meiner Kindheit immer ermahnten mit: ""Verzieh nicht so das Gesicht, das bleibt sonst so!"""
0_218685_23_57144346459911799;0.1212;satisfied;skincare-first;spf;;;Nivea Sun Schutz und Pfelge Nivea Sun Sonnencreme mit LSF 50 zieht sehr schnell ein und bietet Schutz vor UV-Strahlung. Pflegt die Haut mit Hyaluron und Feuchtigkeit, ist wasserfest und klebt nicht auf der Haut. Der Geruch ist sehr angenehm.
0_221687_190_3757656965368455997;0.1212;advisory;skincare-first;spf;;;💧 VisHya Hyaluronic Acid 0.36% Serum medReine, natürliche Hyaluronsäure für sichtbar glattere, prallere und intensiv hydratisierte Haut.Luxus in jeder Ampulle – pure Feuchtigkeit, pure Eleganz.#VisHya #HyaluronicAcid #SkincareEssentials #Feuchtigkeitspflege #LuxuriousSkin #HydrationPower #NaturalBea
0_219424_9_34393528353113572;0.1213;disappointed;skincare-first;;;;"Silikon und Hyaluron 'frisst' Hirn bei Generation ""Degeneration""😅"
0_218673_9_55251400768092934;0.1214;satisfied;skincare-first;;;;Streavens Augenringe wachsen mit jedem Video. Er opfert sich für das große Ganze.
0_221687_190_3935292068722854844;0.1214;enthusiastic;skincare-first;;;;🍑 NEU im Sortiment: Big Zone Collagen Peptides - 360 g!Kollagen-Routine einfach gemacht: Big Zone Collagen Peptides kombiniert spezielle bioaktive Kollagenpeptide mit Hyaluronsäure und Vitamin C. Ideal für alle, die Kollagen unkompliziert in ihren Alltag integrieren möchten.Das Highlight: Premium-Ko
0_221687_26_1535800908250818;0.1214;enthusiastic;skincare-first;;;;🍑 NEU im Sortiment: Big Zone Collagen Peptides - 360 g!Kollagen-Routine einfach gemacht: Big Zone Collagen Peptides kombiniert spezielle bioaktive Kollagenpeptide mit Hyaluronsäure und Vitamin C. Ideal für alle, die Kollagen unkompliziert in ihren Alltag integrieren möchten.Das Highlight: Premium-Ko
0_219424_9_70584799671118719;0.1215;disappointed;procedure-open;botox;;;@silviastuggi1412 ich glaube sie ist wirklich 26, war damals schon so geschockt als sie 22 war, das macht halt das ganze botox und filler mit einem 🙈😅
0_219424_190_3943239720683357935;0.1215;satisfied;procedure-curious;;;;🩷 Fibroblasten – die Bauarbeiter deiner Haut! 🩷Wusstest du, dass Fibroblasten für die Straffheit, Elastizität und Regeneration deiner Haut verantwortlich sind? Sie produzieren Kollagen und Elastin – die wichtigsten Bausteine für eine feste und jugendlich wirkende Haut.Mit zunehmendem Alter, aber auc
0_218673_126_t1_ne7mwie;0.1215;advisory;skincare-first;;;;Augenringe Hast du schon mal Face Yoga probiert? Hier zum Beispiel ein Video für Übung gegen Augenringe: https://youtube.com/shorts/DiZ_26RM3rA?si=L1wWrxymRvi3B2GH
0_218673_126_t1_oot2vzc;0.1215;neutral;skincare-first;;;;Können Kinder wirklich einfach Holy Energy im Supermarkt kaufen? Ich glaube wer mit 15 ein baby und Augenringe hat, hat den Energy Drink verdient.
0_218685_126_t1_ougzscw;0.1215;advisory;skincare-first;spf;;glycerin;Warum glänzt meine Haut nach jeder Feuchtigkeitscreme? Bitte Empfehlungen 😭 Ich hab auch ölige Haut und finde viele Anti-Pickel- oder mattierende Cremes extrem yucky von der Konsistenz und vom Hautgefühl, vor allem wenn sie Silikone enthalten. Habe für mich festgestellt, dass ich einfach eine Feucht
0_219424_126_t1_otyhlv7;0.1216;enthusiastic;skincare-first;;;;Schönheitsop's sind unfehlbar gut und gehören moralisiert. Jaja SKZ! 😆 Ich liebe diese Bande. Und das Saja am Anfang ist eine KPOP Gruppe aus KPOP Deamonhunter.
0_219424_190_3934688519373243169;0.1216;enthusiastic;procedure-open;botox;;;ES GIBT MOMENTE, DIE DEN STARTSCHUSS GEBEN. Für uns ist es dieser: Summer Glow Up starts here. ✨ Buche jetzt deinen Termin!! 📅 Link in Bio 🔗#summertime #glow #glowup #botox #aesthetic
0_219424_190_3944824629390798803;0.1216;advisory;procedure-curious;botox;;;Warum sieht Botox bei jedem Menschen anders aus?Eine der häufigsten Fragen in meiner Praxis!Die Antwort ist einfach und gleichzeitig der wichtigste Grund, warum es in der ästhetischen Medizin keine Standardbehandlung geben sollte.Denn Botox wirkt nicht nur durch das Präparat selbst. Entscheidend ist
0_218673_9_58048011749271414;0.1216;satisfied;skincare-first;;;;Monte sieht seit er wieder Fleisch frisst echt so gealtert aus … Haut hängt ihm im Gesicht runter , Falten usw
0_218673_126_t1_o7wbmt7;0.1216;satisfied;skincare-first;pressure;;;Bryan Johnson sieht leider nicht viel jünger aus, als erst ist What? Ich glaub das muss ich nicht... Vielleicht hast du was falsch verstanden? Natürlich soll man sich um seine Gesundheit kümmern und dann kann man optisch auch was rausholen, aber letztendlich werden wir alle älter, bekommen Falten, d
0_221687_190_3885469587777338757;0.1216;satisfied;skincare-first;;;niacinamide;🔥 Der Energie-Boost: Vitamin B3 (Niacin)Hast du dich schon mal gefragt, wie dein Körper das Mittagessen eigentlich in Energie verwandelt? Hier kommt Vitamin B3, auch bekannt als Niacin, ins Spiel! Es ist ein echter Allrounder, der oft unterschätzt wird.💪 Warum dein Körper Niacin feiertVitamin B3 ist
0_221687_140_7654527515947502881;0.1216;advisory;skincare-first;spf;;niacinamide;Perfekt geschützt und sichtbar mattiert durch den Tag 🌞 Das neue CeraVe Sun Invisible Mattierende Sonnenschutz Fluid LSF 50+ kombiniert hohen UVA-/UVB-Schutz mit einer leichten, nicht fettenden Textur.☀️☀️☀️ Mit Ceramiden, Niacinamid und Vitamin E hilft es, die Hautbarriere zu stärken und überschüss
0_219424_9_60357519282699494;0.1217;disappointed;skincare-first;botox;;;Ja naja,.. halb Hollywood sieht doch durch Botox aus wie Aliens..
0_219424_9_yt.GK92ybuKJTQ;0.1217;enthusiastic;procedure-open;facelift;;;Wie aktiviere/deaktiviere ich die Klimaanlage im MITSUBISHI Outlander Facelift (2017-2022)? In diesem kurzen Video zeige ich dir Schritt für Schritt, wie du die Klimaanlage (AC) im MITSUBISHI Outlander Facelift (2017-2022) schnell und sicher ein- und ausschaltest. Du lernst, wo sich das Klimabedienf
0_219424_140_7658734196193594657;0.1217;advisory;skincare-first;spf;;glycerin;"Anzeige Viele denken bei Anti-Aging sofort an eine Creme. Tatsächlich altert unsere Haut aber über mehrere Mechanismen gleichzeitig &amp; genau deshalb gibt es so viele unterschiedliche Produkte. 🧬 Die wichtigsten Alterungsmechanismen: ☀️ 1. UV-Schäden UV-Strahlung ist der größte extrinsische Faktor"
0_218673_9_59632084711363005;0.1217;enthusiastic;skincare-first;;;;​​@WernerFränzleJetzt weiß ich, warum mein Gesicht so viele Falten hat 😱! Ich lache wohl zu viel 🤔! Ganz besonders gern, bei zu arroganten Personen. Wenn dann noch Dummheit dazu kommt,  wird es besonders lustig.Auch ich ( 75 Jahre ) wünsche Ihnen ein frohes Weihnachtsfest und ein gesundes, friedlich
0_218673_9_39193728322773202;0.1217;neutral;skincare-first;;;;Das kommt leider im Alter, die Haut wird dünner und so sieht man die Altersflecken noch mehr. Jedes bisschen anstoßen gibt blaue Flecken.
0_221687_190_3827143494079149426;0.1217;satisfied;skincare-first;;;aloe;Starke Wirkstoffe. Sichtbare Ergebnisse.Unser Hibiskus Serum kombiniert antioxidativen Hibiskus-Extrakt mit intensiv feuchtigkeitsspendendem Hyaluron und beruhigender Aloe Vera. Die Formel stärkt die Hautbarriere, schützt vor oxidativem Stress und verleiht der Haut ein glatteres, pralleres Erscheinu
0_219424_190_3934458427674097956;0.1218;advisory;skincare-first;;;aloe;Feuchtigkeit, die man fühlt. 💧Das Hyaluron Feuchtigkeitsgel von @tautropfennaturkosmetik schenkt deiner Haut einen sofortigen Frischekick und einen natürlichen Glow. 🌞Das Gel spendet intensive Feuchtigkeit mit botanischer Hyaluronsäure aus dem Zitterpilz und polstert die Haut sichtbar auf. Die leich
0_218673_8_2021232821679878365;0.1218;enthusiastic;skincare-first;;;;"💥SLG wird zu RAC💥Der Name ""Spraying Legends Gaming"" hat uns nun fast 3 Jahre lang begleitet und war das Zuhause von eSport Teams, Streamern und unserer Community.Nun hat dieses Zuhause einen neuen Namen und eine neue Optik bekommen:RACZONZusammengesetzt aus ""Racoon"" und ""Zone"" bleiben wir unserem Ti"
0_219384_126_t1_ozv2zlu;0.1218;neutral;skincare-first;laser;;;"Wie viel Gesichtsbehaarung ist ""normal""? Ich entferne professionell Haare (Elektrologistin).Knapp die Hälfte aller Frauen leiden unter ihrer Gesichtsbehaarung (es ist dabei natürlich total persönlich, was Frau als störend empfindet, und was ""okay"" ist). Aber normalerweise sieht man diese Gesichtsbeh"
0_221687_140_7642755816033963297;0.1218;satisfied;skincare-first;;;;Set: Kollagen und Hyaluron veganer  energie kg wellness-ergänzungsmittel zuckerfrei collagen.@Primabiotic.de #affiliatetiktok #collagenviral #hyaluron #foryoupage❤️❤️ #germanytiktok🇩🇪
0_219424_190_3944612050001291584;0.1219;neutral;skincare-first;laser;;;Ihr Hals verrät Ihr Alter oft als Erstes. Schuld daran sind die sogenannten Venusfalten.Viele Menschen pflegen ihr Gesicht sehr sorgfältig, schenken dem Hals jedoch deutlich weniger Aufmerksamkeit. Genau deshalb können horizontale Falten am Hals – die sogenannten Venusringe – selbst bei einem jungen
0_218673_9_yt.L2aMcu5q0yg;0.1219;advisory;skincare-first;;;;"Dieser Make-up Hack ist nur für dunkle Augen 🤯 Titel/Title: #shorts Dieser Make-up Hack ist nur für dunkle Augen 🤯Beschreibung/Description:Dieses Video greift den aktuellen Social Media Hype auf, bei dem Menschen mit dunklen Augen einen besonderen Vorteil haben. Es geht um einen neuen ""trends"", der "
0_221687_190_3722201851736414633;0.1219;advisory;skincare-first;spf;;;Die 'Hyaluronic Acid Moist Cream' von ISNTREE sorgt für eine dreischichtige Feuchtigkeitspflege: Eine Kombination aus 10 Arten von Hyaluronsäure mit kleinen, mittleren und großen Molekülen versorgt deine Haut Schicht für Schicht mit intensiver Feuchtigkeit. 💦 Für eine zarte, gepflegte Haut!Mehr erfa
0_221687_190_3764131394323544110;0.1219;enthusiastic;skincare-first;;;;Adventskalender ROSSMANN Marken Boyfriend Edition ✨Wäre ich nicht so wild durch denLaden gelaufen, hätte ich es bestimmt geschafft! 😬Produkte:Dekowelt 12er Set LFGB Tüten Xmas (2 x)ISANA Men Duschgel Polar SkyISANA Men Duschgel Level upISANA Men Premium BartshampooISANA Men Bart-Styling PomadeISANA 
0_221687_140_7619269676337597728;0.1219;advisory;skincare-first;;;pha;👉 Collagene + Acido Ialuronico + Biotina (FAB Pharma) 🟣 Was ist drin? Collagen → wichtig für Haut, Gelenke, Knochen Hyaluronsäure (Acido ialuronico) → spendet Feuchtigkeit, gut für Haut Biotin (Vitamin B8) → unterstützt Haare, Haut, Nägel Oft auch Vitamin C (für Collagen-Aufbau) 💊 Wofür wird es geno
0_221687_140_7619270165963787553;0.1219;advisory;skincare-first;;;pha;👉 Collagene + Acido Ialuronico + Biotina (FAB Pharma) 🟣 Was ist drin? Collagen → wichtig für Haut, Gelenke, Knochen Hyaluronsäure (Acido ialuronico) → spendet Feuchtigkeit, gut für Haut Biotin (Vitamin B8) → unterstützt Haare, Haut, Nägel Oft auch Vitamin C (für Collagen-Aufbau) 💊 Wofür wird es geno
0_219424_9_56094291337808309;0.122;satisfied;skincare-first;botox;;;72 Jungfrauen die er dann verprügeln kann hab heute eine Familie aus dem Orient gesehen im Aldi die Frau hatte wirklich schöne blaue Augen und wozu Botox wenn auch mit der Faust geht.
0_219424_126_t1_oq24nev;0.122;disappointed;skincare-first;facelift;;;Bratwurstlippen Junge Leute haben/brauchen Idole, Erwachsene irgendwann nicht mehr. Was sind deren Idole? Alles was sie auf Instagram sehen und da sind nunmal alle operiert und sehen so künstlich aus. Die verbringen mehr Zeit auf Social Media als die Generationen davor, also bekommen sie das permane
0_219424_190_3939009651207389541;0.122;advisory;skincare-first;price;;;Für wen können Polynukleotide sinnvoll sein?Polynukleotide sind kleine DNA-Fragmente, die als Biostimulatoren die körpereigene Kollagen- und Elastinproduktion anregen. Sie sind besonders für Personen sinnvoll, die ihre Hautqualität von innen heraus auf natürliche Weise verbessern möchten, ohne zusät
0_219424_190_3942667407677615506;0.122;satisfied;skincare-first;;;;Ich dachte lange, Anti-Aging betrifft nur die Haut. Bis ich gelernt habe, dass auch die Kopfhaut eine wichtige Rolle spielt.Genau deshalb achte ich inzwischen auf Inhaltsstoffe, die auch in modernen Haar- und Kopfhautkonzepten eingesetzt werden – wie Capixyl®.Das Spannende daran? Ich habe diesen Wir
0_219424_26_1444798241012868;0.122;enthusiastic;skincare-first;;;;Pink Blush, but make it pro. 🌸@andrewplesterhair zeigt, wie du den ultimativen Pink Blush Look mit absoluter Präzision kreierst – von der haarschonenden Aufhellung bis zum maßgeschneiderten Hyaluron Glossing™ und einem Schnitt mit viel Bewegung. Das Geheimnis liegt in der gleichmäßigen Basis und der
0_219424_190_3949855648544226075;0.122;neutral;procedure-curious;peel;microneedling;;Exosomen sind gerade überall.Aber die wichtigere Frage ist nicht:Ist das gerade im Trend?Sondern:Was steckt wirklich dahinterund passt es überhaupt zu deiner Haut?Exosomen werden in der Forschung als kleine Boten beschrieben, die an der Kommunikation zwischen Zellen beteiligt sind.Genau das macht si
0_218673_9_42306999892156761;0.122;advisory;skincare-first;;;;Sie altert sehr schlecht, schaut aus wie 75, grauer Teint, dunkle Augenringe, viele Falten im Gesicht.Hass macht tatsächlich hässlich 😂
0_218673_9_55555294215986235;0.122;disappointed;skincare-first;;;;Die Tränensäcke vom  8erVFL waren definitiv häßlicher....
0_218673_126_t1_nxpojli;0.122;enthusiastic;procedure-curious;;;;Ich bin wohl hässlich. 95kg - 178cm - Glatze - Wampe - Augenringe des Todes und komisches Seitenprofil. Was muss ich tun um lächerlich sexy auszusehen, dass ich modeln könnte? Wo fange ich an? Helft mir bei der Projektplanungsphase. 75kg auf 178 ist als Mann zu wenig. Wiege selbst 74kg, selbe Größe 
0_221687_140_7604605992818543904;0.122;disappointed;skincare-first;;;;"Ich dachte, das Knacken in den Knien und die Steifheit am Morgen gehören ab einem gewissen Alter einfach dazu. Dass man sich damit abfinden muss, dass die Gelenke nicht mehr so „geschmiert"" laufen. 👉 Falsch gedacht. Es ist oft kein Schicksal, sondern ein massiver Mangel an den richtigen Baustoffen u"
0_219424_9_18650361575648454;0.1221;disappointed;skincare-first;;;;"Schönheits-OP❓Definitiv NICHT, denn Jim Carrey auf dem linken Foto siehr trotz vieler Falten an den Augen SEXY &amp; sympathisch aus❗Der Typ auf den Foto rechts sieht GRUSELIG is, wie ein Serienkiller aus einem Blockbuster Horror-Film 😨,  vor dem Kerl laufen Frauen weg ODER wechseln schnell die Stra"
0_219424_126_t1_okhpwaw;0.1221;enthusiastic;procedure-curious;;;;Website Webdesignerin hier. Eine Webseite, egal ob KI oder menschengemacht kann nur so viel wie du ihr gibst. Texte, Bilder, deine Positionierung, Zielgruppe, am besten auch noch Farben und eine Grundstruktur solltest du immer selbst machen. Dann noch Datenschutz, Cookies, DSGVO und Impressum beacht
0_219424_26_1332641999063771;0.1221;advisory;skincare-first;price;;bakuchiol;"🔥𝐒𝐂𝐇𝐍𝐄𝐋𝐋 𝐒𝐄𝐈𝐍   𝐍𝐮𝐫 𝟐,𝟗𝟓€(statt 4,75€)5er Pack YEAUTY Beauty Boost Augenmasken mit Anti Aging Serum (Ceramide, Hyaluron &amp; Bakuchiol)👉𝐋𝐈𝐍𝐊 𝐙𝐔 𝐀𝐌𝐀𝐙𝐎𝐍 𝐈𝐍 𝐃𝐄𝐍 𝐊𝐎𝐌𝐌𝐄𝐍𝐓𝐀𝐑𝐄𝐍 👇(Preis kann jederzeit steigen)"
0_219424_190_3932467331175418048;0.1221;satisfied;procedure-curious;;pdrn;;✨ PDRN oder Polynukleotide – wo liegt der Unterschied?Die gute Nachricht: PDRN ist eine Form der Polynukleotide. Beide Wirkstoffe unterstützen die natürliche Regeneration der Haut und fördern die Kollagenbildung.💎 PDRN eignet sich besonders für:✔️ müde und fahle Haut✔️ feine Linien✔️ erste Anzeichen
0_218673_9_yt.oyqoUSsOWBY;0.1221;enthusiastic;procedure-curious;;;;Der Skandal bei der Herbsternte | Ein Miss-Marple-Krimi Willkommen in Thornfield Hollow, wo die Herbstblätter wunderschön leuchten … und die Geheimnisse tödlich sind.In diesem klassischen Kriminalroman laden wir Sie ein, es sich in Ihrem Lieblingssessel gemütlich zu machen, eine Tasse Tee einzuschen
0_219384_126_t1_nn4duu4;0.1221;neutral;skincare-first;laser;;;Fragen zur Rasur Fürs Gesicht: Trimming via OneBladeFür Johannes und die Zwillinge: Gillette Fusion 5Für die üblichen Zonen (Brust, Bauch, Achseln): Gillette Fusion 5 oder alternativ EinwegklingenRücken: wächst nixPro-Tip: IPL-Laser (gibt's für wenig Geld auf Amazon) für die Zwillinge, da so gut wie
0_221687_190_3875705376880802069;0.1221;enthusiastic;procedure-curious;;;;💧Hyaluron-Pflege: Hyaluron ist Ihr Feuchtigkeitsspeicher. Es polstert Fältchen von innen auf, bindet intensiv Wasser und sorgt für sofortige Spannkraft. Ihr A.S.thetics Tipp#hilden #düsseldorf #solingen #asthetics #drstanek #hyaluron #skincare #feuchtigkeit #antiaging #ästhetik #nrw #beautytipps
0_219424_126_t3_1rycvqe;0.1222;advisory;skincare-first;retinol;;;Welcher Toner, welche Seren und was ist mit Kapseln? Tipps und Empfehlungen Hallo,ich benutze aktuell gar keine Toner und habe auch gar keine Ahnung, welchen Toner ich benutzen sollte.Gibt es Inhaltsstoffe auf die man achten sollte? Sollte man den Toner auf seinen Hauttyp anpassen?Meine Haut ist seh
0_219424_140_7665827326243999009;0.1222;disappointed;procedure-curious;botox;;;Antwort auf @Selina 🤍  Das Video dient zur Aufklärung und ist nicht als persönlicher Angriff oder mit negativen Absichten gemeint. #bigsisteradvice #looksmaxxingtips #botox #filler #lemonbottle
0_218673_126_t1_oygfd05;0.1222;advisory;skincare-first;retinol,peel,spf;;spf;Produkte zweckentfremden Peelings/Säuren: Füße und Stellen, an denen du zu eingewachsenen Haaren tendierstCremes, Toner, Seren generell: Körper/FüßeRetinol-Produkte: vielleicht auf die Hände? (nur mit gutem Sonnenschutz!) oder auf Pigmentflecken am Körper?  (Wobei ich mich aber bzgl. Cremes und den 
0_219389_8_1951718006956155337;0.1222;enthusiastic;skincare-first;;;;"@buschilein70 @BobbyBeatBeat Das sieht man und das macht Dich attraktiv. Mir gefallen zum Beispiel keine durch Hyaluron modellierten Lippen und Frauen die glauben, dass ein „Duckface"" attraktiv sei. Wirkt für mich irgendwie dümmlich."
